{
	"credit": "Made using Blockbench ~",
	"textures": {
		"texture": "block/items/bottle2",
		"particle": "block/items/bottle2"
	},
	"elements": [
		{
			"from": [11.5, 0, 11.5],
			"to": [15, 6, 15],
			"rotation": {"angle": 22.5, "axis": "y", "origin": [11.5, 0, 11.5]},
			"faces": {
				"north": {"uv": [12.5, 4, 16, 10], "texture": "#texture"},
				"east": {"uv": [9, 4, 12.5, 10], "texture": "#texture"},
				"south": {"uv": [9, 10, 12.5, 16], "texture": "#texture"},
				"west": {"uv": [12.5, 10, 16, 16], "texture": "#texture"},
				"up": {"uv": [9, 0, 12.5, 3.5], "texture": "#texture"},
				"down": {"uv": [16, 3.5, 12.5, 0], "texture": "#texture"}
			}
		},
		{
			"from": [12.8125, 6, 12.0625],
			"to": [14.3125, 9.5, 13.5625],
			"rotation": {"angle": 22.5, "axis": "y", "origin": [12.8125, 6, 12.0625]},
			"faces": {
				"north": {"uv": [7.5, 12.5, 9, 16], "texture": "#texture"},
				"east": {"uv": [7.5, 12.5, 9, 16], "texture": "#texture"},
				"south": {"uv": [7.5, 12.5, 9, 16], "texture": "#texture"},
				"west": {"uv": [7.5, 12.5, 9, 16], "texture": "#texture"},
				"up": {"uv": [7.5, 10.5, 9, 12], "texture": "#texture"}
			}
		},
		{
			"from": [8.5, 0, 5],
			"to": [12, 5, 8.5],
			"faces": {
				"north": {"uv": [12.5, 5.5, 16, 10.5], "texture": "#particle"},
				"east": {"uv": [9, 5.5, 12.5, 10.5], "texture": "#particle"},
				"south": {"uv": [9, 11, 12.5, 16], "texture": "#particle"},
				"west": {"uv": [12.5, 11, 16, 16], "texture": "#particle"},
				"up": {"uv": [9, 0, 12.5, 3.5], "texture": "#particle"},
				"down": {"uv": [16, 3.5, 12.5, 0], "texture": "#particle"}
			}
		},
		{
			"from": [9, 5, 5.5],
			"to": [11.5, 5.5, 8],
			"faces": {
				"north": {"uv": [13, 5, 15.5, 5.5], "texture": "#particle"},
				"east": {"uv": [9.5, 5, 12, 5.5], "texture": "#particle"},
				"south": {"uv": [9.5, 10.5, 12, 11], "texture": "#particle"},
				"west": {"uv": [13, 10.5, 15.5, 11], "texture": "#particle"},
				"up": {"uv": [9.5, 0.5, 12, 3], "texture": "#particle"}
			}
		},
		{
			"from": [9.5, 5.5, 6],
			"to": [11, 8, 7.5],
			"faces": {
				"north": {"uv": [7.5, 13.5, 9, 16], "texture": "#particle"},
				"east": {"uv": [7.5, 13.5, 9, 16], "texture": "#particle"},
				"south": {"uv": [7.5, 13.5, 9, 16], "texture": "#particle"},
				"west": {"uv": [7.5, 13.5, 9, 16], "texture": "#particle"},
				"up": {"uv": [7.5, 10.5, 9, 12], "texture": "#particle"}
			}
		},
		{
			"from": [7, 0, 10],
			"to": [10.5, 6, 13.5],
			"faces": {
				"north": {"uv": [0, 4, 3.5, 10], "texture": "#texture"},
				"east": {"uv": [0, 10, 3.5, 16], "texture": "#texture"},
				"south": {"uv": [3.5, 10, 7, 16], "texture": "#texture"},
				"west": {"uv": [3.5, 4, 7, 10], "texture": "#texture"},
				"up": {"uv": [0, 0, 3.5, 3.5], "texture": "#texture"},
				"down": {"uv": [7, 3.5, 3.5, 0], "texture": "#texture"}
			}
		},
		{
			"from": [8, 6, 11],
			"to": [9.5, 9.5, 12.5],
			"faces": {
				"north": {"uv": [7, 0, 8.5, 3.5], "texture": "#texture"},
				"east": {"uv": [7, 0, 8.5, 3.5], "texture": "#texture"},
				"south": {"uv": [7, 0, 8.5, 3.5], "texture": "#texture"},
				"west": {"uv": [7, 0, 8.5, 3.5], "texture": "#texture"},
				"up": {"uv": [7, 4, 8.5, 5.5], "texture": "#texture"}
			}
		},
		{
			"from": [1.5, 0, 12],
			"to": [5, 5, 15.5],
			"faces": {
				"north": {"uv": [3.5, 11, 7, 16], "texture": "#particle"},
				"east": {"uv": [3.5, 5.5, 7, 10.5], "texture": "#particle"},
				"south": {"uv": [0, 5.5, 3.5, 10.5], "texture": "#particle"},
				"west": {"uv": [0, 11, 3.5, 16], "texture": "#particle"},
				"up": {"uv": [0, 0, 3.5, 3.5], "texture": "#particle"},
				"down": {"uv": [7, 3.5, 3.5, 0], "texture": "#particle"}
			}
		},
		{
			"from": [2, 5, 12.5],
			"to": [4.5, 5.5, 15],
			"faces": {
				"north": {"uv": [4, 5, 6.5, 5.5], "texture": "#particle"},
				"east": {"uv": [0.5, 5, 3, 5.5], "texture": "#particle"},
				"south": {"uv": [0.5, 10.5, 3, 11], "texture": "#particle"},
				"west": {"uv": [4, 10.5, 6.5, 11], "texture": "#particle"},
				"up": {"uv": [0.5, 0.5, 3, 3], "texture": "#particle"}
			}
		},
		{
			"from": [2.5, 5.5, 13],
			"to": [4, 8, 14.5],
			"faces": {
				"north": {"uv": [7, 0, 8.5, 2.5], "texture": "#particle"},
				"east": {"uv": [7, 0, 8.5, 2.5], "texture": "#particle"},
				"south": {"uv": [7, 0, 8.5, 2.5], "texture": "#particle"},
				"west": {"uv": [7, 0, 8.5, 2.5], "texture": "#particle"},
				"up": {"uv": [7, 4, 8.5, 5.5], "texture": "#particle"}
			}
		},
		{
			"from": [0.5, 0, 1],
			"to": [4, 6, 4.5],
			"faces": {
				"north": {"uv": [3.5, 4, 7, 10], "texture": "#texture"},
				"east": {"uv": [0, 4, 3.5, 10], "texture": "#texture"},
				"south": {"uv": [0, 10, 3.5, 16], "texture": "#texture"},
				"west": {"uv": [3.5, 10, 7, 16], "texture": "#texture"},
				"up": {"uv": [0, 0, 3.5, 3.5], "texture": "#texture"},
				"down": {"uv": [7, 3.5, 3.5, 0], "texture": "#texture"}
			}
		},
		{
			"from": [1.5, 6, 2],
			"to": [3, 9.5, 3.5],
			"faces": {
				"north": {"uv": [7, 0, 8.5, 3.5], "texture": "#texture"},
				"east": {"uv": [7, 0, 8.5, 3.5], "texture": "#texture"},
				"south": {"uv": [7, 0, 8.5, 3.5], "texture": "#texture"},
				"west": {"uv": [7, 0, 8.5, 3.5], "texture": "#texture"},
				"up": {"uv": [7, 4, 8.5, 5.5], "texture": "#texture"}
			}
		},
		{
			"from": [3, 0, 6],
			"to": [6.5, 6, 9.5],
			"rotation": {"angle": -22.5, "axis": "y", "origin": [3, 0, 6]},
			"faces": {
				"north": {"uv": [9, 10, 12.5, 16], "texture": "#texture"},
				"east": {"uv": [12.5, 10, 16, 16], "texture": "#texture"},
				"south": {"uv": [12.5, 4, 16, 10], "texture": "#texture"},
				"west": {"uv": [9, 4, 12.5, 10], "texture": "#texture"},
				"up": {"uv": [9, 0, 12.5, 3.5], "texture": "#texture"},
				"down": {"uv": [16, 3.5, 12.5, 0], "texture": "#texture"}
			}
		},
		{
			"from": [3.5, 6, 7.375],
			"to": [5, 9.5, 8.875],
			"rotation": {"angle": -22.5, "axis": "y", "origin": [3.5, 6, 7.375]},
			"faces": {
				"north": {"uv": [7.5, 12.5, 9, 16], "texture": "#texture"},
				"east": {"uv": [7.5, 12.5, 9, 16], "texture": "#texture"},
				"south": {"uv": [7.5, 12.5, 9, 16], "texture": "#texture"},
				"west": {"uv": [7.5, 12.5, 9, 16], "texture": "#texture"},
				"up": {"uv": [7.5, 10.5, 9, 12], "texture": "#texture"}
			}
		},
		{
			"from": [11.5, 0, 0.5],
			"to": [15, 5, 4],
			"faces": {
				"north": {"uv": [0, 11, 3.5, 16], "texture": "#particle"},
				"east": {"uv": [3.5, 11, 7, 16], "texture": "#particle"},
				"south": {"uv": [3.5, 5.5, 7, 10.5], "texture": "#particle"},
				"west": {"uv": [0, 5.5, 3.5, 10.5], "texture": "#particle"},
				"up": {"uv": [0, 0, 3.5, 3.5], "texture": "#particle"},
				"down": {"uv": [7, 3.5, 3.5, 0], "texture": "#particle"}
			}
		},
		{
			"from": [12, 5, 1],
			"to": [14.5, 5.5, 3.5],
			"faces": {
				"north": {"uv": [4, 5, 6.5, 5.5], "texture": "#particle"},
				"east": {"uv": [0.5, 5, 3, 5.5], "texture": "#particle"},
				"south": {"uv": [0.5, 10.5, 3, 11], "texture": "#particle"},
				"west": {"uv": [4, 10.5, 6.5, 11], "texture": "#particle"},
				"up": {"uv": [0.5, 0.5, 3, 3], "texture": "#particle"}
			}
		},
		{
			"from": [12.5, 5.5, 1.5],
			"to": [14, 8, 3],
			"faces": {
				"north": {"uv": [7, 0, 8.5, 2.5], "texture": "#particle"},
				"east": {"uv": [7, 0, 8.5, 2.5], "texture": "#particle"},
				"south": {"uv": [7, 0, 8.5, 2.5], "texture": "#particle"},
				"west": {"uv": [7, 0, 8.5, 2.5], "texture": "#particle"},
				"up": {"uv": [7, 4, 8.5, 5.5], "texture": "#particle"}
			}
		}
	],
	"display": {
		"thirdperson_righthand": {
			"translation": [0, 2.25, 0],
			"scale": [0.5, 0.5, 0.5]
		},
		"thirdperson_lefthand": {
			"translation": [0, 2, 0],
			"scale": [0.5, 0.5, 0.5]
		},
		"head": {
			"translation": [0, 14.5, 0]
		},
		"fixed": {
			"rotation": [-90, 44, 0],
			"translation": [0, 0, -7]
		}
	}
}