{
	"credit": "Made using Blockbench ~",
	"textures": {
		"0": "block/items/log",
		"1": "block/items/log_side",
		"2": "block/decoration/sand",
		"5": "block/decoration/polished_andesite",
		"6": "block/decoration/coal_ore"
	},
	"elements": [
		{
			"from": [1.5, 2.6, 7.9],
			"to": [10.5, 3.6, 8.9],
			"rotation": {"angle": 45, "axis": "z", "origin": [7, 3.1, 7.9]},
			"faces": {
				"north": {"uv": [5, 15, 11, 16], "texture": "#0"},
				"east": {"uv": [12.5, 12.5, 16, 16], "texture": "#1"},
				"south": {"uv": [5, 15, 11, 16], "texture": "#0"},
				"west": {"uv": [12.5, 12.5, 16, 16], "texture": "#1"},
				"up": {"uv": [5, 14.5, 11, 16], "texture": "#0"},
				"down": {"uv": [5, 15, 11, 16], "texture": "#0"}
			}
		},
		{
			"from": [4.6, 0.9, 7.4],
			"to": [8.8, 1.9, 8.4],
			"rotation": {"angle": -45, "axis": "y", "origin": [7.1, 1.4, 8.4]},
			"faces": {
				"north": {"uv": [5, 15, 11, 16], "texture": "#0"},
				"east": {"uv": [12.5, 12.5, 16, 16], "texture": "#1"},
				"south": {"uv": [5, 15, 11, 16], "texture": "#0"},
				"west": {"uv": [12.5, 12.5, 16, 16], "texture": "#1"},
				"up": {"uv": [5, 14.5, 11, 16], "texture": "#0"},
				"down": {"uv": [5, 15, 11, 16], "texture": "#0"}
			}
		},
		{
			"from": [5.5, 0.6, 6.9],
			"to": [9.7, 1.6, 7.9],
			"faces": {
				"north": {"uv": [5, 15, 11, 16], "texture": "#0"},
				"east": {"uv": [12.5, 12.5, 16, 16], "texture": "#1"},
				"south": {"uv": [5, 15, 11, 16], "texture": "#0"},
				"west": {"uv": [12.5, 12.5, 16, 16], "texture": "#1"},
				"up": {"uv": [5, 14.5, 11, 16], "texture": "#0"},
				"down": {"uv": [5, 15, 11, 16], "texture": "#0"}
			}
		},
		{
			"from": [5.5, 3.5, 6.9],
			"to": [14.5, 4.5, 7.9],
			"rotation": {"angle": -45, "axis": "z", "origin": [8, 4, 7.9]},
			"faces": {
				"north": {"uv": [5, 15, 11, 16], "texture": "#0"},
				"east": {"uv": [12.5, 12.5, 16, 16], "texture": "#1"},
				"south": {"uv": [5, 15, 11, 16], "texture": "#0"},
				"west": {"uv": [12.5, 12.5, 16, 16], "texture": "#1"},
				"up": {"uv": [5, 14.5, 11, 16], "texture": "#0"},
				"down": {"uv": [5, 15, 11, 16], "texture": "#0"}
			}
		},
		{
			"from": [6.5, 3.3, 1.6],
			"to": [7.5, 4.3, 10.6],
			"rotation": {"angle": -45, "axis": "x", "origin": [8, 3.8, 7.6]},
			"faces": {
				"north": {"uv": [12.5, 12.5, 16, 16], "texture": "#1"},
				"east": {"uv": [5, 15, 11, 16], "texture": "#0"},
				"south": {"uv": [12.5, 12.5, 16, 16], "texture": "#1"},
				"west": {"uv": [5, 15, 11, 16], "texture": "#0"},
				"up": {"uv": [5, 14.5, 11, 16], "rotation": 90, "texture": "#0"},
				"down": {"uv": [5, 15, 11, 16], "rotation": 270, "texture": "#0"}
			}
		},
		{
			"from": [7.4, 0.2, 5.7],
			"to": [8.8, 1.7, 10.7],
			"rotation": {"angle": 45, "axis": "y", "origin": [7.3, 1.2, 6.5]},
			"faces": {
				"north": {"uv": [12.5, 12.5, 16, 16], "texture": "#1"},
				"east": {"uv": [5, 15, 11, 16], "texture": "#0"},
				"south": {"uv": [12.5, 12.5, 16, 16], "texture": "#1"},
				"west": {"uv": [5, 15, 11, 16], "texture": "#0"},
				"up": {"uv": [5, 14.5, 11, 16], "rotation": 90, "texture": "#0"},
				"down": {"uv": [5, 15, 11, 16], "rotation": 270, "texture": "#0"}
			}
		},
		{
			"from": [5.7, -0.1, 5.7],
			"to": [7.1, 1.5, 10.7],
			"faces": {
				"north": {"uv": [12.5, 12.5, 16, 16], "texture": "#1"},
				"east": {"uv": [5, 15, 11, 16], "texture": "#0"},
				"south": {"uv": [12.5, 12.5, 16, 16], "texture": "#1"},
				"west": {"uv": [5, 15, 11, 16], "texture": "#0"},
				"up": {"uv": [5, 14.5, 11, 16], "rotation": 90, "texture": "#0"},
				"down": {"uv": [5, 15, 11, 16], "rotation": 270, "texture": "#0"}
			}
		},
		{
			"from": [0, 0, 5],
			"to": [3.2, 1.5, 10.9],
			"faces": {
				"north": {"uv": [0, 0, 15.7, 16], "texture": "#5"},
				"east": {"uv": [0, 0, 15.7, 16], "texture": "#5"},
				"south": {"uv": [0, 0, 15.7, 16], "texture": "#5"},
				"west": {"uv": [0, 0, 15.7, 16], "texture": "#5"},
				"up": {"uv": [0, 0, 15.7, 16], "texture": "#5"},
				"down": {"uv": [0, 0, 15.7, 16], "texture": "#5"}
			}
		},
		{
			"from": [7.5, 3.9, 4.9],
			"to": [8.5, 4.9, 13.9],
			"rotation": {"angle": 45, "axis": "x", "origin": [8, 4.4, 7.9]},
			"faces": {
				"north": {"uv": [12.5, 12.5, 16, 16], "texture": "#1"},
				"east": {"uv": [5, 15, 11, 16], "texture": "#0"},
				"south": {"uv": [12.5, 12.5, 16, 16], "texture": "#1"},
				"west": {"uv": [5, 15, 11, 16], "texture": "#0"},
				"up": {"uv": [5, 14.5, 11, 16], "rotation": 90, "texture": "#0"},
				"down": {"uv": [5, 15, 11, 16], "rotation": 270, "texture": "#0"}
			}
		},
		{
			"from": [1.9, 0, 2],
			"to": [5.1, 1.5, 5],
			"faces": {
				"north": {"uv": [0, 0, 16, 15.7], "rotation": 90, "texture": "#5"},
				"east": {"uv": [0, 0, 16, 15.7], "rotation": 90, "texture": "#5"},
				"south": {"uv": [0, 0, 16, 15.7], "rotation": 90, "texture": "#5"},
				"west": {"uv": [0, 0, 16, 15.7], "rotation": 90, "texture": "#5"},
				"up": {"uv": [0, 0, 16, 15.7], "rotation": 90, "texture": "#5"},
				"down": {"uv": [0, 0, 16, 15.7], "rotation": 90, "texture": "#5"}
			}
		},
		{
			"from": [5.1, 0, 0],
			"to": [11, 1.5, 3.2],
			"faces": {
				"north": {"uv": [0, 0, 15.7, 16], "rotation": 90, "texture": "#5"},
				"east": {"uv": [0, 0, 15.7, 16], "rotation": 90, "texture": "#5"},
				"south": {"uv": [0, 0, 15.7, 16], "rotation": 90, "texture": "#5"},
				"west": {"uv": [0, 0, 15.7, 16], "rotation": 90, "texture": "#5"},
				"up": {"uv": [0, 0, 15.7, 16], "rotation": 90, "texture": "#5"},
				"down": {"uv": [0, 0, 15.7, 16], "rotation": 90, "texture": "#5"}
			}
		},
		{
			"from": [11, 0, 1.9],
			"to": [14, 1.5, 5.1],
			"faces": {
				"north": {"uv": [0, 0, 16, 15.7], "rotation": 180, "texture": "#5"},
				"east": {"uv": [0, 0, 16, 15.7], "rotation": 180, "texture": "#5"},
				"south": {"uv": [0, 0, 16, 15.7], "rotation": 180, "texture": "#5"},
				"west": {"uv": [0, 0, 16, 15.7], "rotation": 180, "texture": "#5"},
				"up": {"uv": [0, 0, 16, 15.7], "rotation": 180, "texture": "#5"},
				"down": {"uv": [0, 0, 16, 15.7], "rotation": 180, "texture": "#5"}
			}
		},
		{
			"from": [12.8, 0, 5.1],
			"to": [16, 1.5, 11],
			"faces": {
				"north": {"uv": [0, 0, 15.7, 16], "rotation": 180, "texture": "#5"},
				"east": {"uv": [0, 0, 15.7, 16], "rotation": 180, "texture": "#5"},
				"south": {"uv": [0, 0, 15.7, 16], "rotation": 180, "texture": "#5"},
				"west": {"uv": [0, 0, 15.7, 16], "rotation": 180, "texture": "#5"},
				"up": {"uv": [0, 0, 15.7, 16], "rotation": 180, "texture": "#5"},
				"down": {"uv": [0, 0, 15.7, 16], "rotation": 180, "texture": "#5"}
			}
		},
		{
			"from": [10.9, 0, 11],
			"to": [14.1, 1.5, 14],
			"faces": {
				"north": {"uv": [0, 0, 16, 15.7], "rotation": 270, "texture": "#5"},
				"east": {"uv": [0, 0, 16, 15.7], "rotation": 270, "texture": "#5"},
				"south": {"uv": [0, 0, 16, 15.7], "rotation": 270, "texture": "#5"},
				"west": {"uv": [0, 0, 16, 15.7], "rotation": 270, "texture": "#5"},
				"up": {"uv": [0, 0, 16, 15.7], "rotation": 270, "texture": "#5"},
				"down": {"uv": [0, 0, 16, 15.7], "rotation": 270, "texture": "#5"}
			}
		},
		{
			"from": [5, 0, 12.8],
			"to": [10.9, 1.5, 16],
			"faces": {
				"north": {"uv": [0, 0, 16, 15.7], "rotation": 270, "texture": "#5"},
				"east": {"uv": [0, 0, 16, 15.7], "rotation": 270, "texture": "#5"},
				"south": {"uv": [0, 0, 16, 15.7], "rotation": 270, "texture": "#5"},
				"west": {"uv": [0, 0, 16, 15.7], "rotation": 270, "texture": "#5"},
				"up": {"uv": [0, 0, 16, 15.7], "rotation": 270, "texture": "#5"},
				"down": {"uv": [0, 0, 16, 15.7], "rotation": 270, "texture": "#5"}
			}
		},
		{
			"from": [1.8, 0, 10.9],
			"to": [5, 1.5, 14],
			"faces": {
				"north": {"uv": [0, 0, 15.6, 15.7], "rotation": 270, "texture": "#5"},
				"east": {"uv": [0, 0, 15.6, 15.7], "rotation": 270, "texture": "#5"},
				"south": {"uv": [0, 0, 15.6, 15.7], "rotation": 270, "texture": "#5"},
				"west": {"uv": [0, 0, 15.6, 15.7], "rotation": 270, "texture": "#5"},
				"up": {"uv": [0, 0, 15.6, 15.7], "rotation": 270, "texture": "#5"},
				"down": {"uv": [0, 0, 15.6, 15.7], "rotation": 270, "texture": "#5"}
			}
		},
		{
			"from": [0, -1, 0],
			"to": [16, 0.1, 16],
			"faces": {
				"north": {"uv": [0, 0, 16, 16], "texture": "#2"},
				"east": {"uv": [0, 0, 16, 16], "texture": "#2"},
				"south": {"uv": [0, 0, 16, 16], "texture": "#2"},
				"west": {"uv": [0, 0, 16, 16], "texture": "#2"},
				"up": {"uv": [0, 0, 16, 16], "texture": "#2"},
				"down": {"uv": [0, 0, 16, 16], "texture": "#2"}
			}
		},
		{
			"from": [2.9, 0, 2.6],
			"to": [12.8, 1, 12.9],
			"faces": {
				"north": {"uv": [0, 0, 9.9, 10.3], "texture": "#missing"},
				"east": {"uv": [0, 0, 9.9, 10.3], "texture": "#missing"},
				"south": {"uv": [0, 0, 9.9, 10.3], "texture": "#missing"},
				"west": {"uv": [0, 0, 9.9, 10.3], "texture": "#missing"},
				"up": {"uv": [0, 0, 16, 15.8], "texture": "#6"},
				"down": {"uv": [0, 0, 9.9, 10.3], "texture": "#missing"}
			}
		}
	],
	"display": {
		"thirdperson_righthand": {
			"translation": [0, 4.25, 0],
			"scale": [0.5, 0.5, 0.5]
		},
		"thirdperson_lefthand": {
			"translation": [0, 4.25, 0],
			"scale": [0.525, 0.5, 0.5]
		},
		"firstperson_righthand": {
			"translation": [0, 5, 0],
			"scale": [0.5, 0.5, 0.5]
		},
		"firstperson_lefthand": {
			"translation": [0, 5, 0],
			"scale": [0.5, 0.5, 0.5]
		},
		"ground": {
			"translation": [0, 4, 0]
		},
		"gui": {
			"rotation": [16, 56, 0],
			"translation": [0, 2, 0],
			"scale": [0.7, 0.7, 0.7]
		},
		"head": {
			"translation": [0, 15, 0],
			"scale": [0.775, 1, 0.825]
		},
		"fixed": {
			"rotation": [-90, 0, 0],
			"translation": [0, 0, -15.5],
			"scale": [2, 2, 2]
		}
	}
}