{
	"credit": "Made using Blockbench ~",
	"textures": {
		"texture": "block/items/chair_wood",
		"particle": "block/items/chair_wood",
		"chair_top": "block/items/chair_top"
	},
	"elements": [
		{
			"from": [3.5, 0, 3.5],
			"to": [5, 7, 5],
			"faces": {
				"north": {"uv": [14, 8, 15.5, 15], "texture": "#texture"},
				"east": {"uv": [14, 8, 15.5, 15], "texture": "#texture"},
				"south": {"uv": [0.5, 8, 2, 15], "texture": "#texture"},
				"west": {"uv": [0.5, 8, 2, 15], "texture": "#texture"},
				"down": {"uv": [12.5, 5, 11, 3.5], "texture": "#texture", "cullface": "down"}
			}
		},
		{
			"from": [11, 0, 11],
			"to": [12.5, 7, 12.5],
			"faces": {
				"north": {"uv": [0.5, 8, 2, 15], "texture": "#texture"},
				"east": {"uv": [0.5, 8, 2, 15], "texture": "#texture"},
				"south": {"uv": [14, 8, 15.5, 15], "texture": "#texture"},
				"west": {"uv": [14, 8, 15.5, 15], "texture": "#texture"},
				"down": {"uv": [5, 12.5, 3.5, 11], "texture": "#texture", "cullface": "down"}
			}
		},
		{
			"from": [3.5, 0, 11],
			"to": [5, 7, 12.5],
			"faces": {
				"north": {"uv": [14, 8, 15.5, 15], "texture": "#texture"},
				"east": {"uv": [0.5, 8, 2, 15], "texture": "#texture"},
				"south": {"uv": [0.5, 8, 2, 15], "texture": "#texture"},
				"west": {"uv": [14, 8, 15.5, 15], "texture": "#texture"},
				"down": {"uv": [12.5, 12.5, 11, 11], "texture": "#texture", "cullface": "down"}
			}
		},
		{
			"from": [11, 0, 3.5],
			"to": [12.5, 7, 5],
			"faces": {
				"north": {"uv": [0.5, 8, 2, 15], "texture": "#texture"},
				"east": {"uv": [14, 8, 15.5, 15], "texture": "#texture"},
				"south": {"uv": [14, 8, 15.5, 15], "texture": "#texture"},
				"west": {"uv": [0.5, 8, 2, 15], "texture": "#texture"},
				"down": {"uv": [5, 5, 3.5, 3.5], "texture": "#texture", "cullface": "down"}
			}
		},
		{
			"from": [3, 7, 3],
			"to": [13, 8.5, 13],
			"faces": {
				"north": {"uv": [3, 0, 13, 1.5], "texture": "#texture"},
				"east": {"uv": [3, 0, 13, 1.5], "texture": "#texture"},
				"south": {"uv": [3, 0, 13, 1.5], "texture": "#texture"},
				"west": {"uv": [3, 0, 13, 1.5], "texture": "#texture"},
				"up": {"uv": [3, 3, 13, 13], "texture": "#texture"},
				"down": {"uv": [13, 13, 3, 3], "texture": "#texture"}
			}
		},
		{
			"from": [4, 4, 5],
			"to": [5, 5.5, 11],
			"faces": {
				"east": {"uv": [5, 14.5, 11, 16], "texture": "#texture"},
				"west": {"uv": [5, 14.5, 11, 16], "texture": "#texture"},
				"up": {"uv": [4, 5, 5, 11], "texture": "#texture"},
				"down": {"uv": [12, 11, 11, 5], "texture": "#texture"}
			}
		},
		{
			"from": [11, 4, 5],
			"to": [12, 5.5, 11],
			"faces": {
				"east": {"uv": [5, 14.5, 11, 16], "texture": "#texture"},
				"west": {"uv": [5, 14.5, 11, 16], "texture": "#texture"},
				"up": {"uv": [11, 5, 12, 11], "texture": "#texture"},
				"down": {"uv": [5, 11, 4, 5], "texture": "#texture"}
			}
		},
		{
			"from": [5, 4, 4],
			"to": [11, 5.5, 5],
			"faces": {
				"north": {"uv": [5, 14.5, 11, 16], "texture": "#texture"},
				"south": {"uv": [5, 14.5, 11, 16], "texture": "#texture"},
				"up": {"uv": [5, 4, 11, 5], "texture": "#texture"},
				"down": {"uv": [11, 5, 5, 4], "texture": "#texture"}
			}
		},
		{
			"from": [5, 4, 11],
			"to": [11, 5.5, 12],
			"faces": {
				"north": {"uv": [5, 14.5, 11, 16], "texture": "#texture"},
				"south": {"uv": [5, 14.5, 11, 16], "texture": "#texture"},
				"up": {"uv": [5, 11, 11, 12], "texture": "#texture"},
				"down": {"uv": [11, 12, 5, 11], "texture": "#texture"}
			}
		},
		{
			"from": [3.5, 8.5, 3.5],
			"to": [12.5, 9, 12.5],
			"faces": {
				"north": {"uv": [3, 3, 13, 3.5], "texture": "#chair_top"},
				"east": {"uv": [3, 12.5, 13, 13], "texture": "#chair_top"},
				"south": {"uv": [3, 12.5, 13, 13], "texture": "#chair_top"},
				"west": {"uv": [3, 3, 13, 3.5], "texture": "#chair_top"},
				"up": {"uv": [3, 3, 13, 13], "texture": "#chair_top"}
			}
		}
	],
	"display": {
		"thirdperson_righthand": {
			"scale": [0.5, 0.5, 0.5]
		},
		"thirdperson_lefthand": {
			"scale": [0.5, 0.5, 0.5]
		},
		"gui": {
			"rotation": [27, 0, 0],
			"translation": [0, 2.75, 0]
		},
		"fixed": {
			"rotation": [-90, 0, 0],
			"translation": [5, 0, -15],
			"scale": [2, 2, 2]
		}
	}
}