{
	"credit": "Made using Blockbench ~",
	"parent": "block/block",
	"textures": {
		"1": "block/items/vase_small_texture",
		"2": "block/items/vase_small_topbottom",
		"particle": "block/items/vase_small_texture"
	},
	"elements": [
		{
			"from": [6, 0, 6],
			"to": [10, 1, 10],
			"faces": {
				"north": {"uv": [6, 15, 10, 16], "texture": "#1"},
				"east": {"uv": [6, 15, 10, 16], "texture": "#1"},
				"south": {"uv": [6, 15, 10, 16], "texture": "#1"},
				"west": {"uv": [6, 15, 10, 16], "texture": "#1"},
				"up": {"uv": [6, 6, 10, 10], "texture": "#1"},
				"down": {"uv": [6, 6, 10, 10], "texture": "#1"}
			}
		},
		{
			"from": [5.5, 1, 5.6],
			"to": [10.5, 16, 10.6],
			"faces": {
				"north": {"uv": [5.5, 0, 10.5, 15], "texture": "#1"},
				"east": {"uv": [5.4, 0, 10.4, 15], "texture": "#1"},
				"south": {"uv": [5.5, 0, 10.5, 15], "texture": "#1"},
				"west": {"uv": [5.6, 0, 10.6, 15], "texture": "#1"},
				"up": {"uv": [9, 3.5, 14, 8.5], "texture": "#2"},
				"down": {"uv": [5.5, 5.4, 10.5, 10.4], "texture": "#1"}
			}
		},
		{
			"from": [5, 3, 5],
			"to": [11, 13, 11],
			"faces": {
				"north": {"uv": [5, 3, 11, 13], "texture": "#1"},
				"east": {"uv": [5, 3, 11, 13], "texture": "#1"},
				"south": {"uv": [5, 3, 11, 13], "texture": "#1"},
				"west": {"uv": [5, 3, 11, 13], "texture": "#1"},
				"up": {"uv": [5, 5, 11, 11], "texture": "#1"},
				"down": {"uv": [5, 5, 11, 11], "texture": "#1"}
			}
		},
		{
			"from": [4.5, 4, 4.5],
			"to": [11.5, 9, 11.5],
			"faces": {
				"north": {"uv": [4.5, 7, 11.5, 12], "texture": "#1"},
				"east": {"uv": [4.5, 7, 11.5, 12], "texture": "#1"},
				"south": {"uv": [4.5, 7, 11.5, 12], "texture": "#1"},
				"west": {"uv": [4.5, 7, 11.5, 12], "texture": "#1"},
				"up": {"uv": [3, 0.5, 10, 7.5], "texture": "#1"},
				"down": {"uv": [4.5, 0.5, 11.5, 7.5], "texture": "#1"}
			}
		},
		{
			"from": [5.5, 16, 4.6],
			"to": [10.5, 17, 5.6],
			"faces": {
				"north": {"uv": [5, 0, 10, 1], "texture": "#2"},
				"east": {"uv": [9, 0, 10, 1], "texture": "#2"},
				"south": {"uv": [7.5, 0, 12.5, 1], "texture": "#2"},
				"west": {"uv": [5, 0, 6, 1], "texture": "#2"},
				"up": {"uv": [5.5, 1, 10.5, 2], "texture": "#1"},
				"down": {"uv": [5, 3.5, 10, 4.5], "texture": "#1"}
			}
		},
		{
			"from": [5.5, 16, 10.6],
			"to": [10.5, 17, 11.6],
			"faces": {
				"north": {"uv": [5.5, 0, 10.5, 1], "texture": "#2"},
				"east": {"uv": [4, 0, 5, 1], "texture": "#2"},
				"south": {"uv": [5.5, 0, 10.5, 1], "texture": "#2"},
				"west": {"uv": [9.5, 0, 10.5, 1], "texture": "#2"},
				"up": {"uv": [5.5, 4, 10.5, 5], "texture": "#1"},
				"down": {"uv": [5.5, 4.4, 10.5, 5.4], "texture": "#1"}
			}
		},
		{
			"from": [4.5, 16, 5.6],
			"to": [5.5, 17, 10.6],
			"faces": {
				"north": {"uv": [6.5, 0, 7.5, 1], "texture": "#2"},
				"east": {"uv": [6, 0, 11, 1], "texture": "#2"},
				"south": {"uv": [10, 0, 11, 1], "texture": "#2"},
				"west": {"uv": [5, 0, 10, 1], "texture": "#2"},
				"up": {"uv": [3, 3, 4, 8], "texture": "#1"},
				"down": {"uv": [5, 1, 6, 6], "texture": "#1"}
			}
		},
		{
			"from": [10.5, 16, 5.6],
			"to": [11.5, 17, 10.6],
			"faces": {
				"north": {"uv": [7, 0, 8, 1], "texture": "#2"},
				"east": {"uv": [5, 0, 10, 1], "texture": "#2"},
				"south": {"uv": [9, 0, 10, 1], "texture": "#2"},
				"west": {"uv": [5, 0, 10, 1], "texture": "#2"},
				"up": {"uv": [3.5, 3, 4.5, 8], "texture": "#1"},
				"down": {"uv": [10.5, 5.4, 11.5, 10.4], "texture": "#1"}
			}
		},
		{
			"from": [10.5, 15, 5.6],
			"to": [11, 16, 10.6],
			"faces": {
				"north": {"uv": [5.5, 2, 6, 3], "texture": "#1"},
				"east": {"uv": [6, 2, 11, 3], "texture": "#1"},
				"south": {"uv": [10.5, 2.5, 11, 3.5], "texture": "#1"},
				"west": {"uv": [6, 1.5, 11, 2.5], "texture": "#1"},
				"up": {"uv": [10.5, 5.6, 11, 10.6], "texture": "#1"},
				"down": {"uv": [10.5, 5.4, 11, 10.4], "texture": "#1"}
			}
		},
		{
			"from": [5, 15, 5.6],
			"to": [5.5, 16, 10.6],
			"faces": {
				"north": {"uv": [11, 0.5, 11.5, 1.5], "texture": "#1"},
				"east": {"uv": [5.5, 0.5, 10.5, 1.5], "texture": "#1"},
				"south": {"uv": [5, 0.5, 5.5, 1.5], "texture": "#1"},
				"west": {"uv": [5.5, 0.5, 10.5, 1.5], "texture": "#1"},
				"up": {"uv": [5, 5.6, 5.5, 10.6], "texture": "#1"},
				"down": {"uv": [3, 1.5, 3.5, 6.5], "texture": "#1"}
			}
		},
		{
			"from": [5.5, 15, 10.6],
			"to": [10.5, 16, 11.1],
			"faces": {
				"north": {"uv": [5.5, 2.5, 10.5, 3.5], "texture": "#1"},
				"east": {"uv": [5, 1.5, 5.5, 2.5], "texture": "#1"},
				"south": {"uv": [5.5, 2, 10.5, 3], "texture": "#1"},
				"west": {"uv": [10.5, 2, 11, 3], "texture": "#1"},
				"up": {"uv": [5.5, 10.6, 10.5, 11.1], "texture": "#1"},
				"down": {"uv": [5.5, 4.9, 10.5, 5.4], "texture": "#1"}
			}
		},
		{
			"from": [5.5, 15, 5.1],
			"to": [10.5, 16, 5.6],
			"faces": {
				"north": {"uv": [5.5, 0.5, 10.5, 1.5], "texture": "#1"},
				"east": {"uv": [11, 2.5, 11.5, 3.5], "texture": "#1"},
				"south": {"uv": [6, 2.5, 11, 3.5], "texture": "#1"},
				"west": {"uv": [5.5, 1.5, 6, 2.5], "texture": "#1"},
				"up": {"uv": [5.5, 5.1, 10.5, 5.6], "texture": "#1"},
				"down": {"uv": [9, 0.5, 14, 1], "texture": "#1"}
			}
		}
	],
	"display": {
		"thirdperson_righthand": {
			"scale": [0.5, 0.5, 0.5]
		},
		"thirdperson_lefthand": {
			"scale": [0.5, 0.5, 0.5]
		},
		"gui": {
			"scale": [0.8, 0.8, 1]
		},
		"head": {
			"translation": [0, 14.25, 0]
		},
		"fixed": {
			"rotation": [-90, 0, 0],
			"translation": [0, -1, -11.5],
			"scale": [1.8, 1.8, 1.8]
		}
	}
}