{
	"credit": "Made using Blockbench ~",
	"textures": {
		"3": "block/decoration/fire_layer_1",
		"4": "block/decoration/magma",
		"5": "block/decoration/polished_andesite",
		"6": "block/decoration/oak_log_top",
		"7": "block/decoration/oak_log"
	},
	"elements": [
		{
			"from": [7.18, 7.476, 2.916],
			"to": [8.82, 9.116, 17.676],
			"rotation": {"angle": 45, "axis": "x", "origin": [8, 8.296, 7.836]},
			"faces": {
				"north": {"uv": [0, 0, 15.63984, 15.63984], "texture": "#6"},
				"east": {"uv": [0, 0, 15.75938, 15.63984], "rotation": 180, "texture": "#7"},
				"south": {"uv": [0, 0, 1.64, 1.64], "texture": "#7"},
				"west": {"uv": [0, 0, 15.75938, 15.63984], "texture": "#7"},
				"up": {"uv": [0, 0, 15.63984, 15.75938], "rotation": 90, "texture": "#7"},
				"down": {"uv": [0, 0, 15.75938, 15.63984], "rotation": 270, "texture": "#7"}
			}
		},
		{
			"from": [4.228, 0.916, 4.228],
			"to": [6.524, 3.54, 12.428],
			"faces": {
				"north": {"uv": [0, 0, 15.79531, 15.62344], "texture": "#6"},
				"east": {"uv": [0, 0, 15.7, 15.62344], "texture": "#7"},
				"south": {"uv": [0, 0, 15.79531, 15.62344], "texture": "#6"},
				"west": {"uv": [0, 0, 15.7, 15.62344], "texture": "#7"},
				"up": {"uv": [0, 0, 15.7, 15.79531], "rotation": 90, "texture": "#7"},
				"down": {"uv": [0, 0, 15.7, 15.79531], "rotation": 270, "texture": "#7"}
			}
		},
		{
			"from": [7.016, 1.408, 4.228],
			"to": [9.312, 3.868, 12.428],
			"rotation": {"angle": 45, "axis": "y", "origin": [6.852, 3.048, 5.54]},
			"faces": {
				"north": {"uv": [0, 0, 2.296, 2.46], "texture": "#7"},
				"east": {"uv": [0, 0, 15.7, 15.95938], "texture": "#7"},
				"south": {"uv": [0, 0, 15.79531, 15.95938], "texture": "#6"},
				"west": {"uv": [0, 0, 15.7, 15.95938], "texture": "#7"},
				"up": {"uv": [0, 0, 15.7, 15.79531], "rotation": 90, "texture": "#7"},
				"down": {"uv": [0, 0, 15.7, 15.79531], "rotation": 270, "texture": "#7"}
			}
		},
		{
			"from": [3.9, 2.064, 6.196],
			"to": [10.788, 3.704, 7.836],
			"faces": {
				"north": {"uv": [0, 0, 6.888, 1.64], "texture": "#7"},
				"east": {"uv": [0, 0, 1.64, 1.64], "texture": "#7"},
				"south": {"uv": [0, 0, 15.8875, 15.63984], "texture": "#7"},
				"west": {"uv": [0, 0, 15.63984, 15.63984], "texture": "#6"},
				"up": {"uv": [0, 0, 15.8875, 15.63984], "texture": "#7"},
				"down": {"uv": [0, 0, 15.8875, 15.63984], "texture": "#7"}
			}
		},
		{
			"from": [5.54, 6.492, -2.496],
			"to": [7.18, 8.132, 12.264],
			"rotation": {"angle": -45, "axis": "x", "origin": [8, 7.312, 7.344]},
			"faces": {
				"north": {"uv": [0, 0, 1.64, 1.64], "texture": "#7"},
				"east": {"uv": [0, 0, 15.75938, 15.63984], "texture": "#7"},
				"south": {"uv": [0, 0, 15.63984, 15.63984], "texture": "#6"},
				"west": {"uv": [0, 0, 15.75938, 15.63984], "texture": "#7"},
				"up": {"uv": [0, 0, 15.75938, 15.63984], "rotation": 90, "texture": "#7"},
				"down": {"uv": [0, 0, 15.75938, 15.63984], "rotation": 270, "texture": "#7"}
			}
		},
		{
			"from": [2.424, 2.556, 7.016],
			"to": [9.312, 4.196, 8.656],
			"rotation": {"angle": -45, "axis": "y", "origin": [6.524, 3.376, 8.656]},
			"faces": {
				"north": {"uv": [0, 0, 15.8875, 15.63984], "texture": "#7"},
				"east": {"uv": [0, 0, 15.63984, 15.63984], "texture": "#6"},
				"south": {"uv": [0, 0, 15.8875, 15.63984], "texture": "#7"},
				"west": {"uv": [0, 0, 15.63984, 15.63984], "texture": "#6"},
				"up": {"uv": [0, 0, 15.8875, 15.63984], "texture": "#7"},
				"down": {"uv": [0, 0, 15.8875, 15.63984], "texture": "#7"}
			}
		},
		{
			"from": [-2.66, 5.344, 7.836],
			"to": [12.1, 6.984, 9.476],
			"rotation": {"angle": 45, "axis": "z", "origin": [6.36, 6.164, 7.836]},
			"faces": {
				"north": {"uv": [0, 0, 15.75938, 15.63984], "texture": "#7"},
				"east": {"uv": [0, 0, 15.63984, 15.63984], "texture": "#6"},
				"south": {"uv": [0, 0, 15.75938, 15.63984], "texture": "#7"},
				"west": {"uv": [0, 0, 1.64, 1.64], "texture": "#7"},
				"up": {"uv": [0, 0, 15.75938, 15.63984], "texture": "#7"},
				"down": {"uv": [0, 0, 15.75938, 15.63984], "texture": "#7"}
			}
		},
		{
			"name": "FireAnimation",
			"from": [7.344, 2.244, 2.634],
			"to": [7.344, 22.394, 12.702],
			"rotation": {"angle": 22.5, "axis": "y", "origin": [7.344, 13.694, 7.918]},
			"faces": {
				"north": {"uv": [0, 6.25, 16, 16], "texture": "#3"},
				"east": {"uv": [0, 6.5, 16, 16], "texture": "#3"},
				"south": {"uv": [0, 6.25, 16, 16], "texture": "#3"},
				"west": {"uv": [0, 6.25, 16, 16], "texture": "#3"},
				"up": {"uv": [0, 6.25, 16, 16], "texture": "#3"},
				"down": {"uv": [0, 6.25, 16, 16], "texture": "#3"}
			}
		},
		{
			"name": "FireAnimation",
			"from": [3.458, 0.244, 7.098],
			"to": [14.026, 23, 7.098],
			"rotation": {"angle": -22.5, "axis": "y", "origin": [8.492, 13.694, 7.098]},
			"faces": {
				"north": {"uv": [0, 6.25, 16, 16], "texture": "#3"},
				"east": {"uv": [0, 6.5, 16, 16], "texture": "#3"},
				"south": {"uv": [0, 6.25, 16, 16], "texture": "#3"},
				"west": {"uv": [0, 6.25, 16, 16], "texture": "#3"},
				"up": {"uv": [0, 6.25, 16, 16], "rotation": 270, "texture": "#3"},
				"down": {"uv": [0, 6.25, 16, 16], "rotation": 90, "texture": "#3"}
			}
		},
		{
			"name": "FireAnimation",
			"from": [2.388, 1.986, 7.59],
			"to": [13.456, 22.886, 7.59],
			"rotation": {"angle": 22.5, "axis": "y", "origin": [7.672, 14.186, 7.59]},
			"faces": {
				"north": {"uv": [0, 6.25, 16, 16], "texture": "#3"},
				"east": {"uv": [0, 6.5, 16, 16], "texture": "#3"},
				"south": {"uv": [0, 6.25, 16, 16], "texture": "#3"},
				"west": {"uv": [0, 6.25, 16, 16], "texture": "#3"},
				"up": {"uv": [0, 6.25, 16, 16], "rotation": 90, "texture": "#3"},
				"down": {"uv": [0, 6.25, 16, 16], "rotation": 270, "texture": "#3"}
			}
		},
		{
			"name": "Embers",
			"from": [-0.364, 0.08, -0.856],
			"to": [15.872, 1.72, 16.036],
			"faces": {
				"north": {"uv": [0, 0, 16, 1.64], "texture": "#4"},
				"east": {"uv": [0, 0, 16, 1.64], "texture": "#4"},
				"south": {"uv": [0, 0, 16, 1.64], "texture": "#4"},
				"west": {"uv": [0, 0, 16, 1.64], "texture": "#4"},
				"up": {"uv": [0, 0, 16, 16], "texture": "#4"},
				"down": {"uv": [0, 0, 16, 16], "texture": "#4"}
			}
		},
		{
			"from": [3.244, -0.56, -7.99],
			"to": [13.084, 5.18, -0.61],
			"faces": {
				"north": {"uv": [0, 0, 5.74, 9.84], "rotation": 90, "texture": "#5"},
				"east": {"uv": [0, 0, 5.74, 7.38], "rotation": 90, "texture": "#5"},
				"south": {"uv": [0, 0, 5.74, 9.84], "rotation": 90, "texture": "#5"},
				"west": {"uv": [0, 0, 5.74, 7.38], "rotation": 90, "texture": "#5"},
				"up": {"uv": [0, 0, 7.38, 9.84], "rotation": 90, "texture": "#5"},
				"down": {"uv": [0, 0, 7.38, 9.84], "rotation": 90, "texture": "#5"}
			}
		},
		{
			"from": [15.79, -0.56, 3.244],
			"to": [23.17, 5.18, 13.084],
			"faces": {
				"north": {"uv": [0, 0, 5.74, 7.38], "rotation": 90, "texture": "#5"},
				"east": {"uv": [0, 0, 5.74, 9.84], "rotation": 90, "texture": "#5"},
				"south": {"uv": [0, 0, 5.74, 7.38], "rotation": 90, "texture": "#5"},
				"west": {"uv": [0, 0, 5.74, 9.84], "rotation": 90, "texture": "#5"},
				"up": {"uv": [0, 0, 7.38, 9.84], "texture": "#5"},
				"down": {"uv": [0, 0, 7.38, 9.84], "texture": "#5"}
			}
		},
		{
			"from": [2.916, -0.56, 15.79],
			"to": [12.756, 5.18, 23.17],
			"faces": {
				"north": {"uv": [0, 0, 5.74, 9.84], "rotation": 90, "texture": "#5"},
				"east": {"uv": [0, 0, 5.74, 7.38], "rotation": 90, "texture": "#5"},
				"south": {"uv": [0, 0, 5.74, 9.84], "rotation": 90, "texture": "#5"},
				"west": {"uv": [0, 0, 5.74, 7.38], "rotation": 90, "texture": "#5"},
				"up": {"uv": [0, 0, 7.38, 9.84], "rotation": 270, "texture": "#5"},
				"down": {"uv": [0, 0, 7.38, 9.84], "rotation": 270, "texture": "#5"}
			}
		},
		{
			"from": [-7.949, -0.56, 2.916],
			"to": [-0.569, 5.18, 12.756],
			"faces": {
				"north": {"uv": [0, 0, 5.74, 7.38], "rotation": 90, "texture": "#5"},
				"east": {"uv": [0, 0, 5.74, 9.84], "rotation": 90, "texture": "#5"},
				"south": {"uv": [0, 0, 5.74, 7.38], "rotation": 90, "texture": "#5"},
				"west": {"uv": [0, 0, 5.74, 9.84], "rotation": 90, "texture": "#5"},
				"up": {"uv": [0, 0, 7.38, 9.84], "texture": "#5"},
				"down": {"uv": [0, 0, 7.38, 9.84], "rotation": 180, "texture": "#5"}
			}
		},
		{
			"from": [-7.129, -0.56, -2.004],
			"to": [0.251, 3.95, 5.376],
			"faces": {
				"north": {"uv": [0, 0, 4.51, 7.38], "rotation": 90, "texture": "#5"},
				"east": {"uv": [0, 0, 4.51, 7.38], "rotation": 90, "texture": "#5"},
				"south": {"uv": [0, 0, 4.51, 7.38], "rotation": 90, "texture": "#5"},
				"west": {"uv": [0, 0, 4.51, 7.38], "rotation": 90, "texture": "#5"},
				"up": {"uv": [0, 0, 7.38, 7.38], "texture": "#5"},
				"down": {"uv": [0, 0, 7.38, 7.38], "rotation": 180, "texture": "#5"}
			}
		},
		{
			"from": [-1.43, -0.601, -7.334],
			"to": [5.95, 3.909, 0.046],
			"faces": {
				"north": {"uv": [0, 0, 4.51, 7.38], "rotation": 90, "texture": "#5"},
				"east": {"uv": [0, 0, 4.51, 7.38], "rotation": 90, "texture": "#5"},
				"south": {"uv": [0, 0, 4.51, 7.38], "rotation": 90, "texture": "#5"},
				"west": {"uv": [0, 0, 4.51, 7.38], "rotation": 90, "texture": "#5"},
				"up": {"uv": [0, 0, 7.38, 7.38], "texture": "#5"},
				"down": {"uv": [0, 0, 7.38, 7.38], "rotation": 180, "texture": "#5"}
			}
		},
		{
			"from": [-5.243, -2.692, -5.284],
			"to": [2.137, 1.818, 2.096],
			"faces": {
				"north": {"uv": [0, 0, 4.51, 7.38], "rotation": 90, "texture": "#5"},
				"east": {"uv": [0, 0, 4.51, 7.38], "rotation": 90, "texture": "#5"},
				"south": {"uv": [0, 0, 4.51, 7.38], "rotation": 90, "texture": "#5"},
				"west": {"uv": [0, 0, 4.51, 7.38], "rotation": 90, "texture": "#5"},
				"up": {"uv": [0, 0, 7.38, 7.38], "texture": "#5"},
				"down": {"uv": [0, 0, 7.38, 7.38], "rotation": 180, "texture": "#5"}
			}
		},
		{
			"from": [14.97, -1.79, -2.086],
			"to": [21.53, 3.95, 4.474],
			"faces": {
				"north": {"uv": [0, 0, 5.74, 6.56], "rotation": 90, "texture": "#5"},
				"east": {"uv": [0, 0, 5.74, 6.56], "rotation": 90, "texture": "#5"},
				"south": {"uv": [0, 0, 5.74, 6.56], "rotation": 90, "texture": "#5"},
				"west": {"uv": [0, 0, 5.74, 6.56], "rotation": 90, "texture": "#5"},
				"up": {"uv": [0, 0, 6.56, 6.56], "texture": "#5"},
				"down": {"uv": [0, 0, 6.56, 6.56], "texture": "#5"}
			}
		},
		{
			"from": [11.69, -2.897, -6.268],
			"to": [18.25, 2.843, 0.292],
			"faces": {
				"north": {"uv": [0, 0, 5.74, 6.56], "rotation": 90, "texture": "#5"},
				"east": {"uv": [0, 0, 5.74, 6.56], "rotation": 90, "texture": "#5"},
				"south": {"uv": [0, 0, 5.74, 6.56], "rotation": 90, "texture": "#5"},
				"west": {"uv": [0, 0, 5.74, 6.56], "rotation": 90, "texture": "#5"},
				"up": {"uv": [0, 0, 6.56, 6.56], "texture": "#5"},
				"down": {"uv": [0, 0, 6.56, 6.56], "texture": "#5"}
			}
		},
		{
			"from": [16.61, -3.184, -3.644],
			"to": [23.17, 1.982, 1.358],
			"faces": {
				"north": {"uv": [0, 0, 5.166, 6.56], "rotation": 90, "texture": "#5"},
				"east": {"uv": [0, 0, 5.166, 5.002], "rotation": 90, "texture": "#5"},
				"south": {"uv": [0, 0, 5.166, 6.56], "rotation": 90, "texture": "#5"},
				"west": {"uv": [0, 0, 5.166, 5.002], "rotation": 90, "texture": "#5"},
				"up": {"uv": [0, 0, 6.56, 5.002], "texture": "#5"},
				"down": {"uv": [0, 0, 6.56, 5.002], "texture": "#5"}
			}
		},
		{
			"from": [15.298, -3.676, -5.284],
			"to": [21.858, 1.49, -0.282],
			"faces": {
				"north": {"uv": [0, 0, 5.166, 6.56], "rotation": 90, "texture": "#5"},
				"east": {"uv": [0, 0, 5.166, 5.002], "rotation": 90, "texture": "#5"},
				"south": {"uv": [0, 0, 5.166, 6.56], "rotation": 90, "texture": "#5"},
				"west": {"uv": [0, 0, 5.166, 5.002], "rotation": 90, "texture": "#5"},
				"up": {"uv": [0, 0, 6.56, 5.002], "texture": "#5"},
				"down": {"uv": [0, 0, 6.56, 5.002], "texture": "#5"}
			}
		},
		{
			"from": [0.21, -1.667, 13.412],
			"to": [6.77, 4.073, 19.972],
			"faces": {
				"north": {"uv": [0, 0, 5.74, 6.56], "rotation": 90, "texture": "#5"},
				"east": {"uv": [0, 0, 5.74, 6.56], "rotation": 90, "texture": "#5"},
				"south": {"uv": [0, 0, 5.74, 6.56], "rotation": 90, "texture": "#5"},
				"west": {"uv": [0, 0, 5.74, 6.56], "rotation": 90, "texture": "#5"},
				"up": {"uv": [0, 0, 6.56, 6.56], "texture": "#5"},
				"down": {"uv": [0, 0, 6.56, 6.56], "texture": "#5"}
			}
		},
		{
			"from": [-3.48, -0.847, 11.362],
			"to": [3.08, 4.893, 17.922],
			"faces": {
				"north": {"uv": [0, 0, 5.74, 6.56], "rotation": 90, "texture": "#5"},
				"east": {"uv": [0, 0, 5.74, 6.56], "rotation": 90, "texture": "#5"},
				"south": {"uv": [0, 0, 5.74, 6.56], "rotation": 90, "texture": "#5"},
				"west": {"uv": [0, 0, 5.74, 6.56], "rotation": 90, "texture": "#5"},
				"up": {"uv": [0, 0, 6.56, 6.56], "texture": "#5"},
				"down": {"uv": [0, 0, 6.56, 6.56], "texture": "#5"}
			}
		},
		{
			"from": [-2.66, -2.897, 14.642],
			"to": [3.9, 2.843, 21.202],
			"faces": {
				"north": {"uv": [0, 0, 5.74, 6.56], "rotation": 90, "texture": "#5"},
				"east": {"uv": [0, 0, 5.74, 6.56], "rotation": 90, "texture": "#5"},
				"south": {"uv": [0, 0, 5.74, 6.56], "rotation": 90, "texture": "#5"},
				"west": {"uv": [0, 0, 5.74, 6.56], "rotation": 90, "texture": "#5"},
				"up": {"uv": [0, 0, 6.56, 6.56], "texture": "#5"},
				"down": {"uv": [0, 0, 6.56, 6.56], "texture": "#5"}
			}
		},
		{
			"from": [-7.17, -2.897, 10.952],
			"to": [-0.61, 2.843, 17.512],
			"faces": {
				"north": {"uv": [0, 0, 5.74, 6.56], "rotation": 90, "texture": "#5"},
				"east": {"uv": [0, 0, 5.74, 6.56], "rotation": 90, "texture": "#5"},
				"south": {"uv": [0, 0, 5.74, 6.56], "rotation": 90, "texture": "#5"},
				"west": {"uv": [0, 0, 5.74, 6.56], "rotation": 90, "texture": "#5"},
				"up": {"uv": [0, 0, 6.56, 6.56], "texture": "#5"},
				"down": {"uv": [0, 0, 6.56, 6.56], "texture": "#5"}
			}
		},
		{
			"from": [-7.99, -3.717, 15.462],
			"to": [-1.43, 2.023, 22.022],
			"faces": {
				"north": {"uv": [0, 0, 5.74, 6.56], "rotation": 90, "texture": "#5"},
				"east": {"uv": [0, 0, 5.74, 6.56], "rotation": 90, "texture": "#5"},
				"south": {"uv": [0, 0, 5.74, 6.56], "rotation": 90, "texture": "#5"},
				"west": {"uv": [0, 0, 5.74, 6.56], "rotation": 90, "texture": "#5"},
				"up": {"uv": [0, 0, 6.56, 6.56], "texture": "#5"},
				"down": {"uv": [0, 0, 6.56, 6.56], "texture": "#5"}
			}
		},
		{
			"from": [12.1, -1.175, 13.822],
			"to": [18.66, 4.565, 20.382],
			"faces": {
				"north": {"uv": [0, 0, 5.74, 6.56], "rotation": 90, "texture": "#5"},
				"east": {"uv": [0, 0, 5.74, 6.56], "rotation": 90, "texture": "#5"},
				"south": {"uv": [0, 0, 5.74, 6.56], "rotation": 90, "texture": "#5"},
				"west": {"uv": [0, 0, 5.74, 6.56], "rotation": 90, "texture": "#5"},
				"up": {"uv": [0, 0, 6.56, 6.56], "texture": "#5"},
				"down": {"uv": [0, 0, 6.56, 6.56], "texture": "#5"}
			}
		},
		{
			"from": [15.38, -1.175, 10.542],
			"to": [21.94, 4.265, 17.102],
			"faces": {
				"north": {"uv": [0, 0, 2.72, 3.28], "rotation": 90, "texture": "#5"},
				"east": {"uv": [0, 0, 2.72, 3.28], "rotation": 90, "texture": "#5"},
				"south": {"uv": [0, 0, 2.72, 3.28], "rotation": 90, "texture": "#5"},
				"west": {"uv": [0, 0, 2.72, 3.28], "rotation": 90, "texture": "#5"},
				"up": {"uv": [0, 0, 3.28, 3.28], "texture": "#5"},
				"down": {"uv": [0, 0, 3.28, 3.28], "texture": "#5"}
			}
		},
		{
			"from": [18.25, -2.815, 12.182],
			"to": [24.81, 2.925, 18.742],
			"faces": {
				"north": {"uv": [0, 0, 5.74, 6.56], "rotation": 90, "texture": "#5"},
				"east": {"uv": [0, 0, 5.74, 6.56], "rotation": 90, "texture": "#5"},
				"south": {"uv": [0, 0, 5.74, 6.56], "rotation": 90, "texture": "#5"},
				"west": {"uv": [0, 0, 5.74, 6.56], "rotation": 90, "texture": "#5"},
				"up": {"uv": [0, 0, 6.56, 6.56], "texture": "#5"},
				"down": {"uv": [0, 0, 6.56, 6.56], "texture": "#5"}
			}
		},
		{
			"from": [11.69, -2.815, 15.872],
			"to": [18.25, 2.925, 22.432],
			"faces": {
				"north": {"uv": [0, 0, 5.74, 6.56], "rotation": 90, "texture": "#5"},
				"east": {"uv": [0, 0, 5.74, 6.56], "rotation": 90, "texture": "#5"},
				"south": {"uv": [0, 0, 5.74, 6.56], "rotation": 90, "texture": "#5"},
				"west": {"uv": [0, 0, 5.74, 6.56], "rotation": 90, "texture": "#5"},
				"up": {"uv": [0, 0, 6.56, 6.56], "texture": "#5"},
				"down": {"uv": [0, 0, 6.56, 6.56], "texture": "#5"}
			}
		},
		{
			"from": [14.97, -3.635, 17.512],
			"to": [21.53, 2.105, 24.072],
			"faces": {
				"north": {"uv": [0, 0, 5.74, 6.56], "rotation": 90, "texture": "#5"},
				"east": {"uv": [0, 0, 5.74, 6.56], "rotation": 90, "texture": "#5"},
				"south": {"uv": [0, 0, 5.74, 6.56], "rotation": 90, "texture": "#5"},
				"west": {"uv": [0, 0, 5.74, 6.56], "rotation": 90, "texture": "#5"},
				"up": {"uv": [0, 0, 6.56, 6.56], "texture": "#5"},
				"down": {"uv": [0, 0, 6.56, 6.56], "texture": "#5"}
			}
		}
	],
	"display": {
		"thirdperson_righthand": {
			"translation": [0, 2, 0],
			"scale": [0.25, 0.25, 0.25]
		},
		"thirdperson_lefthand": {
			"translation": [0, 2, 0],
			"scale": [0.25, 0.25, 0.25]
		},
		"firstperson_righthand": {
			"translation": [0, 5, 0],
			"scale": [0.5, 0.5, 0.5]
		},
		"firstperson_lefthand": {
			"translation": [0, 5, 0],
			"scale": [0.5, 0.5, 0.5]
		},
		"ground": {
			"translation": [0, 4, 0],
			"scale": [0.5, 0.5, 0.5]
		},
		"gui": {
			"rotation": [16, 56, 0],
			"translation": [0, 0.5, 0],
			"scale": [0.4, 0.4, 0.4]
		},
		"head": {
			"translation": [0, 15, 0],
			"scale": [0.775, 1, 0.825]
		},
		"fixed": {
			"rotation": [-90, 0, 0],
			"translation": [0, 1, -11.5],
			"scale": [1.5, 1.5, 1.5]
		}
	},
	"groups": [
		{
			"name": "All",
			"children": [
				{
					"name": "Logs",
					"children": [0, 1, 2, 3, 4, 5, 6]
				},
				{
					"name": "Fire",
					"children": [7, 8, 9, 10]
				},
				{
					"name": "Stones",
					"children": [11, 12, 13, 14, 15, 16, 17, 18, 19, 20, 21, 22, 23, 24, 25, 26, 27, 28, 29, 30, 31,
						{
							"name": "group",
							"children": []
						}
					]
				}
			]
		}
	]
}