{
	"credit": "Made with Blockbench",
	"texture_size": [64, 64],
	"textures": {
		"1": "block/inkwell texture",
		"texture": "block/items/feather_unwrap",
		"particle": "block/inkwell texture"
	},
	"elements": [
		{
			"from": [4.9824, 0, 7.5072],
			"to": [9.0656, 0.3712, 8.992],
			"faces": {
				"north": {"uv": [0, 0, 1, 0.25], "texture": "#1"},
				"east": {"uv": [1, 3.5, 1.25, 3.75], "texture": "#1"},
				"south": {"uv": [0, 0.25, 1, 0.5], "texture": "#1"},
				"west": {"uv": [3.5, 1, 3.75, 1.25], "texture": "#1"},
				"up": {"uv": [1, 0.75, 0, 0.5], "texture": "#1"},
				"down": {"uv": [1, 0.75, 0, 1], "texture": "#1"}
			}
		},
		{
			"from": [5.3536, 0, 6.7648],
			"to": [6.4672, 0.3712, 7.136],
			"faces": {
				"north": {"uv": [1.25, 3.5, 1.5, 3.75], "texture": "#1"},
				"east": {"uv": [3.5, 1.25, 3.75, 1.5], "texture": "#1"},
				"south": {"uv": [1.5, 3.5, 1.75, 3.75], "texture": "#1"},
				"west": {"uv": [3.5, 1.5, 3.75, 1.75], "texture": "#1"},
				"up": {"uv": [2, 3.75, 1.75, 3.5], "texture": "#1"},
				"down": {"uv": [3.75, 1.75, 3.5, 2], "texture": "#1"}
			}
		},
		{
			"from": [6.4672, 0, 6.0224],
			"to": [7.952, 0.3712, 7.5072],
			"faces": {
				"north": {"uv": [2, 3.5, 2.25, 3.75], "texture": "#1"},
				"east": {"uv": [3.5, 2, 3.75, 2.25], "texture": "#1"},
				"south": {"uv": [2.25, 3.5, 2.5, 3.75], "texture": "#1"},
				"west": {"uv": [3.5, 2.25, 3.75, 2.5], "texture": "#1"},
				"up": {"uv": [2.75, 3.75, 2.5, 3.5], "texture": "#1"},
				"down": {"uv": [3.75, 2.5, 3.5, 2.75], "texture": "#1"}
			}
		},
		{
			"from": [5.3536, 0, 7.136],
			"to": [6.4672, 0.3712, 7.5072],
			"faces": {
				"north": {"uv": [2.75, 3.5, 3, 3.75], "texture": "#1"},
				"east": {"uv": [3.5, 2.75, 3.75, 3], "texture": "#1"},
				"south": {"uv": [3, 3.5, 3.25, 3.75], "texture": "#1"},
				"west": {"uv": [3.5, 3, 3.75, 3.25], "texture": "#1"},
				"up": {"uv": [3.5, 3.75, 3.25, 3.5], "texture": "#1"},
				"down": {"uv": [3.75, 3.25, 3.5, 3.5], "texture": "#1"}
			}
		},
		{
			"from": [5.7248, 0, 6.3936],
			"to": [6.4672, 0.3712, 6.7648],
			"faces": {
				"north": {"uv": [3.5, 3.5, 3.75, 3.75], "texture": "#1"},
				"east": {"uv": [3.75, 0, 4, 0.25], "texture": "#1"},
				"south": {"uv": [3.75, 0.25, 4, 0.5], "texture": "#1"},
				"west": {"uv": [3.75, 0.5, 4, 0.75], "texture": "#1"},
				"up": {"uv": [4, 1, 3.75, 0.75], "texture": "#1"},
				"down": {"uv": [1.25, 3.75, 1, 4], "texture": "#1"}
			}
		},
		{
			"from": [7.952, 0, 6.3936],
			"to": [8.6944, 0.3712, 6.7648],
			"faces": {
				"north": {"uv": [3.75, 1, 4, 1.25], "texture": "#1"},
				"east": {"uv": [1.25, 3.75, 1.5, 4], "texture": "#1"},
				"south": {"uv": [3.75, 1.25, 4, 1.5], "texture": "#1"},
				"west": {"uv": [1.5, 3.75, 1.75, 4], "texture": "#1"},
				"up": {"uv": [4, 1.75, 3.75, 1.5], "texture": "#1"},
				"down": {"uv": [2, 3.75, 1.75, 4], "texture": "#1"}
			}
		},
		{
			"from": [7.952, 0, 6.7648],
			"to": [9.0656, 0.3712, 7.5072],
			"faces": {
				"north": {"uv": [3.75, 1.75, 4, 2], "texture": "#1"},
				"east": {"uv": [2, 3.75, 2.25, 4], "texture": "#1"},
				"south": {"uv": [3.75, 2, 4, 2.25], "texture": "#1"},
				"west": {"uv": [2.25, 3.75, 2.5, 4], "texture": "#1"},
				"up": {"uv": [4, 2.5, 3.75, 2.25], "texture": "#1"},
				"down": {"uv": [2.75, 3.75, 2.5, 4], "texture": "#1"}
			}
		},
		{
			"from": [9.0656, 0, 7.5072],
			"to": [9.4368, 0.3712, 8.992],
			"faces": {
				"north": {"uv": [3.75, 2.5, 4, 2.75], "texture": "#1"},
				"east": {"uv": [2.75, 3.75, 3, 4], "texture": "#1"},
				"south": {"uv": [3.75, 2.75, 4, 3], "texture": "#1"},
				"west": {"uv": [3, 3.75, 3.25, 4], "texture": "#1"},
				"up": {"uv": [4, 3.25, 3.75, 3], "texture": "#1"},
				"down": {"uv": [3.5, 3.75, 3.25, 4], "texture": "#1"}
			}
		},
		{
			"from": [8.6944, 0, 8.992],
			"to": [9.0656, 0.3712, 9.7344],
			"faces": {
				"north": {"uv": [3.75, 3.25, 4, 3.5], "texture": "#1"},
				"east": {"uv": [3.5, 3.75, 3.75, 4], "texture": "#1"},
				"south": {"uv": [3.75, 3.5, 4, 3.75], "texture": "#1"},
				"west": {"uv": [3.75, 3.75, 4, 4], "texture": "#1"},
				"up": {"uv": [0.25, 4.25, 0, 4], "texture": "#1"},
				"down": {"uv": [4.25, 0, 4, 0.25], "texture": "#1"}
			}
		},
		{
			"from": [7.952, 0, 8.992],
			"to": [8.6944, 0.3712, 10.1056],
			"faces": {
				"north": {"uv": [0.25, 4, 0.5, 4.25], "texture": "#1"},
				"east": {"uv": [4, 0.25, 4.25, 0.5], "texture": "#1"},
				"south": {"uv": [0.5, 4, 0.75, 4.25], "texture": "#1"},
				"west": {"uv": [4, 0.5, 4.25, 0.75], "texture": "#1"},
				"up": {"uv": [1, 4.25, 0.75, 4], "texture": "#1"},
				"down": {"uv": [4.25, 0.75, 4, 1], "texture": "#1"}
			}
		},
		{
			"from": [6.4672, 0, 8.992],
			"to": [7.952, 0.3712, 10.4768],
			"faces": {
				"north": {"uv": [1, 4, 1.25, 4.25], "texture": "#1"},
				"east": {"uv": [4, 1, 4.25, 1.25], "texture": "#1"},
				"south": {"uv": [1.25, 4, 1.5, 4.25], "texture": "#1"},
				"west": {"uv": [4, 1.25, 4.25, 1.5], "texture": "#1"},
				"up": {"uv": [1.75, 4.25, 1.5, 4], "texture": "#1"},
				"down": {"uv": [4.25, 1.5, 4, 1.75], "texture": "#1"}
			}
		},
		{
			"from": [5.7248, 0, 8.992],
			"to": [6.4672, 0.3712, 10.1056],
			"faces": {
				"north": {"uv": [1.75, 4, 2, 4.25], "texture": "#1"},
				"east": {"uv": [4, 1.75, 4.25, 2], "texture": "#1"},
				"south": {"uv": [2, 4, 2.25, 4.25], "texture": "#1"},
				"west": {"uv": [4, 2, 4.25, 2.25], "texture": "#1"},
				"up": {"uv": [2.5, 4.25, 2.25, 4], "texture": "#1"},
				"down": {"uv": [4.25, 2.25, 4, 2.5], "texture": "#1"}
			}
		},
		{
			"from": [5.3536, 0, 8.992],
			"to": [5.7248, 0.3712, 9.7344],
			"faces": {
				"north": {"uv": [2.5, 4, 2.75, 4.25], "texture": "#1"},
				"east": {"uv": [4, 2.5, 4.25, 2.75], "texture": "#1"},
				"south": {"uv": [2.75, 4, 3, 4.25], "texture": "#1"},
				"west": {"uv": [4, 2.75, 4.25, 3], "texture": "#1"},
				"up": {"uv": [3.25, 4.25, 3, 4], "texture": "#1"},
				"down": {"uv": [4.25, 3, 4, 3.25], "texture": "#1"}
			}
		},
		{
			"from": [7.952, 0.3712, 10.1056],
			"to": [8.6944, 0.7424, 10.4768],
			"faces": {
				"north": {"uv": [3.25, 4, 3.5, 4.25], "texture": "#1"},
				"east": {"uv": [4, 3.25, 4.25, 3.5], "texture": "#1"},
				"south": {"uv": [3.5, 4, 3.75, 4.25], "texture": "#1"},
				"west": {"uv": [4, 3.5, 4.25, 3.75], "texture": "#1"},
				"up": {"uv": [4, 4.25, 3.75, 4], "texture": "#1"},
				"down": {"uv": [4.25, 3.75, 4, 4], "texture": "#1"}
			}
		},
		{
			"from": [8.6944, 0.3712, 9.7344],
			"to": [9.0656, 0.7424, 10.1056],
			"faces": {
				"north": {"uv": [4, 4, 4.25, 4.25], "texture": "#1"},
				"east": {"uv": [0, 4.25, 0.25, 4.5], "texture": "#1"},
				"south": {"uv": [4.25, 0, 4.5, 0.25], "texture": "#1"},
				"west": {"uv": [0.25, 4.25, 0.5, 4.5], "texture": "#1"},
				"up": {"uv": [4.5, 0.5, 4.25, 0.25], "texture": "#1"},
				"down": {"uv": [0.75, 4.25, 0.5, 4.5], "texture": "#1"}
			}
		},
		{
			"from": [9.0656, 0.3712, 8.992],
			"to": [9.4368, 0.7424, 9.7344],
			"faces": {
				"north": {"uv": [4.25, 0.5, 4.5, 0.75], "texture": "#1"},
				"east": {"uv": [0.75, 4.25, 1, 4.5], "texture": "#1"},
				"south": {"uv": [4.25, 0.75, 4.5, 1], "texture": "#1"},
				"west": {"uv": [1, 4.25, 1.25, 4.5], "texture": "#1"},
				"up": {"uv": [4.5, 1.25, 4.25, 1], "texture": "#1"},
				"down": {"uv": [1.5, 4.25, 1.25, 4.5], "texture": "#1"}
			}
		},
		{
			"from": [9.4368, 0.3712, 7.5072],
			"to": [9.808, 0.7424, 8.992],
			"faces": {
				"north": {"uv": [4.25, 1.25, 4.5, 1.5], "texture": "#1"},
				"east": {"uv": [1.5, 4.25, 1.75, 4.5], "texture": "#1"},
				"south": {"uv": [4.25, 1.5, 4.5, 1.75], "texture": "#1"},
				"west": {"uv": [1.75, 4.25, 2, 4.5], "texture": "#1"},
				"up": {"uv": [4.5, 2, 4.25, 1.75], "texture": "#1"},
				"down": {"uv": [2.25, 4.25, 2, 4.5], "texture": "#1"}
			}
		},
		{
			"from": [9.0656, 0.3712, 6.7648],
			"to": [9.4368, 0.7424, 7.5072],
			"faces": {
				"north": {"uv": [4.25, 2, 4.5, 2.25], "texture": "#1"},
				"east": {"uv": [2.25, 4.25, 2.5, 4.5], "texture": "#1"},
				"south": {"uv": [4.25, 2.25, 4.5, 2.5], "texture": "#1"},
				"west": {"uv": [2.5, 4.25, 2.75, 4.5], "texture": "#1"},
				"up": {"uv": [4.5, 2.75, 4.25, 2.5], "texture": "#1"},
				"down": {"uv": [3, 4.25, 2.75, 4.5], "texture": "#1"}
			}
		},
		{
			"from": [8.6944, 0.3712, 6.3936],
			"to": [9.0656, 0.7424, 6.7648],
			"faces": {
				"north": {"uv": [4.25, 2.75, 4.5, 3], "texture": "#1"},
				"east": {"uv": [3, 4.25, 3.25, 4.5], "texture": "#1"},
				"south": {"uv": [4.25, 3, 4.5, 3.25], "texture": "#1"},
				"west": {"uv": [3.25, 4.25, 3.5, 4.5], "texture": "#1"},
				"up": {"uv": [4.5, 3.5, 4.25, 3.25], "texture": "#1"},
				"down": {"uv": [3.75, 4.25, 3.5, 4.5], "texture": "#1"}
			}
		},
		{
			"from": [7.952, 0.3712, 6.0224],
			"to": [8.6944, 0.7424, 6.3936],
			"faces": {
				"north": {"uv": [4.25, 3.5, 4.5, 3.75], "texture": "#1"},
				"east": {"uv": [3.75, 4.25, 4, 4.5], "texture": "#1"},
				"south": {"uv": [4.25, 3.75, 4.5, 4], "texture": "#1"},
				"west": {"uv": [4, 4.25, 4.25, 4.5], "texture": "#1"},
				"up": {"uv": [4.5, 4.25, 4.25, 4], "texture": "#1"},
				"down": {"uv": [4.5, 4.25, 4.25, 4.5], "texture": "#1"}
			}
		},
		{
			"from": [6.4672, 0.3712, 5.6512],
			"to": [7.952, 0.7424, 6.0224],
			"faces": {
				"north": {"uv": [0, 4.5, 0.25, 4.75], "texture": "#1"},
				"east": {"uv": [4.5, 0, 4.75, 0.25], "texture": "#1"},
				"south": {"uv": [0.25, 4.5, 0.5, 4.75], "texture": "#1"},
				"west": {"uv": [4.5, 0.25, 4.75, 0.5], "texture": "#1"},
				"up": {"uv": [0.75, 4.75, 0.5, 4.5], "texture": "#1"},
				"down": {"uv": [4.75, 0.5, 4.5, 0.75], "texture": "#1"}
			}
		},
		{
			"from": [5.7248, 0.3712, 6.0224],
			"to": [6.4672, 0.7424, 6.3936],
			"faces": {
				"north": {"uv": [0.75, 4.5, 1, 4.75], "texture": "#1"},
				"east": {"uv": [4.5, 0.75, 4.75, 1], "texture": "#1"},
				"south": {"uv": [1, 4.5, 1.25, 4.75], "texture": "#1"},
				"west": {"uv": [4.5, 1, 4.75, 1.25], "texture": "#1"},
				"up": {"uv": [1.5, 4.75, 1.25, 4.5], "texture": "#1"},
				"down": {"uv": [4.75, 1.25, 4.5, 1.5], "texture": "#1"}
			}
		},
		{
			"from": [5.3536, 0.3712, 6.3936],
			"to": [5.7248, 0.7424, 6.7648],
			"faces": {
				"north": {"uv": [1.5, 4.5, 1.75, 4.75], "texture": "#1"},
				"east": {"uv": [4.5, 1.5, 4.75, 1.75], "texture": "#1"},
				"south": {"uv": [1.75, 4.5, 2, 4.75], "texture": "#1"},
				"west": {"uv": [4.5, 1.75, 4.75, 2], "texture": "#1"},
				"up": {"uv": [2.25, 4.75, 2, 4.5], "texture": "#1"},
				"down": {"uv": [4.75, 2, 4.5, 2.25], "texture": "#1"}
			}
		},
		{
			"from": [4.9824, 0.3712, 6.7648],
			"to": [5.3536, 0.7424, 7.5072],
			"faces": {
				"north": {"uv": [2.25, 4.5, 2.5, 4.75], "texture": "#1"},
				"east": {"uv": [4.5, 2.25, 4.75, 2.5], "texture": "#1"},
				"south": {"uv": [2.5, 4.5, 2.75, 4.75], "texture": "#1"},
				"west": {"uv": [4.5, 2.5, 4.75, 2.75], "texture": "#1"},
				"up": {"uv": [3, 4.75, 2.75, 4.5], "texture": "#1"},
				"down": {"uv": [4.75, 2.75, 4.5, 3], "texture": "#1"}
			}
		},
		{
			"from": [4.6112, 0.3712, 7.5072],
			"to": [4.9824, 0.7424, 8.992],
			"faces": {
				"north": {"uv": [3, 4.5, 3.25, 4.75], "texture": "#1"},
				"east": {"uv": [4.5, 3, 4.75, 3.25], "texture": "#1"},
				"south": {"uv": [3.25, 4.5, 3.5, 4.75], "texture": "#1"},
				"west": {"uv": [4.5, 3.25, 4.75, 3.5], "texture": "#1"},
				"up": {"uv": [3.75, 4.75, 3.5, 4.5], "texture": "#1"},
				"down": {"uv": [4.75, 3.5, 4.5, 3.75], "texture": "#1"}
			}
		},
		{
			"from": [4.9824, 3.3408, 6.7648],
			"to": [5.3536, 3.712, 7.5072],
			"faces": {
				"north": {"uv": [3.75, 4.5, 4, 4.75], "texture": "#1"},
				"east": {"uv": [4.5, 3.75, 4.75, 4], "texture": "#1"},
				"south": {"uv": [4, 4.5, 4.25, 4.75], "texture": "#1"},
				"west": {"uv": [4.5, 4, 4.75, 4.25], "texture": "#1"},
				"up": {"uv": [4.5, 4.75, 4.25, 4.5], "texture": "#1"},
				"down": {"uv": [4.75, 4.25, 4.5, 4.5], "texture": "#1"}
			}
		},
		{
			"from": [5.3536, 3.712, 6.7648],
			"to": [5.7248, 4.0832, 7.5072],
			"faces": {
				"north": {"uv": [4.5, 4.5, 4.75, 4.75], "texture": "#1"},
				"east": {"uv": [0, 4.75, 0.25, 5], "texture": "#1"},
				"south": {"uv": [4.75, 0, 5, 0.25], "texture": "#1"},
				"west": {"uv": [0.25, 4.75, 0.5, 5], "texture": "#1"},
				"up": {"uv": [5, 0.5, 4.75, 0.25], "texture": "#1"},
				"down": {"uv": [0.75, 4.75, 0.5, 5], "texture": "#1"}
			}
		},
		{
			"from": [5.3536, 3.3408, 6.3936],
			"to": [5.7248, 3.712, 6.7648],
			"faces": {
				"north": {"uv": [4.75, 0.5, 5, 0.75], "texture": "#1"},
				"east": {"uv": [0.75, 4.75, 1, 5], "texture": "#1"},
				"south": {"uv": [4.75, 0.75, 5, 1], "texture": "#1"},
				"west": {"uv": [1, 4.75, 1.25, 5], "texture": "#1"},
				"up": {"uv": [5, 1.25, 4.75, 1], "texture": "#1"},
				"down": {"uv": [1.5, 4.75, 1.25, 5], "texture": "#1"}
			}
		},
		{
			"from": [5.7248, 4.0832, 7.136],
			"to": [6.096, 4.8256, 7.5072],
			"faces": {
				"north": {"uv": [4.75, 1.25, 5, 1.5], "texture": "#1"},
				"east": {"uv": [1.5, 4.75, 1.75, 5], "texture": "#1"},
				"south": {"uv": [4.75, 1.5, 5, 1.75], "texture": "#1"},
				"west": {"uv": [1.75, 4.75, 2, 5], "texture": "#1"},
				"up": {"uv": [5, 2, 4.75, 1.75], "texture": "#1"},
				"down": {"uv": [2.25, 4.75, 2, 5], "texture": "#1"}
			}
		},
		{
			"from": [6.096, 4.0832, 9.3632],
			"to": [6.4672, 4.8256, 9.7344],
			"faces": {
				"north": {"uv": [4.75, 2, 5, 2.25], "texture": "#1"},
				"east": {"uv": [2.25, 4.75, 2.5, 5], "texture": "#1"},
				"south": {"uv": [4.75, 2.25, 5, 2.5], "texture": "#1"},
				"west": {"uv": [2.5, 4.75, 2.75, 5], "texture": "#1"},
				"up": {"uv": [5, 2.75, 4.75, 2.5], "texture": "#1"},
				"down": {"uv": [3, 4.75, 2.75, 5], "texture": "#1"}
			}
		},
		{
			"from": [5.7248, 3.3408, 6.0224],
			"to": [6.4672, 3.712, 6.3936],
			"faces": {
				"north": {"uv": [4.75, 2.75, 5, 3], "texture": "#1"},
				"east": {"uv": [3, 4.75, 3.25, 5], "texture": "#1"},
				"south": {"uv": [4.75, 3, 5, 3.25], "texture": "#1"},
				"west": {"uv": [3.25, 4.75, 3.5, 5], "texture": "#1"},
				"up": {"uv": [5, 3.5, 4.75, 3.25], "texture": "#1"},
				"down": {"uv": [3.75, 4.75, 3.5, 5], "texture": "#1"}
			}
		},
		{
			"from": [5.7248, 3.712, 6.3936],
			"to": [6.4672, 4.0832, 6.7648],
			"faces": {
				"north": {"uv": [4.75, 3.5, 5, 3.75], "texture": "#1"},
				"east": {"uv": [3.75, 4.75, 4, 5], "texture": "#1"},
				"south": {"uv": [4.75, 3.75, 5, 4], "texture": "#1"},
				"west": {"uv": [4, 4.75, 4.25, 5], "texture": "#1"},
				"up": {"uv": [5, 4.25, 4.75, 4], "texture": "#1"},
				"down": {"uv": [4.5, 4.75, 4.25, 5], "texture": "#1"}
			}
		},
		{
			"from": [5.7248, 4.0832, 6.7648],
			"to": [6.4672, 4.8256, 7.136],
			"faces": {
				"north": {"uv": [4.75, 4.25, 5, 4.5], "texture": "#1"},
				"east": {"uv": [4.5, 4.75, 4.75, 5], "texture": "#1"},
				"south": {"uv": [4.75, 4.5, 5, 4.75], "texture": "#1"},
				"west": {"uv": [4.75, 4.75, 5, 5], "texture": "#1"},
				"up": {"uv": [0.25, 5.25, 0, 5], "texture": "#1"},
				"down": {"uv": [5.25, 0, 5, 0.25], "texture": "#1"}
			}
		},
		{
			"from": [6.4672, 3.3408, 5.6512],
			"to": [7.952, 3.712, 6.0224],
			"faces": {
				"north": {"uv": [0.25, 5, 0.5, 5.25], "texture": "#1"},
				"east": {"uv": [5, 0.25, 5.25, 0.5], "texture": "#1"},
				"south": {"uv": [0.5, 5, 0.75, 5.25], "texture": "#1"},
				"west": {"uv": [5, 0.5, 5.25, 0.75], "texture": "#1"},
				"up": {"uv": [1, 5.25, 0.75, 5], "texture": "#1"},
				"down": {"uv": [5.25, 0.75, 5, 1], "texture": "#1"}
			}
		},
		{
			"from": [6.4672, 3.712, 6.0224],
			"to": [7.952, 4.0832, 6.3936],
			"faces": {
				"north": {"uv": [1, 5, 1.25, 5.25], "texture": "#1"},
				"east": {"uv": [5, 1, 5.25, 1.25], "texture": "#1"},
				"south": {"uv": [1.25, 5, 1.5, 5.25], "texture": "#1"},
				"west": {"uv": [5, 1.25, 5.25, 1.5], "texture": "#1"},
				"up": {"uv": [1.75, 5.25, 1.5, 5], "texture": "#1"},
				"down": {"uv": [5.25, 1.5, 5, 1.75], "texture": "#1"}
			}
		},
		{
			"from": [6.4672, 4.0832, 6.3936],
			"to": [7.952, 4.8256, 6.7648],
			"faces": {
				"north": {"uv": [1.75, 5, 2, 5.25], "texture": "#1"},
				"east": {"uv": [5, 1.75, 5.25, 2], "texture": "#1"},
				"south": {"uv": [2, 5, 2.25, 5.25], "texture": "#1"},
				"west": {"uv": [5, 2, 5.25, 2.25], "texture": "#1"},
				"up": {"uv": [2.5, 5.25, 2.25, 5], "texture": "#1"},
				"down": {"uv": [5.25, 2.25, 5, 2.5], "texture": "#1"}
			}
		},
		{
			"from": [7.952, 3.3408, 6.0224],
			"to": [8.6944, 3.712, 6.3936],
			"faces": {
				"north": {"uv": [2.5, 5, 2.75, 5.25], "texture": "#1"},
				"east": {"uv": [5, 2.5, 5.25, 2.75], "texture": "#1"},
				"south": {"uv": [2.75, 5, 3, 5.25], "texture": "#1"},
				"west": {"uv": [5, 2.75, 5.25, 3], "texture": "#1"},
				"up": {"uv": [3.25, 5.25, 3, 5], "texture": "#1"},
				"down": {"uv": [5.25, 3, 5, 3.25], "texture": "#1"}
			}
		},
		{
			"from": [7.952, 3.712, 6.3936],
			"to": [8.6944, 4.0832, 6.7648],
			"faces": {
				"north": {"uv": [3.25, 5, 3.5, 5.25], "texture": "#1"},
				"east": {"uv": [5, 3.25, 5.25, 3.5], "texture": "#1"},
				"south": {"uv": [3.5, 5, 3.75, 5.25], "texture": "#1"},
				"west": {"uv": [5, 3.5, 5.25, 3.75], "texture": "#1"},
				"up": {"uv": [4, 5.25, 3.75, 5], "texture": "#1"},
				"down": {"uv": [5.25, 3.75, 5, 4], "texture": "#1"}
			}
		},
		{
			"from": [8.6944, 3.3408, 6.3936],
			"to": [9.0656, 3.712, 6.7648],
			"faces": {
				"north": {"uv": [4, 5, 4.25, 5.25], "texture": "#1"},
				"east": {"uv": [5, 4, 5.25, 4.25], "texture": "#1"},
				"south": {"uv": [4.25, 5, 4.5, 5.25], "texture": "#1"},
				"west": {"uv": [5, 4.25, 5.25, 4.5], "texture": "#1"},
				"up": {"uv": [4.75, 5.25, 4.5, 5], "texture": "#1"},
				"down": {"uv": [5.25, 4.5, 5, 4.75], "texture": "#1"}
			}
		},
		{
			"from": [7.952, 4.0832, 6.7648],
			"to": [8.3232, 4.8256, 7.136],
			"faces": {
				"north": {"uv": [4.75, 5, 5, 5.25], "texture": "#1"},
				"east": {"uv": [5, 4.75, 5.25, 5], "texture": "#1"},
				"south": {"uv": [5, 5, 5.25, 5.25], "texture": "#1"},
				"west": {"uv": [0, 5.25, 0.25, 5.5], "texture": "#1"},
				"up": {"uv": [5.5, 0.25, 5.25, 0], "texture": "#1"},
				"down": {"uv": [0.5, 5.25, 0.25, 5.5], "texture": "#1"}
			}
		},
		{
			"from": [9.0656, 3.3408, 6.7648],
			"to": [9.4368, 3.712, 7.5072],
			"faces": {
				"north": {"uv": [5.25, 0.25, 5.5, 0.5], "texture": "#1"},
				"east": {"uv": [0.5, 5.25, 0.75, 5.5], "texture": "#1"},
				"south": {"uv": [5.25, 0.5, 5.5, 0.75], "texture": "#1"},
				"west": {"uv": [0.75, 5.25, 1, 5.5], "texture": "#1"},
				"up": {"uv": [5.5, 1, 5.25, 0.75], "texture": "#1"},
				"down": {"uv": [1.25, 5.25, 1, 5.5], "texture": "#1"}
			}
		},
		{
			"from": [8.6944, 3.712, 6.7648],
			"to": [9.0656, 4.0832, 7.5072],
			"faces": {
				"north": {"uv": [5.25, 1, 5.5, 1.25], "texture": "#1"},
				"east": {"uv": [1.25, 5.25, 1.5, 5.5], "texture": "#1"},
				"south": {"uv": [5.25, 1.25, 5.5, 1.5], "texture": "#1"},
				"west": {"uv": [1.5, 5.25, 1.75, 5.5], "texture": "#1"},
				"up": {"uv": [5.5, 1.75, 5.25, 1.5], "texture": "#1"},
				"down": {"uv": [2, 5.25, 1.75, 5.5], "texture": "#1"}
			}
		},
		{
			"from": [8.3232, 4.0832, 6.7648],
			"to": [8.6944, 4.8256, 7.5072],
			"faces": {
				"north": {"uv": [5.25, 1.75, 5.5, 2], "texture": "#1"},
				"east": {"uv": [2, 5.25, 2.25, 5.5], "texture": "#1"},
				"south": {"uv": [5.25, 2, 5.5, 2.25], "texture": "#1"},
				"west": {"uv": [2.25, 5.25, 2.5, 5.5], "texture": "#1"},
				"up": {"uv": [5.5, 2.5, 5.25, 2.25], "texture": "#1"},
				"down": {"uv": [2.75, 5.25, 2.5, 5.5], "texture": "#1"}
			}
		},
		{
			"from": [9.4368, 3.3408, 7.5072],
			"to": [9.808, 3.712, 8.992],
			"faces": {
				"north": {"uv": [5.25, 2.5, 5.5, 2.75], "texture": "#1"},
				"east": {"uv": [2.75, 5.25, 3, 5.5], "texture": "#1"},
				"south": {"uv": [5.25, 2.75, 5.5, 3], "texture": "#1"},
				"west": {"uv": [3, 5.25, 3.25, 5.5], "texture": "#1"},
				"up": {"uv": [5.5, 3.25, 5.25, 3], "texture": "#1"},
				"down": {"uv": [3.5, 5.25, 3.25, 5.5], "texture": "#1"}
			}
		},
		{
			"from": [9.0656, 3.712, 7.5072],
			"to": [9.4368, 4.0832, 8.992],
			"faces": {
				"north": {"uv": [5.25, 3.25, 5.5, 3.5], "texture": "#1"},
				"east": {"uv": [3.5, 5.25, 3.75, 5.5], "texture": "#1"},
				"south": {"uv": [5.25, 3.5, 5.5, 3.75], "texture": "#1"},
				"west": {"uv": [3.75, 5.25, 4, 5.5], "texture": "#1"},
				"up": {"uv": [5.5, 4, 5.25, 3.75], "texture": "#1"},
				"down": {"uv": [4.25, 5.25, 4, 5.5], "texture": "#1"}
			}
		},
		{
			"from": [8.6944, 4.0832, 7.5072],
			"to": [9.0656, 4.8256, 8.992],
			"faces": {
				"north": {"uv": [5.25, 4, 5.5, 4.25], "texture": "#1"},
				"east": {"uv": [4.25, 5.25, 4.5, 5.5], "texture": "#1"},
				"south": {"uv": [5.25, 4.25, 5.5, 4.5], "texture": "#1"},
				"west": {"uv": [4.5, 5.25, 4.75, 5.5], "texture": "#1"},
				"up": {"uv": [5.5, 4.75, 5.25, 4.5], "texture": "#1"},
				"down": {"uv": [5, 5.25, 4.75, 5.5], "texture": "#1"}
			}
		},
		{
			"from": [9.0656, 3.3408, 8.992],
			"to": [9.4368, 3.712, 9.7344],
			"faces": {
				"north": {"uv": [5.25, 4.75, 5.5, 5], "texture": "#1"},
				"east": {"uv": [5, 5.25, 5.25, 5.5], "texture": "#1"},
				"south": {"uv": [5.25, 5, 5.5, 5.25], "texture": "#1"},
				"west": {"uv": [5.25, 5.25, 5.5, 5.5], "texture": "#1"},
				"up": {"uv": [0.25, 5.75, 0, 5.5], "texture": "#1"},
				"down": {"uv": [5.75, 0, 5.5, 0.25], "texture": "#1"}
			}
		},
		{
			"from": [8.6944, 3.712, 8.992],
			"to": [9.0656, 4.0832, 9.7344],
			"faces": {
				"north": {"uv": [0.25, 5.5, 0.5, 5.75], "texture": "#1"},
				"east": {"uv": [5.5, 0.25, 5.75, 0.5], "texture": "#1"},
				"south": {"uv": [0.5, 5.5, 0.75, 5.75], "texture": "#1"},
				"west": {"uv": [5.5, 0.5, 5.75, 0.75], "texture": "#1"},
				"up": {"uv": [1, 5.75, 0.75, 5.5], "texture": "#1"},
				"down": {"uv": [5.75, 0.75, 5.5, 1], "texture": "#1"}
			}
		},
		{
			"from": [8.6944, 3.3408, 9.7344],
			"to": [9.0656, 3.712, 10.1056],
			"faces": {
				"north": {"uv": [1, 5.5, 1.25, 5.75], "texture": "#1"},
				"east": {"uv": [5.5, 1, 5.75, 1.25], "texture": "#1"},
				"south": {"uv": [1.25, 5.5, 1.5, 5.75], "texture": "#1"},
				"west": {"uv": [5.5, 1.25, 5.75, 1.5], "texture": "#1"},
				"up": {"uv": [1.75, 5.75, 1.5, 5.5], "texture": "#1"},
				"down": {"uv": [5.75, 1.5, 5.5, 1.75], "texture": "#1"}
			}
		},
		{
			"from": [8.3232, 4.0832, 8.992],
			"to": [8.6944, 4.8256, 9.3632],
			"faces": {
				"north": {"uv": [1.75, 5.5, 2, 5.75], "texture": "#1"},
				"east": {"uv": [5.5, 1.75, 5.75, 2], "texture": "#1"},
				"south": {"uv": [2, 5.5, 2.25, 5.75], "texture": "#1"},
				"west": {"uv": [5.5, 2, 5.75, 2.25], "texture": "#1"},
				"up": {"uv": [2.5, 5.75, 2.25, 5.5], "texture": "#1"},
				"down": {"uv": [5.75, 2.25, 5.5, 2.5], "texture": "#1"}
			}
		},
		{
			"from": [7.952, 3.3408, 10.1056],
			"to": [8.6944, 3.712, 10.4768],
			"faces": {
				"north": {"uv": [2.5, 5.5, 2.75, 5.75], "texture": "#1"},
				"east": {"uv": [5.5, 2.5, 5.75, 2.75], "texture": "#1"},
				"south": {"uv": [2.75, 5.5, 3, 5.75], "texture": "#1"},
				"west": {"uv": [5.5, 2.75, 5.75, 3], "texture": "#1"},
				"up": {"uv": [3.25, 5.75, 3, 5.5], "texture": "#1"},
				"down": {"uv": [5.75, 3, 5.5, 3.25], "texture": "#1"}
			}
		},
		{
			"from": [7.952, 3.712, 9.7344],
			"to": [8.6944, 4.0832, 10.1056],
			"faces": {
				"north": {"uv": [3.25, 5.5, 3.5, 5.75], "texture": "#1"},
				"east": {"uv": [5.5, 3.25, 5.75, 3.5], "texture": "#1"},
				"south": {"uv": [3.5, 5.5, 3.75, 5.75], "texture": "#1"},
				"west": {"uv": [5.5, 3.5, 5.75, 3.75], "texture": "#1"},
				"up": {"uv": [4, 5.75, 3.75, 5.5], "texture": "#1"},
				"down": {"uv": [5.75, 3.75, 5.5, 4], "texture": "#1"}
			}
		},
		{
			"from": [7.952, 4.0832, 9.3632],
			"to": [8.6944, 4.8256, 9.7344],
			"faces": {
				"north": {"uv": [4, 5.5, 4.25, 5.75], "texture": "#1"},
				"east": {"uv": [5.5, 4, 5.75, 4.25], "texture": "#1"},
				"south": {"uv": [4.25, 5.5, 4.5, 5.75], "texture": "#1"},
				"west": {"uv": [5.5, 4.25, 5.75, 4.5], "texture": "#1"},
				"up": {"uv": [4.75, 5.75, 4.5, 5.5], "texture": "#1"},
				"down": {"uv": [5.75, 4.5, 5.5, 4.75], "texture": "#1"}
			}
		},
		{
			"from": [6.4672, 3.3408, 10.4768],
			"to": [7.952, 3.712, 10.848],
			"faces": {
				"north": {"uv": [4.75, 5.5, 5, 5.75], "texture": "#1"},
				"east": {"uv": [5.5, 4.75, 5.75, 5], "texture": "#1"},
				"south": {"uv": [5, 5.5, 5.25, 5.75], "texture": "#1"},
				"west": {"uv": [5.5, 5, 5.75, 5.25], "texture": "#1"},
				"up": {"uv": [5.5, 5.75, 5.25, 5.5], "texture": "#1"},
				"down": {"uv": [5.75, 5.25, 5.5, 5.5], "texture": "#1"}
			}
		},
		{
			"from": [6.4672, 3.712, 10.1056],
			"to": [7.952, 4.0832, 10.4768],
			"faces": {
				"north": {"uv": [5.5, 5.5, 5.75, 5.75], "texture": "#1"},
				"east": {"uv": [0, 5.75, 0.25, 6], "texture": "#1"},
				"south": {"uv": [5.75, 0, 6, 0.25], "texture": "#1"},
				"west": {"uv": [0.25, 5.75, 0.5, 6], "texture": "#1"},
				"up": {"uv": [6, 0.5, 5.75, 0.25], "texture": "#1"},
				"down": {"uv": [0.75, 5.75, 0.5, 6], "texture": "#1"}
			}
		},
		{
			"from": [5.7248, 4.8256, 9.7344],
			"to": [6.4672, 5.1968, 10.1056],
			"faces": {
				"north": {"uv": [5.75, 0.5, 6, 0.75], "texture": "#1"},
				"east": {"uv": [0.75, 5.75, 1, 6], "texture": "#1"},
				"south": {"uv": [5.75, 0.75, 6, 1], "texture": "#1"},
				"west": {"uv": [1, 5.75, 1.25, 6], "texture": "#1"},
				"up": {"uv": [6, 1.25, 5.75, 1], "texture": "#1"},
				"down": {"uv": [1.5, 5.75, 1.25, 6], "texture": "#1"}
			}
		},
		{
			"from": [4.9824, 4.8256, 7.5072],
			"to": [5.3536, 5.1968, 8.992],
			"faces": {
				"north": {"uv": [5.75, 1.25, 6, 1.5], "texture": "#1"},
				"east": {"uv": [1.5, 5.75, 1.75, 6], "texture": "#1"},
				"south": {"uv": [5.75, 1.5, 6, 1.75], "texture": "#1"},
				"west": {"uv": [1.75, 5.75, 2, 6], "texture": "#1"},
				"up": {"uv": [6, 2, 5.75, 1.75], "texture": "#1"},
				"down": {"uv": [2.25, 5.75, 2, 6], "texture": "#1"}
			}
		},
		{
			"from": [5.3536, 4.8256, 8.992],
			"to": [5.7248, 5.1968, 9.7344],
			"faces": {
				"north": {"uv": [5.75, 2, 6, 2.25], "texture": "#1"},
				"east": {"uv": [2.25, 5.75, 2.5, 6], "texture": "#1"},
				"south": {"uv": [5.75, 2.25, 6, 2.5], "texture": "#1"},
				"west": {"uv": [2.5, 5.75, 2.75, 6], "texture": "#1"},
				"up": {"uv": [6, 2.75, 5.75, 2.5], "texture": "#1"},
				"down": {"uv": [3, 5.75, 2.75, 6], "texture": "#1"}
			}
		},
		{
			"from": [5.3536, 4.8256, 6.7648],
			"to": [5.7248, 5.1968, 7.5072],
			"faces": {
				"north": {"uv": [5.75, 2.75, 6, 3], "texture": "#1"},
				"east": {"uv": [3, 5.75, 3.25, 6], "texture": "#1"},
				"south": {"uv": [5.75, 3, 6, 3.25], "texture": "#1"},
				"west": {"uv": [3.25, 5.75, 3.5, 6], "texture": "#1"},
				"up": {"uv": [6, 3.5, 5.75, 3.25], "texture": "#1"},
				"down": {"uv": [3.75, 5.75, 3.5, 6], "texture": "#1"}
			}
		},
		{
			"from": [5.7248, 4.8256, 6.3936],
			"to": [6.4672, 5.1968, 6.7648],
			"faces": {
				"north": {"uv": [5.75, 3.5, 6, 3.75], "texture": "#1"},
				"east": {"uv": [3.75, 5.75, 4, 6], "texture": "#1"},
				"south": {"uv": [5.75, 3.75, 6, 4], "texture": "#1"},
				"west": {"uv": [4, 5.75, 4.25, 6], "texture": "#1"},
				"up": {"uv": [6, 4.25, 5.75, 4], "texture": "#1"},
				"down": {"uv": [4.5, 5.75, 4.25, 6], "texture": "#1"}
			}
		},
		{
			"from": [6.4672, 4.8256, 6.0224],
			"to": [7.952, 5.1968, 6.3936],
			"faces": {
				"north": {"uv": [5.75, 4.25, 6, 4.5], "texture": "#1"},
				"east": {"uv": [4.5, 5.75, 4.75, 6], "texture": "#1"},
				"south": {"uv": [5.75, 4.5, 6, 4.75], "texture": "#1"},
				"west": {"uv": [4.75, 5.75, 5, 6], "texture": "#1"},
				"up": {"uv": [6, 5, 5.75, 4.75], "texture": "#1"},
				"down": {"uv": [5.25, 5.75, 5, 6], "texture": "#1"}
			}
		},
		{
			"from": [7.952, 4.8256, 6.3936],
			"to": [8.6944, 5.1968, 6.7648],
			"faces": {
				"north": {"uv": [5.75, 5, 6, 5.25], "texture": "#1"},
				"east": {"uv": [5.25, 5.75, 5.5, 6], "texture": "#1"},
				"south": {"uv": [5.75, 5.25, 6, 5.5], "texture": "#1"},
				"west": {"uv": [5.5, 5.75, 5.75, 6], "texture": "#1"},
				"up": {"uv": [6, 5.75, 5.75, 5.5], "texture": "#1"},
				"down": {"uv": [6, 5.75, 5.75, 6], "texture": "#1"}
			}
		},
		{
			"from": [8.6944, 4.8256, 6.7648],
			"to": [9.0656, 5.1968, 7.5072],
			"faces": {
				"north": {"uv": [0, 6, 0.25, 6.25], "texture": "#1"},
				"east": {"uv": [6, 0, 6.25, 0.25], "texture": "#1"},
				"south": {"uv": [0.25, 6, 0.5, 6.25], "texture": "#1"},
				"west": {"uv": [6, 0.25, 6.25, 0.5], "texture": "#1"},
				"up": {"uv": [0.75, 6.25, 0.5, 6], "texture": "#1"},
				"down": {"uv": [6.25, 0.5, 6, 0.75], "texture": "#1"}
			}
		},
		{
			"from": [9.0656, 4.8256, 7.5072],
			"to": [9.4368, 5.1968, 8.992],
			"faces": {
				"north": {"uv": [0.75, 6, 1, 6.25], "texture": "#1"},
				"east": {"uv": [6, 0.75, 6.25, 1], "texture": "#1"},
				"south": {"uv": [1, 6, 1.25, 6.25], "texture": "#1"},
				"west": {"uv": [6, 1, 6.25, 1.25], "texture": "#1"},
				"up": {"uv": [1.5, 6.25, 1.25, 6], "texture": "#1"},
				"down": {"uv": [6.25, 1.25, 6, 1.5], "texture": "#1"}
			}
		},
		{
			"from": [8.6944, 4.8256, 8.992],
			"to": [9.0656, 5.1968, 9.7344],
			"faces": {
				"north": {"uv": [1.5, 6, 1.75, 6.25], "texture": "#1"},
				"east": {"uv": [6, 1.5, 6.25, 1.75], "texture": "#1"},
				"south": {"uv": [1.75, 6, 2, 6.25], "texture": "#1"},
				"west": {"uv": [6, 1.75, 6.25, 2], "texture": "#1"},
				"up": {"uv": [2.25, 6.25, 2, 6], "texture": "#1"},
				"down": {"uv": [6.25, 2, 6, 2.25], "texture": "#1"}
			}
		},
		{
			"from": [7.952, 4.8256, 9.7344],
			"to": [8.6944, 5.1968, 10.1056],
			"faces": {
				"north": {"uv": [2.25, 6, 2.5, 6.25], "texture": "#1"},
				"east": {"uv": [6, 2.25, 6.25, 2.5], "texture": "#1"},
				"south": {"uv": [2.5, 6, 2.75, 6.25], "texture": "#1"},
				"west": {"uv": [6, 2.5, 6.25, 2.75], "texture": "#1"},
				"up": {"uv": [3, 6.25, 2.75, 6], "texture": "#1"},
				"down": {"uv": [6.25, 2.75, 6, 3], "texture": "#1"}
			}
		},
		{
			"from": [6.4672, 4.8256, 10.1056],
			"to": [7.952, 5.1968, 10.4768],
			"faces": {
				"north": {"uv": [3, 6, 3.25, 6.25], "texture": "#1"},
				"east": {"uv": [6, 3, 6.25, 3.25], "texture": "#1"},
				"south": {"uv": [3.25, 6, 3.5, 6.25], "texture": "#1"},
				"west": {"uv": [6, 3.25, 6.25, 3.5], "texture": "#1"},
				"up": {"uv": [3.75, 6.25, 3.5, 6], "texture": "#1"},
				"down": {"uv": [6.25, 3.5, 6, 3.75], "texture": "#1"}
			}
		},
		{
			"from": [6.4672, 4.0832, 9.7344],
			"to": [7.952, 4.8256, 10.1056],
			"faces": {
				"north": {"uv": [3.75, 6, 4, 6.25], "texture": "#1"},
				"east": {"uv": [6, 3.75, 6.25, 4], "texture": "#1"},
				"south": {"uv": [4, 6, 4.25, 6.25], "texture": "#1"},
				"west": {"uv": [6, 4, 6.25, 4.25], "texture": "#1"},
				"up": {"uv": [4.5, 6.25, 4.25, 6], "texture": "#1"},
				"down": {"uv": [6.25, 4.25, 6, 4.5], "texture": "#1"}
			}
		},
		{
			"from": [5.7248, 3.3408, 10.1056],
			"to": [6.4672, 3.712, 10.4768],
			"faces": {
				"north": {"uv": [4.5, 6, 4.75, 6.25], "texture": "#1"},
				"east": {"uv": [6, 4.5, 6.25, 4.75], "texture": "#1"},
				"south": {"uv": [4.75, 6, 5, 6.25], "texture": "#1"},
				"west": {"uv": [6, 4.75, 6.25, 5], "texture": "#1"},
				"up": {"uv": [5.25, 6.25, 5, 6], "texture": "#1"},
				"down": {"uv": [6.25, 5, 6, 5.25], "texture": "#1"}
			}
		},
		{
			"from": [5.7248, 3.712, 9.7344],
			"to": [6.4672, 4.0832, 10.1056],
			"faces": {
				"north": {"uv": [5.25, 6, 5.5, 6.25], "texture": "#1"},
				"east": {"uv": [6, 5.25, 6.25, 5.5], "texture": "#1"},
				"south": {"uv": [5.5, 6, 5.75, 6.25], "texture": "#1"},
				"west": {"uv": [6, 5.5, 6.25, 5.75], "texture": "#1"},
				"up": {"uv": [6, 6.25, 5.75, 6], "texture": "#1"},
				"down": {"uv": [6.25, 5.75, 6, 6], "texture": "#1"}
			}
		},
		{
			"from": [4.9824, 3.3408, 8.992],
			"to": [5.3536, 3.712, 9.7344],
			"faces": {
				"north": {"uv": [6, 6, 6.25, 6.25], "texture": "#1"},
				"east": {"uv": [0, 6.25, 0.25, 6.5], "texture": "#1"},
				"south": {"uv": [6.25, 0, 6.5, 0.25], "texture": "#1"},
				"west": {"uv": [0.25, 6.25, 0.5, 6.5], "texture": "#1"},
				"up": {"uv": [6.5, 0.5, 6.25, 0.25], "texture": "#1"},
				"down": {"uv": [0.75, 6.25, 0.5, 6.5], "texture": "#1"}
			}
		},
		{
			"from": [5.3536, 3.712, 8.992],
			"to": [5.7248, 4.0832, 9.7344],
			"faces": {
				"north": {"uv": [6.25, 0.5, 6.5, 0.75], "texture": "#1"},
				"east": {"uv": [0.75, 6.25, 1, 6.5], "texture": "#1"},
				"south": {"uv": [6.25, 0.75, 6.5, 1], "texture": "#1"},
				"west": {"uv": [1, 6.25, 1.25, 6.5], "texture": "#1"},
				"up": {"uv": [6.5, 1.25, 6.25, 1], "texture": "#1"},
				"down": {"uv": [1.5, 6.25, 1.25, 6.5], "texture": "#1"}
			}
		},
		{
			"from": [5.7248, 4.0832, 8.992],
			"to": [6.096, 4.8256, 9.7344],
			"faces": {
				"north": {"uv": [6.25, 1.25, 6.5, 1.5], "texture": "#1"},
				"east": {"uv": [1.5, 6.25, 1.75, 6.5], "texture": "#1"},
				"south": {"uv": [6.25, 1.5, 6.5, 1.75], "texture": "#1"},
				"west": {"uv": [1.75, 6.25, 2, 6.5], "texture": "#1"},
				"up": {"uv": [6.5, 2, 6.25, 1.75], "texture": "#1"},
				"down": {"uv": [2.25, 6.25, 2, 6.5], "texture": "#1"}
			}
		},
		{
			"from": [5.3536, 3.3408, 9.7344],
			"to": [5.7248, 3.712, 10.1056],
			"faces": {
				"north": {"uv": [6.25, 2, 6.5, 2.25], "texture": "#1"},
				"east": {"uv": [2.25, 6.25, 2.5, 6.5], "texture": "#1"},
				"south": {"uv": [6.25, 2.25, 6.5, 2.5], "texture": "#1"},
				"west": {"uv": [2.5, 6.25, 2.75, 6.5], "texture": "#1"},
				"up": {"uv": [6.5, 2.75, 6.25, 2.5], "texture": "#1"},
				"down": {"uv": [3, 6.25, 2.75, 6.5], "texture": "#1"}
			}
		},
		{
			"from": [4.6112, 3.3408, 7.5072],
			"to": [4.9824, 3.712, 8.992],
			"faces": {
				"north": {"uv": [6.25, 2.75, 6.5, 3], "texture": "#1"},
				"east": {"uv": [3, 6.25, 3.25, 6.5], "texture": "#1"},
				"south": {"uv": [6.25, 3, 6.5, 3.25], "texture": "#1"},
				"west": {"uv": [3.25, 6.25, 3.5, 6.5], "texture": "#1"},
				"up": {"uv": [6.5, 3.5, 6.25, 3.25], "texture": "#1"},
				"down": {"uv": [3.75, 6.25, 3.5, 6.5], "texture": "#1"}
			}
		},
		{
			"from": [4.9824, 3.712, 7.5072],
			"to": [5.3536, 4.0832, 8.992],
			"faces": {
				"north": {"uv": [6.25, 3.5, 6.5, 3.75], "texture": "#1"},
				"east": {"uv": [3.75, 6.25, 4, 6.5], "texture": "#1"},
				"south": {"uv": [6.25, 3.75, 6.5, 4], "texture": "#1"},
				"west": {"uv": [4, 6.25, 4.25, 6.5], "texture": "#1"},
				"up": {"uv": [6.5, 4.25, 6.25, 4], "texture": "#1"},
				"down": {"uv": [4.5, 6.25, 4.25, 6.5], "texture": "#1"}
			}
		},
		{
			"from": [4.9824, 3.712, 7.5072],
			"to": [5.3536, 4.0832, 8.992],
			"faces": {
				"north": {"uv": [6.25, 4.25, 6.5, 4.5], "texture": "#1"},
				"east": {"uv": [4.5, 6.25, 4.75, 6.5], "texture": "#1"},
				"south": {"uv": [6.25, 4.5, 6.5, 4.75], "texture": "#1"},
				"west": {"uv": [4.75, 6.25, 5, 6.5], "texture": "#1"},
				"up": {"uv": [6.5, 5, 6.25, 4.75], "texture": "#1"},
				"down": {"uv": [5.25, 6.25, 5, 6.5], "texture": "#1"}
			}
		},
		{
			"from": [4.9824, 0.3712, 8.992],
			"to": [5.3536, 0.7424, 9.7344],
			"faces": {
				"north": {"uv": [6.25, 5, 6.5, 5.25], "texture": "#1"},
				"east": {"uv": [5.25, 6.25, 5.5, 6.5], "texture": "#1"},
				"south": {"uv": [6.25, 5.25, 6.5, 5.5], "texture": "#1"},
				"west": {"uv": [5.5, 6.25, 5.75, 6.5], "texture": "#1"},
				"up": {"uv": [6.5, 5.75, 6.25, 5.5], "texture": "#1"},
				"down": {"uv": [6, 6.25, 5.75, 6.5], "texture": "#1"}
			}
		},
		{
			"from": [5.3536, 0.3712, 9.7344],
			"to": [5.7248, 0.7424, 10.1056],
			"faces": {
				"north": {"uv": [6.25, 5.75, 6.5, 6], "texture": "#1"},
				"east": {"uv": [6, 6.25, 6.25, 6.5], "texture": "#1"},
				"south": {"uv": [6.25, 6, 6.5, 6.25], "texture": "#1"},
				"west": {"uv": [6.25, 6.25, 6.5, 6.5], "texture": "#1"},
				"up": {"uv": [0.25, 6.75, 0, 6.5], "texture": "#1"},
				"down": {"uv": [6.75, 0, 6.5, 0.25], "texture": "#1"}
			}
		},
		{
			"from": [5.7248, 0.3712, 10.1056],
			"to": [6.4672, 0.7424, 10.4768],
			"faces": {
				"north": {"uv": [0.25, 6.5, 0.5, 6.75], "texture": "#1"},
				"east": {"uv": [6.5, 0.25, 6.75, 0.5], "texture": "#1"},
				"south": {"uv": [0.5, 6.5, 0.75, 6.75], "texture": "#1"},
				"west": {"uv": [6.5, 0.5, 6.75, 0.75], "texture": "#1"},
				"up": {"uv": [1, 6.75, 0.75, 6.5], "texture": "#1"},
				"down": {"uv": [6.75, 0.75, 6.5, 1], "texture": "#1"}
			}
		},
		{
			"from": [6.4672, 0.3712, 10.4768],
			"to": [7.952, 0.7424, 10.848],
			"faces": {
				"north": {"uv": [1, 6.5, 1.25, 6.75], "texture": "#1"},
				"east": {"uv": [6.5, 1, 6.75, 1.25], "texture": "#1"},
				"south": {"uv": [1.25, 6.5, 1.5, 6.75], "texture": "#1"},
				"west": {"uv": [6.5, 1.25, 6.75, 1.5], "texture": "#1"},
				"up": {"uv": [1.75, 6.75, 1.5, 6.5], "texture": "#1"},
				"down": {"uv": [6.75, 1.5, 6.5, 1.75], "texture": "#1"}
			}
		},
		{
			"from": [4.24, 0.7424, 7.5072],
			"to": [4.6112, 1.1136, 8.992],
			"faces": {
				"north": {"uv": [1.75, 6.5, 2, 6.75], "texture": "#1"},
				"east": {"uv": [6.5, 1.75, 6.75, 2], "texture": "#1"},
				"south": {"uv": [2, 6.5, 2.25, 6.75], "texture": "#1"},
				"west": {"uv": [6.5, 2, 6.75, 2.25], "texture": "#1"},
				"up": {"uv": [2.5, 6.75, 2.25, 6.5], "texture": "#1"},
				"down": {"uv": [6.75, 2.25, 6.5, 2.5], "texture": "#1"}
			}
		},
		{
			"from": [4.6112, 0.7424, 6.7648],
			"to": [4.9824, 1.1136, 7.5072],
			"faces": {
				"north": {"uv": [2.5, 6.5, 2.75, 6.75], "texture": "#1"},
				"east": {"uv": [6.5, 2.5, 6.75, 2.75], "texture": "#1"},
				"south": {"uv": [2.75, 6.5, 3, 6.75], "texture": "#1"},
				"west": {"uv": [6.5, 2.75, 6.75, 3], "texture": "#1"},
				"up": {"uv": [3.25, 6.75, 3, 6.5], "texture": "#1"},
				"down": {"uv": [6.75, 3, 6.5, 3.25], "texture": "#1"}
			}
		},
		{
			"from": [4.9824, 2.9696, 6.3936],
			"to": [5.3536, 3.3408, 6.7648],
			"faces": {
				"north": {"uv": [3.25, 6.5, 3.5, 6.75], "texture": "#1"},
				"east": {"uv": [6.5, 3.25, 6.75, 3.5], "texture": "#1"},
				"south": {"uv": [3.5, 6.5, 3.75, 6.75], "texture": "#1"},
				"west": {"uv": [6.5, 3.5, 6.75, 3.75], "texture": "#1"},
				"up": {"uv": [4, 6.75, 3.75, 6.5], "texture": "#1"},
				"down": {"uv": [6.75, 3.75, 6.5, 4], "texture": "#1"}
			}
		},
		{
			"from": [5.3536, 2.9696, 6.0224],
			"to": [5.7248, 3.3408, 6.3936],
			"faces": {
				"north": {"uv": [4, 6.5, 4.25, 6.75], "texture": "#1"},
				"east": {"uv": [6.5, 4, 6.75, 4.25], "texture": "#1"},
				"south": {"uv": [4.25, 6.5, 4.5, 6.75], "texture": "#1"},
				"west": {"uv": [6.5, 4.25, 6.75, 4.5], "texture": "#1"},
				"up": {"uv": [4.75, 6.75, 4.5, 6.5], "texture": "#1"},
				"down": {"uv": [6.75, 4.5, 6.5, 4.75], "texture": "#1"}
			}
		},
		{
			"from": [5.7248, 2.9696, 5.6512],
			"to": [6.4672, 3.3408, 6.0224],
			"faces": {
				"north": {"uv": [4.75, 6.5, 5, 6.75], "texture": "#1"},
				"east": {"uv": [6.5, 4.75, 6.75, 5], "texture": "#1"},
				"south": {"uv": [5, 6.5, 5.25, 6.75], "texture": "#1"},
				"west": {"uv": [6.5, 5, 6.75, 5.25], "texture": "#1"},
				"up": {"uv": [5.5, 6.75, 5.25, 6.5], "texture": "#1"},
				"down": {"uv": [6.75, 5.25, 6.5, 5.5], "texture": "#1"}
			}
		},
		{
			"from": [6.4672, 2.9696, 5.28],
			"to": [7.952, 3.3408, 5.6512],
			"faces": {
				"north": {"uv": [5.5, 6.5, 5.75, 6.75], "texture": "#1"},
				"east": {"uv": [6.5, 5.5, 6.75, 5.75], "texture": "#1"},
				"south": {"uv": [5.75, 6.5, 6, 6.75], "texture": "#1"},
				"west": {"uv": [6.5, 5.75, 6.75, 6], "texture": "#1"},
				"up": {"uv": [6.25, 6.75, 6, 6.5], "texture": "#1"},
				"down": {"uv": [6.75, 6, 6.5, 6.25], "texture": "#1"}
			}
		},
		{
			"from": [7.952, 2.9696, 5.6512],
			"to": [8.6944, 3.3408, 6.0224],
			"faces": {
				"north": {"uv": [6.25, 6.5, 6.5, 6.75], "texture": "#1"},
				"east": {"uv": [6.5, 6.25, 6.75, 6.5], "texture": "#1"},
				"south": {"uv": [6.5, 6.5, 6.75, 6.75], "texture": "#1"},
				"west": {"uv": [0, 6.75, 0.25, 7], "texture": "#1"},
				"up": {"uv": [7, 0.25, 6.75, 0], "texture": "#1"},
				"down": {"uv": [0.5, 6.75, 0.25, 7], "texture": "#1"}
			}
		},
		{
			"from": [8.6944, 2.9696, 6.0224],
			"to": [9.0656, 3.3408, 6.3936],
			"faces": {
				"north": {"uv": [6.75, 0.25, 7, 0.5], "texture": "#1"},
				"east": {"uv": [0.5, 6.75, 0.75, 7], "texture": "#1"},
				"south": {"uv": [6.75, 0.5, 7, 0.75], "texture": "#1"},
				"west": {"uv": [0.75, 6.75, 1, 7], "texture": "#1"},
				"up": {"uv": [7, 1, 6.75, 0.75], "texture": "#1"},
				"down": {"uv": [1.25, 6.75, 1, 7], "texture": "#1"}
			}
		},
		{
			"from": [9.0656, 2.9696, 6.3936],
			"to": [9.4368, 3.3408, 6.7648],
			"faces": {
				"north": {"uv": [6.75, 1, 7, 1.25], "texture": "#1"},
				"east": {"uv": [1.25, 6.75, 1.5, 7], "texture": "#1"},
				"south": {"uv": [6.75, 1.25, 7, 1.5], "texture": "#1"},
				"west": {"uv": [1.5, 6.75, 1.75, 7], "texture": "#1"},
				"up": {"uv": [7, 1.75, 6.75, 1.5], "texture": "#1"},
				"down": {"uv": [2, 6.75, 1.75, 7], "texture": "#1"}
			}
		},
		{
			"from": [9.4368, 2.9696, 6.7648],
			"to": [9.808, 3.3408, 7.5072],
			"faces": {
				"north": {"uv": [6.75, 1.75, 7, 2], "texture": "#1"},
				"east": {"uv": [2, 6.75, 2.25, 7], "texture": "#1"},
				"south": {"uv": [6.75, 2, 7, 2.25], "texture": "#1"},
				"west": {"uv": [2.25, 6.75, 2.5, 7], "texture": "#1"},
				"up": {"uv": [7, 2.5, 6.75, 2.25], "texture": "#1"},
				"down": {"uv": [2.75, 6.75, 2.5, 7], "texture": "#1"}
			}
		},
		{
			"from": [9.808, 2.9696, 7.5072],
			"to": [10.1792, 3.3408, 8.992],
			"faces": {
				"north": {"uv": [6.75, 2.5, 7, 2.75], "texture": "#1"},
				"east": {"uv": [2.75, 6.75, 3, 7], "texture": "#1"},
				"south": {"uv": [6.75, 2.75, 7, 3], "texture": "#1"},
				"west": {"uv": [3, 6.75, 3.25, 7], "texture": "#1"},
				"up": {"uv": [7, 3.25, 6.75, 3], "texture": "#1"},
				"down": {"uv": [3.5, 6.75, 3.25, 7], "texture": "#1"}
			}
		},
		{
			"from": [9.4368, 2.9696, 8.992],
			"to": [9.808, 3.3408, 9.7344],
			"faces": {
				"north": {"uv": [6.75, 3.25, 7, 3.5], "texture": "#1"},
				"east": {"uv": [3.5, 6.75, 3.75, 7], "texture": "#1"},
				"south": {"uv": [6.75, 3.5, 7, 3.75], "texture": "#1"},
				"west": {"uv": [3.75, 6.75, 4, 7], "texture": "#1"},
				"up": {"uv": [7, 4, 6.75, 3.75], "texture": "#1"},
				"down": {"uv": [4.25, 6.75, 4, 7], "texture": "#1"}
			}
		},
		{
			"from": [9.0656, 2.9696, 9.7344],
			"to": [9.4368, 3.3408, 10.1056],
			"faces": {
				"north": {"uv": [6.75, 4, 7, 4.25], "texture": "#1"},
				"east": {"uv": [4.25, 6.75, 4.5, 7], "texture": "#1"},
				"south": {"uv": [6.75, 4.25, 7, 4.5], "texture": "#1"},
				"west": {"uv": [4.5, 6.75, 4.75, 7], "texture": "#1"},
				"up": {"uv": [7, 4.75, 6.75, 4.5], "texture": "#1"},
				"down": {"uv": [5, 6.75, 4.75, 7], "texture": "#1"}
			}
		},
		{
			"from": [8.6944, 2.9696, 10.1056],
			"to": [9.0656, 3.3408, 10.4768],
			"faces": {
				"north": {"uv": [6.75, 4.75, 7, 5], "texture": "#1"},
				"east": {"uv": [5, 6.75, 5.25, 7], "texture": "#1"},
				"south": {"uv": [6.75, 5, 7, 5.25], "texture": "#1"},
				"west": {"uv": [5.25, 6.75, 5.5, 7], "texture": "#1"},
				"up": {"uv": [7, 5.5, 6.75, 5.25], "texture": "#1"},
				"down": {"uv": [5.75, 6.75, 5.5, 7], "texture": "#1"}
			}
		},
		{
			"from": [7.952, 2.9696, 10.4768],
			"to": [8.6944, 3.3408, 10.848],
			"faces": {
				"north": {"uv": [6.75, 5.5, 7, 5.75], "texture": "#1"},
				"east": {"uv": [5.75, 6.75, 6, 7], "texture": "#1"},
				"south": {"uv": [6.75, 5.75, 7, 6], "texture": "#1"},
				"west": {"uv": [6, 6.75, 6.25, 7], "texture": "#1"},
				"up": {"uv": [7, 6.25, 6.75, 6], "texture": "#1"},
				"down": {"uv": [6.5, 6.75, 6.25, 7], "texture": "#1"}
			}
		},
		{
			"from": [6.4672, 2.9696, 10.848],
			"to": [7.952, 3.3408, 11.2192],
			"faces": {
				"north": {"uv": [6.75, 6.25, 7, 6.5], "texture": "#1"},
				"east": {"uv": [6.5, 6.75, 6.75, 7], "texture": "#1"},
				"south": {"uv": [6.75, 6.5, 7, 6.75], "texture": "#1"},
				"west": {"uv": [6.75, 6.75, 7, 7], "texture": "#1"},
				"up": {"uv": [0.25, 7.25, 0, 7], "texture": "#1"},
				"down": {"uv": [7.25, 0, 7, 0.25], "texture": "#1"}
			}
		},
		{
			"from": [5.7248, 2.9696, 10.4768],
			"to": [6.4672, 3.3408, 10.848],
			"faces": {
				"north": {"uv": [0.25, 7, 0.5, 7.25], "texture": "#1"},
				"east": {"uv": [7, 0.25, 7.25, 0.5], "texture": "#1"},
				"south": {"uv": [0.5, 7, 0.75, 7.25], "texture": "#1"},
				"west": {"uv": [7, 0.5, 7.25, 0.75], "texture": "#1"},
				"up": {"uv": [1, 7.25, 0.75, 7], "texture": "#1"},
				"down": {"uv": [7.25, 0.75, 7, 1], "texture": "#1"}
			}
		},
		{
			"from": [5.3536, 2.9696, 10.1056],
			"to": [5.7248, 3.3408, 10.4768],
			"faces": {
				"north": {"uv": [1, 7, 1.25, 7.25], "texture": "#1"},
				"east": {"uv": [7, 1, 7.25, 1.25], "texture": "#1"},
				"south": {"uv": [1.25, 7, 1.5, 7.25], "texture": "#1"},
				"west": {"uv": [7, 1.25, 7.25, 1.5], "texture": "#1"},
				"up": {"uv": [1.75, 7.25, 1.5, 7], "texture": "#1"},
				"down": {"uv": [7.25, 1.5, 7, 1.75], "texture": "#1"}
			}
		},
		{
			"from": [4.9824, 2.9696, 9.7344],
			"to": [5.3536, 3.3408, 10.1056],
			"faces": {
				"north": {"uv": [1.75, 7, 2, 7.25], "texture": "#1"},
				"east": {"uv": [7, 1.75, 7.25, 2], "texture": "#1"},
				"south": {"uv": [2, 7, 2.25, 7.25], "texture": "#1"},
				"west": {"uv": [7, 2, 7.25, 2.25], "texture": "#1"},
				"up": {"uv": [2.5, 7.25, 2.25, 7], "texture": "#1"},
				"down": {"uv": [7.25, 2.25, 7, 2.5], "texture": "#1"}
			}
		},
		{
			"from": [4.6112, 2.9696, 8.992],
			"to": [4.9824, 3.3408, 9.7344],
			"faces": {
				"north": {"uv": [2.5, 7, 2.75, 7.25], "texture": "#1"},
				"east": {"uv": [7, 2.5, 7.25, 2.75], "texture": "#1"},
				"south": {"uv": [2.75, 7, 3, 7.25], "texture": "#1"},
				"west": {"uv": [7, 2.75, 7.25, 3], "texture": "#1"},
				"up": {"uv": [3.25, 7.25, 3, 7], "texture": "#1"},
				"down": {"uv": [7.25, 3, 7, 3.25], "texture": "#1"}
			}
		},
		{
			"from": [4.24, 2.9696, 7.5072],
			"to": [4.6112, 3.3408, 8.992],
			"faces": {
				"north": {"uv": [3.25, 7, 3.5, 7.25], "texture": "#1"},
				"east": {"uv": [7, 3.25, 7.25, 3.5], "texture": "#1"},
				"south": {"uv": [3.5, 7, 3.75, 7.25], "texture": "#1"},
				"west": {"uv": [7, 3.5, 7.25, 3.75], "texture": "#1"},
				"up": {"uv": [4, 7.25, 3.75, 7], "texture": "#1"},
				"down": {"uv": [7.25, 3.75, 7, 4], "texture": "#1"}
			}
		},
		{
			"from": [4.6112, 2.9696, 6.7648],
			"to": [4.9824, 3.3408, 7.5072],
			"faces": {
				"north": {"uv": [4, 7, 4.25, 7.25], "texture": "#1"},
				"east": {"uv": [7, 4, 7.25, 4.25], "texture": "#1"},
				"south": {"uv": [4.25, 7, 4.5, 7.25], "texture": "#1"},
				"west": {"uv": [7, 4.25, 7.25, 4.5], "texture": "#1"},
				"up": {"uv": [4.75, 7.25, 4.5, 7], "texture": "#1"},
				"down": {"uv": [7.25, 4.5, 7, 4.75], "texture": "#1"}
			}
		},
		{
			"from": [4.9824, 0.7424, 6.3936],
			"to": [5.3536, 1.1136, 6.7648],
			"faces": {
				"north": {"uv": [4.75, 7, 5, 7.25], "texture": "#1"},
				"east": {"uv": [7, 4.75, 7.25, 5], "texture": "#1"},
				"south": {"uv": [5, 7, 5.25, 7.25], "texture": "#1"},
				"west": {"uv": [7, 5, 7.25, 5.25], "texture": "#1"},
				"up": {"uv": [5.5, 7.25, 5.25, 7], "texture": "#1"},
				"down": {"uv": [7.25, 5.25, 7, 5.5], "texture": "#1"}
			}
		},
		{
			"from": [5.3536, 0.7424, 6.0224],
			"to": [5.7248, 1.1136, 6.3936],
			"faces": {
				"north": {"uv": [5.5, 7, 5.75, 7.25], "texture": "#1"},
				"east": {"uv": [7, 5.5, 7.25, 5.75], "texture": "#1"},
				"south": {"uv": [5.75, 7, 6, 7.25], "texture": "#1"},
				"west": {"uv": [7, 5.75, 7.25, 6], "texture": "#1"},
				"up": {"uv": [6.25, 7.25, 6, 7], "texture": "#1"},
				"down": {"uv": [7.25, 6, 7, 6.25], "texture": "#1"}
			}
		},
		{
			"from": [5.7248, 0.7424, 5.6512],
			"to": [6.4672, 1.1136, 6.0224],
			"faces": {
				"north": {"uv": [6.25, 7, 6.5, 7.25], "texture": "#1"},
				"east": {"uv": [7, 6.25, 7.25, 6.5], "texture": "#1"},
				"south": {"uv": [6.5, 7, 6.75, 7.25], "texture": "#1"},
				"west": {"uv": [7, 6.5, 7.25, 6.75], "texture": "#1"},
				"up": {"uv": [7, 7.25, 6.75, 7], "texture": "#1"},
				"down": {"uv": [7.25, 6.75, 7, 7], "texture": "#1"}
			}
		},
		{
			"from": [6.4672, 0.7424, 5.28],
			"to": [7.952, 1.1136, 5.6512],
			"faces": {
				"north": {"uv": [7, 7, 7.25, 7.25], "texture": "#1"},
				"east": {"uv": [0, 7.25, 0.25, 7.5], "texture": "#1"},
				"south": {"uv": [7.25, 0, 7.5, 0.25], "texture": "#1"},
				"west": {"uv": [0.25, 7.25, 0.5, 7.5], "texture": "#1"},
				"up": {"uv": [7.5, 0.5, 7.25, 0.25], "texture": "#1"},
				"down": {"uv": [0.75, 7.25, 0.5, 7.5], "texture": "#1"}
			}
		},
		{
			"from": [7.952, 0.7424, 5.6512],
			"to": [8.6944, 1.1136, 6.0224],
			"faces": {
				"north": {"uv": [7.25, 0.5, 7.5, 0.75], "texture": "#1"},
				"east": {"uv": [0.75, 7.25, 1, 7.5], "texture": "#1"},
				"south": {"uv": [7.25, 0.75, 7.5, 1], "texture": "#1"},
				"west": {"uv": [1, 7.25, 1.25, 7.5], "texture": "#1"},
				"up": {"uv": [7.5, 1.25, 7.25, 1], "texture": "#1"},
				"down": {"uv": [1.5, 7.25, 1.25, 7.5], "texture": "#1"}
			}
		},
		{
			"from": [8.6944, 0.7424, 6.0224],
			"to": [9.0656, 1.1136, 6.3936],
			"faces": {
				"north": {"uv": [7.25, 1.25, 7.5, 1.5], "texture": "#1"},
				"east": {"uv": [1.5, 7.25, 1.75, 7.5], "texture": "#1"},
				"south": {"uv": [7.25, 1.5, 7.5, 1.75], "texture": "#1"},
				"west": {"uv": [1.75, 7.25, 2, 7.5], "texture": "#1"},
				"up": {"uv": [7.5, 2, 7.25, 1.75], "texture": "#1"},
				"down": {"uv": [2.25, 7.25, 2, 7.5], "texture": "#1"}
			}
		},
		{
			"from": [9.0656, 0.7424, 6.3936],
			"to": [9.4368, 1.1136, 6.7648],
			"faces": {
				"north": {"uv": [7.25, 2, 7.5, 2.25], "texture": "#1"},
				"east": {"uv": [2.25, 7.25, 2.5, 7.5], "texture": "#1"},
				"south": {"uv": [7.25, 2.25, 7.5, 2.5], "texture": "#1"},
				"west": {"uv": [2.5, 7.25, 2.75, 7.5], "texture": "#1"},
				"up": {"uv": [7.5, 2.75, 7.25, 2.5], "texture": "#1"},
				"down": {"uv": [3, 7.25, 2.75, 7.5], "texture": "#1"}
			}
		},
		{
			"from": [9.4368, 0.7424, 6.7648],
			"to": [9.808, 1.1136, 7.5072],
			"faces": {
				"north": {"uv": [7.25, 2.75, 7.5, 3], "texture": "#1"},
				"east": {"uv": [3, 7.25, 3.25, 7.5], "texture": "#1"},
				"south": {"uv": [7.25, 3, 7.5, 3.25], "texture": "#1"},
				"west": {"uv": [3.25, 7.25, 3.5, 7.5], "texture": "#1"},
				"up": {"uv": [7.5, 3.5, 7.25, 3.25], "texture": "#1"},
				"down": {"uv": [3.75, 7.25, 3.5, 7.5], "texture": "#1"}
			}
		},
		{
			"from": [9.808, 0.7424, 7.5072],
			"to": [10.1792, 1.1136, 8.992],
			"faces": {
				"north": {"uv": [7.25, 3.5, 7.5, 3.75], "texture": "#1"},
				"east": {"uv": [3.75, 7.25, 4, 7.5], "texture": "#1"},
				"south": {"uv": [7.25, 3.75, 7.5, 4], "texture": "#1"},
				"west": {"uv": [4, 7.25, 4.25, 7.5], "texture": "#1"},
				"up": {"uv": [7.5, 4.25, 7.25, 4], "texture": "#1"},
				"down": {"uv": [4.5, 7.25, 4.25, 7.5], "texture": "#1"}
			}
		},
		{
			"from": [9.4368, 0.7424, 8.992],
			"to": [9.808, 1.1136, 9.7344],
			"faces": {
				"north": {"uv": [7.25, 4.25, 7.5, 4.5], "texture": "#1"},
				"east": {"uv": [4.5, 7.25, 4.75, 7.5], "texture": "#1"},
				"south": {"uv": [7.25, 4.5, 7.5, 4.75], "texture": "#1"},
				"west": {"uv": [4.75, 7.25, 5, 7.5], "texture": "#1"},
				"up": {"uv": [7.5, 5, 7.25, 4.75], "texture": "#1"},
				"down": {"uv": [5.25, 7.25, 5, 7.5], "texture": "#1"}
			}
		},
		{
			"from": [9.0656, 0.7424, 9.7344],
			"to": [9.4368, 1.1136, 10.1056],
			"faces": {
				"north": {"uv": [7.25, 5, 7.5, 5.25], "texture": "#1"},
				"east": {"uv": [5.25, 7.25, 5.5, 7.5], "texture": "#1"},
				"south": {"uv": [7.25, 5.25, 7.5, 5.5], "texture": "#1"},
				"west": {"uv": [5.5, 7.25, 5.75, 7.5], "texture": "#1"},
				"up": {"uv": [7.5, 5.75, 7.25, 5.5], "texture": "#1"},
				"down": {"uv": [6, 7.25, 5.75, 7.5], "texture": "#1"}
			}
		},
		{
			"from": [8.6944, 0.7424, 10.1056],
			"to": [9.0656, 1.1136, 10.4768],
			"faces": {
				"north": {"uv": [7.25, 5.75, 7.5, 6], "texture": "#1"},
				"east": {"uv": [6, 7.25, 6.25, 7.5], "texture": "#1"},
				"south": {"uv": [7.25, 6, 7.5, 6.25], "texture": "#1"},
				"west": {"uv": [6.25, 7.25, 6.5, 7.5], "texture": "#1"},
				"up": {"uv": [7.5, 6.5, 7.25, 6.25], "texture": "#1"},
				"down": {"uv": [6.75, 7.25, 6.5, 7.5], "texture": "#1"}
			}
		},
		{
			"from": [7.952, 0.7424, 10.4768],
			"to": [8.6944, 1.1136, 10.848],
			"faces": {
				"north": {"uv": [7.25, 6.5, 7.5, 6.75], "texture": "#1"},
				"east": {"uv": [6.75, 7.25, 7, 7.5], "texture": "#1"},
				"south": {"uv": [7.25, 6.75, 7.5, 7], "texture": "#1"},
				"west": {"uv": [7, 7.25, 7.25, 7.5], "texture": "#1"},
				"up": {"uv": [7.5, 7.25, 7.25, 7], "texture": "#1"},
				"down": {"uv": [7.5, 7.25, 7.25, 7.5], "texture": "#1"}
			}
		},
		{
			"from": [6.4672, 0.7424, 10.848],
			"to": [7.952, 1.1136, 11.2192],
			"faces": {
				"north": {"uv": [0, 7.5, 0.25, 7.75], "texture": "#1"},
				"east": {"uv": [7.5, 0, 7.75, 0.25], "texture": "#1"},
				"south": {"uv": [0.25, 7.5, 0.5, 7.75], "texture": "#1"},
				"west": {"uv": [7.5, 0.25, 7.75, 0.5], "texture": "#1"},
				"up": {"uv": [0.75, 7.75, 0.5, 7.5], "texture": "#1"},
				"down": {"uv": [7.75, 0.5, 7.5, 0.75], "texture": "#1"}
			}
		},
		{
			"from": [5.7248, 0.7424, 10.4768],
			"to": [6.4672, 1.1136, 10.848],
			"faces": {
				"north": {"uv": [0.75, 7.5, 1, 7.75], "texture": "#1"},
				"east": {"uv": [7.5, 0.75, 7.75, 1], "texture": "#1"},
				"south": {"uv": [1, 7.5, 1.25, 7.75], "texture": "#1"},
				"west": {"uv": [7.5, 1, 7.75, 1.25], "texture": "#1"},
				"up": {"uv": [1.5, 7.75, 1.25, 7.5], "texture": "#1"},
				"down": {"uv": [7.75, 1.25, 7.5, 1.5], "texture": "#1"}
			}
		},
		{
			"from": [5.3536, 0.7424, 10.1056],
			"to": [5.7248, 1.1136, 10.4768],
			"faces": {
				"north": {"uv": [1.5, 7.5, 1.75, 7.75], "texture": "#1"},
				"east": {"uv": [7.5, 1.5, 7.75, 1.75], "texture": "#1"},
				"south": {"uv": [1.75, 7.5, 2, 7.75], "texture": "#1"},
				"west": {"uv": [7.5, 1.75, 7.75, 2], "texture": "#1"},
				"up": {"uv": [2.25, 7.75, 2, 7.5], "texture": "#1"},
				"down": {"uv": [7.75, 2, 7.5, 2.25], "texture": "#1"}
			}
		},
		{
			"from": [4.9824, 0.7424, 9.7344],
			"to": [5.3536, 1.1136, 10.1056],
			"faces": {
				"north": {"uv": [2.25, 7.5, 2.5, 7.75], "texture": "#1"},
				"east": {"uv": [7.5, 2.25, 7.75, 2.5], "texture": "#1"},
				"south": {"uv": [2.5, 7.5, 2.75, 7.75], "texture": "#1"},
				"west": {"uv": [7.5, 2.5, 7.75, 2.75], "texture": "#1"},
				"up": {"uv": [3, 7.75, 2.75, 7.5], "texture": "#1"},
				"down": {"uv": [7.75, 2.75, 7.5, 3], "texture": "#1"}
			}
		},
		{
			"from": [4.6112, 0.7424, 8.992],
			"to": [4.9824, 1.1136, 9.7344],
			"faces": {
				"north": {"uv": [3, 7.5, 3.25, 7.75], "texture": "#1"},
				"east": {"uv": [7.5, 3, 7.75, 3.25], "texture": "#1"},
				"south": {"uv": [3.25, 7.5, 3.5, 7.75], "texture": "#1"},
				"west": {"uv": [7.5, 3.25, 7.75, 3.5], "texture": "#1"},
				"up": {"uv": [3.75, 7.75, 3.5, 7.5], "texture": "#1"},
				"down": {"uv": [7.75, 3.5, 7.5, 3.75], "texture": "#1"}
			}
		},
		{
			"from": [3.8688, 1.1136, 7.5072],
			"to": [4.24, 2.9696, 8.992],
			"faces": {
				"north": {"uv": [0, 1, 0.25, 1.5], "texture": "#1"},
				"east": {"uv": [1, 0, 1.25, 0.5], "texture": "#1"},
				"south": {"uv": [0.25, 1, 0.5, 1.5], "texture": "#1"},
				"west": {"uv": [0.5, 1, 0.75, 1.5], "texture": "#1"},
				"up": {"uv": [4, 7.75, 3.75, 7.5], "texture": "#1"},
				"down": {"uv": [7.75, 3.75, 7.5, 4], "texture": "#1"}
			}
		},
		{
			"from": [4.24, 1.1136, 6.7648],
			"to": [4.6112, 2.9696, 7.5072],
			"faces": {
				"north": {"uv": [1, 0.5, 1.25, 1], "texture": "#1"},
				"east": {"uv": [0.75, 1, 1, 1.5], "texture": "#1"},
				"south": {"uv": [1, 1, 1.25, 1.5], "texture": "#1"},
				"west": {"uv": [1.25, 0, 1.5, 0.5], "texture": "#1"},
				"up": {"uv": [4.25, 7.75, 4, 7.5], "texture": "#1"},
				"down": {"uv": [7.75, 4, 7.5, 4.25], "texture": "#1"}
			}
		},
		{
			"from": [5.3536, 4.0832, 7.5072],
			"to": [5.7248, 4.8256, 8.992],
			"faces": {
				"north": {"uv": [4.25, 7.5, 4.5, 7.75], "texture": "#1"},
				"east": {"uv": [7.5, 4.25, 7.75, 4.5], "texture": "#1"},
				"south": {"uv": [4.5, 7.5, 4.75, 7.75], "texture": "#1"},
				"west": {"uv": [7.5, 4.5, 7.75, 4.75], "texture": "#1"},
				"up": {"uv": [5, 7.75, 4.75, 7.5], "texture": "#1"},
				"down": {"uv": [7.75, 4.75, 7.5, 5], "texture": "#1"}
			}
		},
		{
			"from": [4.6112, 1.1136, 6.3936],
			"to": [4.9824, 2.9696, 6.7648],
			"faces": {
				"north": {"uv": [1.25, 0.5, 1.5, 1], "texture": "#1"},
				"east": {"uv": [1.25, 1, 1.5, 1.5], "texture": "#1"},
				"south": {"uv": [0, 1.5, 0.25, 2], "texture": "#1"},
				"west": {"uv": [1.5, 0, 1.75, 0.5], "texture": "#1"},
				"up": {"uv": [5.25, 7.75, 5, 7.5], "texture": "#1"},
				"down": {"uv": [7.75, 5, 7.5, 5.25], "texture": "#1"}
			}
		},
		{
			"from": [4.9824, 1.1136, 6.0224],
			"to": [5.3536, 2.9696, 6.3936],
			"faces": {
				"north": {"uv": [0.25, 1.5, 0.5, 2], "texture": "#1"},
				"east": {"uv": [0.5, 1.5, 0.75, 2], "texture": "#1"},
				"south": {"uv": [1.5, 0.5, 1.75, 1], "texture": "#1"},
				"west": {"uv": [0.75, 1.5, 1, 2], "texture": "#1"},
				"up": {"uv": [5.5, 7.75, 5.25, 7.5], "texture": "#1"},
				"down": {"uv": [7.75, 5.25, 7.5, 5.5], "texture": "#1"}
			}
		},
		{
			"from": [5.3536, 1.1136, 5.6512],
			"to": [5.7248, 2.9696, 6.0224],
			"faces": {
				"north": {"uv": [1, 1.5, 1.25, 2], "texture": "#1"},
				"east": {"uv": [1.5, 1, 1.75, 1.5], "texture": "#1"},
				"south": {"uv": [1.25, 1.5, 1.5, 2], "texture": "#1"},
				"west": {"uv": [1.5, 1.5, 1.75, 2], "texture": "#1"},
				"up": {"uv": [5.75, 7.75, 5.5, 7.5], "texture": "#1"},
				"down": {"uv": [7.75, 5.5, 7.5, 5.75], "texture": "#1"}
			}
		},
		{
			"from": [5.7248, 1.1136, 5.28],
			"to": [6.4672, 2.9696, 5.6512],
			"faces": {
				"north": {"uv": [1.75, 0, 2, 0.5], "texture": "#1"},
				"east": {"uv": [1.75, 0.5, 2, 1], "texture": "#1"},
				"south": {"uv": [1.75, 1, 2, 1.5], "texture": "#1"},
				"west": {"uv": [1.75, 1.5, 2, 2], "texture": "#1"},
				"up": {"uv": [6, 7.75, 5.75, 7.5], "texture": "#1"},
				"down": {"uv": [7.75, 5.75, 7.5, 6], "texture": "#1"}
			}
		},
		{
			"from": [6.4672, 1.1136, 4.9088],
			"to": [7.952, 2.9696, 5.28],
			"faces": {
				"north": {"uv": [0, 2, 0.25, 2.5], "texture": "#1"},
				"east": {"uv": [2, 0, 2.25, 0.5], "texture": "#1"},
				"south": {"uv": [0.25, 2, 0.5, 2.5], "texture": "#1"},
				"west": {"uv": [0.5, 2, 0.75, 2.5], "texture": "#1"},
				"up": {"uv": [6.25, 7.75, 6, 7.5], "texture": "#1"},
				"down": {"uv": [7.75, 6, 7.5, 6.25], "texture": "#1"}
			}
		},
		{
			"from": [7.952, 1.1136, 5.28],
			"to": [8.6944, 2.9696, 5.6512],
			"faces": {
				"north": {"uv": [2, 0.5, 2.25, 1], "texture": "#1"},
				"east": {"uv": [0.75, 2, 1, 2.5], "texture": "#1"},
				"south": {"uv": [1, 2, 1.25, 2.5], "texture": "#1"},
				"west": {"uv": [2, 1, 2.25, 1.5], "texture": "#1"},
				"up": {"uv": [6.5, 7.75, 6.25, 7.5], "texture": "#1"},
				"down": {"uv": [7.75, 6.25, 7.5, 6.5], "texture": "#1"}
			}
		},
		{
			"from": [8.6944, 1.1136, 5.6512],
			"to": [9.0656, 2.9696, 6.0224],
			"faces": {
				"north": {"uv": [1.25, 2, 1.5, 2.5], "texture": "#1"},
				"east": {"uv": [1.5, 2, 1.75, 2.5], "texture": "#1"},
				"south": {"uv": [2, 1.5, 2.25, 2], "texture": "#1"},
				"west": {"uv": [1.75, 2, 2, 2.5], "texture": "#1"},
				"up": {"uv": [6.75, 7.75, 6.5, 7.5], "texture": "#1"},
				"down": {"uv": [7.75, 6.5, 7.5, 6.75], "texture": "#1"}
			}
		},
		{
			"from": [9.0656, 1.1136, 6.0224],
			"to": [9.4368, 2.9696, 6.3936],
			"faces": {
				"north": {"uv": [2, 2, 2.25, 2.5], "texture": "#1"},
				"east": {"uv": [2.25, 0, 2.5, 0.5], "texture": "#1"},
				"south": {"uv": [2.25, 0.5, 2.5, 1], "texture": "#1"},
				"west": {"uv": [2.25, 1, 2.5, 1.5], "texture": "#1"},
				"up": {"uv": [7, 7.75, 6.75, 7.5], "texture": "#1"},
				"down": {"uv": [7.75, 6.75, 7.5, 7], "texture": "#1"}
			}
		},
		{
			"from": [9.4368, 1.1136, 6.3936],
			"to": [9.808, 2.9696, 6.7648],
			"faces": {
				"north": {"uv": [2.25, 1.5, 2.5, 2], "texture": "#1"},
				"east": {"uv": [2.25, 2, 2.5, 2.5], "texture": "#1"},
				"south": {"uv": [0, 2.5, 0.25, 3], "texture": "#1"},
				"west": {"uv": [2.5, 0, 2.75, 0.5], "texture": "#1"},
				"up": {"uv": [7.25, 7.75, 7, 7.5], "texture": "#1"},
				"down": {"uv": [7.75, 7, 7.5, 7.25], "texture": "#1"}
			}
		},
		{
			"from": [9.808, 1.1136, 6.7648],
			"to": [10.1792, 2.9696, 7.5072],
			"faces": {
				"north": {"uv": [0.25, 2.5, 0.5, 3], "texture": "#1"},
				"east": {"uv": [0.5, 2.5, 0.75, 3], "texture": "#1"},
				"south": {"uv": [2.5, 0.5, 2.75, 1], "texture": "#1"},
				"west": {"uv": [0.75, 2.5, 1, 3], "texture": "#1"},
				"up": {"uv": [7.5, 7.75, 7.25, 7.5], "texture": "#1"},
				"down": {"uv": [7.75, 7.25, 7.5, 7.5], "texture": "#1"}
			}
		},
		{
			"from": [10.1792, 1.1136, 7.5072],
			"to": [10.5504, 2.9696, 8.992],
			"faces": {
				"north": {"uv": [1, 2.5, 1.25, 3], "texture": "#1"},
				"east": {"uv": [2.5, 1, 2.75, 1.5], "texture": "#1"},
				"south": {"uv": [1.25, 2.5, 1.5, 3], "texture": "#1"},
				"west": {"uv": [1.5, 2.5, 1.75, 3], "texture": "#1"},
				"up": {"uv": [7.75, 7.75, 7.5, 7.5], "texture": "#1"},
				"down": {"uv": [0.25, 7.75, 0, 8], "texture": "#1"}
			}
		},
		{
			"from": [9.808, 1.1136, 8.992],
			"to": [10.1792, 2.9696, 9.7344],
			"faces": {
				"north": {"uv": [2.5, 1.5, 2.75, 2], "texture": "#1"},
				"east": {"uv": [1.75, 2.5, 2, 3], "texture": "#1"},
				"south": {"uv": [2, 2.5, 2.25, 3], "texture": "#1"},
				"west": {"uv": [2.5, 2, 2.75, 2.5], "texture": "#1"},
				"up": {"uv": [8, 0.25, 7.75, 0], "texture": "#1"},
				"down": {"uv": [0.5, 7.75, 0.25, 8], "texture": "#1"}
			}
		},
		{
			"from": [9.4368, 1.1136, 9.7344],
			"to": [9.808, 2.9696, 10.1056],
			"faces": {
				"north": {"uv": [2.25, 2.5, 2.5, 3], "texture": "#1"},
				"east": {"uv": [2.5, 2.5, 2.75, 3], "texture": "#1"},
				"south": {"uv": [2.75, 0, 3, 0.5], "texture": "#1"},
				"west": {"uv": [2.75, 0.5, 3, 1], "texture": "#1"},
				"up": {"uv": [8, 0.5, 7.75, 0.25], "texture": "#1"},
				"down": {"uv": [0.75, 7.75, 0.5, 8], "texture": "#1"}
			}
		},
		{
			"from": [9.0656, 1.1136, 10.1056],
			"to": [9.4368, 2.9696, 10.4768],
			"faces": {
				"north": {"uv": [2.75, 1, 3, 1.5], "texture": "#1"},
				"east": {"uv": [2.75, 1.5, 3, 2], "texture": "#1"},
				"south": {"uv": [2.75, 2, 3, 2.5], "texture": "#1"},
				"west": {"uv": [2.75, 2.5, 3, 3], "texture": "#1"},
				"up": {"uv": [8, 0.75, 7.75, 0.5], "texture": "#1"},
				"down": {"uv": [1, 7.75, 0.75, 8], "texture": "#1"}
			}
		},
		{
			"from": [8.6944, 1.1136, 10.4768],
			"to": [9.0656, 2.9696, 10.848],
			"faces": {
				"north": {"uv": [0, 3, 0.25, 3.5], "texture": "#1"},
				"east": {"uv": [3, 0, 3.25, 0.5], "texture": "#1"},
				"south": {"uv": [0.25, 3, 0.5, 3.5], "texture": "#1"},
				"west": {"uv": [0.5, 3, 0.75, 3.5], "texture": "#1"},
				"up": {"uv": [8, 1, 7.75, 0.75], "texture": "#1"},
				"down": {"uv": [1.25, 7.75, 1, 8], "texture": "#1"}
			}
		},
		{
			"from": [7.952, 1.1136, 10.848],
			"to": [8.6944, 2.9696, 11.2192],
			"faces": {
				"north": {"uv": [3, 0.5, 3.25, 1], "texture": "#1"},
				"east": {"uv": [0.75, 3, 1, 3.5], "texture": "#1"},
				"south": {"uv": [1, 3, 1.25, 3.5], "texture": "#1"},
				"west": {"uv": [3, 1, 3.25, 1.5], "texture": "#1"},
				"up": {"uv": [8, 1.25, 7.75, 1], "texture": "#1"},
				"down": {"uv": [1.5, 7.75, 1.25, 8], "texture": "#1"}
			}
		},
		{
			"from": [6.4672, 1.1136, 11.2192],
			"to": [7.952, 2.9696, 11.5904],
			"faces": {
				"north": {"uv": [1.25, 3, 1.5, 3.5], "texture": "#1"},
				"east": {"uv": [1.5, 3, 1.75, 3.5], "texture": "#1"},
				"south": {"uv": [3, 1.5, 3.25, 2], "texture": "#1"},
				"west": {"uv": [1.75, 3, 2, 3.5], "texture": "#1"},
				"up": {"uv": [8, 1.5, 7.75, 1.25], "texture": "#1"},
				"down": {"uv": [1.75, 7.75, 1.5, 8], "texture": "#1"}
			}
		},
		{
			"from": [5.7248, 1.1136, 10.848],
			"to": [6.4672, 2.9696, 11.2192],
			"faces": {
				"north": {"uv": [2, 3, 2.25, 3.5], "texture": "#1"},
				"east": {"uv": [3, 2, 3.25, 2.5], "texture": "#1"},
				"south": {"uv": [2.25, 3, 2.5, 3.5], "texture": "#1"},
				"west": {"uv": [2.5, 3, 2.75, 3.5], "texture": "#1"},
				"up": {"uv": [8, 1.75, 7.75, 1.5], "texture": "#1"},
				"down": {"uv": [2, 7.75, 1.75, 8], "texture": "#1"}
			}
		},
		{
			"from": [5.3536, 1.1136, 10.4768],
			"to": [5.7248, 2.9696, 10.848],
			"faces": {
				"north": {"uv": [3, 2.5, 3.25, 3], "texture": "#1"},
				"east": {"uv": [2.75, 3, 3, 3.5], "texture": "#1"},
				"south": {"uv": [3, 3, 3.25, 3.5], "texture": "#1"},
				"west": {"uv": [3.25, 0, 3.5, 0.5], "texture": "#1"},
				"up": {"uv": [8, 2, 7.75, 1.75], "texture": "#1"},
				"down": {"uv": [2.25, 7.75, 2, 8], "texture": "#1"}
			}
		},
		{
			"from": [4.9824, 1.1136, 10.1056],
			"to": [5.3536, 2.9696, 10.4768],
			"faces": {
				"north": {"uv": [3.25, 0.5, 3.5, 1], "texture": "#1"},
				"east": {"uv": [3.25, 1, 3.5, 1.5], "texture": "#1"},
				"south": {"uv": [3.25, 1.5, 3.5, 2], "texture": "#1"},
				"west": {"uv": [3.25, 2, 3.5, 2.5], "texture": "#1"},
				"up": {"uv": [8, 2.25, 7.75, 2], "texture": "#1"},
				"down": {"uv": [2.5, 7.75, 2.25, 8], "texture": "#1"}
			}
		},
		{
			"from": [4.6112, 1.1136, 9.7344],
			"to": [4.9824, 2.9696, 10.1056],
			"faces": {
				"north": {"uv": [3.25, 2.5, 3.5, 3], "texture": "#1"},
				"east": {"uv": [3.25, 3, 3.5, 3.5], "texture": "#1"},
				"south": {"uv": [0, 3.5, 0.25, 4], "texture": "#1"},
				"west": {"uv": [3.5, 0, 3.75, 0.5], "texture": "#1"},
				"up": {"uv": [8, 2.5, 7.75, 2.25], "texture": "#1"},
				"down": {"uv": [2.75, 7.75, 2.5, 8], "texture": "#1"}
			}
		},
		{
			"from": [4.24, 1.1136, 8.992],
			"to": [4.6112, 2.9696, 9.7344],
			"faces": {
				"north": {"uv": [0.25, 3.5, 0.5, 4], "texture": "#1"},
				"east": {"uv": [0.5, 3.5, 0.75, 4], "texture": "#1"},
				"south": {"uv": [3.5, 0.5, 3.75, 1], "texture": "#1"},
				"west": {"uv": [0.75, 3.5, 1, 4], "texture": "#1"},
				"up": {"uv": [8, 2.75, 7.75, 2.5], "texture": "#1"},
				"down": {"uv": [3, 7.75, 2.75, 8], "texture": "#1"}
			}
		},
		{
			"from": [6.8384, 1.4848, 11.5904],
			"to": [7.5808, 2.5984, 11.9616],
			"faces": {
				"north": {"uv": [7.75, 2.75, 8, 3], "texture": "#1"},
				"east": {"uv": [3, 7.75, 3.25, 8], "texture": "#1"},
				"south": {"uv": [7.75, 3, 8, 3.25], "texture": "#1"},
				"west": {"uv": [3.25, 7.75, 3.5, 8], "texture": "#1"},
				"up": {"uv": [8, 3.5, 7.75, 3.25], "texture": "#1"},
				"down": {"uv": [3.75, 7.75, 3.5, 8], "texture": "#1"}
			}
		},
		{
			"from": [6.8384, 1.4848, 4.5376],
			"to": [7.5808, 2.5984, 4.9088],
			"faces": {
				"north": {"uv": [7.75, 3.5, 8, 3.75], "texture": "#1"},
				"east": {"uv": [3.75, 7.75, 4, 8], "texture": "#1"},
				"south": {"uv": [7.75, 3.75, 8, 4], "texture": "#1"},
				"west": {"uv": [4, 7.75, 4.25, 8], "texture": "#1"},
				"up": {"uv": [8, 4.25, 7.75, 4], "texture": "#1"},
				"down": {"uv": [4.5, 7.75, 4.25, 8], "texture": "#1"}
			}
		},
		{
			"from": [3.4976, 1.4848, 7.8784],
			"to": [3.8688, 2.5984, 8.6208],
			"faces": {
				"north": {"uv": [7.75, 4.25, 8, 4.5], "texture": "#1"},
				"east": {"uv": [4.5, 7.75, 4.75, 8], "texture": "#1"},
				"south": {"uv": [7.75, 4.5, 8, 4.75], "texture": "#1"},
				"west": {"uv": [4.75, 7.75, 5, 8], "texture": "#1"},
				"up": {"uv": [8, 5, 7.75, 4.75], "texture": "#1"},
				"down": {"uv": [5.25, 7.75, 5, 8], "texture": "#1"}
			}
		},
		{
			"from": [10.5504, 1.4848, 7.8784],
			"to": [10.9216, 2.5984, 8.6208],
			"faces": {
				"north": {"uv": [7.75, 5, 8, 5.25], "texture": "#1"},
				"east": {"uv": [5.25, 7.75, 5.5, 8], "texture": "#1"},
				"south": {"uv": [7.75, 5.25, 8, 5.5], "texture": "#1"},
				"west": {"uv": [5.5, 7.75, 5.75, 8], "texture": "#1"},
				"up": {"uv": [8, 5.75, 7.75, 5.5], "texture": "#1"},
				"down": {"uv": [6, 7.75, 5.75, 8], "texture": "#1"}
			}
		},
		{
			"from": [6.4672, 1.856, 4.5376],
			"to": [6.8384, 2.2272, 4.9088],
			"faces": {
				"north": {"uv": [7.75, 5.75, 8, 6], "texture": "#1"},
				"east": {"uv": [6, 7.75, 6.25, 8], "texture": "#1"},
				"south": {"uv": [7.75, 6, 8, 6.25], "texture": "#1"},
				"west": {"uv": [6.25, 7.75, 6.5, 8], "texture": "#1"},
				"up": {"uv": [8, 6.5, 7.75, 6.25], "texture": "#1"},
				"down": {"uv": [6.75, 7.75, 6.5, 8], "texture": "#1"}
			}
		},
		{
			"from": [5.3536, 1.856, 5.28],
			"to": [5.7248, 2.2272, 5.6512],
			"faces": {
				"north": {"uv": [7.75, 6.5, 8, 6.75], "texture": "#1"},
				"east": {"uv": [6.75, 7.75, 7, 8], "texture": "#1"},
				"south": {"uv": [7.75, 6.75, 8, 7], "texture": "#1"},
				"west": {"uv": [7, 7.75, 7.25, 8], "texture": "#1"},
				"up": {"uv": [8, 7.25, 7.75, 7], "texture": "#1"},
				"down": {"uv": [7.5, 7.75, 7.25, 8], "texture": "#1"}
			}
		},
		{
			"from": [4.9824, 1.856, 5.6512],
			"to": [5.3536, 2.2272, 6.0224],
			"faces": {
				"north": {"uv": [7.75, 7.25, 8, 7.5], "texture": "#1"},
				"east": {"uv": [7.5, 7.75, 7.75, 8], "texture": "#1"},
				"south": {"uv": [7.75, 7.5, 8, 7.75], "texture": "#1"},
				"west": {"uv": [7.75, 7.75, 8, 8], "texture": "#1"},
				"up": {"uv": [0.25, 8.25, 0, 8], "texture": "#1"},
				"down": {"uv": [8.25, 0, 8, 0.25], "texture": "#1"}
			}
		},
		{
			"from": [4.6112, 1.856, 6.0224],
			"to": [4.9824, 2.2272, 6.3936],
			"faces": {
				"north": {"uv": [0.25, 8, 0.5, 8.25], "texture": "#1"},
				"east": {"uv": [8, 0.25, 8.25, 0.5], "texture": "#1"},
				"south": {"uv": [0.5, 8, 0.75, 8.25], "texture": "#1"},
				"west": {"uv": [8, 0.5, 8.25, 0.75], "texture": "#1"},
				"up": {"uv": [1, 8.25, 0.75, 8], "texture": "#1"},
				"down": {"uv": [8.25, 0.75, 8, 1], "texture": "#1"}
			}
		},
		{
			"from": [4.24, 1.856, 6.3936],
			"to": [4.6112, 2.2272, 6.7648],
			"faces": {
				"north": {"uv": [1, 8, 1.25, 8.25], "texture": "#1"},
				"east": {"uv": [8, 1, 8.25, 1.25], "texture": "#1"},
				"south": {"uv": [1.25, 8, 1.5, 8.25], "texture": "#1"},
				"west": {"uv": [8, 1.25, 8.25, 1.5], "texture": "#1"},
				"up": {"uv": [1.75, 8.25, 1.5, 8], "texture": "#1"},
				"down": {"uv": [8.25, 1.5, 8, 1.75], "texture": "#1"}
			}
		},
		{
			"from": [3.4976, 1.856, 7.5072],
			"to": [3.8688, 2.2272, 7.8784],
			"faces": {
				"north": {"uv": [1.75, 8, 2, 8.25], "texture": "#1"},
				"east": {"uv": [8, 1.75, 8.25, 2], "texture": "#1"},
				"south": {"uv": [2, 8, 2.25, 8.25], "texture": "#1"},
				"west": {"uv": [8, 2, 8.25, 2.25], "texture": "#1"},
				"up": {"uv": [2.5, 8.25, 2.25, 8], "texture": "#1"},
				"down": {"uv": [8.25, 2.25, 8, 2.5], "texture": "#1"}
			}
		},
		{
			"from": [3.4976, 1.856, 8.6208],
			"to": [3.8688, 2.2272, 8.992],
			"faces": {
				"north": {"uv": [2.5, 8, 2.75, 8.25], "texture": "#1"},
				"east": {"uv": [8, 2.5, 8.25, 2.75], "texture": "#1"},
				"south": {"uv": [2.75, 8, 3, 8.25], "texture": "#1"},
				"west": {"uv": [8, 2.75, 8.25, 3], "texture": "#1"},
				"up": {"uv": [3.25, 8.25, 3, 8], "texture": "#1"},
				"down": {"uv": [8.25, 3, 8, 3.25], "texture": "#1"}
			}
		},
		{
			"from": [4.24, 1.856, 9.7344],
			"to": [4.6112, 2.2272, 10.1056],
			"faces": {
				"north": {"uv": [3.25, 8, 3.5, 8.25], "texture": "#1"},
				"east": {"uv": [8, 3.25, 8.25, 3.5], "texture": "#1"},
				"south": {"uv": [3.5, 8, 3.75, 8.25], "texture": "#1"},
				"west": {"uv": [8, 3.5, 8.25, 3.75], "texture": "#1"},
				"up": {"uv": [4, 8.25, 3.75, 8], "texture": "#1"},
				"down": {"uv": [8.25, 3.75, 8, 4], "texture": "#1"}
			}
		},
		{
			"from": [4.6112, 1.856, 10.1056],
			"to": [4.9824, 2.2272, 10.4768],
			"faces": {
				"north": {"uv": [4, 8, 4.25, 8.25], "texture": "#1"},
				"east": {"uv": [8, 4, 8.25, 4.25], "texture": "#1"},
				"south": {"uv": [4.25, 8, 4.5, 8.25], "texture": "#1"},
				"west": {"uv": [8, 4.25, 8.25, 4.5], "texture": "#1"},
				"up": {"uv": [4.75, 8.25, 4.5, 8], "texture": "#1"},
				"down": {"uv": [8.25, 4.5, 8, 4.75], "texture": "#1"}
			}
		},
		{
			"from": [4.9824, 1.856, 10.4768],
			"to": [5.3536, 2.2272, 10.848],
			"faces": {
				"north": {"uv": [4.75, 8, 5, 8.25], "texture": "#1"},
				"east": {"uv": [8, 4.75, 8.25, 5], "texture": "#1"},
				"south": {"uv": [5, 8, 5.25, 8.25], "texture": "#1"},
				"west": {"uv": [8, 5, 8.25, 5.25], "texture": "#1"},
				"up": {"uv": [5.5, 8.25, 5.25, 8], "texture": "#1"},
				"down": {"uv": [8.25, 5.25, 8, 5.5], "texture": "#1"}
			}
		},
		{
			"from": [5.3536, 1.856, 10.848],
			"to": [5.7248, 2.2272, 11.2192],
			"faces": {
				"north": {"uv": [5.5, 8, 5.75, 8.25], "texture": "#1"},
				"east": {"uv": [8, 5.5, 8.25, 5.75], "texture": "#1"},
				"south": {"uv": [5.75, 8, 6, 8.25], "texture": "#1"},
				"west": {"uv": [8, 5.75, 8.25, 6], "texture": "#1"},
				"up": {"uv": [6.25, 8.25, 6, 8], "texture": "#1"},
				"down": {"uv": [8.25, 6, 8, 6.25], "texture": "#1"}
			}
		},
		{
			"from": [5.7248, 1.856, 11.2192],
			"to": [6.4672, 2.2272, 11.5904],
			"faces": {
				"north": {"uv": [6.25, 8, 6.5, 8.25], "texture": "#1"},
				"east": {"uv": [8, 6.25, 8.25, 6.5], "texture": "#1"},
				"south": {"uv": [6.5, 8, 6.75, 8.25], "texture": "#1"},
				"west": {"uv": [8, 6.5, 8.25, 6.75], "texture": "#1"},
				"up": {"uv": [7, 8.25, 6.75, 8], "texture": "#1"},
				"down": {"uv": [8.25, 6.75, 8, 7], "texture": "#1"}
			}
		},
		{
			"from": [6.4672, 1.856, 11.5904],
			"to": [6.8384, 2.2272, 11.9616],
			"faces": {
				"north": {"uv": [7, 8, 7.25, 8.25], "texture": "#1"},
				"east": {"uv": [8, 7, 8.25, 7.25], "texture": "#1"},
				"south": {"uv": [7.25, 8, 7.5, 8.25], "texture": "#1"},
				"west": {"uv": [8, 7.25, 8.25, 7.5], "texture": "#1"},
				"up": {"uv": [7.75, 8.25, 7.5, 8], "texture": "#1"},
				"down": {"uv": [8.25, 7.5, 8, 7.75], "texture": "#1"}
			}
		},
		{
			"from": [7.5808, 1.856, 11.5904],
			"to": [7.952, 2.2272, 11.9616],
			"faces": {
				"north": {"uv": [7.75, 8, 8, 8.25], "texture": "#1"},
				"east": {"uv": [8, 7.75, 8.25, 8], "texture": "#1"},
				"south": {"uv": [8, 8, 8.25, 8.25], "texture": "#1"},
				"west": {"uv": [0, 8.25, 0.25, 8.5], "texture": "#1"},
				"up": {"uv": [8.5, 0.25, 8.25, 0], "texture": "#1"},
				"down": {"uv": [0.5, 8.25, 0.25, 8.5], "texture": "#1"}
			}
		},
		{
			"from": [7.952, 1.856, 11.2192],
			"to": [8.6944, 2.2272, 11.5904],
			"faces": {
				"north": {"uv": [8.25, 0.25, 8.5, 0.5], "texture": "#1"},
				"east": {"uv": [0.5, 8.25, 0.75, 8.5], "texture": "#1"},
				"south": {"uv": [8.25, 0.5, 8.5, 0.75], "texture": "#1"},
				"west": {"uv": [0.75, 8.25, 1, 8.5], "texture": "#1"},
				"up": {"uv": [8.5, 1, 8.25, 0.75], "texture": "#1"},
				"down": {"uv": [1.25, 8.25, 1, 8.5], "texture": "#1"}
			}
		},
		{
			"from": [8.6944, 1.856, 10.848],
			"to": [9.0656, 2.2272, 11.2192],
			"faces": {
				"north": {"uv": [8.25, 1, 8.5, 1.25], "texture": "#1"},
				"east": {"uv": [1.25, 8.25, 1.5, 8.5], "texture": "#1"},
				"south": {"uv": [8.25, 1.25, 8.5, 1.5], "texture": "#1"},
				"west": {"uv": [1.5, 8.25, 1.75, 8.5], "texture": "#1"},
				"up": {"uv": [8.5, 1.75, 8.25, 1.5], "texture": "#1"},
				"down": {"uv": [2, 8.25, 1.75, 8.5], "texture": "#1"}
			}
		},
		{
			"from": [9.0656, 1.856, 10.4768],
			"to": [9.4368, 2.2272, 10.848],
			"faces": {
				"north": {"uv": [8.25, 1.75, 8.5, 2], "texture": "#1"},
				"east": {"uv": [2, 8.25, 2.25, 8.5], "texture": "#1"},
				"south": {"uv": [8.25, 2, 8.5, 2.25], "texture": "#1"},
				"west": {"uv": [2.25, 8.25, 2.5, 8.5], "texture": "#1"},
				"up": {"uv": [8.5, 2.5, 8.25, 2.25], "texture": "#1"},
				"down": {"uv": [2.75, 8.25, 2.5, 8.5], "texture": "#1"}
			}
		},
		{
			"from": [9.4368, 1.856, 10.1056],
			"to": [9.808, 2.2272, 10.4768],
			"faces": {
				"north": {"uv": [8.25, 2.5, 8.5, 2.75], "texture": "#1"},
				"east": {"uv": [2.75, 8.25, 3, 8.5], "texture": "#1"},
				"south": {"uv": [8.25, 2.75, 8.5, 3], "texture": "#1"},
				"west": {"uv": [3, 8.25, 3.25, 8.5], "texture": "#1"},
				"up": {"uv": [8.5, 3.25, 8.25, 3], "texture": "#1"},
				"down": {"uv": [3.5, 8.25, 3.25, 8.5], "texture": "#1"}
			}
		},
		{
			"from": [9.808, 1.856, 9.7344],
			"to": [10.1792, 2.2272, 10.1056],
			"faces": {
				"north": {"uv": [8.25, 3.25, 8.5, 3.5], "texture": "#1"},
				"east": {"uv": [3.5, 8.25, 3.75, 8.5], "texture": "#1"},
				"south": {"uv": [8.25, 3.5, 8.5, 3.75], "texture": "#1"},
				"west": {"uv": [3.75, 8.25, 4, 8.5], "texture": "#1"},
				"up": {"uv": [8.5, 4, 8.25, 3.75], "texture": "#1"},
				"down": {"uv": [4.25, 8.25, 4, 8.5], "texture": "#1"}
			}
		},
		{
			"from": [10.1792, 1.856, 8.992],
			"to": [10.5504, 2.2272, 9.7344],
			"faces": {
				"north": {"uv": [8.25, 4, 8.5, 4.25], "texture": "#1"},
				"east": {"uv": [4.25, 8.25, 4.5, 8.5], "texture": "#1"},
				"south": {"uv": [8.25, 4.25, 8.5, 4.5], "texture": "#1"},
				"west": {"uv": [4.5, 8.25, 4.75, 8.5], "texture": "#1"},
				"up": {"uv": [8.5, 4.75, 8.25, 4.5], "texture": "#1"},
				"down": {"uv": [5, 8.25, 4.75, 8.5], "texture": "#1"}
			}
		},
		{
			"from": [10.5504, 1.856, 8.6208],
			"to": [10.9216, 2.2272, 8.992],
			"faces": {
				"north": {"uv": [8.25, 4.75, 8.5, 5], "texture": "#1"},
				"east": {"uv": [5, 8.25, 5.25, 8.5], "texture": "#1"},
				"south": {"uv": [8.25, 5, 8.5, 5.25], "texture": "#1"},
				"west": {"uv": [5.25, 8.25, 5.5, 8.5], "texture": "#1"},
				"up": {"uv": [8.5, 5.5, 8.25, 5.25], "texture": "#1"},
				"down": {"uv": [5.75, 8.25, 5.5, 8.5], "texture": "#1"}
			}
		},
		{
			"from": [10.5504, 1.856, 7.5072],
			"to": [10.9216, 2.2272, 7.8784],
			"faces": {
				"north": {"uv": [8.25, 5.5, 8.5, 5.75], "texture": "#1"},
				"east": {"uv": [5.75, 8.25, 6, 8.5], "texture": "#1"},
				"south": {"uv": [8.25, 5.75, 8.5, 6], "texture": "#1"},
				"west": {"uv": [6, 8.25, 6.25, 8.5], "texture": "#1"},
				"up": {"uv": [8.5, 6.25, 8.25, 6], "texture": "#1"},
				"down": {"uv": [6.5, 8.25, 6.25, 8.5], "texture": "#1"}
			}
		},
		{
			"from": [10.1792, 1.856, 6.7648],
			"to": [10.5504, 2.2272, 7.5072],
			"faces": {
				"north": {"uv": [8.25, 6.25, 8.5, 6.5], "texture": "#1"},
				"east": {"uv": [6.5, 8.25, 6.75, 8.5], "texture": "#1"},
				"south": {"uv": [8.25, 6.5, 8.5, 6.75], "texture": "#1"},
				"west": {"uv": [6.75, 8.25, 7, 8.5], "texture": "#1"},
				"up": {"uv": [8.5, 7, 8.25, 6.75], "texture": "#1"},
				"down": {"uv": [7.25, 8.25, 7, 8.5], "texture": "#1"}
			}
		},
		{
			"from": [9.808, 1.856, 6.3936],
			"to": [10.1792, 2.2272, 6.7648],
			"faces": {
				"north": {"uv": [8.25, 7, 8.5, 7.25], "texture": "#1"},
				"east": {"uv": [7.25, 8.25, 7.5, 8.5], "texture": "#1"},
				"south": {"uv": [8.25, 7.25, 8.5, 7.5], "texture": "#1"},
				"west": {"uv": [7.5, 8.25, 7.75, 8.5], "texture": "#1"},
				"up": {"uv": [8.5, 7.75, 8.25, 7.5], "texture": "#1"},
				"down": {"uv": [8, 8.25, 7.75, 8.5], "texture": "#1"}
			}
		},
		{
			"from": [9.4368, 1.856, 6.0224],
			"to": [9.808, 2.2272, 6.3936],
			"faces": {
				"north": {"uv": [8.25, 7.75, 8.5, 8], "texture": "#1"},
				"east": {"uv": [8, 8.25, 8.25, 8.5], "texture": "#1"},
				"south": {"uv": [8.25, 8, 8.5, 8.25], "texture": "#1"},
				"west": {"uv": [8.25, 8.25, 8.5, 8.5], "texture": "#1"},
				"up": {"uv": [0.25, 8.75, 0, 8.5], "texture": "#1"},
				"down": {"uv": [8.75, 0, 8.5, 0.25], "texture": "#1"}
			}
		},
		{
			"from": [9.0656, 1.856, 5.6512],
			"to": [9.4368, 2.2272, 6.0224],
			"faces": {
				"north": {"uv": [0.25, 8.5, 0.5, 8.75], "texture": "#1"},
				"east": {"uv": [8.5, 0.25, 8.75, 0.5], "texture": "#1"},
				"south": {"uv": [0.5, 8.5, 0.75, 8.75], "texture": "#1"},
				"west": {"uv": [8.5, 0.5, 8.75, 0.75], "texture": "#1"},
				"up": {"uv": [1, 8.75, 0.75, 8.5], "texture": "#1"},
				"down": {"uv": [8.75, 0.75, 8.5, 1], "texture": "#1"}
			}
		},
		{
			"from": [8.6944, 1.856, 5.28],
			"to": [9.0656, 2.2272, 5.6512],
			"faces": {
				"north": {"uv": [1, 8.5, 1.25, 8.75], "texture": "#1"},
				"east": {"uv": [8.5, 1, 8.75, 1.25], "texture": "#1"},
				"south": {"uv": [1.25, 8.5, 1.5, 8.75], "texture": "#1"},
				"west": {"uv": [8.5, 1.25, 8.75, 1.5], "texture": "#1"},
				"up": {"uv": [1.75, 8.75, 1.5, 8.5], "texture": "#1"},
				"down": {"uv": [8.75, 1.5, 8.5, 1.75], "texture": "#1"}
			}
		},
		{
			"from": [7.5808, 1.856, 4.5376],
			"to": [7.952, 2.2272, 4.9088],
			"faces": {
				"north": {"uv": [1.75, 8.5, 2, 8.75], "texture": "#1"},
				"east": {"uv": [8.5, 1.75, 8.75, 2], "texture": "#1"},
				"south": {"uv": [2, 8.5, 2.25, 8.75], "texture": "#1"},
				"west": {"uv": [8.5, 2, 8.75, 2.25], "texture": "#1"},
				"up": {"uv": [2.5, 8.75, 2.25, 8.5], "texture": "#1"},
				"down": {"uv": [8.75, 2.25, 8.5, 2.5], "texture": "#1"}
			}
		},
		{
			"from": [7.952, 1.856, 4.9088],
			"to": [8.6944, 2.2272, 5.28],
			"faces": {
				"north": {"uv": [2.5, 8.5, 2.75, 8.75], "texture": "#1"},
				"east": {"uv": [8.5, 2.5, 8.75, 2.75], "texture": "#1"},
				"south": {"uv": [2.75, 8.5, 3, 8.75], "texture": "#1"},
				"west": {"uv": [8.5, 2.75, 8.75, 3], "texture": "#1"},
				"up": {"uv": [3.25, 8.75, 3, 8.5], "texture": "#1"},
				"down": {"uv": [8.75, 3, 8.5, 3.25], "texture": "#1"}
			}
		},
		{
			"from": [5.7248, 1.856, 4.9088],
			"to": [6.4672, 2.2272, 5.28],
			"faces": {
				"north": {"uv": [3.25, 8.5, 3.5, 8.75], "texture": "#1"},
				"east": {"uv": [8.5, 3.25, 8.75, 3.5], "texture": "#1"},
				"south": {"uv": [3.5, 8.5, 3.75, 8.75], "texture": "#1"},
				"west": {"uv": [8.5, 3.5, 8.75, 3.75], "texture": "#1"},
				"up": {"uv": [4, 8.75, 3.75, 8.5], "texture": "#1"},
				"down": {"uv": [8.75, 3.75, 8.5, 4], "texture": "#1"}
			}
		},
		{
			"from": [3.8688, 1.856, 8.992],
			"to": [4.24, 2.2272, 9.7344],
			"faces": {
				"north": {"uv": [4, 8.5, 4.25, 8.75], "texture": "#1"},
				"east": {"uv": [8.5, 4, 8.75, 4.25], "texture": "#1"},
				"south": {"uv": [4.25, 8.5, 4.5, 8.75], "texture": "#1"},
				"west": {"uv": [8.5, 4.25, 8.75, 4.5], "texture": "#1"},
				"up": {"uv": [4.75, 8.75, 4.5, 8.5], "texture": "#1"},
				"down": {"uv": [8.75, 4.5, 8.5, 4.75], "texture": "#1"}
			}
		},
		{
			"from": [3.8688, 1.856, 6.7648],
			"to": [4.24, 2.2272, 7.5072],
			"faces": {
				"north": {"uv": [4.75, 8.5, 5, 8.75], "texture": "#1"},
				"east": {"uv": [8.5, 4.75, 8.75, 5], "texture": "#1"},
				"south": {"uv": [5, 8.5, 5.25, 8.75], "texture": "#1"},
				"west": {"uv": [8.5, 5, 8.75, 5.25], "texture": "#1"},
				"up": {"uv": [5.5, 8.75, 5.25, 8.5], "texture": "#1"},
				"down": {"uv": [8.75, 5.25, 8.5, 5.5], "texture": "#1"}
			}
		},
		{
			"from": [7.75, 8.9375, 6.8125],
			"to": [8.25, 13.0625, 7.1875],
			"rotation": {"angle": 22.5, "axis": "x", "origin": [0, 0, 0]},
			"faces": {
				"north": {"uv": [0, 9, 1, 16], "texture": "#texture"},
				"east": {"uv": [0, 9, 1, 16], "texture": "#texture"},
				"south": {"uv": [0, 9, 1, 16], "texture": "#texture"},
				"west": {"uv": [0, 9, 1, 16], "texture": "#texture"},
				"up": {"uv": [0, 7.5, 1, 8.5], "rotation": 90, "texture": "#texture"},
				"down": {"uv": [1, 8.5, 0, 7.5], "rotation": 270, "texture": "#texture"}
			}
		},
		{
			"from": [7.8125, 9.6875, 5.5],
			"to": [8.1875, 13.125, 8.5],
			"rotation": {"angle": 22.5, "axis": "x", "origin": [0, 0, 0]},
			"faces": {
				"north": {"uv": [5, 9.5, 5.5, 16], "texture": "#texture"},
				"east": {"uv": [1.5, 9.5, 4.5, 16], "texture": "#texture"},
				"south": {"uv": [5, 9.5, 5.5, 16], "texture": "#texture"},
				"west": {"uv": [1.5, 9.5, 4.5, 16], "texture": "#texture"},
				"up": {"uv": [1.5, 8.5, 4.5, 9], "rotation": 90, "texture": "#texture"},
				"down": {"uv": [4.5, 9, 1.5, 8.5], "rotation": 270, "texture": "#texture"}
			}
		},
		{
			"from": [7.875, 14, 5.8125],
			"to": [8.1875, 14.875, 8.1875],
			"rotation": {"angle": 22.5, "axis": "x", "origin": [0, 0, 0]},
			"faces": {
				"north": {"uv": [5, 9.5, 5.5, 16], "texture": "#texture"},
				"east": {"uv": [1.5, 12.5, 4.5, 16], "texture": "#texture"},
				"south": {"uv": [5, 9.5, 5.5, 16], "texture": "#texture"},
				"west": {"uv": [1.5, 12.5, 4.5, 16], "texture": "#texture"},
				"up": {"uv": [1.5, 8.5, 4.5, 9], "rotation": 90, "texture": "#texture"},
				"down": {"uv": [4.5, 9, 1.5, 8.5], "rotation": 270, "texture": "#texture"}
			}
		},
		{
			"from": [7.875, 13.125, 5.625],
			"to": [8.1875, 14, 8.375],
			"rotation": {"angle": 22.5, "axis": "x", "origin": [0, 0, 0]},
			"faces": {
				"north": {"uv": [5, 9.5, 5.5, 16], "texture": "#texture"},
				"east": {"uv": [1.5, 12.5, 4.5, 16], "texture": "#texture"},
				"south": {"uv": [5, 9.5, 5.5, 16], "texture": "#texture"},
				"west": {"uv": [1.5, 12.5, 4.5, 16], "texture": "#texture"},
				"up": {"uv": [1.5, 8.5, 4.5, 9], "rotation": 90, "texture": "#texture"},
				"down": {"uv": [4.5, 9, 1.5, 8.5], "rotation": 270, "texture": "#texture"}
			}
		},
		{
			"from": [7.9375, 14.875, 6],
			"to": [8.1875, 15.75, 8],
			"rotation": {"angle": 22.5, "axis": "x", "origin": [0, 0, 0]},
			"faces": {
				"north": {"uv": [5, 9.5, 5.5, 16], "texture": "#texture"},
				"east": {"uv": [1.5, 12.5, 4.5, 16], "texture": "#texture"},
				"south": {"uv": [5, 9.5, 5.5, 16], "texture": "#texture"},
				"west": {"uv": [1.5, 12.5, 4.5, 16], "texture": "#texture"},
				"up": {"uv": [1.5, 8.5, 4.5, 9], "rotation": 90, "texture": "#texture"},
				"down": {"uv": [4.5, 9, 1.5, 8.5], "rotation": 270, "texture": "#texture"}
			}
		},
		{
			"from": [8, 15.75, 6.375],
			"to": [8.1875, 16.625, 7.6875],
			"rotation": {"angle": 22.5, "axis": "x", "origin": [0, 0, 0]},
			"faces": {
				"north": {"uv": [5, 9.5, 5.5, 16], "texture": "#texture"},
				"east": {"uv": [1.5, 12.5, 4.5, 16], "texture": "#texture"},
				"south": {"uv": [5, 9.5, 5.5, 16], "texture": "#texture"},
				"west": {"uv": [1.5, 12.5, 4.5, 16], "texture": "#texture"},
				"up": {"uv": [1.5, 8.5, 4.5, 9], "rotation": 90, "texture": "#texture"},
				"down": {"uv": [4.5, 9, 1.5, 8.5], "rotation": 270, "texture": "#texture"}
			}
		},
		{
			"from": [8.0625, 16.625, 6.75],
			"to": [8.1875, 17.5, 7.3125],
			"rotation": {"angle": 22.5, "axis": "x", "origin": [0, 0, 0]},
			"faces": {
				"north": {"uv": [5, 9.5, 5.5, 16], "texture": "#texture"},
				"east": {"uv": [1.5, 12.5, 4.5, 16], "texture": "#texture"},
				"south": {"uv": [5, 9.5, 5.5, 16], "texture": "#texture"},
				"west": {"uv": [1.5, 12.5, 4.5, 16], "texture": "#texture"},
				"up": {"uv": [1.5, 8.5, 4.5, 9], "rotation": 90, "texture": "#texture"},
				"down": {"uv": [4.5, 9, 1.5, 8.5], "rotation": 270, "texture": "#texture"}
			}
		},
		{
			"from": [7.8125, 9.125, 5.8125],
			"to": [8.1875, 9.6875, 8.1875],
			"rotation": {"angle": 22.5, "axis": "x", "origin": [0, 0, 0]},
			"faces": {
				"north": {"uv": [5, 9.5, 5.5, 16], "texture": "#texture"},
				"east": {"uv": [1.5, 9.5, 4.5, 16], "texture": "#texture"},
				"south": {"uv": [5, 9.5, 5.5, 16], "texture": "#texture"},
				"west": {"uv": [1.5, 9.5, 4.5, 16], "texture": "#texture"},
				"up": {"uv": [1.5, 8.5, 4.5, 9], "rotation": 90, "texture": "#texture"},
				"down": {"uv": [4.5, 9, 1.5, 8.5], "rotation": 270, "texture": "#texture"}
			}
		},
		{
			"from": [7.8125, 8.8125, 6.5],
			"to": [8.1875, 9.125, 7.5],
			"rotation": {"angle": 22.5, "axis": "x", "origin": [0, 0, 0]},
			"faces": {
				"north": {"uv": [5, 9.5, 5.5, 16], "texture": "#texture"},
				"east": {"uv": [1.5, 9.5, 4.5, 16], "texture": "#texture"},
				"south": {"uv": [5, 9.5, 5.5, 16], "texture": "#texture"},
				"west": {"uv": [1.5, 9.5, 4.5, 16], "texture": "#texture"},
				"up": {"uv": [1.5, 8.5, 4.5, 9], "rotation": 90, "texture": "#texture"},
				"down": {"uv": [4.5, 9, 1.5, 8.5], "rotation": 270, "texture": "#texture"}
			}
		},
		{
			"from": [7.8125, 8.25, 6.8125],
			"to": [8.25, 8.9375, 7.1875],
			"rotation": {"angle": 22.5, "axis": "x", "origin": [0, 0, 0]},
			"faces": {
				"north": {"uv": [0, 9, 1, 16], "texture": "#texture"},
				"east": {"uv": [0, 9, 1, 16], "texture": "#texture"},
				"south": {"uv": [0, 9, 1, 16], "texture": "#texture"},
				"west": {"uv": [0, 9, 1, 16], "texture": "#texture"},
				"up": {"uv": [0, 7.5, 1, 8.5], "rotation": 90, "texture": "#texture"},
				"down": {"uv": [1, 8.5, 0, 7.5], "rotation": 270, "texture": "#texture"}
			}
		},
		{
			"from": [7.9375, 7.375, 6.875],
			"to": [8.25, 8.25, 7.125],
			"rotation": {"angle": 22.5, "axis": "x", "origin": [0, 0, 0]},
			"faces": {
				"north": {"uv": [0, 9, 1, 16], "texture": "#texture"},
				"east": {"uv": [0, 9, 1, 16], "texture": "#texture"},
				"south": {"uv": [0, 9, 1, 16], "texture": "#texture"},
				"west": {"uv": [0, 9, 1, 16], "texture": "#texture"},
				"up": {"uv": [0, 7.5, 1, 8.5], "rotation": 90, "texture": "#texture"},
				"down": {"uv": [1, 8.5, 0, 7.5], "rotation": 270, "texture": "#texture"}
			}
		},
		{
			"from": [8.0625, 6.5, 6.875],
			"to": [8.25, 7.375, 7.125],
			"rotation": {"angle": 22.5, "axis": "x", "origin": [0, 0, 0]},
			"faces": {
				"north": {"uv": [0, 9, 1, 16], "texture": "#texture"},
				"east": {"uv": [0, 9, 1, 16], "texture": "#texture"},
				"south": {"uv": [0, 9, 1, 16], "texture": "#texture"},
				"west": {"uv": [0, 9, 1, 16], "texture": "#texture"},
				"up": {"uv": [0, 7.5, 1, 8.5], "rotation": 90, "texture": "#texture"},
				"down": {"uv": [1, 8.5, 0, 7.5], "rotation": 270, "texture": "#texture"}
			}
		},
		{
			"from": [7.8125, 13.0625, 6.875],
			"to": [8.25, 14.8125, 7.125],
			"rotation": {"angle": 22.5, "axis": "x", "origin": [0, 0, 0]},
			"faces": {
				"north": {"uv": [0, 9, 1, 16], "texture": "#texture"},
				"east": {"uv": [0, 9, 1, 16], "texture": "#texture"},
				"south": {"uv": [0, 9, 1, 16], "texture": "#texture"},
				"west": {"uv": [0, 9, 1, 16], "texture": "#texture"},
				"up": {"uv": [0, 7.5, 1, 8.5], "rotation": 90, "texture": "#texture"},
				"down": {"uv": [1, 8.5, 0, 7.5], "rotation": 270, "texture": "#texture"}
			}
		},
		{
			"from": [7.875, 14.8125, 6.9375],
			"to": [8.25, 15.875, 7.0625],
			"rotation": {"angle": 22.5, "axis": "x", "origin": [0, 0, 0]},
			"faces": {
				"north": {"uv": [0, 9, 1, 16], "texture": "#texture"},
				"east": {"uv": [0, 9, 1, 16], "texture": "#texture"},
				"south": {"uv": [0, 9, 1, 16], "texture": "#texture"},
				"west": {"uv": [0, 9, 1, 16], "texture": "#texture"},
				"up": {"uv": [0, 7.5, 1, 8.5], "rotation": 90, "texture": "#texture"},
				"down": {"uv": [1, 8.5, 0, 7.5], "rotation": 270, "texture": "#texture"}
			}
		},
		{
			"from": [7.9375, 15.875, 6.9375],
			"to": [8.25, 16.3125, 7.0625],
			"rotation": {"angle": 22.5, "axis": "x", "origin": [0, 0, 0]},
			"faces": {
				"north": {"uv": [0, 9, 1, 16], "texture": "#texture"},
				"east": {"uv": [0, 9, 1, 16], "texture": "#texture"},
				"south": {"uv": [0, 9, 1, 16], "texture": "#texture"},
				"west": {"uv": [0, 9, 1, 16], "texture": "#texture"},
				"up": {"uv": [0, 7.5, 1, 8.5], "rotation": 90, "texture": "#texture"},
				"down": {"uv": [1, 8.5, 0, 7.5], "rotation": 270, "texture": "#texture"}
			}
		}
	],
	"display": {
		"thirdperson_righthand": {
			"translation": [0.75, 8, 0.75]
		},
		"thirdperson_lefthand": {
			"translation": [0.75, 8, 0.75]
		},
		"ground": {
			"translation": [0, 3, 0]
		},
		"gui": {
			"rotation": [0, -66, 0],
			"translation": [0, 1.75, 0]
		},
		"head": {
			"translation": [0.75, 14, 0]
		},
		"fixed": {
			"rotation": [-91, 0, 0],
			"translation": [-5.75, 6, -8.25]
		}
	},
	"groups": [
		{
			"name": "Ink Well",
			"origin": [0, 0, 0],
			"color": 0,
			"children": [
				0,
				1,
				2,
				3,
				4,
				5,
				6,
				7,
				8,
				9,
				10,
				11,
				12,
				13,
				14,
				15,
				16,
				17,
				18,
				19,
				20,
				21,
				22,
				23,
				24,
				25,
				26,
				27,
				28,
				29,
				30,
				31,
				32,
				33,
				34,
				35,
				36,
				37,
				38,
				39,
				40,
				41,
				42,
				43,
				44,
				45,
				46,
				47,
				48,
				49,
				50,
				51,
				52,
				53,
				54,
				55,
				56,
				57,
				58,
				59,
				60,
				61,
				62,
				63,
				64,
				65,
				66,
				67,
				68,
				69,
				70,
				71,
				72,
				73,
				74,
				75,
				76,
				77,
				78,
				79,
				80,
				81,
				82,
				83,
				84,
				85,
				86,
				87,
				88,
				89,
				90,
				91,
				92,
				93,
				94,
				95,
				96,
				97,
				98,
				99,
				100,
				101,
				102,
				103,
				104,
				105,
				106,
				107,
				108,
				109,
				110,
				111,
				112,
				113,
				114,
				115,
				116,
				117,
				118,
				119,
				120,
				121,
				122,
				123,
				124,
				125,
				126,
				127,
				128,
				129,
				130,
				131,
				132,
				133,
				134,
				135,
				136,
				137,
				138,
				139,
				140,
				141,
				142,
				143,
				144,
				145,
				146,
				147,
				148,
				149,
				150,
				151,
				152,
				153,
				154,
				155,
				156,
				157,
				158,
				159,
				160,
				161,
				162,
				163,
				164,
				165,
				166,
				167,
				168,
				169,
				170,
				171,
				172,
				173,
				174,
				175,
				176,
				177,
				178,
				179,
				180,
				181
			]
		},
		{
			"name": "feather",
			"origin": [8, 8, 8],
			"color": 0,
			"children": [182, 183, 184, 185, 186, 187, 188, 189, 190, 191, 192, 193, 194, 195, 196]
		}
	]
}