{
	"credit": "Made with Blockbench",
	"texture_size": [64, 32],
	"textures": {
		"1": "block/special/skeleton",
		"2": "block/light_gray_concrete_powder",
		"4": "block/side_birch_planks",
		"particle": "block/light_gray_concrete_powder"
	},
	"elements": [
		{
			"name": "Body",
			"from": [4, -0.6, 6],
			"to": [12, 11.4, 10],
			"rotation": {"angle": 0, "axis": "y", "origin": [8, -12.6, 8]},
			"faces": {
				"north": {"uv": [5, 10, 7, 16], "texture": "#1"},
				"east": {"uv": [4, 10, 5, 16], "texture": "#1"},
				"south": {"uv": [8, 10, 10, 16], "texture": "#1"},
				"west": {"uv": [7, 10, 8, 16], "texture": "#1"},
				"up": {"uv": [7, 10, 5, 8], "texture": "#1"},
				"down": {"uv": [9, 8, 7, 10], "texture": "#1"}
			}
		},
		{
			"name": "Head",
			"from": [3.975, 11.925, 4],
			"to": [11.975, 18.925, 12],
			"rotation": {"angle": 0, "axis": "y", "origin": [7.975, -13.075, 8]},
			"faces": {
				"north": {"uv": [2, 4, 4, 7.5], "texture": "#1"},
				"east": {"uv": [0, 4, 2, 7.5], "texture": "#1"},
				"south": {"uv": [6, 4, 8, 7.5], "texture": "#1"},
				"west": {"uv": [4, 4, 6, 7.5], "texture": "#1"},
				"up": {"uv": [4, 4, 2, 0], "texture": "#1"},
				"down": {"uv": [6, 0, 4, 4], "texture": "#1"}
			}
		},
		{
			"from": [7.85, 7.125, 4.75],
			"to": [8.5, 9.8, 5.7],
			"rotation": {"angle": 0, "axis": "y", "origin": [6.75, 24.475, -0.975]},
			"faces": {
				"north": {"uv": [5.25, 4.5, 5.25, 5.5], "texture": "#4"},
				"east": {"uv": [5.25, 4.5, 5.25, 5.5], "texture": "#4"},
				"south": {"uv": [5.25, 4.5, 5.25, 5.5], "texture": "#4"},
				"west": {"uv": [5.25, 4.5, 5.25, 5.5], "texture": "#4"},
				"up": {"uv": [5.25, 4.5, 5.25, 4.5], "texture": "#4"},
				"down": {"uv": [5.25, 4.5, 5.25, 4.5], "texture": "#4"}
			}
		},
		{
			"from": [6.35, 6.45, 4.75],
			"to": [10.1, 7.125, 5.7],
			"rotation": {"angle": 0, "axis": "y", "origin": [6.75, 24.475, -0.975]},
			"faces": {
				"north": {"uv": [7.75, 10.5, 8.5, 10.5], "texture": "#2"},
				"east": {"uv": [7.75, 10.5, 7.75, 10.5], "texture": "#2"},
				"south": {"uv": [8.5, 10.5, 9.25, 10.5], "texture": "#2"},
				"west": {"uv": [8.5, 10.5, 8.5, 10.5], "texture": "#2"},
				"up": {"uv": [8.5, 10.5, 7.75, 10.5], "texture": "#2"},
				"down": {"uv": [9.25, 10.5, 8.5, 10.5], "texture": "#2"}
			}
		},
		{
			"from": [7.1, 6.1, 4.75],
			"to": [9.225, 6.45, 5.7],
			"rotation": {"angle": 0, "axis": "y", "origin": [6.75, 24.475, -0.975]},
			"faces": {
				"north": {"uv": [8, 10.5, 8.5, 10.5], "texture": "#2"},
				"east": {"uv": [8, 10.5, 8, 10.5], "texture": "#2"},
				"south": {"uv": [8.5, 10.5, 9, 10.5], "texture": "#2"},
				"west": {"uv": [8.5, 10.5, 8.5, 10.5], "texture": "#2"},
				"up": {"uv": [8.5, 10.5, 8, 10.5], "texture": "#2"},
				"down": {"uv": [9, 10.5, 8.5, 10.5], "texture": "#2"}
			}
		},
		{
			"from": [7.425, -6.825, 5.05],
			"to": [8.925, 6.1, 5.425],
			"rotation": {"angle": 0, "axis": "y", "origin": [6.75, 24.475, -0.975]},
			"faces": {
				"north": {"uv": [9, 11.5, 9.25, 17.5], "texture": "#2"},
				"east": {"uv": [9, 11.5, 9, 17.5], "texture": "#2"},
				"south": {"uv": [9.25, 11.5, 9.5, 17.5], "texture": "#2"},
				"west": {"uv": [9.25, 11.5, 9.25, 17.5], "texture": "#2"},
				"up": {"uv": [9.25, 11.5, 9, 11.5], "texture": "#2"},
				"down": {"uv": [9.5, 11.5, 9.25, 11.5], "texture": "#2"}
			}
		},
		{
			"from": [7.425, -7.7, 5.05],
			"to": [8.9, -6.825, 5.425],
			"rotation": {"angle": 0, "axis": "y", "origin": [6.75, 24.475, -0.975]},
			"faces": {
				"north": {"uv": [9.25, 11.5, 9.5, 11.5], "texture": "#2"},
				"east": {"uv": [9.25, 11.5, 9.25, 11.5], "texture": "#2"},
				"south": {"uv": [9.5, 11.5, 9.75, 11.5], "texture": "#2"},
				"west": {"uv": [9.5, 11.5, 9.5, 11.5], "texture": "#2"},
				"up": {"uv": [9.5, 11.5, 9.25, 11.5], "texture": "#2"},
				"down": {"uv": [9.75, 11.5, 9.5, 11.5], "texture": "#2"}
			}
		},
		{
			"from": [7.675, -8.1, 5.075],
			"to": [8.625, -7.7, 5.4],
			"rotation": {"angle": 0, "axis": "y", "origin": [6.75, 24.475, -0.975]},
			"faces": {
				"north": {"uv": [10, 12.5, 10, 12.5], "texture": "#2"},
				"east": {"uv": [10, 12.5, 10, 12.5], "texture": "#2"},
				"south": {"uv": [10, 12.5, 10, 12.5], "texture": "#2"},
				"west": {"uv": [10, 12.5, 10, 12.5], "texture": "#2"},
				"up": {"uv": [10, 12.5, 10, 12.5], "texture": "#2"},
				"down": {"uv": [10, 12.5, 10, 12.5], "texture": "#2"}
			}
		},
		{
			"from": [7.925, -8.375, 5.125],
			"to": [8.325, -8.1, 5.35],
			"rotation": {"angle": 0, "axis": "y", "origin": [6.75, 24.475, -0.975]},
			"faces": {
				"north": {"uv": [10.5, 12.5, 10.5, 12.5], "texture": "#2"},
				"east": {"uv": [10.5, 12.5, 10.5, 12.5], "texture": "#2"},
				"south": {"uv": [10.5, 12.5, 10.5, 12.5], "texture": "#2"},
				"west": {"uv": [10.5, 12.5, 10.5, 12.5], "texture": "#2"},
				"up": {"uv": [10.5, 12.5, 10.5, 12.5], "texture": "#2"},
				"down": {"uv": [10.5, 12.5, 10.5, 12.5], "texture": "#2"}
			}
		},
		{
			"from": [7.375, -6.825, 5.15],
			"to": [9.025, 6.1, 5.325],
			"rotation": {"angle": 0, "axis": "y", "origin": [6.75, 24.475, -0.975]},
			"faces": {
				"north": {"uv": [9.5, 12.5, 9.75, 18.5], "texture": "#2"},
				"east": {"uv": [9.5, 12.5, 9.5, 18.5], "texture": "#2"},
				"south": {"uv": [9.75, 12.5, 10, 18.5], "texture": "#2"},
				"west": {"uv": [9.75, 12.5, 9.75, 18.5], "texture": "#2"},
				"up": {"uv": [9.75, 12.5, 9.5, 12.5], "texture": "#2"},
				"down": {"uv": [10, 12.5, 9.75, 12.5], "texture": "#2"}
			}
		},
		{
			"from": [7.325, -6.825, 5.225],
			"to": [9.1, 6.1, 5.275],
			"rotation": {"angle": 0, "axis": "y", "origin": [6.75, 24.475, -0.975]},
			"faces": {
				"north": {"uv": [10, 13.5, 10.25, 19.5], "texture": "#2"},
				"east": {"uv": [10, 13.5, 10, 19.5], "texture": "#2"},
				"south": {"uv": [10.25, 13.5, 10.5, 19.5], "texture": "#2"},
				"west": {"uv": [10.25, 13.5, 10.25, 19.5], "texture": "#2"},
				"up": {"uv": [10.25, 13.5, 10, 13.5], "texture": "#2"},
				"down": {"uv": [10.5, 13.5, 10.25, 13.5], "texture": "#2"}
			}
		},
		{
			"from": [7.5, -7.375, 5],
			"to": [8.1, 6.1, 5.475],
			"rotation": {"angle": 0, "axis": "y", "origin": [6.4, 24.475, -0.975]},
			"faces": {
				"north": {"uv": [9, 11.5, 9, 18], "texture": "#2"},
				"east": {"uv": [9, 11.5, 9, 18], "texture": "#2"},
				"south": {"uv": [9, 11.5, 9, 18], "texture": "#2"},
				"west": {"uv": [9, 11.5, 9, 18], "texture": "#2"},
				"up": {"uv": [9, 11.5, 9, 11.5], "texture": "#2"},
				"down": {"uv": [9, 11.5, 9, 11.5], "texture": "#2"}
			}
		},
		{
			"from": [8.25, -7.375, 5],
			"to": [8.85, 6.1, 5.475],
			"rotation": {"angle": 0, "axis": "y", "origin": [7.15, 24.475, -0.975]},
			"faces": {
				"north": {"uv": [9, 11.5, 9, 18], "texture": "#2"},
				"east": {"uv": [9, 11.5, 9, 18], "texture": "#2"},
				"south": {"uv": [9, 11.5, 9, 18], "texture": "#2"},
				"west": {"uv": [9, 11.5, 9, 18], "texture": "#2"},
				"up": {"uv": [9, 11.5, 9, 11.5], "texture": "#2"},
				"down": {"uv": [9, 11.5, 9, 11.5], "texture": "#2"}
			}
		},
		{
			"from": [5.875, 6.675, 4.575],
			"to": [10.5, 7.075, 5.7],
			"rotation": {"angle": 0, "axis": "y", "origin": [6.75, 24.475, -0.975]},
			"faces": {
				"north": {"uv": [8, 11, 9, 11], "texture": "#2"},
				"east": {"uv": [7.75, 11, 8, 11], "texture": "#2"},
				"south": {"uv": [9.25, 11, 10.25, 11], "texture": "#2"},
				"west": {"uv": [9, 11, 9.25, 11], "texture": "#2"},
				"up": {"uv": [9, 11, 8, 10.5], "texture": "#2"},
				"down": {"uv": [10, 10.5, 9, 11], "texture": "#2"}
			}
		},
		{
			"from": [7.625, 9.8, 4.625],
			"to": [8.75, 10.225, 5.7],
			"rotation": {"angle": 0, "axis": "y", "origin": [6.75, 24.475, -0.975]},
			"faces": {
				"north": {"uv": [8.25, 11, 8.5, 11], "texture": "#2"},
				"east": {"uv": [8, 11, 8.25, 11], "texture": "#2"},
				"south": {"uv": [8.75, 11, 9, 11], "texture": "#2"},
				"west": {"uv": [8.5, 11, 8.75, 11], "texture": "#2"},
				"up": {"uv": [8.5, 11, 8.25, 10.5], "texture": "#2"},
				"down": {"uv": [8.75, 10.5, 8.5, 11], "texture": "#2"}
			}
		},
		{
			"from": [7.9, 10.225, 4.825],
			"to": [8.45, 10.4, 5.6],
			"rotation": {"angle": 0, "axis": "y", "origin": [6.75, 24.475, -0.975]},
			"faces": {
				"north": {"uv": [8.75, 11.5, 8.75, 11.5], "texture": "#2"},
				"east": {"uv": [8.75, 11.5, 8.75, 11.5], "texture": "#2"},
				"south": {"uv": [8.75, 11.5, 8.75, 11.5], "texture": "#2"},
				"west": {"uv": [8.75, 11.5, 8.75, 11.5], "texture": "#2"},
				"up": {"uv": [8.75, 11.5, 8.75, 11.5], "texture": "#2"},
				"down": {"uv": [8.75, 11.5, 8.75, 11.5], "texture": "#2"}
			}
		},
		{
			"name": "RightArm",
			"from": [12, -0.6, 7],
			"to": [14, 11.4, 9],
			"rotation": {"angle": 0, "axis": "y", "origin": [8, -12.6, 8]},
			"faces": {
				"north": {"uv": [10.5, 9, 11, 15], "texture": "#1"},
				"east": {"uv": [10, 9, 10.5, 15], "texture": "#1"},
				"south": {"uv": [11.5, 9, 12, 15], "texture": "#1"},
				"west": {"uv": [11, 9, 11.5, 15], "texture": "#1"},
				"up": {"uv": [11, 9, 10.5, 8], "texture": "#1"},
				"down": {"uv": [11.5, 8, 11, 9], "texture": "#1"}
			}
		},
		{
			"name": "LeftArm",
			"from": [2, -0.6, 6.625],
			"to": [4, 11.4, 8.625],
			"rotation": {"angle": 0, "axis": "z", "origin": [8, -12.6, 7.625]},
			"faces": {
				"north": {"uv": [11, 9, 10.5, 15], "texture": "#1"},
				"east": {"uv": [11.5, 9, 11, 15], "texture": "#1"},
				"south": {"uv": [12, 9, 11.5, 15], "texture": "#1"},
				"west": {"uv": [10.5, 9, 10, 15], "texture": "#1"},
				"up": {"uv": [10.5, 9, 11, 8], "texture": "#1"},
				"down": {"uv": [11, 8, 11.5, 9], "texture": "#1"}
			}
		},
		{
			"name": "RightLeg",
			"from": [9, -12.6, 7],
			"to": [11, -0.6, 9],
			"rotation": {"angle": 0, "axis": "y", "origin": [8, -12.6, 8]},
			"faces": {
				"north": {"uv": [0.5, 9, 1, 15], "texture": "#1"},
				"east": {"uv": [0, 9, 0.5, 15], "texture": "#1"},
				"south": {"uv": [1.5, 9, 2, 15], "texture": "#1"},
				"west": {"uv": [1, 9, 1.5, 15], "texture": "#1"},
				"up": {"uv": [1, 9, 0.5, 8], "texture": "#1"},
				"down": {"uv": [1.5, 8, 1, 9], "texture": "#1"}
			}
		},
		{
			"name": "LeftLeg",
			"from": [5, -12.6, 7],
			"to": [7, -0.6, 9],
			"rotation": {"angle": 0, "axis": "y", "origin": [8, -12.6, 8]},
			"faces": {
				"north": {"uv": [1, 9, 0.5, 15], "texture": "#1"},
				"east": {"uv": [1.5, 9, 1, 15], "texture": "#1"},
				"south": {"uv": [2, 9, 1.5, 15], "texture": "#1"},
				"west": {"uv": [0.5, 9, 0, 15], "texture": "#1"},
				"up": {"uv": [0.5, 9, 1, 8], "texture": "#1"},
				"down": {"uv": [1, 8, 1.5, 9], "texture": "#1"}
			}
		},
		{
			"from": [4.17704, 16.13624, 10.46256],
			"to": [11.8356, 18.51855, 12.03504],
			"rotation": {"angle": 0, "axis": "y", "origin": [-1.18104, 14.60686, -4.38864]},
			"faces": {
				"north": {"uv": [0, 0, 0, 0], "texture": "#2"},
				"east": {"uv": [0, 0, 0, 0], "texture": "#2"},
				"south": {"uv": [0, 0, 0, 0], "texture": "#2"},
				"west": {"uv": [0, 0, 0, 0], "texture": "#2"},
				"up": {"uv": [0, 0, 0, 0], "texture": "#2"},
				"down": {"uv": [0, 0, 0, 0], "texture": "#2"}
			}
		},
		{
			"from": [4.46824, 15.69507, 10.17136],
			"to": [11.48616, 19.51853, 11.48176],
			"rotation": {"angle": 0, "axis": "y", "origin": [-1.18104, 14.60686, -4.38864]},
			"faces": {
				"north": {"uv": [0, 0, 0, 0], "texture": "#2"},
				"east": {"uv": [0, 0, 0, 0], "texture": "#2"},
				"south": {"uv": [0, 0, 0, 0], "texture": "#2"},
				"west": {"uv": [0, 0, 0, 0], "texture": "#2"},
				"up": {"uv": [0, 0, 0, 0], "texture": "#2"},
				"down": {"uv": [0, 0, 0, 0], "texture": "#2"}
			}
		},
		{
			"from": [4.5556, 22.6067, 5.5704],
			"to": [11.31144, 24.6949, 8.56976],
			"rotation": {"angle": 22.5, "axis": "x", "origin": [-1.18104, 14.13628, -4.38864]},
			"faces": {
				"north": {"uv": [0, 0, 0, 0], "texture": "#2"},
				"east": {"uv": [0, 0, 0, 0], "texture": "#2"},
				"south": {"uv": [0, 0, 0, 0], "texture": "#2"},
				"west": {"uv": [0, 0, 0, 0], "texture": "#2"},
				"up": {"uv": [0, 0, 0, 0], "texture": "#2"},
				"down": {"uv": [0, 0, 0, 0], "texture": "#2"}
			}
		},
		{
			"from": [4.78856, 24.63607, 5.91984],
			"to": [10.962, 25.13607, 8.36592],
			"rotation": {"angle": 22.5, "axis": "x", "origin": [-1.18104, 14.34215, -4.38864]},
			"faces": {
				"north": {"uv": [0, 0, 0, 0], "texture": "#2"},
				"east": {"uv": [0, 0, 0, 0], "texture": "#2"},
				"south": {"uv": [0, 0, 0, 0], "texture": "#2"},
				"west": {"uv": [0, 0, 0, 0], "texture": "#2"},
				"up": {"uv": [0, 0, 0, 0], "texture": "#2"},
				"down": {"uv": [0, 0, 0, 0], "texture": "#2"}
			}
		},
		{
			"from": [4.43912, 5.93055, 8.8148],
			"to": [11.51528, 7.75405, 10.1252],
			"rotation": {"angle": -22.5, "axis": "x", "origin": [-1.18104, 14.1951, -4.8716]},
			"faces": {
				"north": {"uv": [0, 0, 0, 0], "texture": "#2"},
				"east": {"uv": [0, 0, 0, 0], "texture": "#2"},
				"south": {"uv": [0, 0, 0, 0], "texture": "#2"},
				"west": {"uv": [0, 0, 0, 0], "texture": "#2"},
				"up": {"uv": [0, 0, 0, 0], "texture": "#2"},
				"down": {"uv": [0, 0, 0, 0], "texture": "#2"}
			}
		},
		{
			"from": [4.64296, -0.03992, 5.08744],
			"to": [11.22408, 2.16592, 6.45608],
			"rotation": {"angle": -45, "axis": "x", "origin": [-1.18104, 14.1951, -4.8716]},
			"faces": {
				"north": {"uv": [0, 0, 0, 0], "texture": "#2"},
				"east": {"uv": [0, 0, 0, 0], "texture": "#2"},
				"south": {"uv": [0, 0, 0, 0], "texture": "#2"},
				"west": {"uv": [0, 0, 0, 0], "texture": "#2"},
				"up": {"uv": [0, 0, 0, 0], "texture": "#2"},
				"down": {"uv": [0, 0, 0, 0], "texture": "#2"}
			}
		},
		{
			"from": [4.73032, 18.34208, 11.37736],
			"to": [11.13672, 19.31265, 12.25096],
			"rotation": {"angle": 22.5, "axis": "x", "origin": [-1.18104, 14.1951, -4.8716]},
			"faces": {
				"north": {"uv": [0, 0, 0, 0], "rotation": 180, "texture": "#2"},
				"east": {"uv": [0, 0, 0, 0], "rotation": 90, "texture": "#2"},
				"south": {"uv": [0, 0, 0, 0], "texture": "#2"},
				"west": {"uv": [0, 0, 0, 0], "rotation": 270, "texture": "#2"},
				"up": {"uv": [0, 0, 0, 0], "texture": "#2"},
				"down": {"uv": [0, 0, 0, 0], "rotation": 180, "texture": "#2"}
			}
		},
		{
			"from": [4.58472, 18.34208, 11.37736],
			"to": [11.34056, 18.98912, 12.83336],
			"rotation": {"angle": 22.5, "axis": "x", "origin": [-1.18104, 14.1951, -4.8716]},
			"faces": {
				"north": {"uv": [0, 0, 0, 0], "rotation": 180, "texture": "#2"},
				"east": {"uv": [0, 0, 0, 0], "rotation": 90, "texture": "#2"},
				"south": {"uv": [0, 0, 0, 0], "texture": "#2"},
				"west": {"uv": [0, 0, 0, 0], "rotation": 270, "texture": "#2"},
				"up": {"uv": [0, 0, 0, 0], "texture": "#2"},
				"down": {"uv": [0, 0, 0, 0], "rotation": 180, "texture": "#2"}
			}
		},
		{
			"from": [4.78856, 18.28326, 11.37736],
			"to": [11.19496, 18.72442, 13.41576],
			"rotation": {"angle": 22.5, "axis": "x", "origin": [-1.18104, 14.1951, -4.8716]},
			"faces": {
				"north": {"uv": [0, 0, 0, 0], "rotation": 180, "texture": "#2"},
				"east": {"uv": [0, 0, 0, 0], "rotation": 90, "texture": "#2"},
				"south": {"uv": [0, 0, 0, 0], "texture": "#2"},
				"west": {"uv": [0, 0, 0, 0], "rotation": 270, "texture": "#2"},
				"up": {"uv": [0, 0, 0, 0], "texture": "#2"},
				"down": {"uv": [0, 0, 0, 0], "rotation": 180, "texture": "#2"}
			}
		},
		{
			"from": [5.02152, 5.81291, 8.84392],
			"to": [10.90376, 9.28343, 10.62024],
			"rotation": {"angle": -22.5, "axis": "x", "origin": [-1.38488, 14.1951, -4.8716]},
			"faces": {
				"north": {"uv": [0, 0, 0, 0], "texture": "#2"},
				"east": {"uv": [0, 0, 0, 0], "texture": "#2"},
				"south": {"uv": [0, 0, 0, 0], "texture": "#2"},
				"west": {"uv": [0, 0, 0, 0], "texture": "#2"},
				"up": {"uv": [0, 0, 0, 0], "texture": "#2"},
				"down": {"uv": [0, 0, 0, 0], "texture": "#2"}
			}
		},
		{
			"from": [5.45832, 13.48923, 11.80208],
			"to": [10.64168, 16.75387, 11.94768],
			"rotation": {"angle": 0, "axis": "y", "origin": [-1.38488, 14.1951, -4.6216]},
			"faces": {
				"north": {"uv": [0, 0, 0, 0], "texture": "#2"},
				"east": {"uv": [0, 0, 0, 0], "texture": "#2"},
				"south": {"uv": [0, 0, 0, 0], "texture": "#2"},
				"west": {"uv": [0, 0, 0, 0], "texture": "#2"},
				"up": {"uv": [0, 0, 0, 0], "texture": "#2"},
				"down": {"uv": [0, 0, 0, 0], "texture": "#2"}
			}
		},
		{
			"from": [4.81768, 16.43035, 12.03504],
			"to": [10.87464, 17.95973, 12.18064],
			"rotation": {"angle": 0, "axis": "y", "origin": [-1.38488, 14.60686, -4.38864]},
			"faces": {
				"north": {"uv": [0, 0, 0, 0], "texture": "#2"},
				"east": {"uv": [0, 0, 0, 0], "texture": "#2"},
				"south": {"uv": [0, 0, 0, 0], "texture": "#2"},
				"west": {"uv": [0, 0, 0, 0], "texture": "#2"},
				"up": {"uv": [0, 0, 0, 0], "texture": "#2"},
				"down": {"uv": [0, 0, 0, 0], "texture": "#2"}
			}
		},
		{
			"from": [4.64296, 0.34242, 4.85448],
			"to": [11.22408, 1.25417, 5.23304],
			"rotation": {"angle": -45, "axis": "x", "origin": [-1.18104, 14.1951, -4.8716]},
			"faces": {
				"north": {"uv": [0, 0, 0, 0], "texture": "#2"},
				"east": {"uv": [0, 0, 0, 0], "texture": "#2"},
				"south": {"uv": [0, 0, 0, 0], "texture": "#2"},
				"west": {"uv": [0, 0, 0, 0], "texture": "#2"},
				"up": {"uv": [0, 0, 0, 0], "texture": "#2"},
				"down": {"uv": [0, 0, 0, 0], "texture": "#2"}
			}
		},
		{
			"from": [4.64296, 0.72477, 4.988],
			"to": [11.22408, 1.3424, 5.10448],
			"rotation": {"angle": -45, "axis": "x", "origin": [-1.18104, 14.1951, -4.6216]},
			"faces": {
				"north": {"uv": [0, 0, 0, 0], "texture": "#2"},
				"east": {"uv": [0, 0, 0, 0], "texture": "#2"},
				"south": {"uv": [0, 0, 0, 0], "texture": "#2"},
				"west": {"uv": [0, 0, 0, 0], "texture": "#2"},
				"up": {"uv": [0, 0, 0, 0], "texture": "#2"},
				"down": {"uv": [0, 0, 0, 0], "texture": "#2"}
			}
		},
		{
			"from": [5.05064, 18.19502, 11.37736],
			"to": [10.8164, 18.28326, 12.42568],
			"rotation": {"angle": 22.5, "axis": "x", "origin": [-1.18104, 14.1951, -4.8716]},
			"faces": {
				"north": {"uv": [0, 0, 0, 0], "rotation": 180, "texture": "#2"},
				"east": {"uv": [0, 0, 0, 0], "rotation": 90, "texture": "#2"},
				"south": {"uv": [0, 0, 0, 0], "texture": "#2"},
				"west": {"uv": [0, 0, 0, 0], "rotation": 270, "texture": "#2"},
				"up": {"uv": [0, 0, 0, 0], "texture": "#2"},
				"down": {"uv": [0, 0, 0, 0], "rotation": 180, "texture": "#2"}
			}
		},
		{
			"from": [5.19624, 18.81266, 6.24016],
			"to": [11.1076, 20.19498, 9.23952],
			"rotation": {"angle": 0, "axis": "y", "origin": [17.45576, 14.34215, 19.548]},
			"faces": {
				"north": {"uv": [0, 0, 0, 0], "texture": "#2"},
				"east": {"uv": [0, 0, 0, 0], "texture": "#2"},
				"south": {"uv": [0, 0, 0, 0], "texture": "#2"},
				"west": {"uv": [0, 0, 0, 0], "texture": "#2"},
				"up": {"uv": [0, 0, 0, 0], "texture": "#2"},
				"down": {"uv": [0, 0, 0, 0], "texture": "#2"}
			}
		},
		{
			"from": [5.7204, 23.81256, 7.43408],
			"to": [10.3796, 25.13607, 10.02576],
			"rotation": {"angle": -22.5, "axis": "x", "origin": [17.45576, 14.34215, 19.9848]},
			"faces": {
				"north": {"uv": [0, 0, 0, 0], "texture": "#2"},
				"east": {"uv": [0, 0, 0, 0], "texture": "#2"},
				"south": {"uv": [0, 0, 0, 0], "texture": "#2"},
				"west": {"uv": [0, 0, 0, 0], "texture": "#2"},
				"up": {"uv": [0, 0, 0, 0], "texture": "#2"},
				"down": {"uv": [0, 0, 0, 0], "texture": "#2"}
			}
		},
		{
			"from": [4.61384, 23.14944, 7.47752],
			"to": [11.36968, 24.06118, 10.47688],
			"rotation": {"angle": -22.5, "axis": "x", "origin": [17.45576, 14.59078, 20.96008]},
			"faces": {
				"north": {"uv": [0, 0, 0, 0], "texture": "#2"},
				"east": {"uv": [0, 0, 0, 0], "texture": "#2"},
				"south": {"uv": [0, 0, 0, 0], "texture": "#2"},
				"west": {"uv": [0, 0, 0, 0], "texture": "#2"},
				"up": {"uv": [0, 0, 0, 0], "texture": "#2"},
				"down": {"uv": [0, 0, 0, 0], "texture": "#2"}
			}
		},
		{
			"from": [3.94408, 15.61869, 4.25728],
			"to": [4.46824, 16.58926, 12.17792],
			"rotation": {"angle": 0, "axis": "y", "origin": [-1.18104, 13.94225, -2.29472]},
			"faces": {
				"north": {"uv": [0, 0, 0, 0], "texture": "#2"},
				"east": {"uv": [0, 0, 0, 0], "texture": "#2"},
				"south": {"uv": [0, 0, 0, 0], "texture": "#2"},
				"west": {"uv": [0, 0, 0, 0], "texture": "#2"},
				"up": {"uv": [0, 0, 0, 0], "texture": "#2"},
				"down": {"uv": [0, 0, 0, 0], "texture": "#2"}
			}
		},
		{
			"from": [11.5444, 15.36869, 4.94408],
			"to": [12.06856, 16.98631, 12.35264],
			"rotation": {"angle": 0, "axis": "y", "origin": [-1.18104, 13.69225, -1.87]},
			"faces": {
				"north": {"uv": [0, 0, 0, 0], "texture": "#2"},
				"east": {"uv": [0, 0, 0, 0], "texture": "#2"},
				"south": {"uv": [0, 0, 0, 0], "texture": "#2"},
				"west": {"uv": [0, 0, 0, 0], "texture": "#2"},
				"up": {"uv": [0, 0, 0, 0], "texture": "#2"},
				"down": {"uv": [0, 0, 0, 0], "texture": "#2"}
			}
		},
		{
			"from": [4.43912, 17.63621, 5.33744],
			"to": [5.16712, 18.43031, 10.812],
			"rotation": {"angle": 0, "axis": "y", "origin": [-1.18104, 14.60686, -3.68976]},
			"faces": {
				"north": {"uv": [0, 0, 0, 0], "texture": "#2"},
				"east": {"uv": [0, 0, 0, 0], "texture": "#2"},
				"south": {"uv": [0, 0, 0, 0], "texture": "#2"},
				"west": {"uv": [0, 0, 0, 0], "texture": "#2"},
				"up": {"uv": [0, 0, 0, 0], "texture": "#2"},
				"down": {"uv": [0, 0, 0, 0], "texture": "#2"}
			}
		},
		{
			"from": [10.78728, 17.48915, 5.25008],
			"to": [11.51528, 18.43031, 10.84112],
			"rotation": {"angle": 0, "axis": "y", "origin": [-1.18104, 14.60686, -3.68976]},
			"faces": {
				"north": {"uv": [0, 0, 0, 0], "texture": "#2"},
				"east": {"uv": [0, 0, 0, 0], "texture": "#2"},
				"south": {"uv": [0, 0, 0, 0], "texture": "#2"},
				"west": {"uv": [0, 0, 0, 0], "texture": "#2"},
				"up": {"uv": [0, 0, 0, 0], "texture": "#2"},
				"down": {"uv": [0, 0, 0, 0], "texture": "#2"}
			}
		},
		{
			"from": [5.98248, 20.16557, 6.24016],
			"to": [9.91368, 20.60674, 9.41424],
			"rotation": {"angle": 0, "axis": "y", "origin": [17.45576, 14.34215, 19.548]},
			"faces": {
				"north": {"uv": [0, 0, 0, 0], "texture": "#2"},
				"east": {"uv": [0, 0, 0, 0], "texture": "#2"},
				"south": {"uv": [0, 0, 0, 0], "texture": "#2"},
				"west": {"uv": [0, 0, 0, 0], "texture": "#2"},
				"up": {"uv": [0, 0, 0, 0], "texture": "#2"},
				"down": {"uv": [0, 0, 0, 0], "texture": "#2"}
			}
		},
		{
			"from": [6.3028, 25.04783, 7.93052],
			"to": [9.70984, 25.28312, 9.85104],
			"rotation": {"angle": -22.5, "axis": "x", "origin": [17.45576, 14.34215, 19.81008]},
			"faces": {
				"north": {"uv": [0, 0, 0, 0], "texture": "#2"},
				"east": {"uv": [0, 0, 0, 0], "texture": "#2"},
				"south": {"uv": [0, 0, 0, 0], "texture": "#2"},
				"west": {"uv": [0, 0, 0, 0], "texture": "#2"},
				"up": {"uv": [0, 0, 0, 0], "texture": "#2"},
				"down": {"uv": [0, 0, 0, 0], "texture": "#2"}
			}
		},
		{
			"from": [5.66216, 24.78313, 6.0072],
			"to": [10.11752, 25.13607, 7.63792],
			"rotation": {"angle": 22.5, "axis": "x", "origin": [-1.18104, 14.34215, -3.68976]},
			"faces": {
				"north": {"uv": [0, 0, 0, 0], "texture": "#2"},
				"east": {"uv": [0, 0, 0, 0], "texture": "#2"},
				"south": {"uv": [0, 0, 0, 0], "texture": "#2"},
				"west": {"uv": [0, 0, 0, 0], "texture": "#2"},
				"up": {"uv": [0, 0, 0, 0], "texture": "#2"},
				"down": {"uv": [0, 0, 0, 0], "texture": "#2"}
			}
		},
		{
			"from": [4.20616, 15.94369, 4.47816],
			"to": [11.86472, 16.76721, 4.91496],
			"rotation": {"angle": 0, "axis": "y", "origin": [-1.18104, 14.26725, -2.04472]},
			"faces": {
				"north": {"uv": [0, 0, 0, 0], "texture": "#2"},
				"east": {"uv": [0, 0, 0, 0], "texture": "#2"},
				"south": {"uv": [0, 0, 0, 0], "texture": "#2"},
				"west": {"uv": [0, 0, 0, 0], "texture": "#2"},
				"up": {"uv": [0, 0, 0, 0], "texture": "#2"},
				"down": {"uv": [0, 0, 0, 0], "texture": "#2"}
			}
		},
		{
			"from": [3.59464, 14.34215, 7.37584],
			"to": [4.23528, 17.54798, 11.1032],
			"rotation": {"angle": 0, "axis": "y", "origin": [-1.21016, 14.7245, -4.06832]},
			"faces": {
				"north": {"uv": [0, 0, 0, 0], "texture": "#2"},
				"east": {"uv": [0, 0, 0, 0], "texture": "#2"},
				"south": {"uv": [0, 0, 0, 0], "texture": "#2"},
				"west": {"uv": [0, 0, 0, 0], "texture": "#2"},
				"up": {"uv": [0, 0, 0, 0], "texture": "#2"},
				"down": {"uv": [0, 0, 0, 0], "texture": "#2"}
			}
		},
		{
			"from": [3.3908, 14.43039, 7.57968],
			"to": [3.59464, 17.40092, 10.63728],
			"rotation": {"angle": 0, "axis": "y", "origin": [-1.21016, 14.7245, -4.06832]},
			"faces": {
				"north": {"uv": [0, 0, 0, 0], "texture": "#2"},
				"east": {"uv": [0, 0, 0, 0], "texture": "#2"},
				"south": {"uv": [0, 0, 0, 0], "texture": "#2"},
				"west": {"uv": [0, 0, 0, 0], "texture": "#2"},
				"up": {"uv": [0, 0, 0, 0], "texture": "#2"},
				"down": {"uv": [0, 0, 0, 0], "texture": "#2"}
			}
		},
		{
			"from": [3.74024, 18.51855, 5.36656],
			"to": [4.23528, 21.34202, 9.15216],
			"rotation": {"angle": 22.5, "axis": "x", "origin": [-1.21016, 14.7245, -4.41776]},
			"faces": {
				"north": {"uv": [0, 0, 0, 0], "texture": "#2"},
				"east": {"uv": [0, 0, 0, 0], "texture": "#2"},
				"south": {"uv": [0, 0, 0, 0], "texture": "#2"},
				"west": {"uv": [0, 0, 0, 0], "texture": "#2"},
				"up": {"uv": [0, 0, 0, 0], "texture": "#2"},
				"down": {"uv": [0, 0, 0, 0], "texture": "#2"}
			}
		},
		{
			"from": [11.33998, 16.57917, 4.15109],
			"to": [11.83269, 17.65856, 11.64134],
			"rotation": {"angle": 0, "axis": "y", "origin": [-0.62194, 14.1798, -2.72006]},
			"faces": {
				"north": {"uv": [0, 0, 0, 0], "texture": "#2"},
				"east": {"uv": [0, 0, 0, 0], "texture": "#2"},
				"south": {"uv": [0, 0, 0, 0], "texture": "#2"},
				"west": {"uv": [0, 0, 0, 0], "texture": "#2"},
				"up": {"uv": [0, 0, 0, 0], "texture": "#2"},
				"down": {"uv": [0, 0, 0, 0], "texture": "#2"}
			}
		},
		{
			"from": [4.44203, 17.26896, 4.4537],
			"to": [11.64108, 17.81895, 5.30109],
			"rotation": {"angle": 0, "axis": "y", "origin": [-0.62194, 14.6343, -1.74478]},
			"faces": {
				"north": {"uv": [0, 0, 0, 0], "texture": "#2"},
				"east": {"uv": [0, 0, 0, 0], "texture": "#2"},
				"south": {"uv": [0, 0, 0, 0], "texture": "#2"},
				"west": {"uv": [0, 0, 0, 0], "texture": "#2"},
				"up": {"uv": [0, 0, 0, 0], "texture": "#2"},
				"down": {"uv": [0, 0, 0, 0], "texture": "#2"}
			}
		},
		{
			"from": [4.19568, 16.72623, 3.97637],
			"to": [4.68839, 17.80562, 11.40838],
			"rotation": {"angle": 0, "axis": "y", "origin": [-0.62194, 14.1798, -2.89478]},
			"faces": {
				"north": {"uv": [0, 0, 0, 0], "texture": "#2"},
				"east": {"uv": [0, 0, 0, 0], "texture": "#2"},
				"south": {"uv": [0, 0, 0, 0], "texture": "#2"},
				"west": {"uv": [0, 0, 0, 0], "texture": "#2"},
				"up": {"uv": [0, 0, 0, 0], "texture": "#2"},
				"down": {"uv": [0, 0, 0, 0], "texture": "#2"}
			}
		},
		{
			"from": [3.8276, 21.51849, 2.57104],
			"to": [4.23528, 23.63609, 6.12368],
			"shade": false,
			"rotation": {"angle": 45, "axis": "x", "origin": [-1.21016, 14.7245, -4.41776]},
			"faces": {
				"north": {"uv": [0, 0, 0, 0], "texture": "#2"},
				"east": {"uv": [0, 0, 0, 0], "texture": "#2"},
				"south": {"uv": [0, 0, 0, 0], "texture": "#2"},
				"west": {"uv": [0, 0, 0, 0], "texture": "#2"},
				"up": {"uv": [0, 0, 0, 0], "texture": "#2"},
				"down": {"uv": [0, 0, 0, 0], "texture": "#2"}
			}
		},
		{
			"from": [11.80648, 14.34215, 7.37584],
			"to": [12.44712, 17.54798, 11.1032],
			"rotation": {"angle": 0, "axis": "y", "origin": [17.25192, 14.7245, -4.06832]},
			"faces": {
				"north": {"uv": [0, 0, 0, 0], "texture": "#2"},
				"east": {"uv": [0, 0, 0, 0], "texture": "#2"},
				"south": {"uv": [0, 0, 0, 0], "texture": "#2"},
				"west": {"uv": [0, 0, 0, 0], "texture": "#2"},
				"up": {"uv": [0, 0, 0, 0], "texture": "#2"},
				"down": {"uv": [0, 0, 0, 0], "texture": "#2"}
			}
		},
		{
			"from": [12.44712, 14.37157, 7.4632],
			"to": [12.65096, 17.3421, 10.5208],
			"rotation": {"angle": 0, "axis": "y", "origin": [17.25192, 15.13626, -4.1848]},
			"faces": {
				"north": {"uv": [0, 0, 0, 0], "texture": "#2"},
				"east": {"uv": [0, 0, 0, 0], "texture": "#2"},
				"south": {"uv": [0, 0, 0, 0], "texture": "#2"},
				"west": {"uv": [0, 0, 0, 0], "texture": "#2"},
				"up": {"uv": [0, 0, 0, 0], "texture": "#2"},
				"down": {"uv": [0, 0, 0, 0], "texture": "#2"}
			}
		},
		{
			"from": [11.80648, 18.51855, 5.36656],
			"to": [12.30152, 21.34202, 9.15216],
			"rotation": {"angle": 22.5, "axis": "x", "origin": [17.25192, 14.7245, -4.41776]},
			"faces": {
				"north": {"uv": [0, 0, 0, 0], "texture": "#2"},
				"east": {"uv": [0, 0, 0, 0], "texture": "#2"},
				"south": {"uv": [0, 0, 0, 0], "texture": "#2"},
				"west": {"uv": [0, 0, 0, 0], "texture": "#2"},
				"up": {"uv": [0, 0, 0, 0], "texture": "#2"},
				"down": {"uv": [0, 0, 0, 0], "texture": "#2"}
			}
		},
		{
			"from": [11.80648, 22.16553, 2.57104],
			"to": [12.21416, 23.63609, 6.35664],
			"shade": false,
			"rotation": {"angle": 45, "axis": "x", "origin": [17.25192, 14.7245, -4.41776]},
			"faces": {
				"north": {"uv": [0, 0, 0, 0], "texture": "#2"},
				"east": {"uv": [0, 0, 0, 0], "texture": "#2"},
				"south": {"uv": [0, 0, 0, 0], "texture": "#2"},
				"west": {"uv": [0, 0, 0, 0], "texture": "#2"},
				"up": {"uv": [0, 0, 0, 0], "texture": "#2"},
				"down": {"uv": [0, 0, 0, 0], "texture": "#2"}
			}
		},
		{
			"from": [11.80648, 7.60699, 4.6968],
			"to": [12.18504, 11.07751, 6.56048],
			"shade": false,
			"rotation": {"angle": -22.5, "axis": "x", "origin": [17.25192, 14.7245, -4.41776]},
			"faces": {
				"north": {"uv": [0, 0, 0, 0], "rotation": 180, "texture": "#2"},
				"east": {"uv": [0, 0, 0, 0], "rotation": 90, "texture": "#2"},
				"south": {"uv": [0, 0, 0, 0], "texture": "#2"},
				"west": {"uv": [0, 0, 0, 0], "rotation": 270, "texture": "#2"},
				"up": {"uv": [0, 0, 0, 0], "rotation": 180, "texture": "#2"},
				"down": {"uv": [0, 0, 0, 0], "texture": "#2"}
			}
		},
		{
			"from": [3.6226, 15.60919, 3.92337],
			"to": [3.88118, 16.19977, 7.8569],
			"rotation": {"angle": 0, "axis": "y", "origin": [-2.67198, 14.95155, -4.61578]},
			"faces": {
				"north": {"uv": [0, 0, 0, 0], "texture": "#2"},
				"east": {"uv": [0, 0, 0, 0], "texture": "#2"},
				"south": {"uv": [0, 0, 0, 0], "texture": "#2"},
				"west": {"uv": [0, 0, 0, 0], "texture": "#2"},
				"up": {"uv": [0, 0, 0, 0], "texture": "#2"},
				"down": {"uv": [0, 0, 0, 0], "texture": "#2"}
			}
		},
		{
			"from": [12.12564, 15.72683, 4.09809],
			"to": [12.38422, 16.17035, 8.03162],
			"rotation": {"angle": 0, "axis": "y", "origin": [-2.67198, 14.95155, -4.44106]},
			"faces": {
				"north": {"uv": [0, 0, 0, 0], "texture": "#2"},
				"east": {"uv": [0, 0, 0, 0], "texture": "#2"},
				"south": {"uv": [0, 0, 0, 0], "texture": "#2"},
				"west": {"uv": [0, 0, 0, 0], "texture": "#2"},
				"up": {"uv": [0, 0, 0, 0], "texture": "#2"},
				"down": {"uv": [0, 0, 0, 0], "texture": "#2"}
			}
		},
		{
			"from": [3.74476, 13.67868, 4.5224],
			"to": [12.2514, 18.91657, 12.03746],
			"rotation": {"angle": 0, "axis": "y", "origin": [-1.23509, 14.64814, -3.45473]},
			"faces": {
				"north": {"uv": [0, 0, 0, 0], "texture": "#2"},
				"east": {"uv": [0, 0, 0, 0], "texture": "#2"},
				"south": {"uv": [0, 0, 0, 0], "texture": "#2"},
				"west": {"uv": [0, 0, 0, 0], "texture": "#2"},
				"up": {"uv": [0, 0, 0, 0], "texture": "#2"},
				"down": {"uv": [0, 0, 0, 0], "texture": "#2"}
			}
		},
		{
			"from": [3.74476, 15.90068, 3.9224],
			"to": [12.2514, 18.91657, 4.5224],
			"rotation": {"angle": 0, "axis": "y", "origin": [-1.23509, 14.64814, -3.45473]},
			"faces": {
				"north": {"uv": [0, 0, 0, 0], "texture": "#2"},
				"east": {"uv": [0, 0, 0, 0], "texture": "#2"},
				"south": {"uv": [0, 0, 0, 0], "texture": "#2"},
				"west": {"uv": [0, 0, 0, 0], "texture": "#2"},
				"up": {"uv": [0, 0, 0, 0], "texture": "#2"},
				"down": {"uv": [0, 0, 0, 0], "texture": "#2"}
			}
		},
		{
			"from": [11.56416, 15.67343, 3.92652],
			"to": [12.09136, 16.94602, 11.4839],
			"rotation": {"angle": 0, "axis": "y", "origin": [-1.23509, 14.64814, -3.28001]},
			"faces": {
				"north": {"uv": [0, 0, 0, 0], "texture": "#2"},
				"east": {"uv": [0, 0, 0, 0], "texture": "#2"},
				"south": {"uv": [0, 0, 0, 0], "texture": "#2"},
				"west": {"uv": [0, 0, 0, 0], "texture": "#2"},
				"up": {"uv": [0, 0, 0, 0], "texture": "#2"},
				"down": {"uv": [0, 0, 0, 0], "texture": "#2"}
			}
		},
		{
			"from": [4.18336, 16.74556, 4.17127],
			"to": [11.88634, 17.25347, 5.0474],
			"rotation": {"angle": 0, "axis": "y", "origin": [-1.23509, 15.10264, -2.30473]},
			"faces": {
				"north": {"uv": [0, 0, 0, 0], "texture": "#2"},
				"east": {"uv": [0, 0, 0, 0], "texture": "#2"},
				"south": {"uv": [0, 0, 0, 0], "texture": "#2"},
				"west": {"uv": [0, 0, 0, 0], "texture": "#2"},
				"up": {"uv": [0, 0, 0, 0], "texture": "#2"},
				"down": {"uv": [0, 0, 0, 0], "texture": "#2"}
			}
		},
		{
			"from": [3.88835, 12.15274, 6.18772],
			"to": [4.99491, 15.18642, 11.39018],
			"shade": false,
			"rotation": {"angle": 0, "axis": "y", "origin": [-1.69245, 13.9578, -4.32917]},
			"faces": {
				"north": {"uv": [0, 0, 0, 0], "rotation": 180, "texture": "#2"},
				"east": {"uv": [0, 0, 0, 0], "rotation": 270, "texture": "#2"},
				"south": {"uv": [0, 0, 0, 0], "texture": "#2"},
				"west": {"uv": [0, 0, 0, 0], "rotation": 90, "texture": "#2"},
				"up": {"uv": [0, 0, 0, 0], "rotation": 180, "texture": "#2"},
				"down": {"uv": [0, 0, 0, 0], "texture": "#2"}
			}
		},
		{
			"from": [11.02275, 12.15274, 6.18772],
			"to": [11.98371, 15.18642, 11.36106],
			"shade": false,
			"rotation": {"angle": 0, "axis": "y", "origin": [-1.69245, 13.9578, -4.32917]},
			"faces": {
				"north": {"uv": [0, 0, 0, 0], "rotation": 180, "texture": "#2"},
				"east": {"uv": [0, 0, 0, 0], "rotation": 270, "texture": "#2"},
				"south": {"uv": [0, 0, 0, 0], "texture": "#2"},
				"west": {"uv": [0, 0, 0, 0], "rotation": 90, "texture": "#2"},
				"up": {"uv": [0, 0, 0, 0], "rotation": 180, "texture": "#2"},
				"down": {"uv": [0, 0, 0, 0], "texture": "#2"}
			}
		},
		{
			"from": [4.17704, 13.16571, 10.79496],
			"to": [11.8356, 15.72448, 12.23532],
			"rotation": {"angle": 0, "axis": "y", "origin": [-1.18104, 14.1951, -4.52216]},
			"faces": {
				"north": {"uv": [0, 0, 0, 0], "texture": "#2"},
				"east": {"uv": [0, 0, 0, 0], "texture": "#2"},
				"south": {"uv": [0, 0, 0, 0], "texture": "#2"},
				"west": {"uv": [0, 0, 0, 0], "texture": "#2"},
				"up": {"uv": [0, 0, 0, 0], "texture": "#2"},
				"down": {"uv": [0, 0, 0, 0], "texture": "#2"}
			}
		},
		{
			"from": [11.18168, 15.80758, 4.0296],
			"to": [11.78132, 16.20675, 4.58579],
			"rotation": {"angle": 0, "axis": "y", "origin": [17.86577, 14.65983, -2.49375]},
			"faces": {
				"north": {"uv": [0, 0, 0, 0], "texture": "#2"},
				"east": {"uv": [0, 0, 0, 0], "texture": "#2"},
				"south": {"uv": [0, 0, 0, 0], "texture": "#2"},
				"west": {"uv": [0, 0, 0, 0], "texture": "#2"},
				"up": {"uv": [0, 0, 0, 0], "texture": "#2"},
				"down": {"uv": [0, 0, 0, 0], "texture": "#2"}
			}
		},
		{
			"from": [9.49272, 15.80758, 3.61027],
			"to": [12.42196, 16.20675, 4.45766],
			"rotation": {"angle": 0, "axis": "y", "origin": [17.86577, 14.65983, -2.49375]},
			"faces": {
				"north": {"uv": [0, 0, 0, 0], "texture": "#2"},
				"east": {"uv": [0, 0, 0, 0], "texture": "#2"},
				"south": {"uv": [0, 0, 0, 0], "texture": "#2"},
				"west": {"uv": [0, 0, 0, 0], "texture": "#2"},
				"up": {"uv": [0, 0, 0, 0], "texture": "#2"},
				"down": {"uv": [0, 0, 0, 0], "texture": "#2"}
			}
		},
		{
			"from": [8.96856, 15.80758, 3.00748],
			"to": [11.8978, 16.20675, 3.6423],
			"rotation": {"angle": 0, "axis": "y", "origin": [17.86577, 14.65983, -2.49375]},
			"faces": {
				"north": {"uv": [0, 0, 0, 0], "texture": "#2"},
				"east": {"uv": [0, 0, 0, 0], "texture": "#2"},
				"south": {"uv": [0, 0, 0, 0], "texture": "#2"},
				"west": {"uv": [0, 0, 0, 0], "texture": "#2"},
				"up": {"uv": [0, 0, 0, 0], "texture": "#2"},
				"down": {"uv": [0, 0, 0, 0], "texture": "#2"}
			}
		},
		{
			"from": [8.4444, 15.80758, 2.56195],
			"to": [11.37364, 16.20675, 3.11814],
			"rotation": {"angle": 0, "axis": "y", "origin": [17.86577, 14.65983, -2.49375]},
			"faces": {
				"north": {"uv": [0, 0, 0, 0], "texture": "#2"},
				"east": {"uv": [0, 0, 0, 0], "texture": "#2"},
				"south": {"uv": [0, 0, 0, 0], "texture": "#2"},
				"west": {"uv": [0, 0, 0, 0], "texture": "#2"},
				"up": {"uv": [0, 0, 0, 0], "texture": "#2"},
				"down": {"uv": [0, 0, 0, 0], "texture": "#2"}
			}
		},
		{
			"from": [7.92024, 15.80758, 2.03779],
			"to": [10.84948, 16.20675, 2.59398],
			"rotation": {"angle": 0, "axis": "y", "origin": [17.86577, 14.65983, -2.49375]},
			"faces": {
				"north": {"uv": [0, 0, 0, 0], "texture": "#2"},
				"east": {"uv": [0, 0, 0, 0], "texture": "#2"},
				"south": {"uv": [0, 0, 0, 0], "texture": "#2"},
				"west": {"uv": [0, 0, 0, 0], "texture": "#2"},
				"up": {"uv": [0, 0, 0, 0], "texture": "#2"},
				"down": {"uv": [0, 0, 0, 0], "texture": "#2"}
			}
		},
		{
			"from": [5.56152, 15.80758, 1.51363],
			"to": [10.32532, 16.20675, 2.06982],
			"rotation": {"angle": 0, "axis": "y", "origin": [17.86577, 14.65983, -2.49375]},
			"faces": {
				"north": {"uv": [0, 0, 0, 0], "texture": "#2"},
				"east": {"uv": [0, 0, 0, 0], "texture": "#2"},
				"south": {"uv": [0, 0, 0, 0], "texture": "#2"},
				"west": {"uv": [0, 0, 0, 0], "texture": "#2"},
				"up": {"uv": [0, 0, 0, 0], "texture": "#2"},
				"down": {"uv": [0, 0, 0, 0], "texture": "#2"}
			}
		},
		{
			"from": [6.01152, 15.63258, 1.33863],
			"to": [9.87532, 15.80758, 1.94482],
			"rotation": {"angle": 0, "axis": "y", "origin": [17.86577, 14.65983, -2.49375]},
			"faces": {
				"north": {"uv": [0, 0, 0, 0], "texture": "#2"},
				"east": {"uv": [0, 0, 0, 0], "texture": "#2"},
				"south": {"uv": [0, 0, 0, 0], "texture": "#2"},
				"west": {"uv": [0, 0, 0, 0], "texture": "#2"},
				"up": {"uv": [0, 0, 0, 0], "texture": "#2"},
				"down": {"uv": [0, 0, 0, 0], "texture": "#2"}
			}
		},
		{
			"from": [5.16316, 15.80758, 2.03779],
			"to": [8.0924, 16.20675, 2.59398],
			"rotation": {"angle": 0, "axis": "y", "origin": [-1.59105, 14.65983, -2.49375]},
			"faces": {
				"north": {"uv": [0, 0, 0, 0], "texture": "#2"},
				"east": {"uv": [0, 0, 0, 0], "texture": "#2"},
				"south": {"uv": [0, 0, 0, 0], "texture": "#2"},
				"west": {"uv": [0, 0, 0, 0], "texture": "#2"},
				"up": {"uv": [0, 0, 0, 0], "texture": "#2"},
				"down": {"uv": [0, 0, 0, 0], "texture": "#2"}
			}
		},
		{
			"from": [4.639, 15.80758, 2.56195],
			"to": [7.56824, 16.20675, 3.11814],
			"rotation": {"angle": 0, "axis": "y", "origin": [-1.59105, 14.65983, -2.49375]},
			"faces": {
				"north": {"uv": [0, 0, 0, 0], "texture": "#2"},
				"east": {"uv": [0, 0, 0, 0], "texture": "#2"},
				"south": {"uv": [0, 0, 0, 0], "texture": "#2"},
				"west": {"uv": [0, 0, 0, 0], "texture": "#2"},
				"up": {"uv": [0, 0, 0, 0], "texture": "#2"},
				"down": {"uv": [0, 0, 0, 0], "texture": "#2"}
			}
		},
		{
			"from": [4.11484, 15.80758, 3.00748],
			"to": [7.04408, 16.20675, 3.6423],
			"rotation": {"angle": 0, "axis": "y", "origin": [-1.59105, 14.65983, -2.49375]},
			"faces": {
				"north": {"uv": [0, 0, 0, 0], "texture": "#2"},
				"east": {"uv": [0, 0, 0, 0], "texture": "#2"},
				"south": {"uv": [0, 0, 0, 0], "texture": "#2"},
				"west": {"uv": [0, 0, 0, 0], "texture": "#2"},
				"up": {"uv": [0, 0, 0, 0], "texture": "#2"},
				"down": {"uv": [0, 0, 0, 0], "texture": "#2"}
			}
		},
		{
			"from": [3.59068, 15.80758, 3.61027],
			"to": [6.51992, 16.20675, 4.74886],
			"rotation": {"angle": 0, "axis": "y", "origin": [-1.59105, 14.65983, -2.49375]},
			"faces": {
				"north": {"uv": [0, 0, 0, 0], "texture": "#2"},
				"east": {"uv": [0, 0, 0, 0], "texture": "#2"},
				"south": {"uv": [0, 0, 0, 0], "texture": "#2"},
				"west": {"uv": [0, 0, 0, 0], "texture": "#2"},
				"up": {"uv": [0, 0, 0, 0], "texture": "#2"},
				"down": {"uv": [0, 0, 0, 0], "texture": "#2"}
			}
		},
		{
			"from": [4.23132, 15.80758, 4.0296],
			"to": [4.83096, 16.20675, 4.58579],
			"rotation": {"angle": 0, "axis": "y", "origin": [-1.59105, 14.65983, -2.49375]},
			"faces": {
				"north": {"uv": [0, 0, 0, 0], "texture": "#2"},
				"east": {"uv": [0, 0, 0, 0], "texture": "#2"},
				"south": {"uv": [0, 0, 0, 0], "texture": "#2"},
				"west": {"uv": [0, 0, 0, 0], "texture": "#2"},
				"up": {"uv": [0, 0, 0, 0], "texture": "#2"},
				"down": {"uv": [0, 0, 0, 0], "texture": "#2"}
			}
		},
		{
			"from": [3.73908, 15.76958, 4.57833],
			"to": [4.3471, 16.2131, 9.32722],
			"rotation": {"angle": 0, "axis": "y", "origin": [-2.67198, 15.40605, -3.46578]},
			"faces": {
				"north": {"uv": [0, 0, 0, 0], "texture": "#2"},
				"east": {"uv": [0, 0, 0, 0], "texture": "#2"},
				"south": {"uv": [0, 0, 0, 0], "texture": "#2"},
				"west": {"uv": [0, 0, 0, 0], "texture": "#2"},
				"up": {"uv": [0, 0, 0, 0], "texture": "#2"},
				"down": {"uv": [0, 0, 0, 0], "texture": "#2"}
			}
		},
		{
			"from": [11.68185, 15.76958, 4.43273],
			"to": [12.28987, 16.2131, 9.18162],
			"rotation": {"angle": 0, "axis": "y", "origin": [-2.67198, 15.40605, -3.46578]},
			"faces": {
				"north": {"uv": [0, 0, 0, 0], "texture": "#2"},
				"east": {"uv": [0, 0, 0, 0], "texture": "#2"},
				"south": {"uv": [0, 0, 0, 0], "texture": "#2"},
				"west": {"uv": [0, 0, 0, 0], "texture": "#2"},
				"up": {"uv": [0, 0, 0, 0], "texture": "#2"},
				"down": {"uv": [0, 0, 0, 0], "texture": "#2"}
			}
		},
		{
			"from": [10.65752, 18.45458, 3.08611],
			"to": [11.25716, 19.32433, 3.6423],
			"rotation": {"angle": 22.5, "axis": "x", "origin": [17.86577, 14.65983, -2.49375]},
			"faces": {
				"north": {"uv": [0, 0, 0, 0], "texture": "#2"},
				"east": {"uv": [0, 0, 0, 0], "texture": "#2"},
				"south": {"uv": [0, 0, 0, 0], "texture": "#2"},
				"west": {"uv": [0, 0, 0, 0], "texture": "#2"},
				"up": {"uv": [0, 0, 0, 0], "texture": "#2"},
				"down": {"uv": [0, 0, 0, 0], "texture": "#2"}
			}
		},
		{
			"from": [8.96856, 18.31557, 2.48332],
			"to": [11.8978, 19.32433, 3.32198],
			"rotation": {"angle": 22.5, "axis": "x", "origin": [17.86577, 14.65983, -2.49375]},
			"faces": {
				"north": {"uv": [0, 0, 0, 0], "texture": "#2"},
				"east": {"uv": [0, 0, 0, 0], "texture": "#2"},
				"south": {"uv": [0, 0, 0, 0], "texture": "#2"},
				"west": {"uv": [0, 0, 0, 0], "texture": "#2"},
				"up": {"uv": [0, 0, 0, 0], "texture": "#2"},
				"down": {"uv": [0, 0, 0, 0], "texture": "#2"}
			}
		},
		{
			"from": [8.4444, 18.13106, 2.03779],
			"to": [11.37364, 19.32433, 2.59398],
			"rotation": {"angle": 22.5, "axis": "x", "origin": [17.86577, 14.65983, -2.49375]},
			"faces": {
				"north": {"uv": [0, 0, 0, 0], "texture": "#2"},
				"east": {"uv": [0, 0, 0, 0], "texture": "#2"},
				"south": {"uv": [0, 0, 0, 0], "texture": "#2"},
				"west": {"uv": [0, 0, 0, 0], "texture": "#2"},
				"up": {"uv": [0, 0, 0, 0], "texture": "#2"},
				"down": {"uv": [0, 0, 0, 0], "texture": "#2"}
			}
		},
		{
			"from": [7.92024, 17.92518, 1.51363],
			"to": [10.84948, 19.32433, 2.06982],
			"rotation": {"angle": 22.5, "axis": "x", "origin": [17.86577, 14.65983, -2.49375]},
			"faces": {
				"north": {"uv": [0, 0, 0, 0], "texture": "#2"},
				"east": {"uv": [0, 0, 0, 0], "texture": "#2"},
				"south": {"uv": [0, 0, 0, 0], "texture": "#2"},
				"west": {"uv": [0, 0, 0, 0], "texture": "#2"},
				"up": {"uv": [0, 0, 0, 0], "texture": "#2"},
				"down": {"uv": [0, 0, 0, 0], "texture": "#2"}
			}
		},
		{
			"from": [5.56152, 17.66048, 0.98947],
			"to": [10.32532, 19.32433, 1.54566],
			"rotation": {"angle": 22.5, "axis": "x", "origin": [17.86577, 14.65983, -2.49375]},
			"faces": {
				"north": {"uv": [0, 0, 0, 0], "texture": "#2"},
				"east": {"uv": [0, 0, 0, 0], "texture": "#2"},
				"south": {"uv": [0, 0, 0, 0], "texture": "#2"},
				"west": {"uv": [0, 0, 0, 0], "texture": "#2"},
				"up": {"uv": [0, 0, 0, 0], "texture": "#2"},
				"down": {"uv": [0, 0, 0, 0], "texture": "#2"}
			}
		},
		{
			"from": [5.16316, 17.95459, 1.51363],
			"to": [8.0924, 19.32433, 2.06982],
			"rotation": {"angle": 22.5, "axis": "x", "origin": [-1.59105, 14.65983, -2.49375]},
			"faces": {
				"north": {"uv": [0, 0, 0, 0], "texture": "#2"},
				"east": {"uv": [0, 0, 0, 0], "texture": "#2"},
				"south": {"uv": [0, 0, 0, 0], "texture": "#2"},
				"west": {"uv": [0, 0, 0, 0], "texture": "#2"},
				"up": {"uv": [0, 0, 0, 0], "texture": "#2"},
				"down": {"uv": [0, 0, 0, 0], "texture": "#2"}
			}
		},
		{
			"from": [4.639, 18.04283, 2.03779],
			"to": [7.56824, 19.32433, 2.59398],
			"rotation": {"angle": 22.5, "axis": "x", "origin": [-1.59105, 14.65983, -2.49375]},
			"faces": {
				"north": {"uv": [0, 0, 0, 0], "texture": "#2"},
				"east": {"uv": [0, 0, 0, 0], "texture": "#2"},
				"south": {"uv": [0, 0, 0, 0], "texture": "#2"},
				"west": {"uv": [0, 0, 0, 0], "texture": "#2"},
				"up": {"uv": [0, 0, 0, 0], "texture": "#2"},
				"down": {"uv": [0, 0, 0, 0], "texture": "#2"}
			}
		},
		{
			"from": [4.11484, 18.33694, 2.48332],
			"to": [7.04408, 19.32433, 3.40934],
			"rotation": {"angle": 22.5, "axis": "x", "origin": [-1.59105, 14.65983, -2.49375]},
			"faces": {
				"north": {"uv": [0, 0, 0, 0], "texture": "#2"},
				"east": {"uv": [0, 0, 0, 0], "texture": "#2"},
				"south": {"uv": [0, 0, 0, 0], "texture": "#2"},
				"west": {"uv": [0, 0, 0, 0], "texture": "#2"},
				"up": {"uv": [0, 0, 0, 0], "texture": "#2"},
				"down": {"uv": [0, 0, 0, 0], "texture": "#2"}
			}
		},
		{
			"from": [4.75548, 18.57223, 3.08611],
			"to": [5.35512, 19.32433, 3.6423],
			"rotation": {"angle": 22.5, "axis": "x", "origin": [-1.59105, 14.65983, -2.49375]},
			"faces": {
				"north": {"uv": [0, 0, 0, 0], "texture": "#2"},
				"east": {"uv": [0, 0, 0, 0], "texture": "#2"},
				"south": {"uv": [0, 0, 0, 0], "texture": "#2"},
				"west": {"uv": [0, 0, 0, 0], "texture": "#2"},
				"up": {"uv": [0, 0, 0, 0], "texture": "#2"},
				"down": {"uv": [0, 0, 0, 0], "texture": "#2"}
			}
		},
		{
			"from": [4.639, 20.74866, 0.14499],
			"to": [7.56824, 23.85366, 0.70118],
			"rotation": {"angle": 45, "axis": "x", "origin": [-1.59105, 14.65983, -2.49375]},
			"faces": {
				"north": {"uv": [0, 0, 0, 0], "texture": "#2"},
				"east": {"uv": [0, 0, 0, 0], "texture": "#2"},
				"south": {"uv": [0, 0, 0, 0], "texture": "#2"},
				"west": {"uv": [0, 0, 0, 0], "texture": "#2"},
				"up": {"uv": [0, 0, 0, 0], "texture": "#2"},
				"down": {"uv": [0, 0, 0, 0], "texture": "#2"}
			}
		},
		{
			"from": [5.27964, 20.98395, 0.59052],
			"to": [5.87928, 22.85368, 1.22534],
			"rotation": {"angle": 45, "axis": "x", "origin": [-1.59105, 14.65983, -2.49375]},
			"faces": {
				"north": {"uv": [0, 0, 0, 0], "texture": "#2"},
				"east": {"uv": [0, 0, 0, 0], "texture": "#2"},
				"south": {"uv": [0, 0, 0, 0], "texture": "#2"},
				"west": {"uv": [0, 0, 0, 0], "texture": "#2"},
				"up": {"uv": [0, 0, 0, 0], "texture": "#2"},
				"down": {"uv": [0, 0, 0, 0], "texture": "#2"}
			}
		},
		{
			"from": [5.16316, 20.66042, -0.37917],
			"to": [8.0924, 23.85366, 0.17702],
			"rotation": {"angle": 45, "axis": "x", "origin": [-1.59105, 14.65983, -2.49375]},
			"faces": {
				"north": {"uv": [0, 0, 0, 0], "texture": "#2"},
				"east": {"uv": [0, 0, 0, 0], "texture": "#2"},
				"south": {"uv": [0, 0, 0, 0], "texture": "#2"},
				"west": {"uv": [0, 0, 0, 0], "texture": "#2"},
				"up": {"uv": [0, 0, 0, 0], "texture": "#2"},
				"down": {"uv": [0, 0, 0, 0], "texture": "#2"}
			}
		},
		{
			"from": [10.13336, 20.98395, 0.59052],
			"to": [10.733, 23.85366, 1.22534],
			"rotation": {"angle": 45, "axis": "x", "origin": [17.86577, 14.65983, -2.49375]},
			"faces": {
				"north": {"uv": [0, 0, 0, 0], "texture": "#2"},
				"east": {"uv": [0, 0, 0, 0], "texture": "#2"},
				"south": {"uv": [0, 0, 0, 0], "texture": "#2"},
				"west": {"uv": [0, 0, 0, 0], "texture": "#2"},
				"up": {"uv": [0, 0, 0, 0], "texture": "#2"},
				"down": {"uv": [0, 0, 0, 0], "texture": "#2"}
			}
		},
		{
			"from": [10.65752, 21.16041, 1.36803],
			"to": [11.25716, 23.85366, 1.92422],
			"rotation": {"angle": 45, "axis": "x", "origin": [17.86577, 14.65983, -2.31903]},
			"faces": {
				"north": {"uv": [0, 0, 0, 0], "texture": "#2"},
				"east": {"uv": [0, 0, 0, 0], "texture": "#2"},
				"south": {"uv": [0, 0, 0, 0], "texture": "#2"},
				"west": {"uv": [0, 0, 0, 0], "texture": "#2"},
				"up": {"uv": [0, 0, 0, 0], "texture": "#2"},
				"down": {"uv": [0, 0, 0, 0], "texture": "#2"}
			}
		},
		{
			"from": [8.4444, 20.68984, 0.14499],
			"to": [11.37364, 23.85366, 0.70118],
			"rotation": {"angle": 45, "axis": "x", "origin": [17.86577, 14.65983, -2.49375]},
			"faces": {
				"north": {"uv": [0, 0, 0, 0], "texture": "#2"},
				"east": {"uv": [0, 0, 0, 0], "texture": "#2"},
				"south": {"uv": [0, 0, 0, 0], "texture": "#2"},
				"west": {"uv": [0, 0, 0, 0], "texture": "#2"},
				"up": {"uv": [0, 0, 0, 0], "texture": "#2"},
				"down": {"uv": [0, 0, 0, 0], "texture": "#2"}
			}
		},
		{
			"from": [7.92024, 20.36631, -0.37917],
			"to": [10.84948, 23.85366, 0.17702],
			"rotation": {"angle": 45, "axis": "x", "origin": [17.86577, 14.65983, -2.49375]},
			"faces": {
				"north": {"uv": [0, 0, 0, 0], "texture": "#2"},
				"east": {"uv": [0, 0, 0, 0], "texture": "#2"},
				"south": {"uv": [0, 0, 0, 0], "texture": "#2"},
				"west": {"uv": [0, 0, 0, 0], "texture": "#2"},
				"up": {"uv": [0, 0, 0, 0], "texture": "#2"},
				"down": {"uv": [0, 0, 0, 0], "texture": "#2"}
			}
		},
		{
			"from": [5.56152, 20.36631, -0.90333],
			"to": [10.32532, 23.85366, -0.34714],
			"rotation": {"angle": 45, "axis": "x", "origin": [17.86577, 14.65983, -2.49375]},
			"faces": {
				"north": {"uv": [0, 0, 0, 0], "texture": "#2"},
				"east": {"uv": [0, 0, 0, 0], "texture": "#2"},
				"south": {"uv": [0, 0, 0, 0], "texture": "#2"},
				"west": {"uv": [0, 0, 0, 0], "texture": "#2"},
				"up": {"uv": [0, 0, 0, 0], "texture": "#2"},
				"down": {"uv": [0, 0, 0, 0], "texture": "#2"}
			}
		},
		{
			"from": [4.75548, 20.82356, 0.04331],
			"to": [5.35512, 23.39916, 0.5995],
			"rotation": {"angle": 45, "axis": "x", "origin": [-1.59105, 14.20533, -3.64375]},
			"faces": {
				"north": {"uv": [0, 0, 0, 0], "texture": "#2"},
				"east": {"uv": [0, 0, 0, 0], "texture": "#2"},
				"south": {"uv": [0, 0, 0, 0], "texture": "#2"},
				"west": {"uv": [0, 0, 0, 0], "texture": "#2"},
				"up": {"uv": [0, 0, 0, 0], "texture": "#2"},
				"down": {"uv": [0, 0, 0, 0], "texture": "#2"}
			}
		},
		{
			"from": [4.81768, 17.78327, 4.4056],
			"to": [11.16584, 18.9303, 10.812],
			"rotation": {"angle": 0, "axis": "y", "origin": [-1.18104, 14.60686, -3.68976]},
			"faces": {
				"north": {"uv": [0, 0, 0, 0], "texture": "#2"},
				"east": {"uv": [0, 0, 0, 0], "texture": "#2"},
				"south": {"uv": [0, 0, 0, 0], "texture": "#2"},
				"west": {"uv": [0, 0, 0, 0], "texture": "#2"},
				"up": {"uv": [0, 0, 0, 0], "texture": "#2"},
				"down": {"uv": [0, 0, 0, 0], "texture": "#2"}
			}
		},
		{
			"from": [4.35176, 18.90089, 4.28912],
			"to": [11.77736, 19.31265, 10.49168],
			"rotation": {"angle": 0, "axis": "y", "origin": [-1.18104, 14.60686, -3.25296]},
			"faces": {
				"north": {"uv": [0, 0, 0, 0], "texture": "#2"},
				"east": {"uv": [0, 0, 0, 0], "texture": "#2"},
				"south": {"uv": [0, 0, 0, 0], "texture": "#2"},
				"west": {"uv": [0, 0, 0, 0], "texture": "#2"},
				"up": {"uv": [0, 0, 0, 0], "texture": "#2"},
				"down": {"uv": [0, 0, 0, 0], "texture": "#2"}
			}
		},
		{
			"from": [4.64296, 19.31265, 4.43472],
			"to": [11.48616, 19.60676, 10.05488],
			"rotation": {"angle": 0, "axis": "y", "origin": [-1.18104, 14.60686, -3.68976]},
			"faces": {
				"north": {"uv": [0, 0, 0, 0], "texture": "#2"},
				"east": {"uv": [0, 0, 0, 0], "texture": "#2"},
				"south": {"uv": [0, 0, 0, 0], "texture": "#2"},
				"west": {"uv": [0, 0, 0, 0], "texture": "#2"},
				"up": {"uv": [0, 0, 0, 0], "texture": "#2"},
				"down": {"uv": [0, 0, 0, 0], "texture": "#2"}
			}
		},
		{
			"from": [5.22536, 19.60676, 5.10448],
			"to": [10.90376, 19.90087, 10.05488],
			"rotation": {"angle": 0, "axis": "y", "origin": [-1.18104, 14.60686, -3.68976]},
			"faces": {
				"north": {"uv": [0, 0, 0, 0], "texture": "#2"},
				"east": {"uv": [0, 0, 0, 0], "texture": "#2"},
				"south": {"uv": [0, 0, 0, 0], "texture": "#2"},
				"west": {"uv": [0, 0, 0, 0], "texture": "#2"},
				"up": {"uv": [0, 0, 0, 0], "texture": "#2"},
				"down": {"uv": [0, 0, 0, 0], "texture": "#2"}
			}
		},
		{
			"from": [5.56152, 7.68827, -1.76101],
			"to": [10.32532, 9.88152, -1.20482],
			"rotation": {"angle": -45, "axis": "x", "origin": [17.86577, 15.588, -3.35143]},
			"faces": {
				"north": {"uv": [0, 0, 0, 0], "texture": "#2"},
				"east": {"uv": [0, 0, 0, 0], "texture": "#2"},
				"south": {"uv": [0, 0, 0, 0], "texture": "#2"},
				"west": {"uv": [0, 0, 0, 0], "texture": "#2"},
				"up": {"uv": [0, 0, 0, 0], "texture": "#2"},
				"down": {"uv": [0, 0, 0, 0], "texture": "#2"}
			}
		},
		{
			"from": [7.92024, 7.68827, -1.23685],
			"to": [10.84948, 9.88152, -0.68066],
			"rotation": {"angle": -45, "axis": "x", "origin": [17.86577, 15.588, -3.35143]},
			"faces": {
				"north": {"uv": [0, 0, 0, 0], "texture": "#2"},
				"east": {"uv": [0, 0, 0, 0], "texture": "#2"},
				"south": {"uv": [0, 0, 0, 0], "texture": "#2"},
				"west": {"uv": [0, 0, 0, 0], "texture": "#2"},
				"up": {"uv": [0, 0, 0, 0], "texture": "#2"},
				"down": {"uv": [0, 0, 0, 0], "texture": "#2"}
			}
		},
		{
			"from": [8.4444, 7.68827, -0.71269],
			"to": [11.37364, 9.55799, -0.1565],
			"rotation": {"angle": -45, "axis": "x", "origin": [17.86577, 15.588, -3.35143]},
			"faces": {
				"north": {"uv": [0, 0, 0, 0], "texture": "#2"},
				"east": {"uv": [0, 0, 0, 0], "texture": "#2"},
				"south": {"uv": [0, 0, 0, 0], "texture": "#2"},
				"west": {"uv": [0, 0, 0, 0], "texture": "#2"},
				"up": {"uv": [0, 0, 0, 0], "texture": "#2"},
				"down": {"uv": [0, 0, 0, 0], "texture": "#2"}
			}
		},
		{
			"from": [5.16316, 7.68827, -1.23685],
			"to": [8.0924, 9.58741, -0.68066],
			"rotation": {"angle": -45, "axis": "x", "origin": [-1.59105, 15.588, -3.35143]},
			"faces": {
				"north": {"uv": [0, 0, 0, 0], "texture": "#2"},
				"east": {"uv": [0, 0, 0, 0], "texture": "#2"},
				"south": {"uv": [0, 0, 0, 0], "texture": "#2"},
				"west": {"uv": [0, 0, 0, 0], "texture": "#2"},
				"up": {"uv": [0, 0, 0, 0], "texture": "#2"},
				"down": {"uv": [0, 0, 0, 0], "texture": "#2"}
			}
		},
		{
			"from": [4.639, 7.68827, -0.71269],
			"to": [7.56824, 9.49917, -0.1565],
			"rotation": {"angle": -45, "axis": "x", "origin": [-1.59105, 15.588, -3.35143]},
			"faces": {
				"north": {"uv": [0, 0, 0, 0], "texture": "#2"},
				"east": {"uv": [0, 0, 0, 0], "texture": "#2"},
				"south": {"uv": [0, 0, 0, 0], "texture": "#2"},
				"west": {"uv": [0, 0, 0, 0], "texture": "#2"},
				"up": {"uv": [0, 0, 0, 0], "texture": "#2"},
				"down": {"uv": [0, 0, 0, 0], "texture": "#2"}
			}
		},
		{
			"from": [4.11484, 10.9235, 1.62564],
			"to": [7.04408, 11.96971, 2.26046],
			"rotation": {"angle": -22.5, "axis": "x", "origin": [-1.59105, 15.588, -3.35143]},
			"faces": {
				"north": {"uv": [0, 0, 0, 0], "texture": "#2"},
				"east": {"uv": [0, 0, 0, 0], "texture": "#2"},
				"south": {"uv": [0, 0, 0, 0], "texture": "#2"},
				"west": {"uv": [0, 0, 0, 0], "texture": "#2"},
				"up": {"uv": [0, 0, 0, 0], "texture": "#2"},
				"down": {"uv": [0, 0, 0, 0], "texture": "#2"}
			}
		},
		{
			"from": [4.639, 10.9235, 1.18011],
			"to": [7.56824, 12.205, 1.7363],
			"rotation": {"angle": -22.5, "axis": "x", "origin": [-1.59105, 15.588, -3.35143]},
			"faces": {
				"north": {"uv": [0, 0, 0, 0], "texture": "#2"},
				"east": {"uv": [0, 0, 0, 0], "texture": "#2"},
				"south": {"uv": [0, 0, 0, 0], "texture": "#2"},
				"west": {"uv": [0, 0, 0, 0], "texture": "#2"},
				"up": {"uv": [0, 0, 0, 0], "texture": "#2"},
				"down": {"uv": [0, 0, 0, 0], "texture": "#2"}
			}
		},
		{
			"from": [5.16316, 10.9235, 0.65595],
			"to": [8.0924, 12.29324, 1.21214],
			"rotation": {"angle": -22.5, "axis": "x", "origin": [-1.59105, 15.588, -3.35143]},
			"faces": {
				"north": {"uv": [0, 0, 0, 0], "texture": "#2"},
				"east": {"uv": [0, 0, 0, 0], "texture": "#2"},
				"south": {"uv": [0, 0, 0, 0], "texture": "#2"},
				"west": {"uv": [0, 0, 0, 0], "texture": "#2"},
				"up": {"uv": [0, 0, 0, 0], "texture": "#2"},
				"down": {"uv": [0, 0, 0, 0], "texture": "#2"}
			}
		},
		{
			"from": [5.56152, 10.9235, 0.13179],
			"to": [10.32532, 12.58735, 0.68798],
			"rotation": {"angle": -22.5, "axis": "x", "origin": [17.86577, 15.588, -3.35143]},
			"faces": {
				"north": {"uv": [0, 0, 0, 0], "texture": "#2"},
				"east": {"uv": [0, 0, 0, 0], "texture": "#2"},
				"south": {"uv": [0, 0, 0, 0], "texture": "#2"},
				"west": {"uv": [0, 0, 0, 0], "texture": "#2"},
				"up": {"uv": [0, 0, 0, 0], "texture": "#2"},
				"down": {"uv": [0, 0, 0, 0], "texture": "#2"}
			}
		},
		{
			"from": [7.92024, 10.9235, 0.65595],
			"to": [10.84948, 12.58735, 0.8627],
			"rotation": {"angle": -22.5, "axis": "x", "origin": [17.86577, 15.588, -3.35143]},
			"faces": {
				"north": {"uv": [0, 0, 0, 0], "texture": "#2"},
				"east": {"uv": [0, 0, 0, 0], "texture": "#2"},
				"south": {"uv": [0, 0, 0, 0], "texture": "#2"},
				"west": {"uv": [0, 0, 0, 0], "texture": "#2"},
				"up": {"uv": [0, 0, 0, 0], "texture": "#2"},
				"down": {"uv": [0, 0, 0, 0], "texture": "#2"}
			}
		},
		{
			"from": [8.4444, 10.9235, 1.18011],
			"to": [11.37364, 12.26382, 1.7363],
			"rotation": {"angle": -22.5, "axis": "x", "origin": [17.86577, 15.588, -3.35143]},
			"faces": {
				"north": {"uv": [0, 0, 0, 0], "texture": "#2"},
				"east": {"uv": [0, 0, 0, 0], "texture": "#2"},
				"south": {"uv": [0, 0, 0, 0], "texture": "#2"},
				"west": {"uv": [0, 0, 0, 0], "texture": "#2"},
				"up": {"uv": [0, 0, 0, 0], "texture": "#2"},
				"down": {"uv": [0, 0, 0, 0], "texture": "#2"}
			}
		},
		{
			"from": [8.96856, 10.9235, 1.62564],
			"to": [11.8978, 11.96971, 2.26046],
			"rotation": {"angle": -22.5, "axis": "x", "origin": [17.86577, 15.588, -3.35143]},
			"faces": {
				"north": {"uv": [0, 0, 0, 0], "texture": "#2"},
				"east": {"uv": [0, 0, 0, 0], "texture": "#2"},
				"south": {"uv": [0, 0, 0, 0], "texture": "#2"},
				"west": {"uv": [0, 0, 0, 0], "texture": "#2"},
				"up": {"uv": [0, 0, 0, 0], "texture": "#2"},
				"down": {"uv": [0, 0, 0, 0], "texture": "#2"}
			}
		},
		{
			"from": [4.23132, 14.04108, 3.17192],
			"to": [4.83096, 14.44025, 3.72811],
			"rotation": {"angle": 0, "axis": "y", "origin": [-1.59105, 15.588, -3.35143]},
			"faces": {
				"north": {"uv": [0, 0, 0, 0], "texture": "#2"},
				"east": {"uv": [0, 0, 0, 0], "texture": "#2"},
				"south": {"uv": [0, 0, 0, 0], "texture": "#2"},
				"west": {"uv": [0, 0, 0, 0], "texture": "#2"},
				"up": {"uv": [0, 0, 0, 0], "texture": "#2"},
				"down": {"uv": [0, 0, 0, 0], "texture": "#2"}
			}
		},
		{
			"from": [3.59068, 14.04108, 2.75259],
			"to": [6.51992, 14.44025, 3.36702],
			"rotation": {"angle": 0, "axis": "y", "origin": [-1.59105, 15.588, -3.35143]},
			"faces": {
				"north": {"uv": [0, 0, 0, 0], "texture": "#2"},
				"east": {"uv": [0, 0, 0, 0], "texture": "#2"},
				"south": {"uv": [0, 0, 0, 0], "texture": "#2"},
				"west": {"uv": [0, 0, 0, 0], "texture": "#2"},
				"up": {"uv": [0, 0, 0, 0], "texture": "#2"},
				"down": {"uv": [0, 0, 0, 0], "texture": "#2"}
			}
		},
		{
			"from": [4.11484, 14.04108, 2.1498],
			"to": [7.04408, 14.44025, 2.78462],
			"rotation": {"angle": 0, "axis": "y", "origin": [-1.59105, 15.588, -3.35143]},
			"faces": {
				"north": {"uv": [0, 0, 0, 0], "texture": "#2"},
				"east": {"uv": [0, 0, 0, 0], "texture": "#2"},
				"south": {"uv": [0, 0, 0, 0], "texture": "#2"},
				"west": {"uv": [0, 0, 0, 0], "texture": "#2"},
				"up": {"uv": [0, 0, 0, 0], "texture": "#2"},
				"down": {"uv": [0, 0, 0, 0], "texture": "#2"}
			}
		},
		{
			"from": [4.639, 14.04108, 1.70427],
			"to": [7.56824, 14.44025, 2.26046],
			"rotation": {"angle": 0, "axis": "y", "origin": [-1.59105, 15.588, -3.35143]},
			"faces": {
				"north": {"uv": [0, 0, 0, 0], "texture": "#2"},
				"east": {"uv": [0, 0, 0, 0], "texture": "#2"},
				"south": {"uv": [0, 0, 0, 0], "texture": "#2"},
				"west": {"uv": [0, 0, 0, 0], "texture": "#2"},
				"up": {"uv": [0, 0, 0, 0], "texture": "#2"},
				"down": {"uv": [0, 0, 0, 0], "texture": "#2"}
			}
		},
		{
			"from": [5.16316, 14.04108, 1.18011],
			"to": [8.0924, 14.44025, 1.7363],
			"rotation": {"angle": 0, "axis": "y", "origin": [-1.59105, 15.588, -3.35143]},
			"faces": {
				"north": {"uv": [0, 0, 0, 0], "texture": "#2"},
				"east": {"uv": [0, 0, 0, 0], "texture": "#2"},
				"south": {"uv": [0, 0, 0, 0], "texture": "#2"},
				"west": {"uv": [0, 0, 0, 0], "texture": "#2"},
				"up": {"uv": [0, 0, 0, 0], "texture": "#2"},
				"down": {"uv": [0, 0, 0, 0], "texture": "#2"}
			}
		},
		{
			"from": [5.56152, 14.04108, 0.65595],
			"to": [10.32532, 14.44025, 1.21214],
			"rotation": {"angle": 0, "axis": "y", "origin": [17.86577, 15.588, -3.35143]},
			"faces": {
				"north": {"uv": [0, 0, 0, 0], "texture": "#2"},
				"east": {"uv": [0, 0, 0, 0], "texture": "#2"},
				"south": {"uv": [0, 0, 0, 0], "texture": "#2"},
				"west": {"uv": [0, 0, 0, 0], "texture": "#2"},
				"up": {"uv": [0, 0, 0, 0], "texture": "#2"},
				"down": {"uv": [0, 0, 0, 0], "texture": "#2"}
			}
		},
		{
			"from": [7.92024, 14.04108, 1.18011],
			"to": [10.84948, 14.44025, 1.7363],
			"rotation": {"angle": 0, "axis": "y", "origin": [17.86577, 15.588, -3.35143]},
			"faces": {
				"north": {"uv": [0, 0, 0, 0], "texture": "#2"},
				"east": {"uv": [0, 0, 0, 0], "texture": "#2"},
				"south": {"uv": [0, 0, 0, 0], "texture": "#2"},
				"west": {"uv": [0, 0, 0, 0], "texture": "#2"},
				"up": {"uv": [0, 0, 0, 0], "texture": "#2"},
				"down": {"uv": [0, 0, 0, 0], "texture": "#2"}
			}
		},
		{
			"from": [8.4444, 14.04108, 1.70427],
			"to": [11.37364, 14.44025, 2.26046],
			"rotation": {"angle": 0, "axis": "y", "origin": [17.86577, 15.588, -3.35143]},
			"faces": {
				"north": {"uv": [0, 0, 0, 0], "texture": "#2"},
				"east": {"uv": [0, 0, 0, 0], "texture": "#2"},
				"south": {"uv": [0, 0, 0, 0], "texture": "#2"},
				"west": {"uv": [0, 0, 0, 0], "texture": "#2"},
				"up": {"uv": [0, 0, 0, 0], "texture": "#2"},
				"down": {"uv": [0, 0, 0, 0], "texture": "#2"}
			}
		},
		{
			"from": [8.96856, 14.04108, 2.1498],
			"to": [11.8978, 14.44025, 2.78462],
			"rotation": {"angle": 0, "axis": "y", "origin": [17.86577, 15.588, -3.35143]},
			"faces": {
				"north": {"uv": [0, 0, 0, 0], "texture": "#2"},
				"east": {"uv": [0, 0, 0, 0], "texture": "#2"},
				"south": {"uv": [0, 0, 0, 0], "texture": "#2"},
				"west": {"uv": [0, 0, 0, 0], "texture": "#2"},
				"up": {"uv": [0, 0, 0, 0], "texture": "#2"},
				"down": {"uv": [0, 0, 0, 0], "texture": "#2"}
			}
		},
		{
			"from": [9.49272, 14.04108, 2.75259],
			"to": [12.42196, 14.44025, 3.36702],
			"rotation": {"angle": 0, "axis": "y", "origin": [17.86577, 15.588, -3.35143]},
			"faces": {
				"north": {"uv": [0, 0, 0, 0], "texture": "#2"},
				"east": {"uv": [0, 0, 0, 0], "texture": "#2"},
				"south": {"uv": [0, 0, 0, 0], "texture": "#2"},
				"west": {"uv": [0, 0, 0, 0], "texture": "#2"},
				"up": {"uv": [0, 0, 0, 0], "texture": "#2"},
				"down": {"uv": [0, 0, 0, 0], "texture": "#2"}
			}
		},
		{
			"from": [11.18168, 14.04108, 3.17192],
			"to": [11.78132, 14.44025, 3.72811],
			"rotation": {"angle": 0, "axis": "y", "origin": [17.86577, 15.588, -3.35143]},
			"faces": {
				"north": {"uv": [0, 0, 0, 0], "texture": "#2"},
				"east": {"uv": [0, 0, 0, 0], "texture": "#2"},
				"south": {"uv": [0, 0, 0, 0], "texture": "#2"},
				"west": {"uv": [0, 0, 0, 0], "texture": "#2"},
				"up": {"uv": [0, 0, 0, 0], "texture": "#2"},
				"down": {"uv": [0, 0, 0, 0], "texture": "#2"}
			}
		},
		{
			"from": [3.59464, 13.27475, 3.38752],
			"to": [4.23528, 14.42178, 7.11488],
			"rotation": {"angle": 0, "axis": "y", "origin": [-1.21016, 14.59825, -3.51392]},
			"faces": {
				"north": {"uv": [0, 0, 0, 0], "texture": "#2"},
				"east": {"uv": [0, 0, 0, 0], "texture": "#2"},
				"south": {"uv": [0, 0, 0, 0], "texture": "#2"},
				"west": {"uv": [0, 0, 0, 0], "texture": "#2"},
				"up": {"uv": [0, 0, 0, 0], "texture": "#2"},
				"down": {"uv": [0, 0, 0, 0], "texture": "#2"}
			}
		},
		{
			"from": [4.08968, 12.53947, 3.44576],
			"to": [4.73032, 13.6865, 7.17312],
			"rotation": {"angle": 0, "axis": "y", "origin": [-1.21016, 14.59825, -3.51392]},
			"faces": {
				"north": {"uv": [0, 0, 0, 0], "texture": "#2"},
				"east": {"uv": [0, 0, 0, 0], "texture": "#2"},
				"south": {"uv": [0, 0, 0, 0], "texture": "#2"},
				"west": {"uv": [0, 0, 0, 0], "texture": "#2"},
				"up": {"uv": [0, 0, 0, 0], "texture": "#2"},
				"down": {"uv": [0, 0, 0, 0], "texture": "#2"}
			}
		},
		{
			"from": [4.61384, 11.86301, 3.44576],
			"to": [5.25448, 12.51006, 7.17312],
			"rotation": {"angle": 0, "axis": "y", "origin": [-1.21016, 14.59825, -3.51392]},
			"faces": {
				"north": {"uv": [0, 0, 0, 0], "texture": "#2"},
				"east": {"uv": [0, 0, 0, 0], "texture": "#2"},
				"south": {"uv": [0, 0, 0, 0], "texture": "#2"},
				"west": {"uv": [0, 0, 0, 0], "texture": "#2"},
				"up": {"uv": [0, 0, 0, 0], "texture": "#2"},
				"down": {"uv": [0, 0, 0, 0], "texture": "#2"}
			}
		},
		{
			"from": [4.93416, 11.33361, 3.59136],
			"to": [5.5748, 11.86301, 7.17312],
			"rotation": {"angle": 0, "axis": "y", "origin": [-1.21016, 14.59825, -3.51392]},
			"faces": {
				"north": {"uv": [0, 0, 0, 0], "texture": "#2"},
				"east": {"uv": [0, 0, 0, 0], "texture": "#2"},
				"south": {"uv": [0, 0, 0, 0], "texture": "#2"},
				"west": {"uv": [0, 0, 0, 0], "texture": "#2"},
				"up": {"uv": [0, 0, 0, 0], "texture": "#2"},
				"down": {"uv": [0, 0, 0, 0], "texture": "#2"}
			}
		},
		{
			"from": [10.29224, 11.27478, 3.56224],
			"to": [10.93288, 11.86301, 7.20224],
			"rotation": {"angle": 0, "axis": "y", "origin": [17.48488, 14.59825, -2.98976]},
			"faces": {
				"north": {"uv": [0, 0, 0, 0], "texture": "#2"},
				"east": {"uv": [0, 0, 0, 0], "texture": "#2"},
				"south": {"uv": [0, 0, 0, 0], "texture": "#2"},
				"west": {"uv": [0, 0, 0, 0], "texture": "#2"},
				"up": {"uv": [0, 0, 0, 0], "texture": "#2"},
				"down": {"uv": [0, 0, 0, 0], "texture": "#2"}
			}
		},
		{
			"from": [10.61256, 11.86301, 3.44576],
			"to": [11.2532, 12.51006, 7.17312],
			"rotation": {"angle": 0, "axis": "y", "origin": [17.48488, 14.59825, -3.51392]},
			"faces": {
				"north": {"uv": [0, 0, 0, 0], "texture": "#2"},
				"east": {"uv": [0, 0, 0, 0], "texture": "#2"},
				"south": {"uv": [0, 0, 0, 0], "texture": "#2"},
				"west": {"uv": [0, 0, 0, 0], "texture": "#2"},
				"up": {"uv": [0, 0, 0, 0], "texture": "#2"},
				"down": {"uv": [0, 0, 0, 0], "texture": "#2"}
			}
		},
		{
			"from": [11.13672, 12.53947, 3.47488],
			"to": [11.77736, 13.6865, 7.20224],
			"rotation": {"angle": 0, "axis": "y", "origin": [17.48488, 14.59825, -2.98976]},
			"faces": {
				"north": {"uv": [0, 0, 0, 0], "texture": "#2"},
				"east": {"uv": [0, 0, 0, 0], "texture": "#2"},
				"south": {"uv": [0, 0, 0, 0], "texture": "#2"},
				"west": {"uv": [0, 0, 0, 0], "texture": "#2"},
				"up": {"uv": [0, 0, 0, 0], "texture": "#2"},
				"down": {"uv": [0, 0, 0, 0], "texture": "#2"}
			}
		},
		{
			"from": [11.63176, 13.27475, 3.38752],
			"to": [12.2724, 14.42178, 7.11488],
			"rotation": {"angle": 0, "axis": "y", "origin": [17.48488, 14.59825, -3.51392]},
			"faces": {
				"north": {"uv": [0, 0, 0, 0], "texture": "#2"},
				"east": {"uv": [0, 0, 0, 0], "texture": "#2"},
				"south": {"uv": [0, 0, 0, 0], "texture": "#2"},
				"west": {"uv": [0, 0, 0, 0], "texture": "#2"},
				"up": {"uv": [0, 0, 0, 0], "texture": "#2"},
				"down": {"uv": [0, 0, 0, 0], "texture": "#2"}
			}
		},
		{
			"from": [5.63304, 11.12773, 3.32928],
			"to": [10.20488, 11.33361, 7.17312],
			"rotation": {"angle": 0, "axis": "y", "origin": [-1.21016, 14.59825, -3.51392]},
			"faces": {
				"north": {"uv": [0, 0, 0, 0], "texture": "#2"},
				"east": {"uv": [0, 0, 0, 0], "texture": "#2"},
				"south": {"uv": [0, 0, 0, 0], "texture": "#2"},
				"west": {"uv": [0, 0, 0, 0], "texture": "#2"},
				"up": {"uv": [0, 0, 0, 0], "texture": "#2"},
				"down": {"uv": [0, 0, 0, 0], "texture": "#2"}
			}
		},
		{
			"from": [3.79848, 11.98926, 3.98116],
			"to": [12.09768, 13.81275, 8.24944],
			"rotation": {"angle": 0, "axis": "y", "origin": [-1.21016, 14.7245, -4.06832]},
			"faces": {
				"north": {"uv": [0, 0, 0, 0], "texture": "#2"},
				"east": {"uv": [0, 0, 0, 0], "texture": "#2"},
				"south": {"uv": [0, 0, 0, 0], "texture": "#2"},
				"west": {"uv": [0, 0, 0, 0], "texture": "#2"},
				"up": {"uv": [0, 0, 0, 0], "texture": "#2"},
				"down": {"uv": [0, 0, 0, 0], "texture": "#2"}
			}
		},
		{
			"from": [1.57348, 10.83926, 6.30616],
			"to": [4.32268, 12.13775, 8.99944],
			"rotation": {"angle": 0, "axis": "y", "origin": [-1.26016, 15.2745, -3.31832]},
			"faces": {
				"north": {"uv": [0, 0, 0, 0], "texture": "#2"},
				"east": {"uv": [0, 0, 0, 0], "texture": "#2"},
				"south": {"uv": [0, 0, 0, 0], "texture": "#2"},
				"west": {"uv": [0, 0, 0, 0], "texture": "#2"},
				"up": {"uv": [0, 0, 0, 0], "texture": "#2"},
				"down": {"uv": [0, 0, 0, 0], "texture": "#2"}
			}
		},
		{
			"from": [0.94848, 10.83926, 6.10616],
			"to": [4.32268, 10.93775, 9.27444],
			"rotation": {"angle": 0, "axis": "y", "origin": [-1.26016, 15.2745, -3.31832]},
			"faces": {
				"north": {"uv": [0, 0, 0, 0], "texture": "#2"},
				"east": {"uv": [0, 0, 0, 0], "texture": "#2"},
				"south": {"uv": [0, 0, 0, 0], "texture": "#2"},
				"west": {"uv": [0, 0, 0, 0], "texture": "#2"},
				"up": {"uv": [0, 0, 0, 0], "texture": "#2"},
				"down": {"uv": [0, 0, 0, 0], "texture": "#2"}
			}
		},
		{
			"from": [1.42348, 10.83926, 6.30616],
			"to": [1.57348, 11.86275, 8.99944],
			"rotation": {"angle": 0, "axis": "y", "origin": [-1.26016, 15.2745, -3.31832]},
			"faces": {
				"north": {"uv": [0, 0, 0, 0], "texture": "#2"},
				"east": {"uv": [0, 0, 0, 0], "texture": "#2"},
				"south": {"uv": [0, 0, 0, 0], "texture": "#2"},
				"west": {"uv": [0, 0, 0, 0], "texture": "#2"},
				"up": {"uv": [0, 0, 0, 0], "texture": "#2"},
				"down": {"uv": [0, 0, 0, 0], "texture": "#2"}
			}
		},
		{
			"from": [1.22348, 10.83926, 6.30616],
			"to": [1.42348, 11.61275, 8.99944],
			"rotation": {"angle": 0, "axis": "y", "origin": [-1.26016, 15.2745, -3.31832]},
			"faces": {
				"north": {"uv": [0, 0, 0, 0], "texture": "#2"},
				"east": {"uv": [0, 0, 0, 0], "texture": "#2"},
				"south": {"uv": [0, 0, 0, 0], "texture": "#2"},
				"west": {"uv": [0, 0, 0, 0], "texture": "#2"},
				"up": {"uv": [0, 0, 0, 0], "texture": "#2"},
				"down": {"uv": [0, 0, 0, 0], "texture": "#2"}
			}
		},
		{
			"from": [1.02348, 10.83926, 6.30616],
			"to": [1.22348, 11.21275, 8.99944],
			"rotation": {"angle": 0, "axis": "y", "origin": [-1.26016, 15.2745, -3.31832]},
			"faces": {
				"north": {"uv": [0, 0, 0, 0], "texture": "#2"},
				"east": {"uv": [0, 0, 0, 0], "texture": "#2"},
				"south": {"uv": [0, 0, 0, 0], "texture": "#2"},
				"west": {"uv": [0, 0, 0, 0], "texture": "#2"},
				"up": {"uv": [0, 0, 0, 0], "texture": "#2"},
				"down": {"uv": [0, 0, 0, 0], "texture": "#2"}
			}
		},
		{
			"from": [0.72348, 10.98926, 6.30616],
			"to": [1.02348, 11.18775, 8.99944],
			"rotation": {"angle": 0, "axis": "y", "origin": [-1.26016, 15.2745, -3.31832]},
			"faces": {
				"north": {"uv": [0, 0, 0, 0], "texture": "#2"},
				"east": {"uv": [0, 0, 0, 0], "texture": "#2"},
				"south": {"uv": [0, 0, 0, 0], "texture": "#2"},
				"west": {"uv": [0, 0, 0, 0], "texture": "#2"},
				"up": {"uv": [0, 0, 0, 0], "texture": "#2"},
				"down": {"uv": [0, 0, 0, 0], "texture": "#2"}
			}
		},
		{
			"from": [0.52348, 10.86426, 6.10616],
			"to": [1.14848, 11.06275, 9.14944],
			"rotation": {"angle": 0, "axis": "y", "origin": [-1.26016, 15.2745, -3.31832]},
			"faces": {
				"north": {"uv": [0, 0, 0, 0], "texture": "#2"},
				"east": {"uv": [0, 0, 0, 0], "texture": "#2"},
				"south": {"uv": [0, 0, 0, 0], "texture": "#2"},
				"west": {"uv": [0, 0, 0, 0], "texture": "#2"},
				"up": {"uv": [0, 0, 0, 0], "texture": "#2"},
				"down": {"uv": [0, 0, 0, 0], "texture": "#2"}
			}
		},
		{
			"from": [1.82348, 10.98926, 6.18116],
			"to": [4.09768, 11.78775, 9.19944],
			"rotation": {"angle": 0, "axis": "y", "origin": [-1.26016, 15.2745, -3.31832]},
			"faces": {
				"north": {"uv": [0, 0, 0, 0], "texture": "#2"},
				"east": {"uv": [0, 0, 0, 0], "texture": "#2"},
				"south": {"uv": [0, 0, 0, 0], "texture": "#2"},
				"west": {"uv": [0, 0, 0, 0], "texture": "#2"},
				"up": {"uv": [0, 0, 0, 0], "texture": "#2"},
				"down": {"uv": [0, 0, 0, 0], "texture": "#2"}
			}
		},
		{
			"from": [1.99848, 12.13775, 6.65616],
			"to": [4.32268, 12.38775, 8.62444],
			"rotation": {"angle": 0, "axis": "y", "origin": [-1.26016, 15.2745, -3.31832]},
			"faces": {
				"north": {"uv": [0, 0, 0, 0], "texture": "#2"},
				"east": {"uv": [0, 0, 0, 0], "texture": "#2"},
				"south": {"uv": [0, 0, 0, 0], "texture": "#2"},
				"west": {"uv": [0, 0, 0, 0], "texture": "#2"},
				"up": {"uv": [0, 0, 0, 0], "texture": "#2"},
				"down": {"uv": [0, 0, 0, 0], "texture": "#2"}
			}
		},
		{
			"from": [4.00232, 11.57362, 3.93116],
			"to": [11.92296, 12.78336, 9.73456],
			"rotation": {"angle": 0, "axis": "y", "origin": [-1.21016, 14.7245, -4.06832]},
			"faces": {
				"north": {"uv": [0, 0, 0, 0], "texture": "#2"},
				"east": {"uv": [0, 0, 0, 0], "texture": "#2"},
				"south": {"uv": [0, 0, 0, 0], "texture": "#2"},
				"west": {"uv": [0, 0, 0, 0], "texture": "#2"},
				"up": {"uv": [0, 0, 0, 0], "texture": "#2"},
				"down": {"uv": [0, 0, 0, 0], "texture": "#2"}
			}
		},
		{
			"from": [4.00232, 11.78338, 9.73456],
			"to": [11.92296, 12.78336, 10.60816],
			"rotation": {"angle": 0, "axis": "y", "origin": [-1.21016, 14.7245, -4.06832]},
			"faces": {
				"north": {"uv": [0, 0, 0, 0], "texture": "#2"},
				"east": {"uv": [0, 0, 0, 0], "texture": "#2"},
				"south": {"uv": [0, 0, 0, 0], "texture": "#2"},
				"west": {"uv": [0, 0, 0, 0], "texture": "#2"},
				"up": {"uv": [0, 0, 0, 0], "texture": "#2"},
				"down": {"uv": [0, 0, 0, 0], "texture": "#2"}
			}
		},
		{
			"from": [4.00232, 12.07749, 10.60816],
			"to": [11.92296, 13.22453, 11.48176],
			"rotation": {"angle": 0, "axis": "y", "origin": [-1.21016, 14.7245, -4.06832]},
			"faces": {
				"north": {"uv": [0, 0, 0, 0], "texture": "#2"},
				"east": {"uv": [0, 0, 0, 0], "texture": "#2"},
				"south": {"uv": [0, 0, 0, 0], "texture": "#2"},
				"west": {"uv": [0, 0, 0, 0], "texture": "#2"},
				"up": {"uv": [0, 0, 0, 0], "texture": "#2"},
				"down": {"uv": [0, 0, 0, 0], "texture": "#2"}
			}
		},
		{
			"from": [11.92296, 13.401, 4.60944],
			"to": [11.9812, 15.54801, 7.14288],
			"rotation": {"angle": 0, "axis": "y", "origin": [17.48488, 14.7245, -4.21392]},
			"faces": {
				"north": {"uv": [0, 0, 0, 0], "texture": "#2"},
				"east": {"uv": [0, 0, 0, 0], "texture": "#2"},
				"south": {"uv": [0, 0, 0, 0], "texture": "#2"},
				"west": {"uv": [0, 0, 0, 0], "texture": "#2"},
				"up": {"uv": [0, 0, 0, 0], "texture": "#2"},
				"down": {"uv": [0, 0, 0, 0], "texture": "#2"}
			}
		},
		{
			"from": [3.91496, 13.401, 4.60944],
			"to": [3.9732, 15.54801, 7.14288],
			"rotation": {"angle": 0, "axis": "y", "origin": [17.48488, 14.7245, -4.21392]},
			"faces": {
				"north": {"uv": [0, 0, 0, 0], "texture": "#2"},
				"east": {"uv": [0, 0, 0, 0], "texture": "#2"},
				"south": {"uv": [0, 0, 0, 0], "texture": "#2"},
				"west": {"uv": [0, 0, 0, 0], "texture": "#2"},
				"up": {"uv": [0, 0, 0, 0], "texture": "#2"},
				"down": {"uv": [0, 0, 0, 0], "texture": "#2"}
			}
		}
	],
	"display": {
		"thirdperson_righthand": {
			"translation": [0, 8.75, 2],
			"scale": [0.5, 0.5, 0.5]
		},
		"thirdperson_lefthand": {
			"translation": [0, 9, 2],
			"scale": [0.5, 0.5, 0.5]
		},
		"firstperson_righthand": {
			"translation": [5, 7, -1.5],
			"scale": [0.5, 0.5, 0.5]
		},
		"firstperson_lefthand": {
			"translation": [4.25, 9.25, 0],
			"scale": [0.5, 0.5, 0.5]
		},
		"ground": {
			"translation": [0, 4.75, 0],
			"scale": [0.5, 0.5, 0.5]
		},
		"gui": {
			"rotation": [0, -180, 0],
			"translation": [0, 1.75, 0],
			"scale": [0.5, 0.5, 0.5]
		},
		"head": {
			"translation": [0, 10.25, 0],
			"scale": [2.9082, 2.9082, 2.9082]
		},
		"fixed": {
			"translation": [0, 19.25, -0.5],
			"scale": [1.75, 1.75, 1.75]
		}
	},
	"groups": [
		{
			"name": "waist",
			"origin": [8, 12, 8],
			"color": 0,
			"children": [
				{
					"name": "Body",
					"origin": [8, 24, 8],
					"color": 0,
					"children": [0]
				}
			]
		},
		{
			"name": "Head",
			"origin": [8, 24, 8],
			"color": 0,
			"children": [1, 2, 3, 4, 5, 6, 7, 8, 9, 10, 11, 12, 13, 14, 15]
		},
		{
			"name": "RightArm",
			"origin": [13, 22, 8],
			"color": 0,
			"children": [16]
		},
		{
			"name": "LeftArm",
			"origin": [3, 22, 8],
			"color": 0,
			"children": [
				17,
				{
					"name": "leftItem",
					"origin": [2, 15, 9],
					"color": 0,
					"children": []
				}
			]
		},
		{
			"name": "RightLeg",
			"origin": [10, 12, 8],
			"color": 0,
			"children": [18]
		},
		{
			"name": "LeftLeg",
			"origin": [6, 12, 8],
			"color": 0,
			"children": [19]
		},
		20,
		21,
		22,
		23,
		24,
		25,
		26,
		27,
		28,
		29,
		30,
		31,
		32,
		33,
		34,
		35,
		36,
		37,
		38,
		39,
		40,
		41,
		42,
		43,
		44,
		45,
		46,
		47,
		48,
		49,
		50,
		51,
		52,
		53,
		54,
		55,
		56,
		57,
		58,
		59,
		60,
		61,
		62,
		63,
		64,
		65,
		66,
		67,
		68,
		69,
		70,
		71,
		72,
		73,
		74,
		75,
		76,
		77,
		78,
		79,
		80,
		81,
		82,
		83,
		84,
		85,
		86,
		87,
		88,
		89,
		90,
		91,
		92,
		93,
		94,
		95,
		96,
		97,
		98,
		99,
		100,
		101,
		102,
		103,
		104,
		105,
		106,
		107,
		108,
		109,
		110,
		111,
		112,
		113,
		114,
		115,
		116,
		117,
		118,
		119,
		120,
		121,
		122,
		123,
		124,
		125,
		126,
		127,
		128,
		129,
		130,
		131,
		132,
		133,
		134,
		135,
		136,
		137,
		138,
		139,
		140,
		141,
		142,
		143,
		144,
		145,
		146,
		147,
		148,
		149
	]
}