{
	"__comment": "Designed by CreatorLabs with Cubik Studio - https://cubik.studio - Download 3D CreatorCraft at https://www.planetminecraft.com/texture_pack/3d-creatorcraft/",
	"textures": {
		"particle": "#skin",
		"skin": "#skin",
		"extra": "#extra",
		"eyes": "food/black",
		"head": "#head"
	},
	"elements": [ 	 
		{
			"__comment": "eyes",
			"from": [ 6.75, 7.5, 1.5 ],
			"to": [ 9.25, 8, 2 ],
			"faces": {
				"down": { "uv": [ 6.75, 14, 9.25, 14.5 ], "texture": "#eyes" },
				"up": { "uv": [ 6.75, 1.5, 9.25, 2 ], "texture": "#eyes" },
				"north": { "uv": [ 6.75, 8, 9.25, 8.5 ], "texture": "#eyes" },
				"south": { "uv": [ 6.75, 8, 9.25, 8.5 ], "texture": "#eyes" },
				"west": { "uv": [ 1.5, 8, 2, 8.5 ], "texture": "#eyes" },
				"east": { "uv": [ 14, 8, 14.5, 8.5 ], "texture": "#eyes" }
			}
		},
		{
			"__comment": "skin",
			"from": [ 7, 6, 3 ],
			"to": [ 9, 9, 3.5 ],
			"faces": {
				"down": { "uv": [ 7, 12.5, 9, 13 ], "texture": "#skin" },
				"up": { "uv": [ 7, 3, 9, 3.5 ], "texture": "#skin" },
				"north": { "uv": [ 7, 7, 9, 10 ], "texture": "#skin" },
				"south": { "uv": [ 7, 7, 9, 10 ], "texture": "#skin" },
				"west": { "uv": [ 3, 7, 3.5, 10 ], "texture": "#skin" },
				"east": { "uv": [ 12.5, 7, 13, 10 ], "texture": "#skin" }
			}
		},
		{
			"__comment": "skin1",
			"from": [ 7, 6, 3.5 ],
			"to": [ 9, 6.5, 9 ],
			"faces": {
				"down": { "uv": [ 7, 7, 9, 12.5 ], "texture": "#skin" },
				"up": { "uv": [ 7, 3.5, 9, 9 ], "texture": "#skin" },
				"south": { "uv": [ 7, 9.5, 9, 10 ], "texture": "#skin" },
				"west": { "uv": [ 3.5, 9.5, 9, 10 ], "texture": "#skin" },
				"east": { "uv": [ 7, 9.5, 12.5, 10 ], "texture": "#skin" }
			}
		},
		{
			"__comment": "head4",
			"from": [ 7, 6.5, 1 ],
			"to": [ 9, 8.5, 1.5 ],
			"faces": {
				"down": { "uv": [ 7, 14.5, 9, 15 ], "texture": "#head" },
				"up": { "uv": [ 7, 1, 9, 1.5 ], "texture": "#head" },
				"north": { "uv": [ 7, 7.5, 9, 9.5 ], "texture": "#head" },
				"south": { "uv": [ 7, 7.5, 9, 9.5 ], "texture": "#head" },
				"west": { "uv": [ 1, 7.5, 1.5, 9.5 ], "texture": "#head" },
				"east": { "uv": [ 14.5, 7.5, 15, 9.5 ], "texture": "#head" }
			}
		},
		{
			"__comment": "head6",
			"from": [ 7, 6.5, 1.5 ],
			"to": [ 9, 7.5, 3 ],
			"faces": {
				"down": { "uv": [ 7, 13, 9, 14.5 ], "texture": "#head" },
				"up": { "uv": [ 7, 1.5, 9, 3 ], "texture": "#head" },
				"west": { "uv": [ 1.5, 8.5, 3, 9.5 ], "texture": "#head" },
				"east": { "uv": [ 13, 8.5, 14.5, 9.5 ], "texture": "#head" }
			}
		},
		{
			"__comment": "skin4",
			"from": [ 7, 6.5, 4 ],
			"to": [ 9, 9, 9 ],
			"faces": {
				"up": { "uv": [ 7, 4, 9, 9 ], "texture": "#skin" },
				"north": { "uv": [ 7, 7, 9, 9.5 ], "texture": "#skin" },
				"south": { "uv": [ 7, 7, 9, 9.5 ], "texture": "#skin" },
				"west": { "uv": [ 4, 7, 9, 9.5 ], "texture": "#skin" },
				"east": { "uv": [ 7, 7, 12, 9.5 ], "texture": "#skin" }
			}
		},
		{
			"__comment": "skin5",
			"from": [ 7, 6.5, 9 ],
			"to": [ 9, 8.5, 11 ],
			"faces": {
				"down": { "uv": [ 7, 5, 9, 7 ], "texture": "#skin" },
				"up": { "uv": [ 7, 9, 9, 11 ], "texture": "#skin" },
				"south": { "uv": [ 7, 7.5, 9, 9.5 ], "texture": "#skin" },
				"west": { "uv": [ 9, 7.5, 11, 9.5 ], "texture": "#skin" },
				"east": { "uv": [ 5, 7.5, 7, 9.5 ], "texture": "#skin" }
			}
		},
		{
			"__comment": "head1",
			"from": [ 7, 7, 0.5 ],
			"to": [ 9, 8, 1 ],
			"faces": {
				"down": { "uv": [ 7, 15, 9, 15.5 ], "texture": "#head" },
				"up": { "uv": [ 7, 0.5, 9, 1 ], "texture": "#head" },
				"north": { "uv": [ 7, 8, 9, 9 ], "texture": "#head" },
				"west": { "uv": [ 0.5, 8, 1, 9 ], "texture": "#head" },
				"east": { "uv": [ 15, 8, 15.5, 9 ], "texture": "#head" }
			}
		},
		{
			"__comment": "skin7",
			"from": [ 7, 7, 11 ],
			"to": [ 9, 8, 11.5 ],
			"faces": {
				"down": { "uv": [ 7, 4.5, 9, 5 ], "texture": "#skin" },
				"up": { "uv": [ 7, 11, 9, 11.5 ], "texture": "#skin" },
				"south": { "uv": [ 7, 8, 9, 9 ], "texture": "#skin" },
				"west": { "uv": [ 11, 8, 11.5, 9 ], "texture": "#skin" },
				"east": { "uv": [ 4.5, 8, 5, 9 ], "texture": "#skin" }
			}
		},
		{
			"__comment": "head10",
			"from": [ 7, 7.5, 2 ],
			"to": [ 9, 8.5, 3 ],
			"faces": {
				"up": { "uv": [ 7, 2, 9, 3 ], "texture": "#head" },
				"north": { "uv": [ 7, 7.5, 9, 8.5 ], "texture": "#head" },
				"west": { "uv": [ 2, 7.5, 3, 8.5 ], "texture": "#head" },
				"east": { "uv": [ 13, 7.5, 14, 8.5 ], "texture": "#head" }
			}
		},
		{
			"__comment": "head7",
			"from": [ 7, 8, 1.5 ],
			"to": [ 9, 8.5, 2 ],
			"faces": {
				"up": { "uv": [ 7, 1.5, 9, 2 ], "texture": "#head" },
				"west": { "uv": [ 1.5, 7.5, 2, 8 ], "texture": "#head" },
				"east": { "uv": [ 14, 7.5, 14.5, 8 ], "texture": "#head" }
			}
		},
		{
			"__comment": "skin10",
			"from": [ 7, 8, 3.5 ],
			"to": [ 9, 9, 4 ],
			"faces": {
				"up": { "uv": [ 7, 3.5, 9, 4 ], "texture": "#skin" },
				"west": { "uv": [ 3.5, 7, 4, 8 ], "texture": "#skin" },
				"east": { "uv": [ 12, 7, 12.5, 8 ], "texture": "#skin" }
			}
		},
		{
			"__comment": "head8",
			"from": [ 7.5, 6, 1.5 ],
			"to": [ 8.5, 6.5, 3 ],
			"faces": {
				"down": { "uv": [ 7.5, 13, 8.5, 14.5 ], "texture": "#head" },
				"north": { "uv": [ 7.5, 9.5, 8.5, 10 ], "texture": "#head" },
				"west": { "uv": [ 1.5, 9.5, 3, 10 ], "texture": "#head" },
				"east": { "uv": [ 13, 9.5, 14.5, 10 ], "texture": "#head" }
			}
		},
		{
			"__comment": "skin12",
			"from": [ 7.5, 6, 9 ],
			"to": [ 8.5, 6.5, 10.5 ],
			"faces": {
				"down": { "uv": [ 7.5, 5.5, 8.5, 7 ], "texture": "#skin" },
				"south": { "uv": [ 7.5, 9.5, 8.5, 10 ], "texture": "#skin" },
				"west": { "uv": [ 9, 9.5, 10.5, 10 ], "texture": "#skin" },
				"east": { "uv": [ 5.5, 9.5, 7, 10 ], "texture": "#skin" }
			}
		},
		{
			"__comment": "head2",
			"from": [ 7.5, 6.5, 0.5 ],
			"to": [ 8.5, 7, 1 ],
			"faces": {
				"down": { "uv": [ 7.5, 15, 8.5, 15.5 ], "texture": "#head" },
				"north": { "uv": [ 7.5, 9, 8.5, 9.5 ], "texture": "#head" },
				"west": { "uv": [ 0.5, 9, 1, 9.5 ], "texture": "#head" },
				"east": { "uv": [ 15, 9, 15.5, 9.5 ], "texture": "#head" }
			}
		},
		{
			"__comment": "skin14",
			"from": [ 7.5, 6.5, 11 ],
			"to": [ 8.5, 7, 11.5 ],
			"faces": {
				"down": { "uv": [ 7.5, 4.5, 8.5, 5 ], "texture": "#skin" },
				"south": { "uv": [ 7.5, 9, 8.5, 9.5 ], "texture": "#skin" },
				"west": { "uv": [ 11, 9, 11.5, 9.5 ], "texture": "#skin" },
				"east": { "uv": [ 4.5, 9, 5, 9.5 ], "texture": "#skin" }
			}
		},
		{
			"__comment": "head",
			"from": [ 7.5, 7, 0 ],
			"to": [ 8.5, 8, 0.5 ],
			"faces": {
				"down": { "uv": [ 7.5, 15.5, 8.5, 16 ], "texture": "#head" },
				"up": { "uv": [ 7.5, 0, 8.5, 0.5 ], "texture": "#head" },
				"north": { "uv": [ 7.5, 8, 8.5, 9 ], "texture": "#head" },
				"west": { "uv": [ 0, 8, 0.5, 9 ], "texture": "#head" },
				"east": { "uv": [ 15.5, 8, 16, 9 ], "texture": "#head" }
			}
		},
		{
			"__comment": "skin16",
			"from": [ 7.5, 7, 11.5 ],
			"to": [ 8.5, 8, 12 ],
			"faces": {
				"down": { "uv": [ 7.5, 4, 8.5, 4.5 ], "texture": "#skin" },
				"up": { "uv": [ 7.5, 11.5, 8.5, 12 ], "texture": "#skin" },
				"south": { "uv": [ 7.5, 8, 8.5, 9 ], "texture": "#skin" },
				"west": { "uv": [ 11.5, 8, 12, 9 ], "texture": "#skin" },
				"east": { "uv": [ 4, 8, 4.5, 9 ], "texture": "#skin" }
			}
		},
		{
			"__comment": "head3",
			"from": [ 7.5, 8, 0.5 ],
			"to": [ 8.5, 8.5, 1 ],
			"faces": {
				"up": { "uv": [ 7.5, 0.5, 8.5, 1 ], "texture": "#head" },
				"north": { "uv": [ 7.5, 7.5, 8.5, 8 ], "texture": "#head" },
				"west": { "uv": [ 0.5, 7.5, 1, 8 ], "texture": "#head" },
				"east": { "uv": [ 15, 7.5, 15.5, 8 ], "texture": "#head" }
			}
		},
		{
			"__comment": "skin18",
			"from": [ 7.5, 8, 11 ],
			"to": [ 8.5, 8.5, 11.5 ],
			"faces": {
				"up": { "uv": [ 7.5, 11, 8.5, 11.5 ], "texture": "#skin" },
				"south": { "uv": [ 7.5, 7.5, 8.5, 8 ], "texture": "#skin" },
				"west": { "uv": [ 11, 7.5, 11.5, 8 ], "texture": "#skin" },
				"east": { "uv": [ 4.5, 7.5, 5, 8 ], "texture": "#skin" }
			}
		},
		{
			"__comment": "head9",
			"from": [ 7.5, 8.5, 1.5 ],
			"to": [ 8.5, 9, 3 ],
			"faces": {
				"down": { "uv": [ 7.5, 13, 8.5, 14.5 ], "texture": "#head" },
				"up": { "uv": [ 7.5, 1.5, 8.5, 3 ], "texture": "#head" },
				"north": { "uv": [ 7.5, 7, 8.5, 7.5 ], "texture": "#head" },
				"west": { "uv": [ 1.5, 7, 3, 7.5 ], "texture": "#head" },
				"east": { "uv": [ 13, 7, 14.5, 7.5 ], "texture": "#head" }
			}
		},
		{
			"__comment": "skin20",
			"from": [ 7.5, 8.5, 9 ],
			"to": [ 8.5, 9, 10.5 ],
			"faces": {
				"up": { "uv": [ 7.5, 9, 8.5, 10.5 ], "texture": "#skin" },
				"south": { "uv": [ 7.5, 7, 8.5, 7.5 ], "texture": "#skin" },
				"west": { "uv": [ 9, 7, 10.5, 7.5 ], "texture": "#skin" },
				"east": { "uv": [ 5.5, 7, 7, 7.5 ], "texture": "#skin" }
			}
		},
		{
			"__comment": "extra",
			"from": [ 6, 6.5, 4 ],
			"to": [ 6.5, 8, 5.5 ],
			"faces": {
				"down": { "uv": [ 6, 10.5, 6.5, 12 ], "texture": "#extra" },
				"up": { "uv": [ 6, 4, 6.5, 5.5 ], "texture": "#extra" },
				"north": { "uv": [ 9.5, 8, 10, 9.5 ], "texture": "#extra" },
				"south": { "uv": [ 6, 8, 6.5, 9.5 ], "texture": "#extra" },
				"west": { "uv": [ 4, 8, 5.5, 9.5 ], "texture": "#extra" },
				"east": { "uv": [ 10.5, 8, 12, 9.5 ], "texture": "#extra" }
			}
		},
		{
			"__comment": "extra1",
			"from": [ 6, 7, 5.5 ],
			"to": [ 6.5, 7.5, 6 ],
			"faces": {
				"down": { "uv": [ 6, 10, 6.5, 10.5 ], "texture": "#extra" },
				"up": { "uv": [ 6, 5.5, 6.5, 6 ], "texture": "#extra" },
				"south": { "uv": [ 6, 8.5, 6.5, 9 ], "texture": "#extra" },
				"west": { "uv": [ 5.5, 8.5, 6, 9 ], "texture": "#extra" },
				"east": { "uv": [ 10, 8.5, 10.5, 9 ], "texture": "#extra" }
			}
		},
		{
			"__comment": "extra2",
			"from": [ 6.5, 6.5, 3.5 ],
			"to": [ 9.5, 8, 4 ],
			"faces": {
				"down": { "uv": [ 6.5, 12, 9.5, 12.5 ], "texture": "#extra" },
				"up": { "uv": [ 6.5, 3.5, 9.5, 4 ], "texture": "#extra" },
				"north": { "uv": [ 6.5, 8, 9.5, 9.5 ], "texture": "#extra" },
				"south": { "uv": [ 6.5, 8, 9.5, 9.5 ], "texture": "#extra" },
				"west": { "uv": [ 3.5, 8, 4, 9.5 ], "texture": "#extra" },
				"east": { "uv": [ 12, 8, 12.5, 9.5 ], "texture": "#extra" }
			}
		},
		{
			"__comment": "extra3",
			"from": [ 6.5, 7, 3 ],
			"to": [ 7, 7.5, 3.5 ],
			"faces": {
				"down": { "uv": [ 6.5, 12.5, 7, 13 ], "texture": "#extra" },
				"up": { "uv": [ 6.5, 3, 7, 3.5 ], "texture": "#extra" },
				"north": { "uv": [ 9, 8.5, 9.5, 9 ], "texture": "#extra" },
				"west": { "uv": [ 3, 8.5, 3.5, 9 ], "texture": "#extra" }
			}
		},
		{
			"__comment": "extra4",
			"from": [ 7.5, 6, 14 ],
			"to": [ 8, 9, 15 ],
			"faces": {
				"down": { "uv": [ 7.5, 1, 8, 2 ], "texture": "#extra" },
				"up": { "uv": [ 7.5, 14, 8, 15 ], "texture": "#extra" },
				"north": { "uv": [ 8, 7, 8.5, 10 ], "texture": "#extra" },
				"south": { "uv": [ 7.5, 7, 8, 10 ], "texture": "#extra" },
				"west": { "uv": [ 14, 7, 15, 10 ], "texture": "#extra" },
				"east": { "uv": [ 1, 7, 2, 10 ], "texture": "#extra" }
			}
		},
		{
			"__comment": "extra5",
			"from": [ 7.5, 6.5, 13.5 ],
			"to": [ 8, 8.5, 14 ],
			"faces": {
				"down": { "uv": [ 7.5, 2, 8, 2.5 ], "texture": "#extra" },
				"up": { "uv": [ 7.5, 13.5, 8, 14 ], "texture": "#extra" },
				"north": { "uv": [ 8, 7.5, 8.5, 9.5 ], "texture": "#extra" },
				"west": { "uv": [ 13.5, 7.5, 14, 9.5 ], "texture": "#extra" },
				"east": { "uv": [ 2, 7.5, 2.5, 9.5 ], "texture": "#extra" }
			}
		},
		{
			"__comment": "extra6",
			"from": [ 7.5, 9, 4 ],
			"to": [ 8.5, 9.5, 7 ],
			"faces": {
				"up": { "uv": [ 7.5, 4, 8.5, 7 ], "texture": "#extra" },
				"north": { "uv": [ 7.5, 6.5, 8.5, 7 ], "texture": "#extra" },
				"south": { "uv": [ 7.5, 6.5, 8.5, 7 ], "texture": "#extra" },
				"west": { "uv": [ 4, 6.5, 7, 7 ], "texture": "#extra" },
				"east": { "uv": [ 9, 6.5, 12, 7 ], "texture": "#extra" }
			}
		},
		{
			"__comment": "extra7",
			"from": [ 7.5, 9.5, 4.5 ],
			"to": [ 8.5, 10, 6 ],
			"faces": {
				"up": { "uv": [ 7.5, 4.5, 8.5, 6 ], "texture": "#extra" },
				"north": { "uv": [ 7.5, 6, 8.5, 6.5 ], "texture": "#extra" },
				"south": { "uv": [ 7.5, 6, 8.5, 6.5 ], "texture": "#extra" },
				"west": { "uv": [ 4.5, 6, 6, 6.5 ], "texture": "#extra" },
				"east": { "uv": [ 10, 6, 11.5, 6.5 ], "texture": "#extra" }
			}
		},
		{
			"__comment": "extra8",
			"from": [ 8, 6.5, 12.5 ],
			"to": [ 8.5, 8.5, 13.5 ],
			"faces": {
				"down": { "uv": [ 8, 2.5, 8.5, 3.5 ], "texture": "#extra" },
				"up": { "uv": [ 8, 12.5, 8.5, 13.5 ], "texture": "#extra" },
				"north": { "uv": [ 7.5, 7.5, 8, 9.5 ], "texture": "#extra" },
				"south": { "uv": [ 8, 7.5, 8.5, 9.5 ], "texture": "#extra" },
				"west": { "uv": [ 12.5, 7.5, 13.5, 9.5 ], "texture": "#extra" },
				"east": { "uv": [ 2.5, 7.5, 3.5, 9.5 ], "texture": "#extra" }
			}
		},
		{
			"__comment": "extra9",
			"from": [ 8, 7, 12 ],
			"to": [ 8.5, 8, 12.5 ],
			"faces": {
				"down": { "uv": [ 8, 3.5, 8.5, 4 ], "texture": "#extra" },
				"up": { "uv": [ 8, 12, 8.5, 12.5 ], "texture": "#extra" },
				"west": { "uv": [ 12, 8, 12.5, 9 ], "texture": "#extra" },
				"east": { "uv": [ 3.5, 8, 4, 9 ], "texture": "#extra" }
			}
		},
		{
			"__comment": "extra10",
			"from": [ 9, 7, 3 ],
			"to": [ 9.5, 7.5, 3.5 ],
			"faces": {
				"down": { "uv": [ 9, 12.5, 9.5, 13 ], "texture": "#extra" },
				"up": { "uv": [ 9, 3, 9.5, 3.5 ], "texture": "#extra" },
				"north": { "uv": [ 6.5, 8.5, 7, 9 ], "texture": "#extra" },
				"east": { "uv": [ 12.5, 8.5, 13, 9 ], "texture": "#extra" }
			}
		},
		{
			"__comment": "extra11",
			"from": [ 9.5, 6.5, 4 ],
			"to": [ 10, 8, 5.5 ],
			"faces": {
				"down": { "uv": [ 9.5, 10.5, 10, 12 ], "texture": "#extra" },
				"up": { "uv": [ 9.5, 4, 10, 5.5 ], "texture": "#extra" },
				"north": { "uv": [ 6, 8, 6.5, 9.5 ], "texture": "#extra" },
				"south": { "uv": [ 9.5, 8, 10, 9.5 ], "texture": "#extra" },
				"west": { "uv": [ 4, 8, 5.5, 9.5 ], "texture": "#extra" },
				"east": { "uv": [ 10.5, 8, 12, 9.5 ], "texture": "#extra" }
			}
		},
		{
			"__comment": "extra12",
			"from": [ 9.5, 7, 5.5 ],
			"to": [ 10, 7.5, 6 ],
			"faces": {
				"down": { "uv": [ 9.5, 10, 10, 10.5 ], "texture": "#extra" },
				"up": { "uv": [ 9.5, 5.5, 10, 6 ], "texture": "#extra" },
				"south": { "uv": [ 9.5, 8.5, 10, 9 ], "texture": "#extra" },
				"west": { "uv": [ 5.5, 8.5, 6, 9 ], "texture": "#extra" },
				"east": { "uv": [ 10, 8.5, 10.5, 9 ], "texture": "#extra" }
			}
		}
	],
	"display": {
		"thirdperson_righthand": {
			"rotation":  [ 90, 0, 0 ],
			"translation":  [ 0, 1.3, 1 ],
			"scale":  [ 0.41, 0.41, 0.41 ]
		},
		"thirdperson_lefthand": {
			"rotation":  [ 90, 0, 0 ],
			"translation":  [ 0, 1.3, 1 ],
			"scale":  [ 0.41, 0.41, 0.41 ]
		},
		"firstperson_righthand": {
			"rotation":  [ 67, 9, -25 ],
			"translation":  [ 1.13, 2, 1.13 ],
			"scale":  [ 0.4, 0.4, 0.4 ]
		},
		"firstperson_lefthand": {
			"rotation":  [ 67, 9, -25 ],
			"translation":  [ 1.13, 2, 1.13 ],
			"scale":  [ 0.4, 0.4, 0.4 ]
		},
		"gui": {
			"rotation":  [ 28, 153, 0 ],
			"translation":  [ 1, 1, 0 ],
			"scale":  [ 1.8, 1.8, 1.8 ]
		},
		"ground": {
			"translation":  [ 0, 2, 0 ],
			"scale":  [ 0.35, 0.35, 0.35 ]
		},
		"fixed": {
			"rotation":  [ 0, 90, 0 ],
			"translation":  [ 0, 0, 0.9 ],
			"scale":  [ 0.8, 0.8, 0.8 ]
		}
	}
}