{
"__comment": "Aetheris_ex",
"textures": {
    "particle": "block/tools/wooden_sword",
    "block": "block/tools/wooden_sword"
},
"elements": [ 
{
    "from": [ 7.1875, 8.9375, 2.0625 ],
    "to": [ 8.9375, 9.9375, 12.0625 ],
    "faces": {
        "down":  { "uv": [ 12.5, 0, 14.5, 10 ], "texture": "#block" },
        "up":    { "uv": [ 12.5, 0, 14.5, 10 ], "texture": "#block" },
        "north": { "uv": [ 7, 6, 9, 7 ], "texture": "#block" },
        "south": { "uv": [ 7, 6, 9, 7 ], "texture": "#block" },
        "west":  { "uv": [ 6, 0, 16, 1 ], "texture": "#block" },
        "east":  { "uv": [ 6, 0.5, 16, 1.5 ], "texture": "#block" }
    }
},
{
    "from": [ 8, 8.9375, 0.9375 ],
    "to": [ 10, 10.0625, 2.875 ],
    "rotation": { "origin": [ 8, 8.9375, 0.9375 ], "axis": "y", "angle": -45 },
    "faces": {
        "down":  { "uv": [ 8, 2.4375, 6.5, 0.9375 ], "texture": "#block" },
        "up":    { "uv": [ 8, 0.9375, 9.5, 2.4375 ], "texture": "#block" },
        "north": { "uv": [ 6.5, 6.125, 8, 6.9375 ], "texture": "#block" },
        "south": { "uv": [ 8, 6.125, 9.5, 6.9375 ], "texture": "#block" },
        "west":  { "uv": [ 9, 6.5, 10.5, 7.3125 ], "texture": "#block" },
        "east":  { "uv": [ 13.5625, 6.125, 15.0625, 6.9375 ], "texture": "#block" }
    }
},
{
    "from": [ 7.4375, 9.125, 2.25 ],
    "to": [ 8.4375, 10.125, 11.9375 ],
    "rotation": { "origin": [ 7.4375, 10.125, 2.25 ], "axis": "z", "angle": -45 },
    "faces": {
        "down":  { "uv": [ 10.5, 12, 9.5, 2 ], "texture": "#block" },
        "up":    { "uv": [ 10, 6, 11, 16 ], "texture": "#block" },
        "north": { "uv": [ 9.5, 2, 10.5, 3 ], "texture": "#block" },
        "south": { "uv": [ 8.5, 1.5, 9.5, 2.5 ], "texture": "#block" },
        "west":  { "uv": [ 6, 6.5, 16, 7.5 ], "texture": "#block" },
        "east":  { "uv": [ 6, 3.5, 16, 4.5 ], "texture": "#block" }
    }
},
{
    "from": [ 8.5625, 9.125, 2.3125 ],
    "to": [ 9.5625, 10.125, 11.9375 ],
    "rotation": { "origin": [ 8.5625, 10.125, 2.3125 ], "axis": "z", "angle": -45 },
    "faces": {
        "down":  { "uv": [ 10.5, 12, 9.5, 2 ], "texture": "#block" },
        "up":    { "uv": [ 10, 6, 11, 16 ], "texture": "#block" },
        "north": { "uv": [ 9.5, 2, 10.5, 3 ], "texture": "#block" },
        "south": { "uv": [ 8.5, 1.5, 9.5, 2.5 ], "texture": "#block" },
        "west":  { "uv": [ 6, 6.5, 16, 7.5 ], "texture": "#block" },
        "east":  { "uv": [ 6, 3.5, 16, 4.5 ], "texture": "#block" }
    }
},
{
    "from": [ 6, 8.6875, 12 ],
    "to": [ 10, 10.1875, 13 ],
    "faces": {
        "down":  { "uv": [ 0, 8, 3.5, 9 ], "texture": "#block" },
        "up":    { "uv": [ 0, 8, 3.5, 9 ], "texture": "#block" },
        "north": { "uv": [ 0, 9, 3.5, 10.5 ], "texture": "#block" },
        "south": { "uv": [ 0, 13, 3.5, 14.5 ], "texture": "#block" },
        "west":  { "uv": [ 0.5, 6.5, 1.5, 8 ], "texture": "#block" },
        "east":  { "uv": [ 1, 8, 2, 9.5 ], "texture": "#block" }
    }
},
{
    "from": [ 8, 9.0625, 13 ],
    "to": [ 9, 10.0625, 16.5 ],
    "rotation": { "origin": [ 8, 10.0625, 13 ], "axis": "z", "angle": -45 },
    "faces": {
        "down":  { "uv": [ 1.5, 4, 0.5, 0.5 ], "texture": "#block" },
        "up":    { "uv": [ 1, 1, 2, 4.5 ], "texture": "#block" },
        "south": { "uv": [ 1, 2.5, 2, 3.5 ], "texture": "#block" },
        "west":  { "uv": [ 0, 2, 3.5, 3 ], "texture": "#block" },
        "east":  { "uv": [ 0, 0.5, 3.5, 1.5 ], "texture": "#block" }
    }
},
{
    "from": [ 8, 8.625, 15.5 ],
    "to": [ 9.5, 10.125, 17 ],
    "rotation": { "origin": [ 8, 8.625, 15.5 ], "axis": "y", "angle": -45 },
    "faces": {
        "down":  { "uv": [ 5.5, 11.5, 4, 10 ], "texture": "#block" },
        "up":    { "uv": [ 4.5, 12.5, 6, 14 ], "texture": "#block" },
        "north": { "uv": [ 4.5, 13, 6, 14.5 ], "texture": "#block" },
        "south": { "uv": [ 5, 9.5, 6.5, 11 ], "texture": "#block" },
        "west":  { "uv": [ 5.5, 11, 7, 12.5 ], "texture": "#block" },
        "east":  { "uv": [ 6, 13.5, 7.5, 15 ], "texture": "#block" }
    }
},
{
    "from": [ 7, 8.375, 11.5 ],
    "to": [ 7.5, 10.375, 13.5 ],
    "faces": {
        "down":  { "uv": [ 5.5, 11.5, 4, 10 ], "texture": "#block" },
        "up":    { "uv": [ 4.5, 12.5, 6, 14 ], "texture": "#block" },
        "north": { "uv": [ 4.5, 13, 6, 14.5 ], "texture": "#block" },
        "south": { "uv": [ 5, 9.5, 6.5, 11 ], "texture": "#block" },
        "west":  { "uv": [ 5.5, 11, 7, 12.5 ], "texture": "#block" },
        "east":  { "uv": [ 6, 13.5, 7.5, 15 ], "texture": "#block" }
    }
},
{
    "from": [ 8.5, 8.375, 11.5 ],
    "to": [ 9, 10.375, 13.5 ],
    "faces": {
        "down":  { "uv": [ 5.5, 11.5, 4, 10 ], "texture": "#block" },
        "up":    { "uv": [ 4.5, 12.5, 6, 14 ], "texture": "#block" },
        "north": { "uv": [ 4.5, 13, 6, 14.5 ], "texture": "#block" },
        "south": { "uv": [ 5, 9.5, 6.5, 11 ], "texture": "#block" },
        "west":  { "uv": [ 5.5, 11, 7, 12.5 ], "texture": "#block" },
        "east":  { "uv": [ 6, 13.5, 7.5, 15 ], "texture": "#block" }
    }
},
{
    "from": [ 7.5, 8.4375, 11.5 ],
    "to": [ 8, 10.4375, 13.5 ],
    "rotation": { "origin": [ 7.5, 8.4375, 11.5 ], "axis": "y", "angle": 22.5 },
    "faces": {
        "down":  { "uv": [ 5.5, 11.5, 4, 10 ], "texture": "#block" },
        "up":    { "uv": [ 4.5, 12.5, 6, 14 ], "texture": "#block" },
        "north": { "uv": [ 4.5, 13, 6, 14.5 ], "texture": "#block" },
        "south": { "uv": [ 5, 9.5, 6.5, 11 ], "texture": "#block" },
        "west":  { "uv": [ 5.5, 11, 7, 12.5 ], "texture": "#block" },
        "east":  { "uv": [ 6, 13.5, 7.5, 15 ], "texture": "#block" }
    }
},
{
    "from": [ 8, 8.375, 16 ],
    "to": [ 9, 10.375, 17 ],
    "rotation": { "origin": [ 8, 8.375, 16 ], "axis": "y", "angle": -45 },
    "faces": {
        "down":  { "uv": [ 14, 12, 13, 11 ], "texture": "#block" },
        "up":    { "uv": [ 13, 11, 14, 12 ], "texture": "#block" },
        "north": { "uv": [ 13, 0, 14, 2 ], "texture": "#block" },
        "south": { "uv": [ 9, 0.5, 10, 2.5 ], "texture": "#block" },
        "west":  { "uv": [ 11, 0, 12, 2 ], "texture": "#block" },
        "east":  { "uv": [ 9.5, 7.5, 10.5, 9.5 ], "texture": "#block" }
    }
}
],
"display": {
    "thirdperson_righthand": {
        "rotation": [ 96, 7, 89 ],
        "translation": [ 0.94, 7.37, 2.83 ],
        "scale": [ 1.2, 1.2, 1.32 ]
    },
    "thirdperson_lefthand": {
        "rotation": [ 96, 7, 89 ],
        "translation": [ 0.94, 7.37, 2.83 ],
        "scale": [ 1.2, 1.2, 1.32 ]
    },
    "ground": {
        "rotation": [ 0, 0, 0 ],
        "translation": [ 0, 1.51, 0 ],
        "scale": [ 1, 1, 1 ]
    },
    "fixed": {
        "rotation": [ -86, 145, 0 ],
        "translation": [ -1.7, 1.32, 0 ],
        "scale": [ 1.32, 1.32, 1.32 ]
    },
    "firstperson_righthand": {
        "rotation": [ 79, 0, -103 ],
        "translation": [ 0.57, 4.91, -4.16 ],
        "scale": [ 1.23, 1.29, 1.57 ]
    },
    "firstperson_lefthand": {
        "rotation": [ 79, 0, -103 ],
        "translation": [ 0.56, 4.91, -4.35 ],
        "scale": [ 1.23, 1.29, 1.57 ]
    },
    "gui": {
        "rotation": [ 94, 135, -3 ],
        "translation": [ -1.13, -1.13, 0 ],
        "scale": [ 1.17, 1.2, 1.23 ]
    }
}
}