{
	"textures": {
		"1": "block/better_lilypad_flower_0",
		"4": "block/lime_concrete_powder",
		"particle": "block/orange_terracotta"
	},
	"elements": [
		{
			"from": [6, 1, 3],
			"to": [12, 9, 9],
			"rotation": {"angle": 0, "axis": "y", "origin": [8, -8, 8]},
			"faces": {
				"north": {"uv": [4, 3.5, 12, 11.5], "texture": "#4"},
				"east": {"uv": [4, 3.5, 12, 11.5], "texture": "#4"},
				"south": {"uv": [4, 3.5, 12, 11.5], "texture": "#4"},
				"west": {"uv": [4, 3.5, 12, 11.5], "texture": "#4"},
				"up": {"uv": [4, 3.5, 12, 11.5], "texture": "#4"},
				"down": {"uv": [4, 3.5, 12, 11.5], "texture": "#4"}
			}
		},
		{
			"from": [6, 9, 3],
			"to": [12, 10, 9],
			"rotation": {"angle": 0, "axis": "y", "origin": [8, -8, 8]},
			"faces": {
				"north": {"uv": [4, 3.5, 12, 11.5], "texture": "#4"},
				"east": {"uv": [4, 3.5, 12, 11.5], "texture": "#4"},
				"south": {"uv": [4, 3.5, 12, 11.5], "texture": "#4"},
				"west": {"uv": [4, 3.5, 12, 11.5], "texture": "#4"},
				"up": {"uv": [4, 3.5, 12, 11.5], "texture": "#4"},
				"down": {"uv": [4, 3.5, 12, 11.5], "texture": "#4"}
			}
		},
		{
			"from": [7, 10, 4],
			"to": [11, 11, 8],
			"rotation": {"angle": 0, "axis": "y", "origin": [8, -8, 8]},
			"faces": {
				"north": {"uv": [4, 3.5, 12, 11.5], "texture": "#4"},
				"east": {"uv": [4, 3.5, 12, 11.5], "texture": "#4"},
				"south": {"uv": [4, 3.5, 12, 11.5], "texture": "#4"},
				"west": {"uv": [4, 3.5, 12, 11.5], "texture": "#4"},
				"up": {"uv": [4, 3.5, 12, 11.5], "texture": "#4"},
				"down": {"uv": [4, 3.5, 12, 11.5], "texture": "#4"}
			}
		},
		{
			"from": [7, 0, 4],
			"to": [11, 1, 8],
			"rotation": {"angle": 0, "axis": "y", "origin": [8, -18, 8]},
			"faces": {
				"north": {"uv": [4, 3.5, 12, 11.5], "texture": "#4"},
				"east": {"uv": [4, 3.5, 12, 11.5], "texture": "#4"},
				"south": {"uv": [4, 3.5, 12, 11.5], "texture": "#4"},
				"west": {"uv": [4, 3.5, 12, 11.5], "texture": "#4"},
				"up": {"uv": [4, 3.5, 12, 11.5], "texture": "#4"},
				"down": {"uv": [4, 3.5, 12, 11.5], "texture": "#4"}
			}
		},
		{
			"from": [5, 2, 4],
			"to": [6, 9, 8],
			"rotation": {"angle": 0, "axis": "y", "origin": [8, -8, 8]},
			"faces": {
				"north": {"uv": [4, 3.5, 12, 11.5], "texture": "#4"},
				"east": {"uv": [4, 3.5, 12, 11.5], "texture": "#4"},
				"south": {"uv": [4, 3.5, 12, 11.5], "texture": "#4"},
				"west": {"uv": [4, 3.5, 12, 11.5], "texture": "#4"},
				"up": {"uv": [4, 3.5, 12, 11.5], "texture": "#4"},
				"down": {"uv": [4, 3.5, 12, 11.5], "texture": "#4"}
			}
		},
		{
			"from": [12, 2, 4],
			"to": [13, 9, 8],
			"rotation": {"angle": 0, "axis": "y", "origin": [8, -8, 8]},
			"faces": {
				"north": {"uv": [4, 3.5, 12, 11.5], "texture": "#4"},
				"east": {"uv": [4, 3.5, 12, 11.5], "texture": "#4"},
				"south": {"uv": [4, 3.5, 12, 11.5], "texture": "#4"},
				"west": {"uv": [4, 3.5, 12, 11.5], "texture": "#4"},
				"up": {"uv": [4, 3.5, 12, 11.5], "texture": "#4"},
				"down": {"uv": [4, 3.5, 12, 11.5], "texture": "#4"}
			}
		},
		{
			"from": [7, 2, 2],
			"to": [11, 9, 3],
			"rotation": {"angle": 0, "axis": "y", "origin": [8, -8, 8]},
			"faces": {
				"north": {"uv": [4, 3.5, 12, 11.5], "rotation": 90, "texture": "#4"},
				"east": {"uv": [4, 3.5, 12, 11.5], "rotation": 90, "texture": "#4"},
				"south": {"uv": [4, 3.5, 12, 11.5], "rotation": 90, "texture": "#4"},
				"west": {"uv": [4, 3.5, 12, 11.5], "rotation": 90, "texture": "#4"},
				"up": {"uv": [4, 3.5, 12, 11.5], "rotation": 90, "texture": "#4"},
				"down": {"uv": [4, 3.5, 12, 11.5], "rotation": 90, "texture": "#4"}
			}
		},
		{
			"from": [7, 2, 9],
			"to": [11, 9, 10],
			"rotation": {"angle": 0, "axis": "y", "origin": [8, -8, 8]},
			"faces": {
				"north": {"uv": [4, 3.5, 12, 11.5], "rotation": 90, "texture": "#4"},
				"east": {"uv": [4, 3.5, 12, 11.5], "rotation": 90, "texture": "#4"},
				"south": {"uv": [4, 3.5, 12, 11.5], "rotation": 90, "texture": "#4"},
				"west": {"uv": [4, 3.5, 12, 11.5], "rotation": 90, "texture": "#4"},
				"up": {"uv": [4, 3.5, 12, 11.5], "rotation": 90, "texture": "#4"},
				"down": {"uv": [4, 3.5, 12, 11.5], "rotation": 90, "texture": "#4"}
			}
		},
		{
			"from": [8.1, 11.05, 5],
			"to": [10, 11.05, 7],
			"rotation": {"angle": 0, "axis": "y", "origin": [8.5, 2.85, 7.5]},
			"faces": {
				"north": {"uv": [6, 11.5, 10, 15.5], "texture": "#1"},
				"east": {"uv": [6, 11.5, 10, 15.5], "texture": "#1"},
				"south": {"uv": [6, 11.5, 10, 15.5], "texture": "#1"},
				"west": {"uv": [6, 11.5, 10, 15.5], "texture": "#1"},
				"up": {"uv": [5, 10, 11, 16], "rotation": 90, "texture": "#1"},
				"down": {"uv": [6, 11.5, 10, 15.5], "rotation": 270, "texture": "#1"}
			}
		}
	],
	"display": {
		"thirdperson_righthand": {
			"rotation": [13, 0, 0],
			"translation": [0, 2, 0],
			"scale": [0.31, 0.31, 0.31]
		},
		"thirdperson_lefthand": {
			"rotation": [13, 0, 0],
			"translation": [0, 2, 0],
			"scale": [0.31, 0.31, 0.31]
		},
		"firstperson_righthand": {
			"rotation": [13, 0, 0],
			"translation": [0, 2, 0],
			"scale": [0.31, 0.31, 0.31]
		},
		"firstperson_lefthand": {
			"rotation": [13, 0, 0],
			"translation": [0, 2, 0],
			"scale": [0.31, 0.31, 0.31]
		},
		"ground": {
			"rotation": [13, 0, 0],
			"translation": [0, 4.5, 0],
			"scale": [0.49, 0.49, 0.49]
		},
		"gui": {
			"rotation": [29, -21, 1],
			"scale": [0.7, 0.7, 0.7]
		},
		"head": {
			"rotation": [13, 0, 0],
			"translation": [2.75, 1.75, 0],
			"scale": [0.1, 0.1, 0.1]
		},
		"fixed": {
			"rotation": [-27, -7, -29],
			"translation": [1, 0, -1],
			"scale": [0.47, 0.47, 0.47]
		}
	},
	"groups": [
		{
			"name": "Berry",
			"origin": [8, 8, 8],
			"children": [0, 1, 2, 3, 4, 5, 6, 7]
		},
		{
			"name": "Stem",
			"origin": [8, -8, 8],
			"children": [8]
		}
	]
}