{
	"texture_size": [64, 64],
	"textures": {
		"2": "block/mushroom_block_skin_brown",
		"3": "block/mushroom_red_bot",
		"particle": "block/mushroom_block_skin_brown"
	},
	"elements": [
		{
			"from": [5.5, -6, 5],
			"to": [10.5, -5, 10],
			"rotation": {"angle": 0, "axis": "y", "origin": [8, 6, 8]},
			"faces": {
				"north": {"uv": [12, 3, 14.25, 5.75], "texture": "#2"},
				"east": {"uv": [12, 3.75, 14.25, 6.5], "texture": "#2"},
				"south": {"uv": [12, 3.5, 14.25, 6.25], "texture": "#2"},
				"west": {"uv": [12, 3.25, 14.25, 6], "texture": "#2"},
				"up": {"uv": [13.25, 7.75, 13, 7], "texture": "#2"},
				"down": {"uv": [12.25, 12, 12.5, 11.75], "texture": "#2"}
			}
		},
		{
			"from": [3.5, -3, 3],
			"to": [12.5, 5, 12],
			"rotation": {"angle": 0, "axis": "y", "origin": [8, 6, 8]},
			"faces": {
				"north": {"uv": [6, 9.5, 3.25, 6.5], "texture": "#2"},
				"east": {"uv": [8.25, 9.5, 5.5, 6.5], "texture": "#2"},
				"south": {"uv": [10.5, 7, 7.75, 4], "texture": "#2"},
				"west": {"uv": [10.5, 5, 7.75, 2], "texture": "#2"},
				"up": {"uv": [5.25, 7.5, 6, 5.75], "texture": "#2"},
				"down": {"uv": [5.75, 4.5, 6, 5.25], "texture": "#2"}
			}
		},
		{
			"from": [3.5, -4, 3],
			"to": [12.5, -3, 12],
			"rotation": {"angle": 0, "axis": "y", "origin": [8, 6, 8]},
			"faces": {
				"north": {"uv": [14, 8.5, 11.25, 11.25], "texture": "#2"},
				"east": {"uv": [14.25, 9, 11.5, 11.75], "texture": "#2"},
				"south": {"uv": [14.25, 8.75, 11.5, 11.5], "texture": "#2"},
				"west": {"uv": [6, 9.5, 3.25, 12.25], "texture": "#2"},
				"up": {"uv": [7.5, 7.5, 8.25, 5.75], "texture": "#2"},
				"down": {"uv": [8, 4.5, 8.25, 5.25], "texture": "#2"}
			}
		},
		{
			"from": [4.5, -5, 4],
			"to": [11.5, -4, 11],
			"rotation": {"angle": 0, "axis": "y", "origin": [8, 6, 8]},
			"faces": {
				"north": {"uv": [14, 1.75, 11.75, 4.5], "texture": "#2"},
				"east": {"uv": [14, 2.5, 11.75, 5.25], "texture": "#2"},
				"south": {"uv": [14, 2.25, 11.75, 5], "texture": "#2"},
				"west": {"uv": [14, 2, 11.75, 4.75], "texture": "#2"},
				"up": {"uv": [9.75, 10.5, 10, 9.25], "texture": "#2"},
				"down": {"uv": [10.25, 8.5, 10, 8.75], "texture": "#2"}
			}
		},
		{
			"from": [12.5, -3, 4],
			"to": [13.5, 4, 11],
			"rotation": {"angle": 0, "axis": "y", "origin": [8, 6, 8]},
			"faces": {
				"north": {"uv": [5, 13, 8.25, 10.25], "texture": "#2"},
				"east": {"uv": [11.75, 10.5, 9.5, 7.75], "texture": "#2"},
				"south": {"uv": [5.25, 13, 8.5, 10.25], "texture": "#2"},
				"west": {"uv": [11.75, 8.75, 9.5, 6], "texture": "#2"},
				"up": {"uv": [6.75, 13.25, 5.5, 12], "texture": "#2"},
				"down": {"uv": [6.5, 13, 5.75, 13.25], "texture": "#2"}
			}
		},
		{
			"from": [2.5, -3, 4],
			"to": [3.5, 4, 11],
			"rotation": {"angle": 0, "axis": "y", "origin": [8, 6, 8]},
			"faces": {
				"north": {"uv": [10.5, 6.25, 13.75, 3.5], "texture": "#2"},
				"east": {"uv": [7.25, 11.25, 5, 8.5], "texture": "#2"},
				"south": {"uv": [3.75, 13.25, 7, 10.5], "texture": "#2"},
				"west": {"uv": [5.5, 11.25, 3.25, 8.5], "texture": "#2"},
				"up": {"uv": [13.5, 13.25, 12.25, 12], "texture": "#2"},
				"down": {"uv": [7.25, 13, 6.5, 13.25], "texture": "#2"}
			}
		},
		{
			"from": [4.5, -3, 2],
			"to": [11.5, 4, 3],
			"rotation": {"angle": 0, "axis": "y", "origin": [8, 6, 8]},
			"faces": {
				"north": {"uv": [12.25, 4.75, 10, 2], "texture": "#2"},
				"east": {"uv": [10.75, 6.25, 14, 3.5], "texture": "#2"},
				"south": {"uv": [12.25, 6.5, 10, 3.75], "texture": "#2"},
				"west": {"uv": [10.5, 13.25, 13.75, 10.5], "texture": "#2"},
				"up": {"uv": [14, 11.25, 14.25, 12.5], "texture": "#2"},
				"down": {"uv": [14.25, 7.25, 14, 7], "texture": "#2"}
			}
		},
		{
			"from": [4.5, -3, 12],
			"to": [11.5, 4, 13],
			"rotation": {"angle": 0, "axis": "y", "origin": [8, 6, 8]},
			"faces": {
				"north": {"uv": [9, 12.25, 6.75, 9.5], "texture": "#2"},
				"east": {"uv": [9.25, 13.5, 12.5, 10.75], "texture": "#2"},
				"south": {"uv": [10.75, 12.25, 8.5, 9.5], "texture": "#2"},
				"west": {"uv": [9, 13.5, 12.25, 10.75], "texture": "#2"},
				"up": {"uv": [14.25, 4.25, 14.5, 5.5], "texture": "#2"},
				"down": {"uv": [14.5, 12.75, 14.25, 12.5], "texture": "#2"}
			}
		},
		{
			"from": [6.5, 5.5, 7.5],
			"to": [9.5, 11.5, 7.5],
			"rotation": {"angle": 0, "axis": "y", "origin": [8, -10, 8]},
			"faces": {
				"north": {"uv": [9, 10.25, 11.75, 12.75], "texture": "#3"},
				"east": {"uv": [0.75, 1.5, 5.25, 4], "texture": "#2"},
				"south": {"uv": [9, 10.25, 11.75, 12.75], "texture": "#3"},
				"west": {"uv": [0.75, 1.5, 5.25, 4], "texture": "#2"},
				"up": {"uv": [5.25, 2.5, 3.5, 4], "texture": "#2"},
				"down": {"uv": [5.25, 3.5, 4, 4], "texture": "#2"}
			}
		},
		{
			"from": [5.5, 4, 5],
			"to": [10.5, 5.5, 10],
			"rotation": {"angle": 0, "axis": "y", "origin": [8, 4, 8]},
			"faces": {
				"north": {"uv": [9.75, 4.875, 12, 7.5], "texture": "#2"},
				"east": {"uv": [11.5, 1.5, 13.75, 4], "texture": "#2"},
				"south": {"uv": [3, 9.875, 5.25, 12.5], "texture": "#2"},
				"west": {"uv": [11.25, 9.375, 13.5, 12], "texture": "#2"},
				"up": {"uv": [13.25, 10.25, 13, 9.5], "texture": "#2"},
				"down": {"uv": [13.25, 9.25, 13.5, 9], "texture": "#2"}
			}
		},
		{
			"from": [6.5, -7.5, 6],
			"to": [9.5, -6, 9],
			"rotation": {"angle": 0, "axis": "y", "origin": [8, 5, 8]},
			"faces": {
				"north": {"uv": [4.75, 10.375, 7.5, 13], "texture": "#2"},
				"east": {"uv": [6, 10.625, 8.75, 13.25], "texture": "#2"},
				"south": {"uv": [11.25, 10.375, 14, 13], "texture": "#2"},
				"west": {"uv": [11.5, 4.125, 14.25, 6.75], "texture": "#2"},
				"up": {"uv": [7.5, 11.5, 6.75, 12.25], "texture": "#2"},
				"down": {"uv": [8.75, 10.5, 8.5, 10.75], "texture": "#2"}
			}
		},
		{
			"from": [7, -8.5, 6.5],
			"to": [9, -7.5, 8.5],
			"rotation": {"angle": 0, "axis": "y", "origin": [8, 5, 8]},
			"faces": {
				"north": {"uv": [5.75, 8.5, 8.75, 11.25], "texture": "#2"},
				"east": {"uv": [7.5, 10.5, 10.5, 13.25], "texture": "#2"},
				"south": {"uv": [11.5, 6.25, 14.5, 9], "texture": "#2"},
				"west": {"uv": [6.25, 8.5, 9.25, 11.25], "texture": "#2"},
				"up": {"uv": [14.5, 6.5, 13.5, 7.5], "texture": "#2"},
				"down": {"uv": [6, 13, 5.5, 13], "texture": "#2"}
			}
		},
		{
			"from": [7, -8.6, 6.5],
			"to": [9, -8.6, 8.5],
			"rotation": {"angle": 0, "axis": "y", "origin": [8, 5, 8]},
			"faces": {
				"north": {"uv": [2.5, 1.5, 5.25, 4], "texture": "#2"},
				"east": {"uv": [2.5, 1.5, 5.25, 4], "texture": "#2"},
				"south": {"uv": [2.5, 1.5, 5.25, 4], "texture": "#2"},
				"west": {"uv": [2.5, 1.5, 5.25, 4], "texture": "#2"},
				"up": {"uv": [9.5, 12.25, 8.5, 13.25], "texture": "#2"},
				"down": {"uv": [16, 16, 0, 0], "texture": "#2"}
			}
		},
		{
			"from": [7, 5.6, 6.5],
			"to": [9, 5.6, 8.5],
			"rotation": {"angle": 0, "axis": "y", "origin": [8, 5, 8]},
			"faces": {
				"north": {"uv": [1.25, 1, 5.25, 4], "texture": "#2"},
				"east": {"uv": [1.25, 1, 5.25, 4], "texture": "#2"},
				"south": {"uv": [1.25, 1, 5.25, 4], "texture": "#2"},
				"west": {"uv": [1.25, 1, 5.25, 4], "texture": "#2"},
				"up": {"uv": [10, 12.25, 8, 13.25], "texture": "#2"},
				"down": {"uv": [14.5, 8.5, 13, 8.5], "texture": "#2"}
			}
		}
	],
	"display": {
		"thirdperson_righthand": {
			"rotation": [13, 0, 0],
			"scale": [0.22, 0.22, 0.22]
		},
		"thirdperson_lefthand": {
			"rotation": [13, 0, 0],
			"scale": [0.22, 0.22, 0.22]
		},
		"firstperson_righthand": {
			"rotation": [13, 0, 0],
			"translation": [2.25, 2, 0],
			"scale": [0.22, 0.22, 0.22]
		},
		"firstperson_lefthand": {
			"rotation": [13, 0, 0],
			"translation": [2.25, 2, 0],
			"scale": [0.22, 0.22, 0.22]
		},
		"ground": {
			"translation": [0, 7.75, 0],
			"scale": [0.38, 0.38, 0.38]
		},
		"gui": {
			"rotation": [29, -21, 1],
			"translation": [0, 4.75, 0],
			"scale": [0.69, 0.69, 0.69]
		},
		"head": {
			"translation": [0.25, 3.75, 0],
			"scale": [0.51, 0.51, 0.51]
		},
		"fixed": {
			"rotation": [0, 11, -20],
			"translation": [2, 5, 0],
			"scale": [0.7, 0.7, 0.7]
		}
	},
	"groups": [
		{
			"name": "onion",
			"origin": [8, 8, 8],
			"children": [0, 1, 2, 3, 4, 5, 6, 7, 8, 9, 10, 11, 12, 13]
		}
	]
}