{
	"credit": "Made with Blockbench",
	"textures": {
		"0": "block/cauldron_inner",
		"1": "block/brown_concrete_powder",
		"2": "block/brown_wool_top",
		"3": "block/red_sandstone_top",
		"4": "block/white_terracotta",
		"particle": "block/cauldron_inner"
	},
	"elements": [
		{
			"name": "CERAMIC",
			"from": [6.9, -0.6, 6.6],
			"to": [9.9, 0.25, 9.6],
			"faces": {
				"north": {"uv": [0, 12.75, 4.5, 13.75], "texture": "#0"},
				"east": {"uv": [0, 12.75, 4.5, 13.75], "texture": "#0"},
				"south": {"uv": [0, 12.75, 4.5, 13.75], "texture": "#0"},
				"west": {"uv": [0, 12.75, 4.5, 13.75], "texture": "#0"},
				"up": {"uv": [0, 12.75, 4.5, 16], "texture": "#0"},
				"down": {"uv": [0, 12.75, 4.5, 16], "texture": "#0"}
			}
		},
		{
			"name": "CERAMIC",
			"from": [6.9, 0.25, 6.6],
			"to": [9.9, 0.35, 9.6],
			"faces": {
				"north": {"uv": [0, 12.75, 4.5, 13.75], "texture": "#0"},
				"east": {"uv": [0, 12.75, 4.5, 13.75], "texture": "#0"},
				"south": {"uv": [0, 12.75, 4.5, 13.75], "texture": "#0"},
				"west": {"uv": [0, 12.75, 4.5, 13.75], "texture": "#0"},
				"up": {"uv": [0, 12.75, 4.5, 16], "texture": "#1"},
				"down": {"uv": [0, 12.75, 4.5, 16], "texture": "#0"}
			}
		},
		{
			"name": "CERAMIC",
			"from": [7.35, 0.25, 6.8],
			"to": [8.35, 0.55, 7.5],
			"rotation": {"angle": -22.5, "axis": "y", "origin": [7.25, 0, 7.25]},
			"faces": {
				"north": {"uv": [0, 14.75, 2, 13.75], "texture": "#2"},
				"east": {"uv": [0, 14.75, 2, 13.75], "texture": "#2"},
				"south": {"uv": [0, 14.75, 2, 13.75], "texture": "#2"},
				"west": {"uv": [0, 14.75, 2, 13.75], "texture": "#2"},
				"up": {"uv": [0, 14.75, 2, 16], "texture": "#2"},
				"down": {"uv": [0, 14.75, 2, 16], "texture": "#2"}
			}
		},
		{
			"name": "CERAMIC",
			"from": [7.4, -0.6, 8.1],
			"to": [7.7, 0.6, 8.5],
			"rotation": {"angle": 45, "axis": "z", "origin": [7.25, 0, 7.25]},
			"faces": {
				"north": {"uv": [0, 14.75, 2, 13.75], "rotation": 90, "texture": "#2"},
				"east": {"uv": [0, 14.75, 2, 16], "rotation": 270, "texture": "#2"},
				"south": {"uv": [0, 14.75, 2, 13.75], "rotation": 270, "texture": "#2"},
				"west": {"uv": [0, 14.75, 2, 16], "rotation": 270, "texture": "#2"},
				"up": {"uv": [9.5, 10.75, 11.5, 8.25], "rotation": 270, "texture": "#3"},
				"down": {"uv": [0, 14.75, 2, 13.75], "rotation": 270, "texture": "#2"}
			}
		},
		{
			"name": "CERAMIC",
			"from": [7.5, -0.1, 8.2],
			"to": [7.6, 0.9, 8.3],
			"rotation": {"angle": 45, "axis": "z", "origin": [7.25, 0, 7.25]},
			"faces": {
				"north": {"uv": [0, 14.75, 2, 13.75], "rotation": 90, "texture": "#4"},
				"east": {"uv": [0, 14.75, 2, 16], "rotation": 270, "texture": "#4"},
				"south": {"uv": [0, 14.75, 2, 13.75], "rotation": 270, "texture": "#4"},
				"west": {"uv": [0, 14.75, 2, 16], "rotation": 270, "texture": "#4"},
				"up": {"uv": [9.5, 10.75, 11.5, 8.25], "rotation": 270, "texture": "#4"},
				"down": {"uv": [0, 14.75, 2, 13.75], "rotation": 270, "texture": "#4"}
			}
		},
		{
			"name": "CERAMIC",
			"from": [7.3, 0.9, 8.2],
			"to": [7.8, 1, 8.3],
			"rotation": {"angle": 45, "axis": "z", "origin": [7.25, 0, 7.25]},
			"faces": {
				"north": {"uv": [0, 14.75, 2, 13.75], "rotation": 90, "texture": "#4"},
				"east": {"uv": [0, 14.75, 2, 16], "rotation": 270, "texture": "#4"},
				"south": {"uv": [0, 14.75, 2, 13.75], "rotation": 270, "texture": "#4"},
				"west": {"uv": [0, 14.75, 2, 16], "rotation": 270, "texture": "#4"},
				"up": {"uv": [9.5, 10.75, 11.5, 8.25], "rotation": 270, "texture": "#4"},
				"down": {"uv": [0, 14.75, 2, 13.75], "rotation": 270, "texture": "#4"}
			}
		},
		{
			"name": "CERAMIC",
			"from": [8.45, -0.65, 8.5],
			"to": [9.45, -0.35, 9.2],
			"rotation": {"angle": 22.5, "axis": "z", "origin": [7.25, 0, 7.25]},
			"faces": {
				"north": {"uv": [0, 14.75, 2, 13.75], "texture": "#2"},
				"east": {"uv": [0, 14.75, 2, 13.75], "texture": "#2"},
				"south": {"uv": [0, 14.75, 2, 13.75], "texture": "#2"},
				"west": {"uv": [0, 14.75, 2, 13.75], "texture": "#2"},
				"up": {"uv": [0, 14.75, 2, 16], "texture": "#2"},
				"down": {"uv": [0, 14.75, 2, 16], "texture": "#2"}
			}
		},
		{
			"name": "CERAMIC",
			"from": [6.7, 0.15, 8.95],
			"to": [7.4, 0.45, 9.45],
			"rotation": {"angle": 22.5, "axis": "y", "origin": [7.25, 0, 7.25]},
			"faces": {
				"north": {"uv": [0, 14.75, 2, 13.75], "texture": "#2"},
				"east": {"uv": [0, 14.75, 2, 13.75], "texture": "#2"},
				"south": {"uv": [0, 14.75, 2, 13.75], "texture": "#2"},
				"west": {"uv": [0, 14.75, 2, 13.75], "texture": "#2"},
				"up": {"uv": [0, 14.75, 2, 16], "rotation": 90, "texture": "#2"},
				"down": {"uv": [0, 14.75, 2, 16], "rotation": 270, "texture": "#2"}
			}
		},
		{
			"name": "CERAMIC",
			"from": [9, 0.15, 7.85],
			"to": [9.4, 0.45, 8.35],
			"rotation": {"angle": 22.5, "axis": "y", "origin": [7.25, 0, 7.25]},
			"faces": {
				"north": {"uv": [0, 14.75, 2, 13.75], "texture": "#2"},
				"east": {"uv": [0, 14.75, 2, 13.75], "texture": "#2"},
				"south": {"uv": [0, 14.75, 2, 13.75], "texture": "#2"},
				"west": {"uv": [0, 14.75, 2, 13.75], "texture": "#2"},
				"up": {"uv": [0, 14.75, 2, 16], "rotation": 90, "texture": "#2"},
				"down": {"uv": [0, 14.75, 2, 16], "rotation": 270, "texture": "#2"}
			}
		},
		{
			"name": "CERAMIC",
			"from": [7.15, -0.6, 9.6],
			"to": [9.65, 0.25, 9.85],
			"faces": {
				"north": {"uv": [0, 12.75, 4, 13.75], "texture": "#0"},
				"east": {"uv": [0, 12.75, 1.75, 13.75], "texture": "#0"},
				"south": {"uv": [0, 12.75, 4, 13.75], "texture": "#0"},
				"west": {"uv": [0, 12.75, 1.75, 13.75], "texture": "#0"},
				"up": {"uv": [0, 12.75, 4.5, 13.25], "texture": "#0"},
				"down": {"uv": [0, 12.75, 4, 13.75], "texture": "#0"}
			}
		},
		{
			"name": "CERAMIC",
			"from": [7.15, -0.6, 6.4],
			"to": [9.65, 0.25, 6.65],
			"faces": {
				"north": {"uv": [0, 12.75, 4, 13.75], "texture": "#0"},
				"east": {"uv": [0, 12.75, 1.75, 13.75], "texture": "#0"},
				"south": {"uv": [0, 12.75, 4, 13.75], "texture": "#0"},
				"west": {"uv": [0, 12.75, 1.75, 13.75], "texture": "#0"},
				"up": {"uv": [0, 12.75, 4.5, 13.25], "texture": "#0"},
				"down": {"uv": [0, 12.75, 4, 13.75], "texture": "#0"}
			}
		},
		{
			"name": "CERAMIC",
			"from": [9.9, -0.6, 6.8],
			"to": [10.2, 0.25, 9.4],
			"faces": {
				"north": {"uv": [0, 12.75, 1.8, 13.75], "texture": "#0"},
				"east": {"uv": [0, 12.75, 4.1, 13.75], "texture": "#0"},
				"south": {"uv": [0, 12.75, 1.8, 13.75], "texture": "#0"},
				"west": {"uv": [0, 12.75, 4.1, 13.75], "texture": "#0"},
				"up": {"uv": [0, 12.75, 2.3, 15.6], "texture": "#0"},
				"down": {"uv": [0, 12.75, 1.8, 16], "texture": "#0"}
			}
		},
		{
			"name": "CERAMIC",
			"from": [6.6, -0.6, 6.8],
			"to": [6.9, 0.25, 9.4],
			"faces": {
				"north": {"uv": [0, 12.75, 1.8, 13.75], "texture": "#0"},
				"east": {"uv": [0, 12.75, 4.1, 13.75], "texture": "#0"},
				"south": {"uv": [0, 12.75, 1.8, 13.75], "texture": "#0"},
				"west": {"uv": [0, 12.75, 4.1, 13.75], "texture": "#0"},
				"up": {"uv": [0, 12.75, 2.3, 15.6], "texture": "#0"},
				"down": {"uv": [0, 12.75, 1.8, 16], "texture": "#0"}
			}
		},
		{
			"name": "CERAMIC",
			"from": [6.95, -0.2, 9.6],
			"to": [9.85, 0.45, 10.05],
			"faces": {
				"north": {"uv": [0, 12.75, 4.4, 13.75], "texture": "#0"},
				"east": {"uv": [0, 12.75, 1.95, 13.75], "texture": "#0"},
				"south": {"uv": [0, 12.75, 4.4, 13.75], "texture": "#0"},
				"west": {"uv": [0, 12.75, 1.95, 13.75], "texture": "#0"},
				"up": {"uv": [0, 14.75, 4.5, 15.45], "texture": "#0"},
				"down": {"uv": [0, 12.75, 4.4, 13.95], "texture": "#0"}
			}
		},
		{
			"name": "CERAMIC",
			"from": [6.95, -0.2, 6.2],
			"to": [9.85, 0.45, 6.65],
			"faces": {
				"north": {"uv": [0, 12.75, 4.4, 13.75], "texture": "#0"},
				"east": {"uv": [0, 12.75, 1.95, 13.75], "texture": "#0"},
				"south": {"uv": [0, 12.75, 4.4, 13.75], "texture": "#0"},
				"west": {"uv": [0, 12.75, 1.95, 13.75], "texture": "#0"},
				"up": {"uv": [2, 12.25, 6.5, 12.95], "texture": "#0"},
				"down": {"uv": [0, 12.75, 4.4, 13.95], "texture": "#0"}
			}
		},
		{
			"name": "CERAMIC",
			"from": [6.4, -0.2, 6.6],
			"to": [7, 0.45, 9.6],
			"faces": {
				"north": {"uv": [0, 12.75, 2.1, 13.75], "texture": "#0"},
				"east": {"uv": [0, 12.75, 4.5, 13.75], "texture": "#0"},
				"south": {"uv": [0, 12.75, 2.1, 13.75], "texture": "#0"},
				"west": {"uv": [0, 12.75, 4.5, 13.75], "texture": "#0"},
				"up": {"uv": [0, 12.75, 2.6, 16], "texture": "#0"},
				"down": {"uv": [0, 12.75, 2.1, 16], "texture": "#0"}
			}
		},
		{
			"name": "CERAMIC",
			"from": [9.8, -0.2, 6.6],
			"to": [10.4, 0.45, 9.6],
			"faces": {
				"north": {"uv": [0, 12.75, 2.1, 13.75], "texture": "#0"},
				"east": {"uv": [0, 12.75, 4.5, 13.75], "texture": "#0"},
				"south": {"uv": [0, 12.75, 2.1, 13.75], "texture": "#0"},
				"west": {"uv": [0, 12.75, 4.5, 13.75], "texture": "#0"},
				"up": {"uv": [3.5, 11.75, 6.1, 15], "texture": "#0"},
				"down": {"uv": [0, 12.75, 2.1, 16], "texture": "#0"}
			}
		},
		{
			"name": "CERAMIC",
			"from": [6.65, -0.2, 9.6],
			"to": [6.95, 0.45, 9.85],
			"faces": {
				"north": {"uv": [0, 12.75, 1.8, 13.75], "texture": "#0"},
				"east": {"uv": [0, 12.75, 1.75, 13.75], "texture": "#0"},
				"south": {"uv": [0, 12.75, 1.8, 13.75], "texture": "#0"},
				"west": {"uv": [0, 12.75, 1.75, 13.75], "texture": "#0"},
				"up": {"uv": [0, 12.75, 2.3, 13.25], "texture": "#0"},
				"down": {"uv": [0, 12.75, 1.8, 13.75], "texture": "#0"}
			}
		},
		{
			"name": "CERAMIC",
			"from": [6.65, -0.2, 6.4],
			"to": [6.95, 0.45, 6.65],
			"faces": {
				"north": {"uv": [0, 12.75, 1.8, 13.75], "texture": "#0"},
				"east": {"uv": [0, 12.75, 1.75, 13.75], "texture": "#0"},
				"south": {"uv": [0, 12.75, 1.8, 13.75], "texture": "#0"},
				"west": {"uv": [0, 12.75, 1.75, 13.75], "texture": "#0"},
				"up": {"uv": [0, 12.75, 2.3, 13.25], "texture": "#0"},
				"down": {"uv": [0, 12.75, 1.8, 13.75], "texture": "#0"}
			}
		},
		{
			"name": "CERAMIC",
			"from": [9.85, -0.2, 6.4],
			"to": [10.15, 0.45, 6.65],
			"faces": {
				"north": {"uv": [0, 12.75, 1.8, 13.75], "texture": "#0"},
				"east": {"uv": [0, 12.75, 1.75, 13.75], "texture": "#0"},
				"south": {"uv": [0, 12.75, 1.8, 13.75], "texture": "#0"},
				"west": {"uv": [0, 12.75, 1.75, 13.75], "texture": "#0"},
				"up": {"uv": [0, 12.75, 2.3, 13.25], "texture": "#0"},
				"down": {"uv": [0, 12.75, 1.8, 13.75], "texture": "#0"}
			}
		},
		{
			"name": "CERAMIC",
			"from": [9.85, -0.2, 9.6],
			"to": [10.15, 0.45, 9.85],
			"faces": {
				"north": {"uv": [0, 12.75, 1.8, 13.75], "texture": "#0"},
				"east": {"uv": [0, 12.75, 1.75, 13.75], "texture": "#0"},
				"south": {"uv": [0, 12.75, 1.8, 13.75], "texture": "#0"},
				"west": {"uv": [0, 12.75, 1.75, 13.75], "texture": "#0"},
				"up": {"uv": [0, 12.75, 2.3, 13.25], "texture": "#0"},
				"down": {"uv": [0, 12.75, 1.8, 13.75], "texture": "#0"}
			}
		},
		{
			"name": "CERAMIC",
			"from": [6.15, 0.4, 7.35],
			"to": [6.4, 0.45, 7.6],
			"faces": {
				"north": {"uv": [0, 12.75, 2.1, 13.75], "texture": "#0"},
				"east": {"uv": [0, 12.75, 4.5, 13.75], "texture": "#0"},
				"south": {"uv": [0, 12.75, 2.1, 13.75], "texture": "#0"},
				"west": {"uv": [0, 12.75, 4.5, 13.75], "texture": "#0"},
				"up": {"uv": [0, 12.75, 2.6, 16], "texture": "#0"},
				"down": {"uv": [0, 12.75, 2.1, 16], "texture": "#0"}
			}
		},
		{
			"name": "CERAMIC",
			"from": [6.15, 0.4, 8.6],
			"to": [6.4, 0.45, 8.85],
			"faces": {
				"north": {"uv": [0, 12.75, 2.1, 13.75], "texture": "#0"},
				"east": {"uv": [0, 12.75, 4.5, 13.75], "texture": "#0"},
				"south": {"uv": [0, 12.75, 2.1, 13.75], "texture": "#0"},
				"west": {"uv": [0, 12.75, 4.5, 13.75], "texture": "#0"},
				"up": {"uv": [0, 12.75, 2.6, 16], "texture": "#0"},
				"down": {"uv": [0, 12.75, 2.1, 16], "texture": "#0"}
			}
		},
		{
			"name": "CERAMIC",
			"from": [6, 0.4, 7.6],
			"to": [6.2, 0.45, 8.65],
			"faces": {
				"north": {"uv": [0, 12.75, 2.1, 13.75], "texture": "#0"},
				"east": {"uv": [0, 12.75, 4.5, 13.75], "texture": "#0"},
				"south": {"uv": [0, 12.75, 2.1, 13.75], "texture": "#0"},
				"west": {"uv": [0, 12.75, 4.5, 13.75], "texture": "#0"},
				"up": {"uv": [0, 12.75, 2.6, 16], "texture": "#0"},
				"down": {"uv": [0, 12.75, 2.1, 16], "texture": "#0"}
			}
		},
		{
			"name": "CERAMIC",
			"from": [10.6, 0.4, 7.6],
			"to": [10.8, 0.45, 8.65],
			"faces": {
				"north": {"uv": [0, 12.75, 2.1, 13.75], "texture": "#0"},
				"east": {"uv": [0, 12.75, 4.5, 13.75], "texture": "#0"},
				"south": {"uv": [0, 12.75, 2.1, 13.75], "texture": "#0"},
				"west": {"uv": [0, 12.75, 4.5, 13.75], "texture": "#0"},
				"up": {"uv": [0, 12.75, 2.6, 16], "texture": "#0"},
				"down": {"uv": [0, 12.75, 2.1, 16], "texture": "#0"}
			}
		},
		{
			"name": "CERAMIC",
			"from": [10.35, 0.4, 8.6],
			"to": [10.7, 0.45, 8.85],
			"faces": {
				"north": {"uv": [0, 12.75, 2.1, 13.75], "texture": "#0"},
				"east": {"uv": [0, 12.75, 4.5, 13.75], "texture": "#0"},
				"south": {"uv": [0, 12.75, 2.1, 13.75], "texture": "#0"},
				"west": {"uv": [0, 12.75, 4.5, 13.75], "texture": "#0"},
				"up": {"uv": [0, 12.75, 2.6, 16], "texture": "#0"},
				"down": {"uv": [0, 12.75, 2.1, 16], "texture": "#0"}
			}
		},
		{
			"name": "CERAMIC",
			"from": [10.35, 0.4, 7.35],
			"to": [10.7, 0.45, 7.6],
			"faces": {
				"north": {"uv": [0, 12.75, 2.1, 13.75], "texture": "#0"},
				"east": {"uv": [0, 12.75, 4.5, 13.75], "texture": "#0"},
				"south": {"uv": [0, 12.75, 2.1, 13.75], "texture": "#0"},
				"west": {"uv": [0, 12.75, 4.5, 13.75], "texture": "#0"},
				"up": {"uv": [0, 12.75, 2.6, 16], "texture": "#0"},
				"down": {"uv": [0, 12.75, 2.1, 16], "texture": "#0"}
			}
		}
	],
	"display": {
		"thirdperson_righthand": {
			"rotation": [69.5, 0, 0],
			"translation": [0, 7.5, 13.25],
			"scale": [1.83789, 1.83789, 1.83789]
		},
		"thirdperson_lefthand": {
			"rotation": [69.5, 0, 0],
			"translation": [0, 7.5, 13.25],
			"scale": [1.83789, 1.83789, 1.83789]
		},
		"firstperson_righthand": {
			"translation": [-0.75, 20, 0],
			"scale": [2.46094, 2.46094, 2.46094]
		},
		"firstperson_lefthand": {
			"translation": [-0.75, 20, 0],
			"scale": [2.46094, 2.46094, 2.46094]
		},
		"ground": {
			"translation": [-2, 16.25, -0.75],
			"scale": [2.3457, 2.3457, 2.3457]
		},
		"gui": {
			"rotation": [57.03, 26.27, -13.14],
			"translation": [4, 15, 0],
			"scale": [3.20898, 3.20898, 3.20898]
		},
		"head": {
			"translation": [-0.5, 35.25, 0],
			"scale": [3.61523, 3.61523, 3.61523]
		},
		"fixed": {
			"rotation": [-91, -37, 0],
			"translation": [-1.25, -1.25, -33.75],
			"scale": [4, 4, 4]
		}
	},
	"groups": [
		{
			"name": "group",
			"origin": [0, 0, -0.1],
			"color": 0,
			"children": [0, 1, 2, 3, 4, 5, 6, 7, 8, 9, 10, 11, 12, 13, 14, 15, 16, 17, 18, 19, 20, 21, 22, 23, 24, 25, 26]
		}
	]
}