{
	"textures": {
		"1": "block/pink_terracotta",
		"3": "block/brown_terracotta",
		"4": "block/green_concrete",
		"5": "block/stripped_birch_log",
		"6": "block/stripped_spruce_log",
		"particle": "block/stripped_spruce_log"
	},
	"elements": [
		{
			"name": "brown",
			"from": [-1.4, 0.2, 10.4],
			"to": [0, 0.45, 11.5],
			"rotation": {"angle": 45, "axis": "y", "origin": [-0.5, 0, -1.1]},
			"faces": {
				"north": {"uv": [8, 10.5, 12.5, 11.5], "texture": "#3"},
				"east": {"uv": [8, 10.5, 12.5, 11.5], "texture": "#5"},
				"south": {"uv": [8, 10.5, 12.5, 11.5], "texture": "#3"},
				"west": {"uv": [8, 10.5, 12.5, 11.5], "texture": "#5"},
				"up": {"uv": [11.575, 11.9, 12.5, 13.75], "texture": "#3"},
				"down": {"uv": [8, 10.5, 12.5, 13.75], "texture": "#3"}
			}
		},
		{
			"name": "brown",
			"from": [-1.4, 0.4, 10.5],
			"to": [0, 0.55, 11.4],
			"rotation": {"angle": 45, "axis": "y", "origin": [-0.5, 0, -1.1]},
			"faces": {
				"north": {"uv": [8, 10.5, 12.5, 11.5], "texture": "#3"},
				"east": {"uv": [8, 10.5, 12.5, 11.5], "texture": "#5"},
				"south": {"uv": [8, 10.5, 12.5, 11.5], "texture": "#3"},
				"west": {"uv": [8, 10.5, 12.5, 11.5], "texture": "#5"},
				"up": {"uv": [11.575, 11.9, 12.5, 13.75], "texture": "#3"},
				"down": {"uv": [8, 10.5, 12.5, 13.75], "texture": "#3"}
			}
		},
		{
			"name": "brown",
			"from": [2.9, 0.1, 11],
			"to": [3.8, 0.35, 11.1],
			"rotation": {"angle": 22.5, "axis": "y", "origin": [-0.5, 0, -1.1]},
			"faces": {
				"north": {"uv": [9.75, 12.5, 12.5, 11.5], "texture": "#4"},
				"east": {"uv": [9.75, 12.5, 12.5, 11.5], "texture": "#4"},
				"south": {"uv": [9.75, 12.5, 12.5, 11.5], "texture": "#4"},
				"west": {"uv": [9.75, 12.5, 12.5, 11.5], "texture": "#4"},
				"up": {"uv": [9.75, 12.5, 12.5, 13.75], "texture": "#4"},
				"down": {"uv": [9.75, 12.5, 12.5, 13.75], "texture": "#4"}
			}
		},
		{
			"name": "brown",
			"from": [-2, 0.1, 12.2],
			"to": [-1.1, 0.35, 12.3],
			"rotation": {"angle": 45, "axis": "y", "origin": [-0.5, 0, -1.1]},
			"faces": {
				"north": {"uv": [9.75, 12.5, 12.5, 11.5], "texture": "#4"},
				"east": {"uv": [9.75, 12.5, 12.5, 11.5], "texture": "#4"},
				"south": {"uv": [9.75, 12.5, 12.5, 11.5], "texture": "#4"},
				"west": {"uv": [9.75, 12.5, 12.5, 11.5], "texture": "#4"},
				"up": {"uv": [9.75, 12.5, 12.5, 13.75], "texture": "#4"},
				"down": {"uv": [9.75, 12.5, 12.5, 13.75], "texture": "#4"}
			}
		},
		{
			"name": "brown",
			"from": [3, 0.1, 11.2],
			"to": [4, 0.35, 11.3],
			"rotation": {"angle": 22.5, "axis": "y", "origin": [-0.5, 0, -1.1]},
			"faces": {
				"north": {"uv": [9.75, 12.5, 12.5, 11.5], "texture": "#4"},
				"east": {"uv": [9.75, 12.5, 12.5, 11.5], "texture": "#4"},
				"south": {"uv": [9.75, 12.5, 12.5, 11.5], "texture": "#4"},
				"west": {"uv": [9.75, 12.5, 12.5, 11.5], "texture": "#4"},
				"up": {"uv": [9.75, 12.5, 12.5, 13.75], "texture": "#4"},
				"down": {"uv": [9.75, 12.5, 12.5, 13.75], "texture": "#4"}
			}
		},
		{
			"name": "pink",
			"from": [9.1, 0, 7.6],
			"to": [9.6, 0.35, 8.2],
			"faces": {
				"north": {"uv": [3.75, 4.5, 5.625, 3.675], "texture": "#1"},
				"east": {"uv": [3.75, 4.5, 5.625, 3.675], "texture": "#1"},
				"south": {"uv": [3.75, 4.5, 5.625, 3.675], "texture": "#1"},
				"west": {"uv": [3.75, 4.5, 5.625, 3.675], "texture": "#1"},
				"up": {"uv": [3.75, 4.5, 5.625, 5.925], "texture": "#1"},
				"down": {"uv": [3.75, 4.5, 5.625, 5.925], "texture": "#1"}
			}
		},
		{
			"name": "pink",
			"from": [8.9, 0, 8.3],
			"to": [9.6, 0.35, 9.3],
			"faces": {
				"north": {"uv": [3.75, 4.5, 5.625, 3.675], "texture": "#1"},
				"east": {"uv": [3.75, 4.5, 5.625, 3.675], "texture": "#1"},
				"south": {"uv": [3.75, 4.5, 5.625, 3.675], "texture": "#1"},
				"west": {"uv": [3.75, 4.5, 5.625, 3.675], "texture": "#1"},
				"up": {"uv": [3.75, 4.5, 5.625, 5.925], "texture": "#1"},
				"down": {"uv": [3.75, 4.5, 5.625, 5.925], "texture": "#1"}
			}
		},
		{
			"name": "CERAMIC",
			"from": [6.9, 0, 6.6],
			"to": [9.9, 0.25, 9.6],
			"faces": {
				"north": {"uv": [0, 0, 4.5, 1], "texture": "#6"},
				"east": {"uv": [0, 0, 4.5, 1], "texture": "#6"},
				"south": {"uv": [0, 0, 4.5, 1], "texture": "#6"},
				"west": {"uv": [0, 0, 4.5, 1], "texture": "#6"},
				"up": {"uv": [0, 0, 4.5, 3.25], "texture": "#6"},
				"down": {"uv": [0, 0, 4.5, 3.25], "texture": "#6"}
			}
		},
		{
			"name": "CERAMIC",
			"from": [7.15, 0, 9.6],
			"to": [9.65, 0.25, 9.85],
			"faces": {
				"north": {"uv": [0, 0, 4, 1], "texture": "#6"},
				"east": {"uv": [0, 0, 1.75, 1], "texture": "#6"},
				"south": {"uv": [0, 0, 4, 1], "texture": "#6"},
				"west": {"uv": [0, 0, 1.75, 1], "texture": "#6"},
				"up": {"uv": [0, 0, 4.5, 0.5], "texture": "#6"},
				"down": {"uv": [0, 0, 4, 1], "texture": "#6"}
			}
		},
		{
			"name": "CERAMIC",
			"from": [7.15, 0, 6.4],
			"to": [9.65, 0.25, 6.65],
			"faces": {
				"north": {"uv": [0, 0, 4, 1], "texture": "#6"},
				"east": {"uv": [0, 0, 1.75, 1], "texture": "#6"},
				"south": {"uv": [0, 0, 4, 1], "texture": "#6"},
				"west": {"uv": [0, 0, 1.75, 1], "texture": "#6"},
				"up": {"uv": [0, 0, 4.5, 0.5], "texture": "#6"},
				"down": {"uv": [0, 0, 4, 1], "texture": "#6"}
			}
		},
		{
			"name": "CERAMIC",
			"from": [9.9, 0, 6.8],
			"to": [10.2, 0.25, 9.4],
			"faces": {
				"north": {"uv": [0, 0, 1.8, 1], "texture": "#6"},
				"east": {"uv": [0, 0, 4.1, 1], "texture": "#6"},
				"south": {"uv": [0, 0, 1.8, 1], "texture": "#6"},
				"west": {"uv": [0, 0, 4.1, 1], "texture": "#6"},
				"up": {"uv": [0, 0, 2.3, 2.85], "texture": "#6"},
				"down": {"uv": [0, 0, 1.8, 3.25], "texture": "#6"}
			}
		},
		{
			"name": "CERAMIC",
			"from": [6.6, 0, 6.8],
			"to": [6.9, 0.25, 9.4],
			"faces": {
				"north": {"uv": [0, 0, 1.8, 1], "texture": "#6"},
				"east": {"uv": [0, 0, 4.1, 1], "texture": "#6"},
				"south": {"uv": [0, 0, 1.8, 1], "texture": "#6"},
				"west": {"uv": [0, 0, 4.1, 1], "texture": "#6"},
				"up": {"uv": [0, 0, 2.3, 2.85], "texture": "#6"},
				"down": {"uv": [0, 0, 1.8, 3.25], "texture": "#6"}
			}
		},
		{
			"name": "CERAMIC",
			"from": [6.95, 0.2, 6.2],
			"to": [9.85, 0.45, 6.65],
			"faces": {
				"north": {"uv": [0, 0, 4.4, 1], "texture": "#6"},
				"east": {"uv": [0, 0, 1.95, 1], "texture": "#6"},
				"south": {"uv": [0, 0, 4.4, 1], "texture": "#6"},
				"west": {"uv": [0, 0, 1.95, 1], "texture": "#6"},
				"up": {"uv": [0, 0, 4.5, 0.7], "texture": "#6"},
				"down": {"uv": [0, 0, 4.4, 1.2], "texture": "#6"}
			}
		},
		{
			"name": "CERAMIC",
			"from": [6.95, 0.2, 9.6],
			"to": [9.85, 0.45, 10.05],
			"faces": {
				"north": {"uv": [0, 0, 4.4, 1], "texture": "#6"},
				"east": {"uv": [0, 0, 1.95, 1], "texture": "#6"},
				"south": {"uv": [0, 0, 4.4, 1], "texture": "#6"},
				"west": {"uv": [0, 0, 1.95, 1], "texture": "#6"},
				"up": {"uv": [0, 0, 4.5, 0.7], "texture": "#6"},
				"down": {"uv": [0, 0, 4.4, 1.2], "texture": "#6"}
			}
		},
		{
			"name": "CERAMIC",
			"from": [6.4, 0.2, 6.6],
			"to": [7, 0.45, 9.6],
			"faces": {
				"north": {"uv": [0, 0, 2.1, 1], "texture": "#6"},
				"east": {"uv": [0, 0, 4.5, 1], "texture": "#6"},
				"south": {"uv": [0, 0, 2.1, 1], "texture": "#6"},
				"west": {"uv": [0, 0, 4.5, 1], "texture": "#6"},
				"up": {"uv": [0, 0, 2.6, 3.25], "texture": "#6"},
				"down": {"uv": [0, 0, 2.1, 3.25], "texture": "#6"}
			}
		},
		{
			"name": "CERAMIC",
			"from": [9.8, 0.2, 6.6],
			"to": [10.4, 0.45, 9.6],
			"faces": {
				"north": {"uv": [0, 0, 2.1, 1], "texture": "#6"},
				"east": {"uv": [0, 0, 4.5, 1], "texture": "#6"},
				"south": {"uv": [0, 0, 2.1, 1], "texture": "#6"},
				"west": {"uv": [0, 0, 4.5, 1], "texture": "#6"},
				"up": {"uv": [0, 0, 2.6, 3.25], "texture": "#6"},
				"down": {"uv": [0, 0, 2.1, 3.25], "texture": "#6"}
			}
		},
		{
			"name": "CERAMIC",
			"from": [6.95, 0.2, 6.6],
			"to": [9.85, 0.35, 6.85],
			"faces": {
				"north": {"uv": [0, 0, 4.4, 0.9], "texture": "#6"},
				"east": {"uv": [0, 0, 1.75, 0.9], "texture": "#6"},
				"south": {"uv": [0, 0, 4.4, 0.9], "texture": "#6"},
				"west": {"uv": [0, 0, 1.75, 0.9], "texture": "#6"},
				"up": {"uv": [0, 0, 4.5, 0.5], "texture": "#6"},
				"down": {"uv": [0, 0, 4.4, 1], "texture": "#6"}
			}
		},
		{
			"name": "CERAMIC",
			"from": [6.95, 0.2, 9.4],
			"to": [9.85, 0.35, 9.65],
			"faces": {
				"north": {"uv": [0, 0, 4.4, 0.9], "texture": "#6"},
				"east": {"uv": [0, 0, 1.75, 0.9], "texture": "#6"},
				"south": {"uv": [0, 0, 4.4, 0.9], "texture": "#6"},
				"west": {"uv": [0, 0, 1.75, 0.9], "texture": "#6"},
				"up": {"uv": [0, 0, 4.5, 0.5], "texture": "#6"},
				"down": {"uv": [0, 0, 4.4, 1], "texture": "#6"}
			}
		},
		{
			"name": "CERAMIC",
			"from": [6.85, 0.2, 6.8],
			"to": [7.15, 0.35, 9.45],
			"faces": {
				"north": {"uv": [0, 0, 1.8, 0.9], "texture": "#6"},
				"east": {"uv": [0, 0, 4.15, 0.9], "texture": "#6"},
				"south": {"uv": [0, 0, 1.8, 0.9], "texture": "#6"},
				"west": {"uv": [0, 0, 4.15, 0.9], "texture": "#6"},
				"up": {"uv": [0, 0, 2.3, 2.9], "texture": "#6"},
				"down": {"uv": [0, 0, 1.8, 3.25], "texture": "#6"}
			}
		},
		{
			"name": "CERAMIC",
			"from": [9.65, 0.2, 6.8],
			"to": [9.95, 0.35, 9.45],
			"faces": {
				"north": {"uv": [0, 0, 1.8, 0.9], "texture": "#6"},
				"east": {"uv": [0, 0, 4.15, 0.9], "texture": "#6"},
				"south": {"uv": [0, 0, 1.8, 0.9], "texture": "#6"},
				"west": {"uv": [0, 0, 4.15, 0.9], "texture": "#6"},
				"up": {"uv": [0, 0, 2.3, 2.9], "texture": "#6"},
				"down": {"uv": [0, 0, 1.8, 3.25], "texture": "#6"}
			}
		},
		{
			"name": "CERAMIC",
			"from": [6.65, 0.2, 9.6],
			"to": [6.95, 0.45, 9.85],
			"faces": {
				"north": {"uv": [0, 0, 1.8, 1], "texture": "#6"},
				"east": {"uv": [0, 0, 1.75, 1], "texture": "#6"},
				"south": {"uv": [0, 0, 1.8, 1], "texture": "#6"},
				"west": {"uv": [0, 0, 1.75, 1], "texture": "#6"},
				"up": {"uv": [0, 0, 2.3, 0.5], "texture": "#6"},
				"down": {"uv": [0, 0, 1.8, 1], "texture": "#6"}
			}
		},
		{
			"name": "CERAMIC",
			"from": [6.65, 0.2, 6.4],
			"to": [6.95, 0.45, 6.65],
			"faces": {
				"north": {"uv": [0, 0, 1.8, 1], "texture": "#6"},
				"east": {"uv": [0, 0, 1.75, 1], "texture": "#6"},
				"south": {"uv": [0, 0, 1.8, 1], "texture": "#6"},
				"west": {"uv": [0, 0, 1.75, 1], "texture": "#6"},
				"up": {"uv": [0, 0, 2.3, 0.5], "texture": "#6"},
				"down": {"uv": [0, 0, 1.8, 1], "texture": "#6"}
			}
		},
		{
			"name": "CERAMIC",
			"from": [9.85, 0.2, 6.4],
			"to": [10.15, 0.45, 6.65],
			"faces": {
				"north": {"uv": [0, 0, 1.8, 1], "texture": "#6"},
				"east": {"uv": [0, 0, 1.75, 1], "texture": "#6"},
				"south": {"uv": [0, 0, 1.8, 1], "texture": "#6"},
				"west": {"uv": [0, 0, 1.75, 1], "texture": "#6"},
				"up": {"uv": [0, 0, 2.3, 0.5], "texture": "#6"},
				"down": {"uv": [0, 0, 1.8, 1], "texture": "#6"}
			}
		},
		{
			"name": "CERAMIC",
			"from": [9.85, 0.2, 9.6],
			"to": [10.15, 0.45, 9.85],
			"faces": {
				"north": {"uv": [0, 0, 1.8, 1], "texture": "#6"},
				"east": {"uv": [0, 0, 1.75, 1], "texture": "#6"},
				"south": {"uv": [0, 0, 1.8, 1], "texture": "#6"},
				"west": {"uv": [0, 0, 1.75, 1], "texture": "#6"},
				"up": {"uv": [0, 0, 2.3, 0.5], "texture": "#6"},
				"down": {"uv": [0, 0, 1.8, 1], "texture": "#6"}
			}
		}
	],
	"display": {
		"thirdperson_righthand": {
			"rotation": [54, 0, 0],
			"translation": [0, 8.25, 7.5],
			"scale": [1.5, 1.5, 1.5]
		},
		"thirdperson_lefthand": {
			"rotation": [54, 0, 0],
			"translation": [0, 8.25, 7.5],
			"scale": [1.5, 1.5, 1.5]
		},
		"firstperson_righthand": {
			"translation": [0, 9, 0]
		},
		"firstperson_lefthand": {
			"translation": [0, 8.25, 0]
		},
		"ground": {
			"translation": [0, 13, 0],
			"scale": [2, 2, 2]
		},
		"gui": {
			"rotation": [90, 0, 0],
			"scale": [3, 3, 3]
		},
		"fixed": {
			"rotation": [-90, -1, -1],
			"translation": [0, 1.25, -24.25],
			"scale": [3, 3, 3]
		}
	}
}