{
	"credit": "Made with Blockbench",
	"textures": {
		"0": "block/bamboo_large_leaves",
		"2": "block/stripped_birch_log",
		"3": "block/brown_concrete_powder",
		"4": "block/pink_wool",
		"6": "block/prismarine",
		"7": "block/stripped_spruce_log",
		"particle": "block/bamboo_large_leaves"
	},
	"elements": [
		{
			"name": "CERAMIC",
			"from": [8.9, 0.25, 7.5],
			"to": [9.9, 0.75, 8],
			"faces": {
				"north": {"uv": [0, 0, 4.5, 1], "texture": "#4"},
				"east": {"uv": [0, 0, 4.5, 1], "texture": "#3"},
				"south": {"uv": [0, 0, 4.5, 1], "texture": "#4"},
				"west": {"uv": [0, 0, 4.5, 1], "texture": "#3"},
				"up": {"uv": [0, 0, 4.5, 3.25], "texture": "#3"},
				"down": {"uv": [0, 0, 4.5, 3.25], "texture": "#missing"}
			}
		},
		{
			"name": "CERAMIC",
			"from": [9, 0.75, 7.5],
			"to": [9.8, 0.85, 8],
			"faces": {
				"north": {"uv": [0, 0, 4.5, 1], "texture": "#3"},
				"east": {"uv": [0, 0, 4.5, 1], "texture": "#3"},
				"south": {"uv": [0, 0, 4.5, 1], "texture": "#3"},
				"west": {"uv": [0, 0, 4.5, 1], "texture": "#3"},
				"up": {"uv": [0, 0, 4.5, 3.25], "texture": "#3"},
				"down": {"uv": [0, 0, 4.5, 3.25], "texture": "#3"}
			}
		},
		{
			"name": "CERAMIC",
			"from": [8.6, 0.15, 6.9],
			"to": [9.6, 0.65, 7.4],
			"faces": {
				"north": {"uv": [0, 0, 4.5, 1], "texture": "#3"},
				"east": {"uv": [0, 0, 4.5, 1], "texture": "#3"},
				"south": {"uv": [0, 0, 4.5, 1], "texture": "#4"},
				"west": {"uv": [0, 0, 4.5, 1], "texture": "#3"},
				"up": {"uv": [0, 0, 4.5, 3.25], "texture": "#3"},
				"down": {"uv": [0, 0, 4.5, 3.25], "texture": "#missing"}
			}
		},
		{
			"name": "CERAMIC",
			"from": [8.7, 0.65, 7],
			"to": [9.5, 0.75, 7.35],
			"faces": {
				"north": {"uv": [0, 0, 4.5, 1], "texture": "#3"},
				"east": {"uv": [0, 0, 4.5, 1], "texture": "#3"},
				"south": {"uv": [0, 0, 4.5, 1], "texture": "#3"},
				"west": {"uv": [0, 0, 4.5, 1], "texture": "#3"},
				"up": {"uv": [0, 0, 4.5, 3.25], "texture": "#3"},
				"down": {"uv": [0, 0, 4.5, 3.25], "texture": "#3"}
			}
		},
		{
			"name": "CERAMIC",
			"from": [9.15, 0.25, 8.1],
			"to": [9.95, 0.75, 8.6],
			"faces": {
				"north": {"uv": [0, 0, 4.5, 1], "texture": "#4"},
				"east": {"uv": [0, 0, 4.5, 1], "texture": "#3"},
				"south": {"uv": [0, 0, 4.5, 1], "texture": "#4"},
				"west": {"uv": [0, 0, 4.5, 1], "texture": "#3"},
				"up": {"uv": [0, 0, 4.5, 3.25], "texture": "#3"},
				"down": {"uv": [0, 0, 4.5, 3.25], "texture": "#missing"}
			}
		},
		{
			"name": "CERAMIC",
			"from": [9.25, 0.75, 8.1],
			"to": [9.85, 0.85, 8.6],
			"faces": {
				"north": {"uv": [0, 0, 4.5, 1], "texture": "#3"},
				"east": {"uv": [0, 0, 4.5, 1], "texture": "#3"},
				"south": {"uv": [0, 0, 4.5, 1], "texture": "#3"},
				"west": {"uv": [0, 0, 4.5, 1], "texture": "#3"},
				"up": {"uv": [0, 0, 4.5, 3.25], "texture": "#3"},
				"down": {"uv": [0, 0, 4.5, 3.25], "texture": "#3"}
			}
		},
		{
			"name": "CERAMIC",
			"from": [9.35, 4.45, 8.2],
			"to": [9.45, 4.75, 8.3],
			"rotation": {"angle": 22.5, "axis": "x", "origin": [0, 0, 0]},
			"faces": {
				"north": {"uv": [7, 5.5, 8.5, 5.5], "texture": "#2"},
				"east": {"uv": [7, 5.5, 8.5, 5.5], "texture": "#2"},
				"south": {"uv": [7, 5.5, 8.5, 5.5], "texture": "#2"},
				"west": {"uv": [7, 5.5, 8.5, 5.5], "texture": "#2"},
				"up": {"uv": [7, 5.5, 8.5, 6.75], "texture": "#2"},
				"down": {"uv": [7, 5.5, 8.5, 6.75], "texture": "#2"}
			}
		},
		{
			"name": "CERAMIC",
			"from": [9.35, 3.85, 8.2],
			"to": [9.45, 4.35, 8.3],
			"rotation": {"angle": 22.5, "axis": "x", "origin": [0, 0, 0]},
			"faces": {
				"north": {"uv": [7, 5.5, 8.5, 5.5], "texture": "#2"},
				"east": {"uv": [7, 5.5, 8.5, 5.5], "texture": "#2"},
				"south": {"uv": [7, 5.5, 8.5, 5.5], "texture": "#2"},
				"west": {"uv": [7, 5.5, 8.5, 5.5], "texture": "#2"},
				"up": {"uv": [7, 5.5, 8.5, 6.75], "texture": "#2"},
				"down": {"uv": [7, 5.5, 8.5, 6.75], "texture": "#2"}
			}
		},
		{
			"name": "CERAMIC",
			"from": [9.35, 4.95, 8.2],
			"to": [9.45, 5.15, 8.3],
			"rotation": {"angle": 22.5, "axis": "x", "origin": [0, 0, 0]},
			"faces": {
				"north": {"uv": [7, 5.5, 8.5, 5.5], "texture": "#2"},
				"east": {"uv": [7, 5.5, 8.5, 5.5], "texture": "#2"},
				"south": {"uv": [7, 5.5, 8.5, 5.5], "texture": "#2"},
				"west": {"uv": [7, 5.5, 8.5, 5.5], "texture": "#2"},
				"up": {"uv": [7, 5.5, 8.5, 6.75], "texture": "#2"},
				"down": {"uv": [7, 5.5, 8.5, 6.75], "texture": "#2"}
			}
		},
		{
			"name": "CERAMIC",
			"from": [9.35, 5.35, 8.2],
			"to": [9.45, 5.55, 8.3],
			"rotation": {"angle": 22.5, "axis": "x", "origin": [0, 0, 0]},
			"faces": {
				"north": {"uv": [7, 5.5, 8.5, 5.5], "texture": "#2"},
				"east": {"uv": [7, 5.5, 8.5, 5.5], "texture": "#2"},
				"south": {"uv": [7, 5.5, 8.5, 5.5], "texture": "#2"},
				"west": {"uv": [7, 5.5, 8.5, 5.5], "texture": "#2"},
				"up": {"uv": [7, 5.5, 8.5, 6.75], "texture": "#2"},
				"down": {"uv": [7, 5.5, 8.5, 6.75], "texture": "#2"}
			}
		},
		{
			"name": "CERAMIC",
			"from": [9.25, 5.15, 8.2],
			"to": [9.55, 5.35, 8.3],
			"rotation": {"angle": 22.5, "axis": "x", "origin": [0, 0, 0]},
			"faces": {
				"north": {"uv": [0, 0, 4.5, 1], "texture": "#4"},
				"east": {"uv": [0, 0, 4.5, 1], "texture": "#4"},
				"south": {"uv": [0, 0, 4.5, 1], "texture": "#4"},
				"west": {"uv": [0, 0, 4.5, 1], "texture": "#4"},
				"up": {"uv": [0, 0, 4.5, 3.25], "texture": "#4"},
				"down": {"uv": [0, 0, 4.5, 3.25], "texture": "#4"}
			}
		},
		{
			"name": "CERAMIC",
			"from": [9.25, 4.35, 8.2],
			"to": [9.55, 4.45, 8.3],
			"rotation": {"angle": 22.5, "axis": "x", "origin": [0, 0, 0]},
			"faces": {
				"north": {"uv": [0, 0, 4.5, 1], "texture": "#4"},
				"east": {"uv": [0, 0, 4.5, 1], "texture": "#4"},
				"south": {"uv": [0, 0, 4.5, 1], "texture": "#4"},
				"west": {"uv": [0, 0, 4.5, 1], "texture": "#4"},
				"up": {"uv": [0, 0, 4.5, 3.25], "texture": "#4"},
				"down": {"uv": [0, 0, 4.5, 3.25], "texture": "#4"}
			}
		},
		{
			"name": "CERAMIC",
			"from": [9.25, 4.75, 8.2],
			"to": [9.55, 4.95, 8.3],
			"rotation": {"angle": 22.5, "axis": "x", "origin": [0, 0, 0]},
			"faces": {
				"north": {"uv": [0, 0, 4.5, 1], "texture": "#4"},
				"east": {"uv": [0, 0, 4.5, 1], "texture": "#4"},
				"south": {"uv": [0, 0, 4.5, 1], "texture": "#4"},
				"west": {"uv": [0, 0, 4.5, 1], "texture": "#4"},
				"up": {"uv": [0, 0, 4.5, 3.25], "texture": "#4"},
				"down": {"uv": [0, 0, 4.5, 3.25], "texture": "#4"}
			}
		},
		{
			"name": "CERAMIC",
			"from": [8.75, 4.45, 8.8],
			"to": [8.85, 4.75, 8.9],
			"rotation": {"angle": -22.5, "axis": "z", "origin": [0, 0, 0]},
			"faces": {
				"north": {"uv": [7, 5.5, 8.5, 5.5], "texture": "#2"},
				"east": {"uv": [7, 5.5, 8.5, 5.5], "texture": "#2"},
				"south": {"uv": [7, 5.5, 8.5, 5.5], "texture": "#2"},
				"west": {"uv": [7, 5.5, 8.5, 5.5], "texture": "#2"},
				"up": {"uv": [7, 5.5, 8.5, 6.75], "texture": "#2"},
				"down": {"uv": [7, 5.5, 8.5, 6.75], "texture": "#2"}
			}
		},
		{
			"name": "CERAMIC",
			"from": [8.75, 5.15, 8.7],
			"to": [8.85, 5.35, 9],
			"rotation": {"angle": -22.5, "axis": "z", "origin": [0, 0, 0]},
			"faces": {
				"north": {"uv": [0, 0, 4.5, 1], "texture": "#4"},
				"east": {"uv": [0, 0, 4.5, 1], "texture": "#4"},
				"south": {"uv": [0, 0, 4.5, 1], "texture": "#4"},
				"west": {"uv": [0, 0, 4.5, 1], "texture": "#4"},
				"up": {"uv": [0, 0, 4.5, 3.25], "texture": "#4"},
				"down": {"uv": [0, 0, 4.5, 3.25], "texture": "#4"}
			}
		},
		{
			"name": "CERAMIC",
			"from": [8.75, 4.95, 8.8],
			"to": [8.85, 5.15, 8.9],
			"rotation": {"angle": -22.5, "axis": "z", "origin": [0, 0, 0]},
			"faces": {
				"north": {"uv": [7, 5.5, 8.5, 5.5], "texture": "#2"},
				"east": {"uv": [7, 5.5, 8.5, 5.5], "texture": "#2"},
				"south": {"uv": [7, 5.5, 8.5, 5.5], "texture": "#2"},
				"west": {"uv": [7, 5.5, 8.5, 5.5], "texture": "#2"},
				"up": {"uv": [7, 5.5, 8.5, 6.75], "texture": "#2"},
				"down": {"uv": [7, 5.5, 8.5, 6.75], "texture": "#2"}
			}
		},
		{
			"name": "CERAMIC",
			"from": [8.75, 4.75, 8.7],
			"to": [8.85, 4.95, 9],
			"rotation": {"angle": -22.5, "axis": "z", "origin": [0, 0, 0]},
			"faces": {
				"north": {"uv": [0, 0, 4.5, 1], "texture": "#4"},
				"east": {"uv": [0, 0, 4.5, 1], "texture": "#4"},
				"south": {"uv": [0, 0, 4.5, 1], "texture": "#4"},
				"west": {"uv": [0, 0, 4.5, 1], "texture": "#4"},
				"up": {"uv": [0, 0, 4.5, 3.25], "texture": "#4"},
				"down": {"uv": [0, 0, 4.5, 3.25], "texture": "#4"}
			}
		},
		{
			"name": "CERAMIC",
			"from": [8.75, 3.85, 8.8],
			"to": [8.85, 4.35, 8.9],
			"rotation": {"angle": -22.5, "axis": "z", "origin": [0, 0, 0]},
			"faces": {
				"north": {"uv": [7, 5.5, 8.5, 5.5], "texture": "#2"},
				"east": {"uv": [7, 5.5, 8.5, 5.5], "texture": "#2"},
				"south": {"uv": [7, 5.5, 8.5, 5.5], "texture": "#2"},
				"west": {"uv": [7, 5.5, 8.5, 5.5], "texture": "#2"},
				"up": {"uv": [7, 5.5, 8.5, 6.75], "texture": "#2"},
				"down": {"uv": [7, 5.5, 8.5, 6.75], "texture": "#2"}
			}
		},
		{
			"name": "CERAMIC",
			"from": [8.65, 4.35, 8.8],
			"to": [8.95, 4.45, 8.9],
			"rotation": {"angle": -22.5, "axis": "z", "origin": [0, 0, 0]},
			"faces": {
				"north": {"uv": [0, 0, 4.5, 1], "texture": "#4"},
				"east": {"uv": [0, 0, 4.5, 1], "texture": "#4"},
				"south": {"uv": [0, 0, 4.5, 1], "texture": "#4"},
				"west": {"uv": [0, 0, 4.5, 1], "texture": "#4"},
				"up": {"uv": [0, 0, 4.5, 3.25], "texture": "#4"},
				"down": {"uv": [0, 0, 4.5, 3.25], "texture": "#4"}
			}
		},
		{
			"name": "CERAMIC",
			"from": [8.75, 5.35, 8.8],
			"to": [8.85, 5.55, 8.9],
			"rotation": {"angle": -22.5, "axis": "z", "origin": [0, 0, 0]},
			"faces": {
				"north": {"uv": [7, 5.5, 8.5, 5.5], "texture": "#2"},
				"east": {"uv": [7, 5.5, 8.5, 5.5], "texture": "#2"},
				"south": {"uv": [7, 5.5, 8.5, 5.5], "texture": "#2"},
				"west": {"uv": [7, 5.5, 8.5, 5.5], "texture": "#2"},
				"up": {"uv": [7, 5.5, 8.5, 6.75], "texture": "#2"},
				"down": {"uv": [7, 5.5, 8.5, 6.75], "texture": "#2"}
			}
		},
		{
			"name": "CERAMIC",
			"from": [4.7, 0.05, 11.6],
			"to": [5.4, 0.55, 12.1],
			"rotation": {"angle": 22.5, "axis": "y", "origin": [0, 0, 0]},
			"faces": {
				"north": {"uv": [0, 0, 4.5, 1], "texture": "#4"},
				"east": {"uv": [0, 0, 4.5, 1], "texture": "#3"},
				"south": {"uv": [0, 0, 4.5, 1], "texture": "#3"},
				"west": {"uv": [0, 0, 4.5, 1], "texture": "#3"},
				"up": {"uv": [0, 0, 4.5, 3.25], "texture": "#3"},
				"down": {"uv": [0, 0, 4.5, 3.25], "texture": "#missing"}
			}
		},
		{
			"name": "CERAMIC",
			"from": [3.2, 0.25, 10.3],
			"to": [3.8, 0.55, 11.5],
			"rotation": {"angle": 22.5, "axis": "y", "origin": [0, 0, 0]},
			"faces": {
				"north": {"uv": [2, 2, 6.5, 3], "texture": "#6"},
				"east": {"uv": [2, 2, 6.5, 3], "texture": "#6"},
				"south": {"uv": [2, 2, 6.5, 3], "texture": "#6"},
				"west": {"uv": [2, 2, 6.5, 3], "texture": "#4"},
				"up": {"uv": [3, 3, 7.5, 6.25], "texture": "#6"},
				"down": {"uv": [2, 2, 6.5, 5.25], "texture": "#6"}
			}
		},
		{
			"name": "CERAMIC",
			"from": [3.5, 0.25, 10.1],
			"to": [4.9, 0.35, 11.7],
			"rotation": {"angle": 22.5, "axis": "y", "origin": [0, 0, 0]},
			"faces": {
				"north": {"uv": [9.25, 14.5, 13.75, 15.5], "texture": "#0"},
				"east": {"uv": [7.5, 11.75, 12, 12.75], "texture": "#0"},
				"south": {"uv": [7.5, 11.75, 12, 12.75], "texture": "#0"},
				"west": {"uv": [7.5, 11.75, 12, 12.75], "texture": "#0"},
				"up": {"uv": [6.25, 7.5, 8.75, 10.5], "texture": "#0"},
				"down": {"uv": [8, 7, 12.5, 10.25], "texture": "#0"}
			}
		},
		{
			"name": "CERAMIC",
			"from": [3.8, 0.25, 9.4],
			"to": [4.9, 0.35, 10.1],
			"rotation": {"angle": 22.5, "axis": "y", "origin": [0, 0, 0]},
			"faces": {
				"north": {"uv": [9.25, 14.5, 13.75, 15.5], "texture": "#0"},
				"east": {"uv": [7.5, 11.75, 12, 12.75], "texture": "#0"},
				"south": {"uv": [7.5, 11.75, 12, 12.75], "texture": "#0"},
				"west": {"uv": [7.5, 11.75, 12, 12.75], "texture": "#0"},
				"up": {"uv": [6.25, 7.5, 8.75, 10.5], "texture": "#0"},
				"down": {"uv": [8, 7, 12.5, 10.25], "texture": "#0"}
			}
		},
		{
			"name": "CERAMIC",
			"from": [3.8, 0.25, 10.4],
			"to": [4.4, 0.45, 11.4],
			"rotation": {"angle": 22.5, "axis": "y", "origin": [0, 0, 0]},
			"faces": {
				"north": {"uv": [2, 2, 6.5, 3], "texture": "#6"},
				"east": {"uv": [2, 2, 6.5, 3], "texture": "#6"},
				"south": {"uv": [2, 2, 6.5, 3], "texture": "#6"},
				"west": {"uv": [2, 2, 6.5, 3], "texture": "#6"},
				"up": {"uv": [3, 3, 7.5, 6.25], "texture": "#6"},
				"down": {"uv": [2, 2, 6.5, 5.25], "texture": "#6"}
			}
		},
		{
			"name": "CERAMIC",
			"from": [4.4, 0.25, 10.5],
			"to": [4.7, 0.45, 11.3],
			"rotation": {"angle": 22.5, "axis": "y", "origin": [0, 0, 0]},
			"faces": {
				"north": {"uv": [2, 2, 6.5, 3], "texture": "#6"},
				"east": {"uv": [2, 2, 6.5, 3], "texture": "#4"},
				"south": {"uv": [2, 2, 6.5, 3], "texture": "#6"},
				"west": {"uv": [2, 2, 6.5, 3], "texture": "#6"},
				"up": {"uv": [3, 3, 7.5, 6.25], "texture": "#6"},
				"down": {"uv": [2, 2, 6.5, 5.25], "texture": "#6"}
			}
		},
		{
			"name": "CERAMIC",
			"from": [4.8, 0.55, 11.6],
			"to": [5.3, 0.65, 12],
			"rotation": {"angle": 22.5, "axis": "y", "origin": [0, 0, 0]},
			"faces": {
				"north": {"uv": [0, 0, 4.5, 1], "texture": "#3"},
				"east": {"uv": [0, 0, 4.5, 1], "texture": "#3"},
				"south": {"uv": [0, 0, 4.5, 1], "texture": "#3"},
				"west": {"uv": [0, 0, 4.5, 1], "texture": "#3"},
				"up": {"uv": [0, 0, 4.5, 3.25], "texture": "#3"},
				"down": {"uv": [0, 0, 4.5, 3.25], "texture": "#3"}
			}
		},
		{
			"name": "CERAMIC",
			"from": [6.65, 0.2, 6.4],
			"to": [6.95, 0.45, 6.65],
			"faces": {
				"north": {"uv": [0, 0, 1.8, 1], "texture": "#7"},
				"east": {"uv": [0, 0, 1.75, 1], "texture": "#7"},
				"south": {"uv": [0, 0, 1.8, 1], "texture": "#7"},
				"west": {"uv": [0, 0, 1.75, 1], "texture": "#7"},
				"up": {"uv": [0, 0, 2.3, 0.5], "texture": "#7"},
				"down": {"uv": [0, 0, 1.8, 1], "texture": "#7"}
			}
		},
		{
			"name": "CERAMIC",
			"from": [7.15, 0, 9.6],
			"to": [9.65, 0.25, 9.85],
			"faces": {
				"north": {"uv": [0, 0, 4, 1], "texture": "#7"},
				"east": {"uv": [0, 0, 1.75, 1], "texture": "#7"},
				"south": {"uv": [0, 0, 4, 1], "texture": "#7"},
				"west": {"uv": [0, 0, 1.75, 1], "texture": "#7"},
				"up": {"uv": [0, 0, 4.5, 0.5], "texture": "#7"},
				"down": {"uv": [0, 0, 4, 1], "texture": "#7"}
			}
		},
		{
			"name": "CERAMIC",
			"from": [9.9, 0, 6.8],
			"to": [10.2, 0.25, 9.4],
			"faces": {
				"north": {"uv": [0, 0, 1.8, 1], "texture": "#7"},
				"east": {"uv": [0, 0, 4.1, 1], "texture": "#7"},
				"south": {"uv": [0, 0, 1.8, 1], "texture": "#7"},
				"west": {"uv": [0, 0, 4.1, 1], "texture": "#7"},
				"up": {"uv": [0, 0, 2.3, 2.85], "texture": "#7"},
				"down": {"uv": [0, 0, 1.8, 3.25], "texture": "#7"}
			}
		},
		{
			"name": "CERAMIC",
			"from": [7.15, 0, 6.4],
			"to": [9.65, 0.25, 6.65],
			"faces": {
				"north": {"uv": [0, 0, 4, 1], "texture": "#7"},
				"east": {"uv": [0, 0, 1.75, 1], "texture": "#7"},
				"south": {"uv": [0, 0, 4, 1], "texture": "#7"},
				"west": {"uv": [0, 0, 1.75, 1], "texture": "#7"},
				"up": {"uv": [0, 0, 4.5, 0.5], "texture": "#7"},
				"down": {"uv": [0, 0, 4, 1], "texture": "#7"}
			}
		},
		{
			"name": "CERAMIC",
			"from": [6.9, 0, 6.6],
			"to": [9.9, 0.25, 9.6],
			"faces": {
				"north": {"uv": [0, 0, 4.5, 1], "texture": "#7"},
				"east": {"uv": [0, 0, 4.5, 1], "texture": "#7"},
				"south": {"uv": [0, 0, 4.5, 1], "texture": "#7"},
				"west": {"uv": [0, 0, 4.5, 1], "texture": "#7"},
				"up": {"uv": [0, 0, 4.5, 3.25], "texture": "#7"},
				"down": {"uv": [0, 0, 4.5, 3.25], "texture": "#7"}
			}
		},
		{
			"name": "CERAMIC",
			"from": [6.6, 0, 6.8],
			"to": [6.9, 0.25, 9.4],
			"faces": {
				"north": {"uv": [0, 0, 1.8, 1], "texture": "#7"},
				"east": {"uv": [0, 0, 4.1, 1], "texture": "#7"},
				"south": {"uv": [0, 0, 1.8, 1], "texture": "#7"},
				"west": {"uv": [0, 0, 4.1, 1], "texture": "#7"},
				"up": {"uv": [0, 0, 2.3, 2.85], "texture": "#7"},
				"down": {"uv": [0, 0, 1.8, 3.25], "texture": "#7"}
			}
		},
		{
			"name": "CERAMIC",
			"from": [9.85, 0.2, 9.6],
			"to": [10.15, 0.45, 9.85],
			"faces": {
				"north": {"uv": [0, 0, 1.8, 1], "texture": "#7"},
				"east": {"uv": [0, 0, 1.75, 1], "texture": "#7"},
				"south": {"uv": [0, 0, 1.8, 1], "texture": "#7"},
				"west": {"uv": [0, 0, 1.75, 1], "texture": "#7"},
				"up": {"uv": [0, 0, 2.3, 0.5], "texture": "#7"},
				"down": {"uv": [0, 0, 1.8, 1], "texture": "#7"}
			}
		},
		{
			"name": "CERAMIC",
			"from": [6.65, 0.2, 9.6],
			"to": [6.95, 0.45, 9.85],
			"faces": {
				"north": {"uv": [0, 0, 1.8, 1], "texture": "#7"},
				"east": {"uv": [0, 0, 1.75, 1], "texture": "#7"},
				"south": {"uv": [0, 0, 1.8, 1], "texture": "#7"},
				"west": {"uv": [0, 0, 1.75, 1], "texture": "#7"},
				"up": {"uv": [0, 0, 2.3, 0.5], "texture": "#7"},
				"down": {"uv": [0, 0, 1.8, 1], "texture": "#7"}
			}
		},
		{
			"name": "CERAMIC",
			"from": [6.95, 0.2, 9.6],
			"to": [9.85, 0.45, 10.05],
			"faces": {
				"north": {"uv": [0, 0, 4.4, 1], "texture": "#7"},
				"east": {"uv": [0, 0, 1.95, 1], "texture": "#7"},
				"south": {"uv": [0, 0, 4.4, 1], "texture": "#7"},
				"west": {"uv": [0, 0, 1.95, 1], "texture": "#7"},
				"up": {"uv": [0, 0, 4.5, 0.7], "texture": "#7"},
				"down": {"uv": [0, 0, 4.4, 1.2], "texture": "#7"}
			}
		},
		{
			"name": "CERAMIC",
			"from": [6.4, 0.2, 6.6],
			"to": [7, 0.45, 9.6],
			"faces": {
				"north": {"uv": [0, 0, 2.1, 1], "texture": "#7"},
				"east": {"uv": [0, 0, 4.5, 1], "texture": "#7"},
				"south": {"uv": [0, 0, 2.1, 1], "texture": "#7"},
				"west": {"uv": [0, 0, 4.5, 1], "texture": "#7"},
				"up": {"uv": [0, 0, 2.6, 3.25], "texture": "#7"},
				"down": {"uv": [0, 0, 2.1, 3.25], "texture": "#7"}
			}
		},
		{
			"name": "CERAMIC",
			"from": [6.95, 0.2, 6.2],
			"to": [9.85, 0.45, 6.65],
			"faces": {
				"north": {"uv": [0, 0, 4.4, 1], "texture": "#7"},
				"east": {"uv": [0, 0, 1.95, 1], "texture": "#7"},
				"south": {"uv": [0, 0, 4.4, 1], "texture": "#7"},
				"west": {"uv": [0, 0, 1.95, 1], "texture": "#7"},
				"up": {"uv": [0, 0, 4.5, 0.7], "texture": "#7"},
				"down": {"uv": [0, 0, 4.4, 1.2], "texture": "#7"}
			}
		},
		{
			"name": "CERAMIC",
			"from": [9.85, 0.2, 6.4],
			"to": [10.15, 0.45, 6.65],
			"faces": {
				"north": {"uv": [0, 0, 1.8, 1], "texture": "#7"},
				"east": {"uv": [0, 0, 1.75, 1], "texture": "#7"},
				"south": {"uv": [0, 0, 1.8, 1], "texture": "#7"},
				"west": {"uv": [0, 0, 1.75, 1], "texture": "#7"},
				"up": {"uv": [0, 0, 2.3, 0.5], "texture": "#7"},
				"down": {"uv": [0, 0, 1.8, 1], "texture": "#7"}
			}
		},
		{
			"name": "CERAMIC",
			"from": [9.8, 0.2, 6.6],
			"to": [10.4, 0.45, 9.6],
			"faces": {
				"north": {"uv": [0, 0, 2.1, 1], "texture": "#7"},
				"east": {"uv": [0, 0, 4.5, 1], "texture": "#7"},
				"south": {"uv": [0, 0, 2.1, 1], "texture": "#7"},
				"west": {"uv": [0, 0, 4.5, 1], "texture": "#7"},
				"up": {"uv": [0, 0, 2.6, 3.25], "texture": "#7"},
				"down": {"uv": [0, 0, 2.1, 3.25], "texture": "#7"}
			}
		},
		{
			"name": "CERAMIC",
			"from": [9.65, 0.2, 6.8],
			"to": [9.95, 0.35, 9.45],
			"faces": {
				"north": {"uv": [0, 0, 1.8, 0.9], "texture": "#7"},
				"east": {"uv": [0, 0, 4.15, 0.9], "texture": "#7"},
				"south": {"uv": [0, 0, 1.8, 0.9], "texture": "#7"},
				"west": {"uv": [0, 0, 4.15, 0.9], "texture": "#7"},
				"up": {"uv": [0, 0, 2.3, 2.9], "texture": "#7"},
				"down": {"uv": [0, 0, 1.8, 3.25], "texture": "#7"}
			}
		},
		{
			"name": "CERAMIC",
			"from": [6.85, 0.2, 6.8],
			"to": [7.15, 0.35, 9.45],
			"faces": {
				"north": {"uv": [0, 0, 1.8, 0.9], "texture": "#7"},
				"east": {"uv": [0, 0, 4.15, 0.9], "texture": "#7"},
				"south": {"uv": [0, 0, 1.8, 0.9], "texture": "#7"},
				"west": {"uv": [0, 0, 4.15, 0.9], "texture": "#7"},
				"up": {"uv": [0, 0, 2.3, 2.9], "texture": "#7"},
				"down": {"uv": [0, 0, 1.8, 3.25], "texture": "#7"}
			}
		},
		{
			"name": "CERAMIC",
			"from": [6.95, 0.2, 9.4],
			"to": [9.85, 0.35, 9.65],
			"faces": {
				"north": {"uv": [0, 0, 4.4, 0.9], "texture": "#7"},
				"east": {"uv": [0, 0, 1.75, 0.9], "texture": "#7"},
				"south": {"uv": [0, 0, 4.4, 0.9], "texture": "#7"},
				"west": {"uv": [0, 0, 1.75, 0.9], "texture": "#7"},
				"up": {"uv": [0, 0, 4.5, 0.5], "texture": "#7"},
				"down": {"uv": [0, 0, 4.4, 1], "texture": "#7"}
			}
		},
		{
			"name": "CERAMIC",
			"from": [6.95, 0.2, 6.6],
			"to": [9.85, 0.35, 6.85],
			"faces": {
				"north": {"uv": [0, 0, 4.4, 0.9], "texture": "#7"},
				"east": {"uv": [0, 0, 1.75, 0.9], "texture": "#7"},
				"south": {"uv": [0, 0, 4.4, 0.9], "texture": "#7"},
				"west": {"uv": [0, 0, 1.75, 0.9], "texture": "#7"},
				"up": {"uv": [0, 0, 4.5, 0.5], "texture": "#7"},
				"down": {"uv": [0, 0, 4.4, 1], "texture": "#7"}
			}
		}
	],
	"display": {
		"thirdperson_righthand": {
			"rotation": [69.5, 0, 0],
			"translation": [0, 6.5, 10.5],
			"scale": [1.48633, 1.48633, 1.48633]
		},
		"thirdperson_lefthand": {
			"rotation": [69.5, 0, 0],
			"translation": [0, 6.5, 10.5],
			"scale": [1.48633, 1.48633, 1.48633]
		},
		"firstperson_righthand": {
			"translation": [-0.75, 16.25, 0],
			"scale": [1.91992, 1.91992, 1.91992]
		},
		"firstperson_lefthand": {
			"translation": [-0.75, 16.25, 0],
			"scale": [1.91992, 1.91992, 1.91992]
		},
		"ground": {
			"translation": [-2, 14.25, -0.75],
			"scale": [2.16016, 2.16016, 2.16016]
		},
		"gui": {
			"rotation": [57.03, 26.27, -13.14],
			"translation": [3.75, 15, 0],
			"scale": [3.20898, 3.20898, 3.20898]
		},
		"head": {
			"translation": [-0.5, 25, 0],
			"scale": [2.36328, 2.36328, 2.36328]
		},
		"fixed": {
			"rotation": [-91, 0, 0],
			"translation": [-1.25, -0.5, -31.25],
			"scale": [4, 4, 4]
		}
	}
}