{
	"textures": {
		"3": "block/melon_side",
		"particle": "block/melon_side"
	},
	"elements": [
		{
			"from": [7.5, 9.1, 8.5],
			"to": [8, 9.6, 9],
			"rotation": {"angle": 22.5, "axis": "z", "origin": [7.5, 9, 9]},
			"faces": {
				"north": {"uv": [3, 1, 3.5, 1.5], "texture": "#3"},
				"east": {"uv": [2, 3, 2.5, 3.5], "texture": "#3"},
				"south": {"uv": [3, 2, 3.5, 2.5], "texture": "#3"},
				"west": {"uv": [3, 3, 3.5, 3.5], "texture": "#3"},
				"up": {"uv": [4.5, 0.5, 4, 0], "texture": "#3"},
				"down": {"uv": [4.5, 1, 4, 1.5], "texture": "#3"}
			}
		},
		{
			"from": [8, 8.6, 8.5],
			"to": [8, 9.1, 9],
			"rotation": {"angle": 22.5, "axis": "z", "origin": [7.5, 9, 9]},
			"faces": {
				"north": {"uv": [3, 1, 3.5, 1.5], "texture": "#3"},
				"east": {"uv": [2, 3, 2.5, 3.5], "texture": "#3"},
				"south": {"uv": [3, 2, 3.5, 2.5], "texture": "#3"},
				"west": {"uv": [3, 3, 3.5, 3.5], "texture": "#3"},
				"up": {"uv": [4.5, 0.5, 4, 0], "texture": "#3"},
				"down": {"uv": [4.5, 1, 4, 1.5], "texture": "#3"}
			}
		},
		{
			"from": [7.5, 9.6, 8.5],
			"to": [8, 10.6, 9],
			"rotation": {"angle": 22.5, "axis": "z", "origin": [7.5, 9, 9]},
			"faces": {
				"north": {"uv": [2, 0, 2.5, 1], "texture": "#3"},
				"east": {"uv": [2, 1, 2.5, 2], "texture": "#3"},
				"south": {"uv": [2, 2, 2.5, 3], "texture": "#3"},
				"west": {"uv": [3, 0, 3.5, 1], "texture": "#3"},
				"up": {"uv": [2.5, 4.5, 2, 4], "texture": "#3"},
				"down": {"uv": [4.5, 2, 4, 2.5], "texture": "#3"}
			}
		},
		{
			"from": [7.5, 7.1, 8.5],
			"to": [8, 7.6, 9],
			"rotation": {"angle": 22.5, "axis": "z", "origin": [7.5, 7, 9]},
			"faces": {
				"north": {"uv": [3, 1, 3.5, 1.5], "texture": "#3"},
				"east": {"uv": [2, 3, 2.5, 3.5], "texture": "#3"},
				"south": {"uv": [3, 2, 3.5, 2.5], "texture": "#3"},
				"west": {"uv": [3, 3, 3.5, 3.5], "texture": "#3"},
				"up": {"uv": [4.5, 0.5, 4, 0], "texture": "#3"},
				"down": {"uv": [4.5, 1, 4, 1.5], "texture": "#3"}
			}
		},
		{
			"from": [7.5, 7.6, 8.5],
			"to": [8, 8.6, 9],
			"rotation": {"angle": 22.5, "axis": "z", "origin": [7.5, 7, 9]},
			"faces": {
				"north": {"uv": [2, 0, 2.5, 1], "texture": "#3"},
				"east": {"uv": [2, 1, 2.5, 2], "texture": "#3"},
				"south": {"uv": [2, 2, 2.5, 3], "texture": "#3"},
				"west": {"uv": [3, 0, 3.5, 1], "texture": "#3"},
				"up": {"uv": [2.5, 4.5, 2, 4], "texture": "#3"},
				"down": {"uv": [4.5, 2, 4, 2.5], "texture": "#3"}
			}
		},
		{
			"from": [8, 6.6, 8.5],
			"to": [8, 7.1, 9],
			"rotation": {"angle": 22.5, "axis": "z", "origin": [7.5, 7, 9]},
			"faces": {
				"north": {"uv": [3, 1, 3.5, 1.5], "texture": "#3"},
				"east": {"uv": [2, 3, 2.5, 3.5], "texture": "#3"},
				"south": {"uv": [3, 2, 3.5, 2.5], "texture": "#3"},
				"west": {"uv": [3, 3, 3.5, 3.5], "texture": "#3"},
				"up": {"uv": [4.5, 0.5, 4, 0], "texture": "#3"},
				"down": {"uv": [4.5, 1, 4, 1.5], "texture": "#3"}
			}
		},
		{
			"from": [7.5, 5.1, 8.5],
			"to": [8, 5.6, 9],
			"rotation": {"angle": 22.5, "axis": "z", "origin": [7.5, 5, 9]},
			"faces": {
				"north": {"uv": [3, 1, 3.5, 1.5], "texture": "#3"},
				"east": {"uv": [2, 3, 2.5, 3.5], "texture": "#3"},
				"south": {"uv": [3, 2, 3.5, 2.5], "texture": "#3"},
				"west": {"uv": [3, 3, 3.5, 3.5], "texture": "#3"},
				"up": {"uv": [4.5, 0.5, 4, 0], "texture": "#3"},
				"down": {"uv": [4.5, 1, 4, 1.5], "texture": "#3"}
			}
		},
		{
			"from": [7.5, 5.6, 8.5],
			"to": [8, 6.6, 9],
			"rotation": {"angle": 22.5, "axis": "z", "origin": [7.5, 5, 9]},
			"faces": {
				"north": {"uv": [2, 0, 2.5, 1], "texture": "#3"},
				"east": {"uv": [2, 1, 2.5, 2], "texture": "#3"},
				"south": {"uv": [2, 2, 2.5, 3], "texture": "#3"},
				"west": {"uv": [3, 0, 3.5, 1], "texture": "#3"},
				"up": {"uv": [2.5, 4.5, 2, 4], "texture": "#3"},
				"down": {"uv": [4.5, 2, 4, 2.5], "texture": "#3"}
			}
		},
		{
			"from": [8, 4.6, 8.5],
			"to": [8, 5.1, 9],
			"rotation": {"angle": 22.5, "axis": "z", "origin": [7.5, 5, 9]},
			"faces": {
				"north": {"uv": [3, 1, 3.5, 1.5], "texture": "#3"},
				"east": {"uv": [2, 3, 2.5, 3.5], "texture": "#3"},
				"south": {"uv": [3, 2, 3.5, 2.5], "texture": "#3"},
				"west": {"uv": [3, 3, 3.5, 3.5], "texture": "#3"},
				"up": {"uv": [4.5, 0.5, 4, 0], "texture": "#3"},
				"down": {"uv": [4.5, 1, 4, 1.5], "texture": "#3"}
			}
		},
		{
			"from": [8.5, 9.1, 8.5],
			"to": [9, 9.6, 9],
			"rotation": {"angle": -22.5, "axis": "z", "origin": [8.5, 9, 9]},
			"faces": {
				"north": {"uv": [3.5, 1, 3, 1.5], "texture": "#3"},
				"east": {"uv": [3.5, 3, 3, 3.5], "texture": "#3"},
				"south": {"uv": [3.5, 2, 3, 2.5], "texture": "#3"},
				"west": {"uv": [2.5, 3, 2, 3.5], "texture": "#3"},
				"up": {"uv": [4, 0.5, 4.5, 0], "texture": "#3"},
				"down": {"uv": [4, 1, 4.5, 1.5], "texture": "#3"}
			}
		},
		{
			"from": [8.5, 9.6, 8.5],
			"to": [9, 10.6, 9],
			"rotation": {"angle": -22.5, "axis": "z", "origin": [8.5, 9, 9]},
			"faces": {
				"north": {"uv": [2.5, 0, 2, 1], "texture": "#3"},
				"east": {"uv": [3.5, 0, 3, 1], "texture": "#3"},
				"south": {"uv": [2.5, 2, 2, 3], "texture": "#3"},
				"west": {"uv": [2.5, 1, 2, 2], "texture": "#3"},
				"up": {"uv": [2, 4.5, 2.5, 4], "texture": "#3"},
				"down": {"uv": [4, 2, 4.5, 2.5], "texture": "#3"}
			}
		},
		{
			"from": [8.5, 8.6, 8.5],
			"to": [8.5, 9.1, 9],
			"rotation": {"angle": -22.5, "axis": "z", "origin": [8.5, 9, 9]},
			"faces": {
				"north": {"uv": [3.5, 1, 3, 1.5], "texture": "#3"},
				"east": {"uv": [3.5, 3, 3, 3.5], "texture": "#3"},
				"south": {"uv": [3.5, 2, 3, 2.5], "texture": "#3"},
				"west": {"uv": [2.5, 3, 2, 3.5], "texture": "#3"},
				"up": {"uv": [4, 0.5, 4.5, 0], "texture": "#3"},
				"down": {"uv": [4, 1, 4.5, 1.5], "texture": "#3"}
			}
		},
		{
			"from": [8.5, 6.6, 8.5],
			"to": [8.5, 7.1, 9],
			"rotation": {"angle": -22.5, "axis": "z", "origin": [8.5, 7, 9]},
			"faces": {
				"north": {"uv": [3.5, 1, 3, 1.5], "texture": "#3"},
				"east": {"uv": [3.5, 3, 3, 3.5], "texture": "#3"},
				"south": {"uv": [3.5, 2, 3, 2.5], "texture": "#3"},
				"west": {"uv": [2.5, 3, 2, 3.5], "texture": "#3"},
				"up": {"uv": [4, 0.5, 4.5, 0], "texture": "#3"},
				"down": {"uv": [4, 1, 4.5, 1.5], "texture": "#3"}
			}
		},
		{
			"from": [8.5, 7.6, 8.5],
			"to": [9, 8.6, 9],
			"rotation": {"angle": -22.5, "axis": "z", "origin": [8.5, 7, 9]},
			"faces": {
				"north": {"uv": [2.5, 0, 2, 1], "texture": "#3"},
				"east": {"uv": [3.5, 0, 3, 1], "texture": "#3"},
				"south": {"uv": [2.5, 2, 2, 3], "texture": "#3"},
				"west": {"uv": [2.5, 1, 2, 2], "texture": "#3"},
				"up": {"uv": [2, 4.5, 2.5, 4], "texture": "#3"},
				"down": {"uv": [4, 2, 4.5, 2.5], "texture": "#3"}
			}
		},
		{
			"from": [8.5, 7.1, 8.5],
			"to": [9, 7.6, 9],
			"rotation": {"angle": -22.5, "axis": "z", "origin": [8.5, 7, 9]},
			"faces": {
				"north": {"uv": [3.5, 1, 3, 1.5], "texture": "#3"},
				"east": {"uv": [3.5, 3, 3, 3.5], "texture": "#3"},
				"south": {"uv": [3.5, 2, 3, 2.5], "texture": "#3"},
				"west": {"uv": [2.5, 3, 2, 3.5], "texture": "#3"},
				"up": {"uv": [4, 0.5, 4.5, 0], "texture": "#3"},
				"down": {"uv": [4, 1, 4.5, 1.5], "texture": "#3"}
			}
		},
		{
			"from": [8.5, 4.6, 8.5],
			"to": [8.5, 5.1, 9],
			"rotation": {"angle": -22.5, "axis": "z", "origin": [8.5, 5, 9]},
			"faces": {
				"north": {"uv": [3.5, 1, 3, 1.5], "texture": "#3"},
				"east": {"uv": [3.5, 3, 3, 3.5], "texture": "#3"},
				"south": {"uv": [3.5, 2, 3, 2.5], "texture": "#3"},
				"west": {"uv": [2.5, 3, 2, 3.5], "texture": "#3"},
				"up": {"uv": [4, 0.5, 4.5, 0], "texture": "#3"},
				"down": {"uv": [4, 1, 4.5, 1.5], "texture": "#3"}
			}
		},
		{
			"from": [8, 4.6, 9],
			"to": [8.5, 5.1, 9.5],
			"rotation": {"angle": 22.5, "axis": "x", "origin": [8, 4.5, 9]},
			"faces": {
				"north": {"uv": [2.5, 3, 2, 3.5], "texture": "#3"},
				"east": {"uv": [3.5, 1, 3, 1.5], "texture": "#3"},
				"south": {"uv": [3.5, 3, 3, 3.5], "texture": "#3"},
				"west": {"uv": [3.5, 2, 3, 2.5], "texture": "#3"},
				"up": {"uv": [4, 0.5, 4.5, 0], "rotation": 90, "texture": "#3"},
				"down": {"uv": [4, 1, 4.5, 1.5], "rotation": 270, "texture": "#3"}
			}
		},
		{
			"from": [8, 5.1, 9],
			"to": [8.5, 6.1, 9.5],
			"rotation": {"angle": 22.5, "axis": "x", "origin": [8, 4.5, 9]},
			"faces": {
				"north": {"uv": [2.5, 1, 2, 2], "texture": "#3"},
				"east": {"uv": [2.5, 0, 2, 1], "texture": "#3"},
				"south": {"uv": [3.5, 0, 3, 1], "texture": "#3"},
				"west": {"uv": [2.5, 2, 2, 3], "texture": "#3"},
				"up": {"uv": [2, 4.5, 2.5, 4], "rotation": 90, "texture": "#3"},
				"down": {"uv": [4, 2, 4.5, 2.5], "rotation": 270, "texture": "#3"}
			}
		},
		{
			"from": [8, 4.1, 9],
			"to": [8.5, 4.6, 9],
			"rotation": {"angle": 22.5, "axis": "x", "origin": [8, 4.5, 9]},
			"faces": {
				"north": {"uv": [2.5, 3, 2, 3.5], "texture": "#3"},
				"east": {"uv": [3.5, 1, 3, 1.5], "texture": "#3"},
				"south": {"uv": [3.5, 3, 3, 3.5], "texture": "#3"},
				"west": {"uv": [3.5, 2, 3, 2.5], "texture": "#3"},
				"up": {"uv": [4, 0.5, 4.5, 0], "rotation": 90, "texture": "#3"},
				"down": {"uv": [4, 1, 4.5, 1.5], "rotation": 270, "texture": "#3"}
			}
		},
		{
			"from": [8, 6.6, 9],
			"to": [8.5, 7.1, 9.5],
			"rotation": {"angle": 22.5, "axis": "x", "origin": [8, 6.5, 9]},
			"faces": {
				"north": {"uv": [2.5, 3, 2, 3.5], "texture": "#3"},
				"east": {"uv": [3.5, 1, 3, 1.5], "texture": "#3"},
				"south": {"uv": [3.5, 3, 3, 3.5], "texture": "#3"},
				"west": {"uv": [3.5, 2, 3, 2.5], "texture": "#3"},
				"up": {"uv": [4, 0.5, 4.5, 0], "rotation": 90, "texture": "#3"},
				"down": {"uv": [4, 1, 4.5, 1.5], "rotation": 270, "texture": "#3"}
			}
		},
		{
			"from": [8, 7.1, 9],
			"to": [8.5, 8.1, 9.5],
			"rotation": {"angle": 22.5, "axis": "x", "origin": [8, 6.5, 9]},
			"faces": {
				"north": {"uv": [2.5, 1, 2, 2], "texture": "#3"},
				"east": {"uv": [2.5, 0, 2, 1], "texture": "#3"},
				"south": {"uv": [3.5, 0, 3, 1], "texture": "#3"},
				"west": {"uv": [2.5, 2, 2, 3], "texture": "#3"},
				"up": {"uv": [2, 4.5, 2.5, 4], "rotation": 90, "texture": "#3"},
				"down": {"uv": [4, 2, 4.5, 2.5], "rotation": 270, "texture": "#3"}
			}
		},
		{
			"from": [8, 6.1, 9],
			"to": [8.5, 6.6, 9],
			"rotation": {"angle": 22.5, "axis": "x", "origin": [8, 6.5, 9]},
			"faces": {
				"north": {"uv": [2.5, 3, 2, 3.5], "texture": "#3"},
				"east": {"uv": [3.5, 1, 3, 1.5], "texture": "#3"},
				"south": {"uv": [3.5, 3, 3, 3.5], "texture": "#3"},
				"west": {"uv": [3.5, 2, 3, 2.5], "texture": "#3"},
				"up": {"uv": [4, 0.5, 4.5, 0], "rotation": 90, "texture": "#3"},
				"down": {"uv": [4, 1, 4.5, 1.5], "rotation": 270, "texture": "#3"}
			}
		},
		{
			"from": [8, 8.1, 9],
			"to": [8.5, 8.6, 9],
			"rotation": {"angle": 22.5, "axis": "x", "origin": [8, 8.5, 9]},
			"faces": {
				"north": {"uv": [2.5, 3, 2, 3.5], "texture": "#3"},
				"east": {"uv": [3.5, 1, 3, 1.5], "texture": "#3"},
				"south": {"uv": [3.5, 3, 3, 3.5], "texture": "#3"},
				"west": {"uv": [3.5, 2, 3, 2.5], "texture": "#3"},
				"up": {"uv": [4, 0.5, 4.5, 0], "rotation": 90, "texture": "#3"},
				"down": {"uv": [4, 1, 4.5, 1.5], "rotation": 270, "texture": "#3"}
			}
		},
		{
			"from": [8, 9.1, 9],
			"to": [8.5, 10.1, 9.5],
			"rotation": {"angle": 22.5, "axis": "x", "origin": [8, 8.5, 9]},
			"faces": {
				"north": {"uv": [2.5, 1, 2, 2], "texture": "#3"},
				"east": {"uv": [2.5, 0, 2, 1], "texture": "#3"},
				"south": {"uv": [3.5, 0, 3, 1], "texture": "#3"},
				"west": {"uv": [2.5, 2, 2, 3], "texture": "#3"},
				"up": {"uv": [2, 4.5, 2.5, 4], "rotation": 90, "texture": "#3"},
				"down": {"uv": [4, 2, 4.5, 2.5], "rotation": 270, "texture": "#3"}
			}
		},
		{
			"from": [8, 8.6, 9],
			"to": [8.5, 9.1, 9.5],
			"rotation": {"angle": 22.5, "axis": "x", "origin": [8, 8.5, 9]},
			"faces": {
				"north": {"uv": [2.5, 3, 2, 3.5], "texture": "#3"},
				"east": {"uv": [3.5, 1, 3, 1.5], "texture": "#3"},
				"south": {"uv": [3.5, 3, 3, 3.5], "texture": "#3"},
				"west": {"uv": [3.5, 2, 3, 2.5], "texture": "#3"},
				"up": {"uv": [4, 0.5, 4.5, 0], "rotation": 90, "texture": "#3"},
				"down": {"uv": [4, 1, 4.5, 1.5], "rotation": 270, "texture": "#3"}
			}
		},
		{
			"from": [8, 4.1, 8.5],
			"to": [8.5, 4.6, 8.5],
			"rotation": {"angle": -22.5, "axis": "x", "origin": [8, 4.5, 8]},
			"faces": {
				"north": {"uv": [3, 3, 3.5, 3.5], "texture": "#3"},
				"east": {"uv": [3, 1, 3.5, 1.5], "texture": "#3"},
				"south": {"uv": [2, 3, 2.5, 3.5], "texture": "#3"},
				"west": {"uv": [3, 2, 3.5, 2.5], "texture": "#3"},
				"up": {"uv": [4.5, 0.5, 4, 0], "rotation": 90, "texture": "#3"},
				"down": {"uv": [4.5, 1, 4, 1.5], "rotation": 270, "texture": "#3"}
			}
		},
		{
			"from": [8, 5.1, 8],
			"to": [8.5, 6.1, 8.5],
			"rotation": {"angle": -22.5, "axis": "x", "origin": [8, 4.5, 8]},
			"faces": {
				"north": {"uv": [3, 0, 3.5, 1], "texture": "#3"},
				"east": {"uv": [2, 0, 2.5, 1], "texture": "#3"},
				"south": {"uv": [2, 1, 2.5, 2], "texture": "#3"},
				"west": {"uv": [2, 2, 2.5, 3], "texture": "#3"},
				"up": {"uv": [2.5, 4.5, 2, 4], "rotation": 90, "texture": "#3"},
				"down": {"uv": [4.5, 2, 4, 2.5], "rotation": 270, "texture": "#3"}
			}
		},
		{
			"from": [8, 4.6, 8],
			"to": [8.5, 5.1, 8.5],
			"rotation": {"angle": -22.5, "axis": "x", "origin": [8, 4.5, 8]},
			"faces": {
				"north": {"uv": [3, 3, 3.5, 3.5], "texture": "#3"},
				"east": {"uv": [3, 1, 3.5, 1.5], "texture": "#3"},
				"south": {"uv": [2, 3, 2.5, 3.5], "texture": "#3"},
				"west": {"uv": [3, 2, 3.5, 2.5], "texture": "#3"},
				"up": {"uv": [4.5, 0.5, 4, 0], "rotation": 90, "texture": "#3"},
				"down": {"uv": [4.5, 1, 4, 1.5], "rotation": 270, "texture": "#3"}
			}
		},
		{
			"from": [8, 6.1, 8.5],
			"to": [8.5, 6.6, 8.5],
			"rotation": {"angle": -22.5, "axis": "x", "origin": [8, 6.5, 8]},
			"faces": {
				"north": {"uv": [3, 3, 3.5, 3.5], "texture": "#3"},
				"east": {"uv": [3, 1, 3.5, 1.5], "texture": "#3"},
				"south": {"uv": [2, 3, 2.5, 3.5], "texture": "#3"},
				"west": {"uv": [3, 2, 3.5, 2.5], "texture": "#3"},
				"up": {"uv": [4.5, 0.5, 4, 0], "rotation": 90, "texture": "#3"},
				"down": {"uv": [4.5, 1, 4, 1.5], "rotation": 270, "texture": "#3"}
			}
		},
		{
			"from": [8, 7.1, 8],
			"to": [8.5, 8.1, 8.5],
			"rotation": {"angle": -22.5, "axis": "x", "origin": [8, 6.5, 8]},
			"faces": {
				"north": {"uv": [3, 0, 3.5, 1], "texture": "#3"},
				"east": {"uv": [2, 0, 2.5, 1], "texture": "#3"},
				"south": {"uv": [2, 1, 2.5, 2], "texture": "#3"},
				"west": {"uv": [2, 2, 2.5, 3], "texture": "#3"},
				"up": {"uv": [2.5, 4.5, 2, 4], "rotation": 90, "texture": "#3"},
				"down": {"uv": [4.5, 2, 4, 2.5], "rotation": 270, "texture": "#3"}
			}
		},
		{
			"from": [8, 6.6, 8],
			"to": [8.5, 7.1, 8.5],
			"rotation": {"angle": -22.5, "axis": "x", "origin": [8, 6.5, 8]},
			"faces": {
				"north": {"uv": [3, 3, 3.5, 3.5], "texture": "#3"},
				"east": {"uv": [3, 1, 3.5, 1.5], "texture": "#3"},
				"south": {"uv": [2, 3, 2.5, 3.5], "texture": "#3"},
				"west": {"uv": [3, 2, 3.5, 2.5], "texture": "#3"},
				"up": {"uv": [4.5, 0.5, 4, 0], "rotation": 90, "texture": "#3"},
				"down": {"uv": [4.5, 1, 4, 1.5], "rotation": 270, "texture": "#3"}
			}
		},
		{
			"from": [8, 9.1, 8],
			"to": [8.5, 10.1, 8.5],
			"rotation": {"angle": -22.5, "axis": "x", "origin": [8, 8.5, 8]},
			"faces": {
				"north": {"uv": [3, 0, 3.5, 1], "texture": "#3"},
				"east": {"uv": [2, 0, 2.5, 1], "texture": "#3"},
				"south": {"uv": [2, 1, 2.5, 2], "texture": "#3"},
				"west": {"uv": [2, 2, 2.5, 3], "texture": "#3"},
				"up": {"uv": [2.5, 4.5, 2, 4], "rotation": 90, "texture": "#3"},
				"down": {"uv": [4.5, 2, 4, 2.5], "rotation": 270, "texture": "#3"}
			}
		},
		{
			"from": [8, 8.1, 8.5],
			"to": [8.5, 8.6, 8.5],
			"rotation": {"angle": -22.5, "axis": "x", "origin": [8, 8.5, 8]},
			"faces": {
				"north": {"uv": [3, 3, 3.5, 3.5], "texture": "#3"},
				"east": {"uv": [3, 1, 3.5, 1.5], "texture": "#3"},
				"south": {"uv": [2, 3, 2.5, 3.5], "texture": "#3"},
				"west": {"uv": [3, 2, 3.5, 2.5], "texture": "#3"},
				"up": {"uv": [4.5, 0.5, 4, 0], "rotation": 90, "texture": "#3"},
				"down": {"uv": [4.5, 1, 4, 1.5], "rotation": 270, "texture": "#3"}
			}
		},
		{
			"from": [8, 8.6, 8],
			"to": [8.5, 9.1, 8.5],
			"rotation": {"angle": -22.5, "axis": "x", "origin": [8, 8.5, 8]},
			"faces": {
				"north": {"uv": [3, 3, 3.5, 3.5], "texture": "#3"},
				"east": {"uv": [3, 1, 3.5, 1.5], "texture": "#3"},
				"south": {"uv": [2, 3, 2.5, 3.5], "texture": "#3"},
				"west": {"uv": [3, 2, 3.5, 2.5], "texture": "#3"},
				"up": {"uv": [4.5, 0.5, 4, 0], "rotation": 90, "texture": "#3"},
				"down": {"uv": [4.5, 1, 4, 1.5], "rotation": 270, "texture": "#3"}
			}
		},
		{
			"from": [8.5, 5.6, 8.5],
			"to": [9, 6.6, 9],
			"rotation": {"angle": -22.5, "axis": "z", "origin": [8.5, 5, 9]},
			"faces": {
				"north": {"uv": [2.5, 0, 2, 1], "texture": "#3"},
				"east": {"uv": [3.5, 0, 3, 1], "texture": "#3"},
				"south": {"uv": [2.5, 2, 2, 3], "texture": "#3"},
				"west": {"uv": [2.5, 1, 2, 2], "texture": "#3"},
				"up": {"uv": [2, 4.5, 2.5, 4], "texture": "#3"},
				"down": {"uv": [4, 2, 4.5, 2.5], "texture": "#3"}
			}
		},
		{
			"from": [8.5, 5.1, 8.5],
			"to": [9, 5.6, 9],
			"rotation": {"angle": -22.5, "axis": "z", "origin": [8.5, 5, 9]},
			"faces": {
				"north": {"uv": [3.5, 1, 3, 1.5], "texture": "#3"},
				"east": {"uv": [3.5, 3, 3, 3.5], "texture": "#3"},
				"south": {"uv": [3.5, 2, 3, 2.5], "texture": "#3"},
				"west": {"uv": [2.5, 3, 2, 3.5], "texture": "#3"},
				"up": {"uv": [4, 0.5, 4.5, 0], "texture": "#3"},
				"down": {"uv": [4, 1, 4.5, 1.5], "texture": "#3"}
			}
		},
		{
			"from": [8, 1, 8.5],
			"to": [8, 10, 9],
			"rotation": {"angle": -45, "axis": "y", "origin": [8, -3.5, 9]},
			"faces": {
				"north": {"uv": [3, 1.5, 3, 10.5], "texture": "#3"},
				"east": {"uv": [3, 1.5, 3.5, 10.5], "texture": "#3"},
				"south": {"uv": [3, 1.5, 3, 10.5], "texture": "#3"},
				"west": {"uv": [10.5, 2, 11, 11], "texture": "#3"},
				"up": {"uv": [3, 2, 3, 1.5], "texture": "#3"},
				"down": {"uv": [3, 1.5, 3, 2], "texture": "#3"}
			}
		}
	],
	"display": {
		"thirdperson_righthand": {
			"rotation": [13, 0, 0],
			"translation": [0, 3.25, 0],
			"scale": [0.84, 0.84, 0.84]
		},
		"thirdperson_lefthand": {
			"rotation": [13, 0, 0],
			"translation": [0, 3.25, 0],
			"scale": [0.84, 0.84, 0.84]
		},
		"firstperson_righthand": {
			"rotation": [13, 0, 0],
			"translation": [2.75, 8, 0],
			"scale": [1.19, 1.19, 1.19]
		},
		"firstperson_lefthand": {
			"rotation": [13, 0, 0],
			"translation": [2.75, 8, 0],
			"scale": [1.19, 1.19, 1.19]
		},
		"ground": {
			"rotation": [-90, -11, 0],
			"translation": [0, -2.25, 0],
			"scale": [1.12, 1.12, 1.12]
		},
		"gui": {
			"rotation": [29, -21, 1],
			"translation": [0, 5, 0],
			"scale": [1.98, 1.98, 1.98]
		},
		"head": {
			"translation": [0.25, 19.75, 0],
			"scale": [2.01, 2.01, 2.01]
		},
		"fixed": {
			"translation": [0, 3.75, -3.25],
			"scale": [1.96, 1.96, 1.96]
		}
	},
	"groups": [
		{
			"name": "onion",
			"origin": [8, 8, 8],
			"children": [0, 1, 2, 3, 4, 5, 6, 7, 8, 9, 10, 11, 12, 13, 14, 15, 16, 17, 18, 19, 20, 21, 22, 23, 24, 25, 26, 27, 28, 29, 30, 31, 32, 33, 34, 35]
		}, 36]
}