{
	"textures": {
		"0": "block/redstone_block",
		"1": "block/attached_melon_stem",
		"2": "block/better_lilypad_flower_0",
		"particle": "block/redstone_block"
	},
	"elements": [
		{
			"from": [5, -9, 4],
			"to": [12, -7, 11],
			"rotation": {"angle": 0, "axis": "y", "origin": [8, -8, 8]},
			"faces": {
				"north": {"uv": [6, 5.5, 10.5, 10], "texture": "#0"},
				"east": {"uv": [6, 5.5, 10.5, 10], "texture": "#0"},
				"south": {"uv": [6, 5.5, 10.5, 10], "texture": "#0"},
				"west": {"uv": [6, 5.5, 10.5, 10], "texture": "#0"},
				"up": {"uv": [6, 5.5, 10.5, 10], "texture": "#0"},
				"down": {"uv": [6, 5.5, 10.5, 10], "texture": "#0"}
			}
		},
		{
			"from": [4, -7, 3],
			"to": [13, 1, 12],
			"rotation": {"angle": 0, "axis": "y", "origin": [8, -8, 8]},
			"faces": {
				"north": {"uv": [6, 5.5, 10.5, 10], "texture": "#0"},
				"east": {"uv": [6, 5.5, 10.5, 10], "texture": "#0"},
				"south": {"uv": [6, 5.5, 10.5, 10], "texture": "#0"},
				"west": {"uv": [6, 5.5, 10.5, 10], "texture": "#0"},
				"up": {"uv": [6, 5.5, 10.5, 10], "texture": "#0"},
				"down": {"uv": [6, 5.5, 10.5, 10], "texture": "#0"}
			}
		},
		{
			"from": [4, 1, 3],
			"to": [13, 2, 12],
			"rotation": {"angle": 0, "axis": "y", "origin": [8, -8, 8]},
			"faces": {
				"north": {"uv": [6, 5.5, 10.5, 10], "texture": "#0"},
				"east": {"uv": [6, 5.5, 10.5, 10], "texture": "#0"},
				"south": {"uv": [6, 5.5, 10.5, 10], "texture": "#0"},
				"west": {"uv": [6, 5.5, 10.5, 10], "texture": "#0"},
				"up": {"uv": [6, 5.5, 10.5, 10], "texture": "#0"},
				"down": {"uv": [6, 5.5, 10.5, 10], "texture": "#0"}
			}
		},
		{
			"from": [5, 2, 4],
			"to": [12, 3, 11],
			"rotation": {"angle": 0, "axis": "y", "origin": [8, -8, 8]},
			"faces": {
				"north": {"uv": [6, 5.5, 10.5, 10], "texture": "#0"},
				"east": {"uv": [6, 5.5, 10.5, 10], "texture": "#0"},
				"south": {"uv": [6, 5.5, 10.5, 10], "texture": "#0"},
				"west": {"uv": [6, 5.5, 10.5, 10], "texture": "#0"},
				"up": {"uv": [6, 5.5, 10.5, 10], "texture": "#0"},
				"down": {"uv": [6, 5.5, 10.5, 10], "texture": "#0"}
			}
		},
		{
			"from": [3, -6, 4],
			"to": [4, 1, 11],
			"rotation": {"angle": 0, "axis": "y", "origin": [8, -8, 8]},
			"faces": {
				"north": {"uv": [6, 5.5, 10.5, 10], "texture": "#0"},
				"east": {"uv": [6, 5.5, 10.5, 10], "texture": "#0"},
				"south": {"uv": [6, 5.5, 10.5, 10], "texture": "#0"},
				"west": {"uv": [6, 5.5, 10.5, 10], "texture": "#0"},
				"up": {"uv": [6, 5.5, 10.5, 10], "texture": "#0"},
				"down": {"uv": [6, 5.5, 10.5, 10], "texture": "#0"}
			}
		},
		{
			"from": [13, -6, 4],
			"to": [14, 1, 11],
			"rotation": {"angle": 0, "axis": "y", "origin": [8, -8, 8]},
			"faces": {
				"north": {"uv": [6, 5.5, 10.5, 10], "texture": "#0"},
				"east": {"uv": [6, 5.5, 10.5, 10], "texture": "#0"},
				"south": {"uv": [6, 5.5, 10.5, 10], "texture": "#0"},
				"west": {"uv": [6, 5.5, 10.5, 10], "texture": "#0"},
				"up": {"uv": [6, 5.5, 10.5, 10], "texture": "#0"},
				"down": {"uv": [6, 5.5, 10.5, 10], "texture": "#0"}
			}
		},
		{
			"from": [5, -6, 2],
			"to": [12, 1, 3],
			"rotation": {"angle": 0, "axis": "y", "origin": [8, -8, 8]},
			"faces": {
				"north": {"uv": [6, 5.5, 10.5, 10], "rotation": 90, "texture": "#0"},
				"east": {"uv": [6, 5.5, 10.5, 10], "rotation": 90, "texture": "#0"},
				"south": {"uv": [6, 5.5, 10.5, 10], "rotation": 90, "texture": "#0"},
				"west": {"uv": [6, 5.5, 10.5, 10], "rotation": 90, "texture": "#0"},
				"up": {"uv": [6, 5.5, 10.5, 10], "rotation": 90, "texture": "#0"},
				"down": {"uv": [6, 5.5, 10.5, 10], "rotation": 90, "texture": "#0"}
			}
		},
		{
			"from": [5, -6, 12],
			"to": [12, 1, 13],
			"rotation": {"angle": 0, "axis": "y", "origin": [8, -8, 8]},
			"faces": {
				"north": {"uv": [6, 5.5, 10.5, 10], "rotation": 90, "texture": "#0"},
				"east": {"uv": [6, 5.5, 10.5, 10], "rotation": 90, "texture": "#0"},
				"south": {"uv": [6, 5.5, 10.5, 10], "rotation": 90, "texture": "#0"},
				"west": {"uv": [6, 5.5, 10.5, 10], "rotation": 90, "texture": "#0"},
				"up": {"uv": [6, 5.5, 10.5, 10], "rotation": 90, "texture": "#0"},
				"down": {"uv": [6, 5.5, 10.5, 10], "rotation": 90, "texture": "#0"}
			}
		},
		{
			"from": [8, -14, 7],
			"to": [9, -13, 8],
			"rotation": {"angle": 0, "axis": "y", "origin": [8, -6, 8]},
			"faces": {
				"north": {"uv": [6, 5.5, 10.5, 10], "texture": "#0"},
				"east": {"uv": [6, 5.5, 10.5, 10], "texture": "#0"},
				"south": {"uv": [6, 5.5, 10.5, 10], "texture": "#0"},
				"west": {"uv": [6, 5.5, 10.5, 10], "texture": "#0"},
				"up": {"uv": [6, 5.5, 10.5, 10], "texture": "#0"},
				"down": {"uv": [6, 5.5, 10.5, 10], "texture": "#0"}
			}
		},
		{
			"from": [7, -13, 6],
			"to": [10, -11, 9],
			"rotation": {"angle": 0, "axis": "y", "origin": [8, -6, 8]},
			"faces": {
				"north": {"uv": [6, 5.5, 10.5, 10], "texture": "#0"},
				"east": {"uv": [6, 5.5, 10.5, 10], "texture": "#0"},
				"south": {"uv": [6, 5.5, 10.5, 10], "texture": "#0"},
				"west": {"uv": [6, 5.5, 10.5, 10], "texture": "#0"},
				"up": {"uv": [6, 5.5, 10.5, 10], "texture": "#0"},
				"down": {"uv": [6, 5.5, 10.5, 10], "texture": "#0"}
			}
		},
		{
			"from": [6, -11, 5],
			"to": [11, -9, 10],
			"rotation": {"angle": 0, "axis": "y", "origin": [8, -7, 8]},
			"faces": {
				"north": {"uv": [6, 5.5, 10.5, 10], "texture": "#0"},
				"east": {"uv": [6, 5.5, 10.5, 10], "texture": "#0"},
				"south": {"uv": [6, 5.5, 10.5, 10], "texture": "#0"},
				"west": {"uv": [6, 5.5, 10.5, 10], "texture": "#0"},
				"up": {"uv": [6, 5.5, 10.5, 10], "texture": "#0"},
				"down": {"uv": [6, 5.5, 10.5, 10], "texture": "#0"}
			}
		},
		{
			"from": [8, 3.25, 1],
			"to": [15, 3.25, 8],
			"rotation": {"angle": 0, "axis": "y", "origin": [8, -7.75, 8]},
			"faces": {
				"up": {"uv": [0, 0, 16, 16], "texture": "#1"},
				"down": {"uv": [0, 0, 16, 16], "rotation": 90, "texture": "#1"}
			}
		},
		{
			"from": [1, 3.25, 1],
			"to": [8, 3.25, 8],
			"rotation": {"angle": 0, "axis": "y", "origin": [8, -7.75, 8]},
			"faces": {
				"up": {"uv": [0, 0, 16, 16], "rotation": 270, "texture": "#1"},
				"down": {"uv": [0, 0, 16, 16], "rotation": 180, "texture": "#1"}
			}
		},
		{
			"from": [1, 3.25, 8],
			"to": [8, 3.25, 15],
			"rotation": {"angle": 0, "axis": "y", "origin": [8, -7.75, 8]},
			"faces": {
				"up": {"uv": [0, 0, 16, 16], "rotation": 180, "texture": "#1"},
				"down": {"uv": [0, 0, 16, 16], "rotation": 270, "texture": "#1"}
			}
		},
		{
			"from": [8, 3.25, 8],
			"to": [15, 3.25, 15],
			"rotation": {"angle": 0, "axis": "y", "origin": [8, -7.75, 8]},
			"faces": {
				"up": {"uv": [0, 0, 16, 16], "rotation": 90, "texture": "#1"},
				"down": {"uv": [0, 0, 16, 16], "texture": "#1"}
			}
		},
		{
			"from": [7, 2.1, 6],
			"to": [10, 3.1, 9],
			"rotation": {"angle": 0, "axis": "y", "origin": [8, -8, 8]},
			"faces": {
				"up": {"uv": [5, 10, 11, 16], "texture": "#2"}
			}
		},
		{
			"from": [10, -1, 12],
			"to": [11, 0, 13.1],
			"rotation": {"angle": 0, "axis": "y", "origin": [8, -8, 8]},
			"faces": {
				"south": {"uv": [5, 10, 11, 16], "texture": "#2"}
			}
		},
		{
			"from": [7, -6, 12],
			"to": [8, -5, 13.1],
			"rotation": {"angle": 0, "axis": "y", "origin": [8, -8, 8]},
			"faces": {
				"south": {"uv": [5, 10, 11, 16], "texture": "#2"}
			}
		},
		{
			"from": [6, -3, 12],
			"to": [7, -2, 13.1],
			"rotation": {"angle": 0, "axis": "y", "origin": [8, -8, 8]},
			"faces": {
				"south": {"uv": [5, 10, 11, 16], "texture": "#2"}
			}
		},
		{
			"from": [10, -4, 12],
			"to": [11, -3, 13.1],
			"rotation": {"angle": 0, "axis": "y", "origin": [8, -8, 8]},
			"faces": {
				"south": {"uv": [5, 10, 11, 16], "texture": "#2"}
			}
		},
		{
			"from": [2.9, -4, 9],
			"to": [4, -3, 10],
			"rotation": {"angle": 0, "axis": "y", "origin": [8, -8, 7]},
			"faces": {
				"west": {"uv": [5, 10, 11, 16], "texture": "#2"}
			}
		},
		{
			"from": [2.9, -3, 5],
			"to": [4, -2, 6],
			"rotation": {"angle": 0, "axis": "y", "origin": [8, -8, 7]},
			"faces": {
				"west": {"uv": [5, 10, 11, 16], "texture": "#2"}
			}
		},
		{
			"from": [2.9, -6, 6],
			"to": [4, -5, 7],
			"rotation": {"angle": 0, "axis": "y", "origin": [8, -8, 7]},
			"faces": {
				"west": {"uv": [5, 10, 11, 16], "texture": "#2"}
			}
		},
		{
			"from": [2.9, -1, 9],
			"to": [4, 0, 10],
			"rotation": {"angle": 0, "axis": "y", "origin": [8, -8, 7]},
			"faces": {
				"west": {"uv": [5, 10, 11, 16], "texture": "#2"}
			}
		},
		{
			"from": [10, -4, 1.9],
			"to": [11, -3, 3],
			"rotation": {"angle": 0, "axis": "y", "origin": [8, -8, 7]},
			"faces": {
				"north": {"uv": [11, 10, 5, 16], "texture": "#2"}
			}
		},
		{
			"from": [6, -3, 1.9],
			"to": [7, -2, 3],
			"rotation": {"angle": 0, "axis": "y", "origin": [8, -8, 7]},
			"faces": {
				"north": {"uv": [11, 10, 5, 16], "texture": "#2"}
			}
		},
		{
			"from": [7, -6, 1.9],
			"to": [8, -5, 3],
			"rotation": {"angle": 0, "axis": "y", "origin": [8, -8, 7]},
			"faces": {
				"north": {"uv": [11, 10, 5, 16], "texture": "#2"}
			}
		},
		{
			"from": [10, -1, 1.9],
			"to": [11, 0, 3],
			"rotation": {"angle": 0, "axis": "y", "origin": [8, -8, 7]},
			"faces": {
				"north": {"uv": [11, 10, 5, 16], "texture": "#2"}
			}
		},
		{
			"from": [13, -4, 9],
			"to": [14.1, -3, 10],
			"rotation": {"angle": 0, "axis": "y", "origin": [9, -8, 7]},
			"faces": {
				"east": {"uv": [11, 10, 5, 16], "texture": "#2"}
			}
		},
		{
			"from": [13, -3, 5],
			"to": [14.1, -2, 6],
			"rotation": {"angle": 0, "axis": "y", "origin": [9, -8, 7]},
			"faces": {
				"east": {"uv": [11, 10, 5, 16], "texture": "#2"}
			}
		},
		{
			"from": [13, -6, 6],
			"to": [14.1, -5, 7],
			"rotation": {"angle": 0, "axis": "y", "origin": [9, -8, 7]},
			"faces": {
				"east": {"uv": [11, 10, 5, 16], "texture": "#2"}
			}
		},
		{
			"from": [13, -1, 9],
			"to": [14.1, 0, 10],
			"rotation": {"angle": 0, "axis": "y", "origin": [9, -8, 7]},
			"faces": {
				"east": {"uv": [11, 10, 5, 16], "texture": "#2"}
			}
		}
	],
	"display": {
		"thirdperson_righthand": {
			"rotation": [13, 0, 0],
			"translation": [0, -0.75, 0],
			"scale": [0.1, 0.1, 0.1]
		},
		"thirdperson_lefthand": {
			"rotation": [13, 0, 0],
			"translation": [0, -0.75, 0],
			"scale": [0.1, 0.1, 0.1]
		},
		"firstperson_righthand": {
			"rotation": [13, 0, 0],
			"translation": [2.75, 1.75, 0],
			"scale": [0.1, 0.1, 0.1]
		},
		"firstperson_lefthand": {
			"rotation": [13, 0, 0],
			"translation": [2.75, 1.75, 0],
			"scale": [0.1, 0.1, 0.1]
		},
		"ground": {
			"scale": [0.1, 0.1, 0.1]
		},
		"gui": {
			"rotation": [29, -21, 1],
			"translation": [0, 7.75, 0],
			"scale": [0.7, 0.7, 0.7]
		},
		"head": {
			"rotation": [13, 0, 0],
			"translation": [2.75, 1.75, 0],
			"scale": [0.1, 0.1, 0.1]
		},
		"fixed": {
			"scale": [0.1, 0.1, 0.1]
		}
	},
	"groups": [
		{
			"name": "Berry",
			"origin": [8, 8, 8],
			"children": [0, 1, 2, 3, 4, 5, 6, 7, 8, 9, 10]
		},
		{
			"name": "Stem",
			"origin": [8, -8, 8],
			"children": [11, 12, 13, 14, 15]
		},
		{
			"name": "Seeds",
			"origin": [8, 8, 8],
			"children": [16, 17, 18, 19, 20, 21, 22, 23, 24, 25, 26, 27, 28, 29, 30, 31]
		}
	]
}