{
	"credit": "Made with Blockbench",
	"textures": {
		"0": "block/carrots_crop4-2",
		"1": "block/red_wool",
		"2": "block/green_concrete_powder",
		"particle": "block/carrots_crop4-2"
	},
	"elements": [
		{
			"from": [7, 1.1, 5.6],
			"to": [10.5, 4, 9.3],
			"faces": {
				"north": {"uv": [11, 10.5, 13, 11.9], "texture": "#1"},
				"east": {"uv": [11, 10.5, 13.2, 11.9], "texture": "#1"},
				"south": {"uv": [11, 10.5, 13, 11.9], "texture": "#1"},
				"west": {"uv": [11, 10.5, 13.2, 11.9], "texture": "#1"},
				"up": {"uv": [11, 10.5, 13, 12.7], "texture": "#1"},
				"down": {"uv": [11, 10.5, 13, 12.7], "texture": "#1"}
			}
		},
		{
			"from": [8.1, 1.7, 7.6],
			"to": [9.4, 5.6, 7.7],
			"faces": {
				"north": {"uv": [6, 7, 13, 15.5], "texture": "#0"},
				"east": {"uv": [6, 7, 12, 15.5], "texture": "#0"},
				"south": {"uv": [6, 7, 13, 15.5], "texture": "#0"},
				"west": {"uv": [6, 7, 12, 15.5], "texture": "#0"},
				"up": {"uv": [0, 0, 1, 0], "texture": "#0"},
				"down": {"uv": [0, 0, 1, 0], "texture": "#0"}
			}
		},
		{
			"from": [8.6, 1.3, 7.2],
			"to": [8.9, 5.6, 8],
			"faces": {
				"north": {"uv": [6, 7, 12, 15.5], "texture": "#0"},
				"east": {"uv": [6, 7, 12.8, 15.5], "texture": "#0"},
				"south": {"uv": [6, 7, 12, 15.5], "texture": "#0"},
				"west": {"uv": [6, 7, 12.8, 15.5], "texture": "#0"},
				"up": {"uv": [0, 0, 0, 0.8], "texture": "#0"},
				"down": {"uv": [0, 0, 0, 0.8], "texture": "#0"}
			}
		},
		{
			"from": [8.75, -3.9, 7],
			"to": [8.8, -2.7, 8.1],
			"rotation": {"angle": 45, "axis": "z", "origin": [0, 0, 0]},
			"faces": {
				"north": {"uv": [6, 7, 6, 9], "texture": "#2"},
				"east": {"uv": [6, 7, 6.8, 9], "texture": "#2"},
				"south": {"uv": [6, 7, 6, 9], "texture": "#2"},
				"west": {"uv": [6, 7, 6.8, 9], "texture": "#2"},
				"up": {"uv": [0, 0, 0, 1.5], "texture": "#2"},
				"down": {"uv": [0, 0, 0, 1.5], "texture": "#2"}
			}
		},
		{
			"from": [8.4, 0.1, 8.05],
			"to": [9.1, 1.3, 8.1],
			"rotation": {"angle": -22.5, "axis": "x", "origin": [0, 0, 0]},
			"faces": {
				"north": {"uv": [6, 7, 6.8, 9], "texture": "#2"},
				"east": {"uv": [6, 7, 6, 9], "texture": "#2"},
				"south": {"uv": [6, 7, 6.8, 9], "texture": "#2"},
				"west": {"uv": [6, 7, 6, 9], "texture": "#2"},
				"up": {"uv": [0, 0, 0, 1.5], "rotation": 90, "texture": "#2"},
				"down": {"uv": [0, 0, 0, 1.5], "rotation": 270, "texture": "#2"}
			}
		},
		{
			"from": [8.4, 7.7, 2.75],
			"to": [9.1, 8.9, 2.8],
			"rotation": {"angle": 45, "axis": "x", "origin": [0, 0, 0]},
			"faces": {
				"north": {"uv": [6, 7, 6.8, 9], "texture": "#2"},
				"east": {"uv": [6, 7, 6, 9], "texture": "#2"},
				"south": {"uv": [6, 7, 6.8, 9], "texture": "#2"},
				"west": {"uv": [6, 7, 6, 9], "texture": "#2"},
				"up": {"uv": [0, 0, 0, 1.5], "rotation": 90, "texture": "#2"},
				"down": {"uv": [0, 0, 0, 1.5], "rotation": 270, "texture": "#2"}
			}
		},
		{
			"from": [6.95, 6.5, 7.1],
			"to": [7, 7.7, 8],
			"rotation": {"angle": -22.5, "axis": "z", "origin": [0, 0, 0]},
			"faces": {
				"north": {"uv": [6, 7, 6, 9], "texture": "#2"},
				"east": {"uv": [6, 7, 6.8, 9], "texture": "#2"},
				"south": {"uv": [6, 7, 6, 9], "texture": "#2"},
				"west": {"uv": [6, 7, 6.8, 9], "texture": "#2"},
				"up": {"uv": [0, 0, 0, 1.5], "texture": "#2"},
				"down": {"uv": [0, 0, 0, 1.5], "texture": "#2"}
			}
		},
		{
			"from": [7.9, 3.7, 7.4],
			"to": [9.7, 4.3, 8],
			"faces": {
				"north": {"uv": [6, 7, 13, 15.5], "texture": "#0"},
				"east": {"uv": [6, 7, 12, 15.5], "texture": "#0"},
				"south": {"uv": [6, 7, 13, 15.5], "texture": "#0"},
				"west": {"uv": [6, 7, 12, 15.5], "texture": "#0"},
				"up": {"uv": [0, 0, 1, 0], "texture": "#0"},
				"down": {"uv": [0, 0, 1, 0], "texture": "#0"}
			}
		},
		{
			"from": [8.4, 3.7, 7],
			"to": [9.2, 4.3, 8.4],
			"faces": {
				"north": {"uv": [6, 7, 12, 15.5], "texture": "#0"},
				"east": {"uv": [6, 7, 12.8, 15.5], "texture": "#0"},
				"south": {"uv": [6, 7, 12, 15.5], "texture": "#0"},
				"west": {"uv": [6, 7, 12.8, 15.5], "texture": "#0"},
				"up": {"uv": [0, 0, 0, 0.8], "texture": "#0"},
				"down": {"uv": [0, 0, 0, 0.8], "texture": "#0"}
			}
		},
		{
			"from": [9.65, 1.3, 6.2],
			"to": [10.35, 4.1, 8.8],
			"faces": {
				"north": {"uv": [11, 10.5, 11.5, 11.8], "texture": "#1"},
				"east": {"uv": [11, 10.5, 13, 11.8], "texture": "#1"},
				"south": {"uv": [11, 10.5, 11.5, 11.8], "texture": "#1"},
				"west": {"uv": [11, 10.5, 13, 11.8], "texture": "#1"},
				"up": {"uv": [11, 10.5, 11.5, 12.5], "texture": "#1"},
				"down": {"uv": [11, 10.5, 11.5, 12.5], "texture": "#1"}
			}
		},
		{
			"from": [7.65, 1, 5.8],
			"to": [9.65, 4.1, 6.4],
			"faces": {
				"north": {"uv": [11, 10.5, 11.5, 12.1], "texture": "#1"},
				"east": {"uv": [11, 10.5, 11.5, 12.1], "texture": "#1"},
				"south": {"uv": [11, 10.5, 11.5, 12.1], "texture": "#1"},
				"west": {"uv": [11, 10.5, 11.5, 12.1], "texture": "#1"},
				"up": {"uv": [11, 10.5, 11.5, 10.5], "texture": "#1"},
				"down": {"uv": [11, 10.5, 11.5, 10.5], "texture": "#1"}
			}
		},
		{
			"from": [7.05, 1, 6.4],
			"to": [10.25, 1.1, 8.5],
			"faces": {
				"north": {"uv": [11, 10.5, 12.7, 10.5], "texture": "#1"},
				"east": {"uv": [11, 10.5, 11.6, 10.5], "texture": "#1"},
				"south": {"uv": [11, 10.5, 12.7, 10.5], "texture": "#1"},
				"west": {"uv": [11, 10.5, 11.6, 10.5], "texture": "#1"},
				"up": {"uv": [11, 10.5, 12.7, 11.1], "texture": "#1"},
				"down": {"uv": [11, 10.5, 12.7, 11.1], "texture": "#1"}
			}
		},
		{
			"from": [7.65, 1, 8.5],
			"to": [9.65, 4.1, 9],
			"faces": {
				"north": {"uv": [11, 10.5, 11.5, 12.1], "texture": "#1"},
				"east": {"uv": [11, 10.5, 11.5, 12.1], "texture": "#1"},
				"south": {"uv": [11, 10.5, 11.5, 12.1], "texture": "#1"},
				"west": {"uv": [11, 10.5, 11.5, 12.1], "texture": "#1"},
				"up": {"uv": [11, 10.5, 11.5, 10.5], "texture": "#1"},
				"down": {"uv": [11, 10.5, 11.5, 10.5], "texture": "#1"}
			}
		},
		{
			"from": [7.85, 1.1, 8.4],
			"to": [9.65, 4.1, 8.5],
			"faces": {
				"north": {"uv": [11, 10.5, 11.5, 12], "texture": "#1"},
				"east": {"uv": [11, 10.5, 11.5, 12], "texture": "#1"},
				"south": {"uv": [11, 10.5, 11.5, 12], "texture": "#1"},
				"west": {"uv": [11, 10.5, 11.5, 12], "texture": "#1"},
				"up": {"uv": [11, 10.5, 11.5, 10.5], "texture": "#1"},
				"down": {"uv": [11, 10.5, 11.5, 10.5], "texture": "#1"}
			}
		},
		{
			"from": [7.95, 1.1, 6.4],
			"to": [9.65, 4.1, 6.5],
			"faces": {
				"north": {"uv": [11, 10.5, 11.5, 12], "texture": "#1"},
				"east": {"uv": [11, 10.5, 11.5, 12], "texture": "#1"},
				"south": {"uv": [11, 10.5, 11.5, 12], "texture": "#1"},
				"west": {"uv": [11, 10.5, 11.5, 12], "texture": "#1"},
				"up": {"uv": [11, 10.5, 11.5, 10.5], "texture": "#1"},
				"down": {"uv": [11, 10.5, 11.5, 10.5], "texture": "#1"}
			}
		},
		{
			"from": [7.35, 1.1, 6.4],
			"to": [7.85, 4.1, 8.5],
			"faces": {
				"north": {"uv": [11, 10.5, 11.5, 12], "texture": "#1"},
				"east": {"uv": [11, 10.5, 11.5, 12], "texture": "#1"},
				"south": {"uv": [11, 10.5, 11.5, 12], "texture": "#1"},
				"west": {"uv": [11, 10.5, 11.5, 12], "texture": "#1"},
				"up": {"uv": [11, 10.5, 11.5, 10.7], "texture": "#1"},
				"down": {"uv": [11, 10.5, 11.5, 10.7], "texture": "#1"}
			}
		},
		{
			"from": [9.25, 1.6, 6.5],
			"to": [9.65, 4.1, 8.4],
			"faces": {
				"north": {"uv": [11, 10.5, 11.5, 11.5], "texture": "#1"},
				"east": {"uv": [11, 10.5, 11.5, 11.5], "texture": "#1"},
				"south": {"uv": [11, 10.5, 11.5, 11.5], "texture": "#1"},
				"west": {"uv": [11, 10.5, 11.5, 11.5], "texture": "#1"},
				"up": {"uv": [11, 10.5, 11.5, 10.7], "texture": "#1"},
				"down": {"uv": [11, 10.5, 11.5, 10.7], "texture": "#1"}
			}
		},
		{
			"from": [6.9, 1.3, 5.7],
			"to": [10.6, 3.9, 9.2],
			"faces": {
				"north": {"uv": [11, 10.5, 13.2, 11.6], "texture": "#1"},
				"east": {"uv": [11, 10.5, 13, 11.6], "texture": "#1"},
				"south": {"uv": [11, 10.5, 13.2, 11.6], "texture": "#1"},
				"west": {"uv": [11, 10.5, 13, 11.6], "texture": "#1"},
				"up": {"uv": [11, 10.5, 13.2, 12.5], "texture": "#1"},
				"down": {"uv": [11, 10.5, 13.2, 12.5], "texture": "#1"}
			}
		},
		{
			"from": [6.8, 1.3, 5.8],
			"to": [10.7, 3.8, 9.1],
			"faces": {
				"north": {"uv": [11, 10.5, 13.4, 11.5], "texture": "#1"},
				"east": {"uv": [11, 10.5, 12.8, 11.5], "texture": "#1"},
				"south": {"uv": [11, 10.5, 13.4, 11.5], "texture": "#1"},
				"west": {"uv": [11, 10.5, 12.8, 11.5], "texture": "#1"},
				"up": {"uv": [11, 10.5, 13.4, 12.3], "texture": "#1"},
				"down": {"uv": [11, 10.5, 13.4, 12.3], "texture": "#1"}
			}
		},
		{
			"from": [6.7, 1.5, 5.9],
			"to": [10.8, 3.7, 9],
			"faces": {
				"north": {"uv": [11, 10.5, 13.6, 11.2], "texture": "#1"},
				"east": {"uv": [11, 10.5, 12.6, 11.2], "texture": "#1"},
				"south": {"uv": [11, 10.5, 13.6, 11.2], "texture": "#1"},
				"west": {"uv": [11, 10.5, 12.6, 11.2], "texture": "#1"},
				"up": {"uv": [11, 10.5, 13.6, 12.1], "texture": "#1"},
				"down": {"uv": [11, 10.5, 13.6, 12.1], "texture": "#1"}
			}
		},
		{
			"from": [7.1, 1.2, 5.5],
			"to": [10.4, 3.9, 9.4],
			"faces": {
				"north": {"uv": [11, 10.5, 12.8, 11.7], "texture": "#1"},
				"east": {"uv": [11, 10.5, 13.4, 11.7], "texture": "#1"},
				"south": {"uv": [11, 10.5, 12.8, 11.7], "texture": "#1"},
				"west": {"uv": [11, 10.5, 13.4, 11.7], "texture": "#1"},
				"up": {"uv": [11, 10.5, 12.8, 12.9], "texture": "#1"},
				"down": {"uv": [11, 10.5, 12.8, 12.9], "texture": "#1"}
			}
		},
		{
			"from": [7.2, 1.4, 5.4],
			"to": [10.3, 3.8, 9.5],
			"faces": {
				"north": {"uv": [11, 10.5, 12.6, 11.4], "texture": "#1"},
				"east": {"uv": [11, 10.5, 13.6, 11.4], "texture": "#1"},
				"south": {"uv": [11, 10.5, 12.6, 11.4], "texture": "#1"},
				"west": {"uv": [11, 10.5, 13.6, 11.4], "texture": "#1"},
				"up": {"uv": [11, 10.5, 12.6, 13.1], "texture": "#1"},
				"down": {"uv": [11, 10.5, 12.6, 13.1], "texture": "#1"}
			}
		},
		{
			"from": [7.2, 1.5, 5.3],
			"to": [10.2, 3.7, 9.6],
			"faces": {
				"north": {"uv": [11, 10.5, 12.5, 11.2], "texture": "#1"},
				"east": {"uv": [11, 10.5, 13.8, 11.2], "texture": "#1"},
				"south": {"uv": [11, 10.5, 12.5, 11.2], "texture": "#1"},
				"west": {"uv": [11, 10.5, 13.8, 11.2], "texture": "#1"},
				"up": {"uv": [11, 10.5, 12.5, 13.3], "texture": "#1"},
				"down": {"uv": [11, 10.5, 12.5, 13.3], "texture": "#1"}
			}
		}
	],
	"display": {
		"thirdperson_righthand": {
			"rotation": [74.82, 1.84, 0.72],
			"translation": [-0.25, 1.25, 3],
			"scale": [0.44531, 0.44531, 0.44531]
		},
		"thirdperson_lefthand": {
			"rotation": [74.82, 1.84, 0.72],
			"translation": [-0.25, 1.25, 3],
			"scale": [0.44531, 0.44531, 0.44531]
		},
		"firstperson_righthand": {
			"translation": [0, 7, 0.75],
			"scale": [0.99609, 0.99609, 0.99609]
		},
		"firstperson_lefthand": {
			"translation": [0, 8, 0.75],
			"scale": [0.99609, 0.99609, 0.99609]
		},
		"ground": {
			"translation": [-2, 4.25, 1.25],
			"scale": [0.98633, 0.98633, 0.98633]
		},
		"gui": {
			"rotation": [0, -9.75, -37],
			"translation": [5.25, 9.75, 0],
			"scale": [1.86133, 1.86133, 1.86133]
		},
		"head": {
			"rotation": [37.3, 39.67, -27.79],
			"translation": [-4.75, 11, -4.25],
			"scale": [0.99609, 0.99609, 0.99609]
		},
		"fixed": {
			"rotation": [-89, 0, 0],
			"translation": [-1.25, 0.75, -12.75],
			"scale": [2.03906, 2.03906, 2.03906]
		}
	}
}