{
"__comment": "Designed by CoolScreenName http://www.planetminecraft.com/member/coolscreenname/",
"textures": {
    "particle": "block/gold_block",
    "texture": "block/oak_log",
    "diamond_block": "block/gold_block",
    "cauldron_inner": "block/cauldron_inner"
},
"elements": [ 
{
    "__comment": "Pickaxe head",
    "from": [ 2.375, 1.5, 7.875 ],
    "to": [ 3, 1.625, 8.125 ],
    "faces": {
        "down":  { "uv": [ 13.625, 8.125, 13, 7.875 ], "texture": "#diamond_block" },
        "up":    { "uv": [ 2.375, 7.875, 3, 8.125 ], "texture": "#diamond_block" },
        "north": { "uv": [ 13, 14.375, 13.625, 14.5 ], "texture": "#diamond_block" },
        "south": { "uv": [ 2.375, 14.375, 3, 14.5 ], "texture": "#diamond_block" },
        "west":  { "uv": [ 7.875, 14.375, 8.125, 14.5 ], "texture": "#diamond_block" },
        "east":  { "uv": [ 7.875, 14.375, 8.125, 14.5 ], "texture": "#diamond_block" }
    }
},
{
    "__comment": "Pickaxe head",
    "from": [ 2.5, 1.375, 7.875 ],
    "to": [ 3.375, 1.5, 8.125 ],
    "faces": {
        "down":  { "uv": [ 13.5, 8.125, 12.625, 7.875 ], "texture": "#diamond_block" },
        "up":    { "uv": [ 2.5, 7.875, 3.375, 8.125 ], "texture": "#diamond_block" },
        "north": { "uv": [ 12.625, 14.5, 13.5, 14.625 ], "texture": "#diamond_block" },
        "south": { "uv": [ 2.5, 14.5, 3.375, 14.625 ], "texture": "#diamond_block" },
        "west":  { "uv": [ 7.875, 14.5, 8.125, 14.625 ], "texture": "#diamond_block" },
        "east":  { "uv": [ 7.875, 14.5, 8.125, 14.625 ], "texture": "#diamond_block" }
    }
},
{
    "__comment": "Pickaxe head",
    "from": [ 2.3, 1.625, 7.875 ],
    "to": [ 2.425, 1.75, 8.125 ],
    "faces": {
        "down":  { "uv": [ 13.7, 8.125, 13.575, 7.875 ], "texture": "#diamond_block" },
        "up":    { "uv": [ 2.3, 7.875, 2.425, 8.125 ], "texture": "#diamond_block" },
        "north": { "uv": [ 13.575, 14.25, 13.7, 14.375 ], "texture": "#diamond_block" },
        "south": { "uv": [ 2.3, 14.25, 2.425, 14.375 ], "texture": "#diamond_block" },
        "west":  { "uv": [ 7.875, 14.25, 8.125, 14.375 ], "texture": "#diamond_block" },
        "east":  { "uv": [ 7.875, 14.25, 8.125, 14.375 ], "texture": "#diamond_block" }
    }
},
{
    "__comment": "Pickaxe head",
    "from": [ 2.875, 1.25, 7.875 ],
    "to": [ 3.75, 1.375, 8.125 ],
    "faces": {
        "down":  { "uv": [ 13.125, 8.125, 12.25, 7.875 ], "texture": "#diamond_block" },
        "up":    { "uv": [ 2.875, 7.875, 3.75, 8.125 ], "texture": "#diamond_block" },
        "north": { "uv": [ 12.25, 14.625, 13.125, 14.75 ], "texture": "#diamond_block" },
        "south": { "uv": [ 2.875, 14.625, 3.75, 14.75 ], "texture": "#diamond_block" },
        "west":  { "uv": [ 7.875, 14.625, 8.125, 14.75 ], "texture": "#diamond_block" },
        "east":  { "uv": [ 7.875, 14.625, 8.125, 14.75 ], "texture": "#diamond_block" }
    }
},
{
    "__comment": "Pickaxe head",
    "from": [ 3.125, 1.125, 7.875 ],
    "to": [ 4.375, 1.25, 8.125 ],
    "faces": {
        "down":  { "uv": [ 12.875, 8.125, 11.625, 7.875 ], "texture": "#diamond_block" },
        "up":    { "uv": [ 3.125, 7.875, 4.375, 8.125 ], "texture": "#diamond_block" },
        "north": { "uv": [ 11.625, 14.75, 12.875, 14.875 ], "texture": "#diamond_block" },
        "south": { "uv": [ 3.125, 14.75, 4.375, 14.875 ], "texture": "#diamond_block" },
        "west":  { "uv": [ 7.875, 14.75, 8.125, 14.875 ], "texture": "#diamond_block" },
        "east":  { "uv": [ 7.875, 14.75, 8.125, 14.875 ], "texture": "#diamond_block" }
    }
},
{
    "__comment": "Pickaxe head",
    "from": [ 3.5, 1, 7.875 ],
    "to": [ 5.25, 1.125, 8.125 ],
    "faces": {
        "down":  { "uv": [ 12.5, 8.125, 10.75, 7.875 ], "texture": "#diamond_block" },
        "up":    { "uv": [ 3.5, 7.875, 5.25, 8.125 ], "texture": "#diamond_block" },
        "north": { "uv": [ 10.75, 14.875, 12.5, 15 ], "texture": "#diamond_block" },
        "south": { "uv": [ 3.5, 14.875, 5.25, 15 ], "texture": "#diamond_block" },
        "west":  { "uv": [ 7.875, 14.875, 8.125, 15 ], "texture": "#diamond_block" },
        "east":  { "uv": [ 7.875, 14.875, 8.125, 15 ], "texture": "#diamond_block" }
    }
},
{
    "__comment": "Pickaxe head",
    "from": [ 3.75, 0.875, 7.875 ],
    "to": [ 11.375, 1, 8.125 ],
    "faces": {
        "down":  { "uv": [ 12.25, 8.125, 4.625, 7.875 ], "texture": "#diamond_block" },
        "up":    { "uv": [ 3.75, 7.875, 11.375, 8.125 ], "texture": "#diamond_block" },
        "north": { "uv": [ 4.625, 15, 12.25, 15.125 ], "texture": "#diamond_block" },
        "south": { "uv": [ 3.75, 15, 11.375, 15.125 ], "texture": "#diamond_block" },
        "west":  { "uv": [ 7.875, 15, 8.125, 15.125 ], "texture": "#diamond_block" },
        "east":  { "uv": [ 7.875, 15, 8.125, 15.125 ], "texture": "#diamond_block" }
    }
},
{
    "__comment": "Pickaxe head",
    "from": [ 4.125, 0.75, 7.875 ],
    "to": [ 11, 0.875, 8.125 ],
    "faces": {
        "down":  { "uv": [ 11.875, 8.125, 5, 7.875 ], "texture": "#diamond_block" },
        "up":    { "uv": [ 4.125, 7.875, 11, 8.125 ], "texture": "#diamond_block" },
        "north": { "uv": [ 5, 15.125, 11.875, 15.25 ], "texture": "#diamond_block" },
        "south": { "uv": [ 4.125, 15.125, 11, 15.25 ], "texture": "#diamond_block" },
        "west":  { "uv": [ 7.875, 15.125, 8.125, 15.25 ], "texture": "#diamond_block" },
        "east":  { "uv": [ 7.875, 15.125, 8.125, 15.25 ], "texture": "#diamond_block" }
    }
},
{
    "__comment": "Pickaxe head",
    "from": [ 4.625, 0.625, 7.75 ],
    "to": [ 10.5, 0.75, 8.25 ],
    "faces": {
        "down":  { "uv": [ 11.375, 8.25, 5.5, 7.75 ], "texture": "#diamond_block" },
        "up":    { "uv": [ 4.625, 7.75, 10.5, 8.25 ], "texture": "#diamond_block" },
        "north": { "uv": [ 5.5, 15.25, 11.375, 15.375 ], "texture": "#diamond_block" },
        "south": { "uv": [ 4.625, 15.25, 10.5, 15.375 ], "texture": "#diamond_block" },
        "west":  { "uv": [ 7.75, 15.25, 8.25, 15.375 ], "texture": "#diamond_block" },
        "east":  { "uv": [ 7.75, 15.25, 8.25, 15.375 ], "texture": "#diamond_block" }
    }
},
{
    "__comment": "Pickaxe head",
    "from": [ 4.625, 0.75, 7.75 ],
    "to": [ 5.25, 1.125, 7.875 ],
    "faces": {
        "down":  { "uv": [ 11.375, 7.875, 10.75, 7.75 ], "texture": "#diamond_block" },
        "up":    { "uv": [ 4.625, 7.75, 5.25, 7.875 ], "texture": "#diamond_block" },
        "north": { "uv": [ 10.75, 14.875, 11.375, 15.25 ], "texture": "#diamond_block" },
        "south": { "uv": [ 4.625, 14.875, 5.25, 15.25 ], "texture": "#diamond_block" },
        "west":  { "uv": [ 7.75, 14.875, 7.875, 15.25 ], "texture": "#diamond_block" },
        "east":  { "uv": [ 8.125, 14.875, 8.25, 15.25 ], "texture": "#diamond_block" }
    }
},
{
    "__comment": "Pickaxe head",
    "from": [ 4.625, 0.75, 8.125 ],
    "to": [ 5.25, 1.125, 8.25 ],
    "faces": {
        "down":  { "uv": [ 11.375, 8.25, 10.75, 8.125 ], "texture": "#diamond_block" },
        "up":    { "uv": [ 4.625, 8.125, 5.25, 8.25 ], "texture": "#diamond_block" },
        "north": { "uv": [ 10.75, 14.875, 11.375, 15.25 ], "texture": "#diamond_block" },
        "south": { "uv": [ 4.625, 14.875, 5.25, 15.25 ], "texture": "#diamond_block" },
        "west":  { "uv": [ 8.125, 14.875, 8.25, 15.25 ], "texture": "#diamond_block" },
        "east":  { "uv": [ 7.75, 14.875, 7.875, 15.25 ], "texture": "#diamond_block" }
    }
},
{
    "__comment": "Pickaxe head",
    "from": [ 5.25, 0.75, 7.75 ],
    "to": [ 11, 1, 7.875 ],
    "faces": {
        "down":  { "uv": [ 10.75, 7.875, 5, 7.75 ], "texture": "#diamond_block" },
        "up":    { "uv": [ 5.25, 7.75, 11, 7.875 ], "texture": "#diamond_block" },
        "north": { "uv": [ 5, 15, 10.75, 15.25 ], "texture": "#diamond_block" },
        "south": { "uv": [ 5.25, 15, 11, 15.25 ], "texture": "#diamond_block" },
        "west":  { "uv": [ 7.75, 15, 7.875, 15.25 ], "texture": "#diamond_block" },
        "east":  { "uv": [ 8.125, 15, 8.25, 15.25 ], "texture": "#diamond_block" }
    }
},
{
    "__comment": "Pickaxe head",
    "from": [ 5.25, 0.75, 8.125 ],
    "to": [ 11, 1, 8.25 ],
    "faces": {
        "down":  { "uv": [ 10.75, 8.25, 5, 8.125 ], "texture": "#diamond_block" },
        "up":    { "uv": [ 5.25, 8.125, 11, 8.25 ], "texture": "#diamond_block" },
        "north": { "uv": [ 5, 15, 10.75, 15.25 ], "texture": "#diamond_block" },
        "south": { "uv": [ 5.25, 15, 11, 15.25 ], "texture": "#diamond_block" },
        "west":  { "uv": [ 8.125, 15, 8.25, 15.25 ], "texture": "#diamond_block" },
        "east":  { "uv": [ 7.75, 15, 7.875, 15.25 ], "texture": "#diamond_block" }
    }
},
{
    "__comment": "Pickaxe head",
    "from": [ 5.375, 0.5, 7.75 ],
    "to": [ 9.75, 0.625, 8.25 ],
    "faces": {
        "down":  { "uv": [ 10.625, 8.25, 6.25, 7.75 ], "texture": "#diamond_block" },
        "up":    { "uv": [ 5.375, 7.75, 9.75, 8.25 ], "texture": "#diamond_block" },
        "north": { "uv": [ 6.25, 15.375, 10.625, 15.5 ], "texture": "#diamond_block" },
        "south": { "uv": [ 5.375, 15.375, 9.75, 15.5 ], "texture": "#diamond_block" },
        "west":  { "uv": [ 7.75, 15.375, 8.25, 15.5 ], "texture": "#diamond_block" },
        "east":  { "uv": [ 7.75, 15.375, 8.25, 15.5 ], "texture": "#diamond_block" }
    }
},
{
    "__comment": "Pickaxe head",
    "from": [ 6.125, 0.375, 7.75 ],
    "to": [ 9, 0.5, 8.25 ],
    "faces": {
        "down":  { "uv": [ 9.875, 8.25, 7, 7.75 ], "texture": "#diamond_block" },
        "up":    { "uv": [ 6.125, 7.75, 9, 8.25 ], "texture": "#diamond_block" },
        "north": { "uv": [ 7, 15.5, 9.875, 15.625 ], "texture": "#diamond_block" },
        "south": { "uv": [ 6.125, 15.5, 9, 15.625 ], "texture": "#diamond_block" },
        "west":  { "uv": [ 7.75, 15.5, 8.25, 15.625 ], "texture": "#diamond_block" },
        "east":  { "uv": [ 7.75, 15.5, 8.25, 15.625 ], "texture": "#diamond_block" }
    }
},
{
    "__comment": "handle top",
    "from": [ 6.875, 0, 7.875 ],
    "to": [ 8.25, 0.125, 8.25 ],
    "faces": {
        "down":  { "uv": [ 9.125, 8.25, 7.75, 7.875 ], "texture": "#texture" },
        "up":    { "uv": [ 6.875, 7.875, 8.25, 8.25 ], "texture": "#texture" },
        "north": { "uv": [ 7.75, 15.875, 9.125, 16 ], "texture": "#texture" },
        "south": { "uv": [ 6.875, 15.875, 8.25, 16 ], "texture": "#texture" },
        "west":  { "uv": [ 7.875, 15.875, 8.25, 16 ], "texture": "#texture" },
        "east":  { "uv": [ 7.75, 15.875, 8.125, 16 ], "texture": "#texture" }
    }
},
{
    "__comment": "handle top",
    "from": [ 6.875, 0.125, 7.875 ],
    "to": [ 8.25, 0.375, 8.125 ],
    "faces": {
        "down":  { "uv": [ 9.125, 8.125, 7.75, 7.875 ], "texture": "#texture" },
        "up":    { "uv": [ 6.875, 7.875, 8.25, 8.125 ], "texture": "#texture" },
        "north": { "uv": [ 7.75, 15.625, 9.125, 15.875 ], "texture": "#texture" },
        "south": { "uv": [ 6.875, 15.625, 8.25, 15.875 ], "texture": "#texture" },
        "west":  { "uv": [ 7.875, 15.625, 8.125, 15.875 ], "texture": "#texture" },
        "east":  { "uv": [ 7.875, 15.625, 8.125, 15.875 ], "texture": "#texture" }
    }
},
{
    "__comment": "handle",
    "from": [ 6.875, 1, 7.875 ],
    "to": [ 8.25, 1.25, 8.125 ],
    "faces": {
        "down":  { "uv": [ 9.125, 8.125, 7.75, 7.875 ], "texture": "#texture" },
        "up":    { "uv": [ 6.875, 7.875, 8.25, 8.125 ], "texture": "#texture" },
        "north": { "uv": [ 7.75, 14.75, 9.125, 15 ], "texture": "#texture" },
        "south": { "uv": [ 6.875, 14.75, 8.25, 15 ], "texture": "#texture" },
        "west":  { "uv": [ 7.875, 14.75, 8.125, 15 ], "texture": "#texture" },
        "east":  { "uv": [ 7.875, 14.75, 8.125, 15 ], "texture": "#texture" }
    }
},
{
    "__comment": "handle",
    "from": [ 7, 0.375, 7.625 ],
    "to": [ 8.125, 1, 7.75 ],
    "faces": {
        "down":  { "uv": [ 9, 7.75, 7.875, 7.625 ], "texture": "#texture" },
        "up":    { "uv": [ 7, 7.625, 8.125, 7.75 ], "texture": "#texture" },
        "north": { "uv": [ 7.875, 15, 9, 15.625 ], "texture": "#texture" },
        "south": { "uv": [ 7, 15, 8.125, 15.625 ], "texture": "#texture" },
        "west":  { "uv": [ 7.625, 15, 7.75, 15.625 ], "texture": "#texture" },
        "east":  { "uv": [ 8.25, 15, 8.375, 15.625 ], "texture": "#texture" }
    }
},
{
    "__comment": "handle top",
    "from": [ 7, 0, 7.75 ],
    "to": [ 8.125, 0.375, 7.875 ],
    "faces": {
        "down":  { "uv": [ 9, 7.875, 7.875, 7.75 ], "texture": "#texture" },
        "up":    { "uv": [ 7, 7.75, 8.125, 7.875 ], "texture": "#texture" },
        "north": { "uv": [ 7.875, 15.625, 9, 16 ], "texture": "#texture" },
        "south": { "uv": [ 7, 15.625, 8.125, 16 ], "texture": "#texture" },
        "west":  { "uv": [ 7.75, 15.625, 7.875, 16 ], "texture": "#texture" },
        "east":  { "uv": [ 8.125, 15.625, 8.25, 16 ], "texture": "#texture" }
    }
},
{
    "__comment": "handle",
    "from": [ 7, 1, 7.75 ],
    "to": [ 8, 1.5, 7.875 ],
    "faces": {
        "down":  { "uv": [ 9, 7.875, 8, 7.75 ], "texture": "#texture" },
        "up":    { "uv": [ 7, 7.75, 8, 7.875 ], "texture": "#texture" },
        "north": { "uv": [ 8, 14.5, 9, 15 ], "texture": "#texture" },
        "south": { "uv": [ 7, 14.5, 8, 15 ], "texture": "#texture" },
        "west":  { "uv": [ 7.75, 14.5, 7.875, 15 ], "texture": "#texture" },
        "east":  { "uv": [ 8.125, 14.5, 8.25, 15 ], "texture": "#texture" }
    }
},
{
    "__comment": "handle",
    "from": [ 7, 1.25, 7.875 ],
    "to": [ 8.125, 1.5, 8.25 ],
    "faces": {
        "down":  { "uv": [ 9, 8.25, 7.875, 7.875 ], "texture": "#texture" },
        "up":    { "uv": [ 7, 7.875, 8.125, 8.25 ], "texture": "#texture" },
        "north": { "uv": [ 7.875, 14.5, 9, 14.75 ], "texture": "#texture" },
        "south": { "uv": [ 7, 14.5, 8.125, 14.75 ], "texture": "#texture" },
        "west":  { "uv": [ 7.875, 14.5, 8.25, 14.75 ], "texture": "#texture" },
        "east":  { "uv": [ 7.75, 14.5, 8.125, 14.75 ], "texture": "#texture" }
    }
},
{
    "__comment": "handle",
    "from": [ 7, 1.5, 7.875 ],
    "to": [ 8.125, 3.75, 8.125 ],
    "faces": {
        "down":  { "uv": [ 9, 8.125, 7.875, 7.875 ], "texture": "#texture" },
        "up":    { "uv": [ 7, 7.875, 8.125, 8.125 ], "texture": "#texture" },
        "north": { "uv": [ 7.875, 12.25, 9, 14.5 ], "texture": "#texture" },
        "south": { "uv": [ 7, 12.25, 8.125, 14.5 ], "texture": "#texture" },
        "west":  { "uv": [ 7.875, 12.25, 8.125, 14.5 ], "texture": "#texture" },
        "east":  { "uv": [ 7.875, 12.25, 8.125, 14.5 ], "texture": "#texture" }
    }
},
{
    "__comment": "handle top",
    "from": [ 7, 0.125, 8.125 ],
    "to": [ 8.125, 0.25, 8.375 ],
    "faces": {
        "down":  { "uv": [ 9, 8.375, 7.875, 8.125 ], "texture": "#texture" },
        "up":    { "uv": [ 7, 8.125, 8.125, 8.375 ], "texture": "#texture" },
        "north": { "uv": [ 7.875, 15.75, 9, 15.875 ], "texture": "#texture" },
        "south": { "uv": [ 7, 15.75, 8.125, 15.875 ], "texture": "#texture" },
        "west":  { "uv": [ 8.125, 15.75, 8.375, 15.875 ], "texture": "#texture" },
        "east":  { "uv": [ 7.625, 15.75, 7.875, 15.875 ], "texture": "#texture" }
    }
},
{
    "__comment": "handle top",
    "from": [ 7, 0.25, 8.125 ],
    "to": [ 8.25, 0.375, 8.25 ],
    "faces": {
        "down":  { "uv": [ 9, 8.25, 7.75, 8.125 ], "texture": "#texture" },
        "up":    { "uv": [ 7, 8.125, 8.25, 8.25 ], "texture": "#texture" },
        "north": { "uv": [ 7.75, 15.625, 9, 15.75 ], "texture": "#texture" },
        "south": { "uv": [ 7, 15.625, 8.25, 15.75 ], "texture": "#texture" },
        "west":  { "uv": [ 8.125, 15.625, 8.25, 15.75 ], "texture": "#texture" },
        "east":  { "uv": [ 7.75, 15.625, 7.875, 15.75 ], "texture": "#texture" }
    }
},
{
    "__comment": "handle",
    "from": [ 7, 1, 8.125 ],
    "to": [ 8.125, 1.25, 8.25 ],
    "faces": {
        "down":  { "uv": [ 9, 8.25, 7.875, 8.125 ], "texture": "#texture" },
        "up":    { "uv": [ 7, 8.125, 8.125, 8.25 ], "texture": "#texture" },
        "north": { "uv": [ 7.875, 14.75, 9, 15 ], "texture": "#texture" },
        "south": { "uv": [ 7, 14.75, 8.125, 15 ], "texture": "#texture" },
        "west":  { "uv": [ 8.125, 14.75, 8.25, 15 ], "texture": "#texture" },
        "east":  { "uv": [ 7.75, 14.75, 7.875, 15 ], "texture": "#texture" }
    }
},
{
    "__comment": "handle top",
    "from": [ 7, 0, 8.25 ],
    "to": [ 8.125, 0.125, 8.375 ],
    "faces": {
        "down":  { "uv": [ 9, 8.375, 7.875, 8.25 ], "texture": "#texture" },
        "up":    { "uv": [ 7, 8.25, 8.125, 8.375 ], "texture": "#texture" },
        "north": { "uv": [ 7.875, 15.875, 9, 16 ], "texture": "#texture" },
        "south": { "uv": [ 7, 15.875, 8.125, 16 ], "texture": "#texture" },
        "west":  { "uv": [ 8.25, 15.875, 8.375, 16 ], "texture": "#texture" },
        "east":  { "uv": [ 7.625, 15.875, 7.75, 16 ], "texture": "#texture" }
    }
},
{
    "__comment": "handle",
    "from": [ 7, 0.375, 8.25 ],
    "to": [ 8.125, 1, 8.375 ],
    "faces": {
        "down":  { "uv": [ 9, 8.375, 7.875, 8.25 ], "texture": "#texture" },
        "up":    { "uv": [ 7, 8.25, 8.125, 8.375 ], "texture": "#texture" },
        "north": { "uv": [ 7.875, 15, 9, 15.625 ], "texture": "#texture" },
        "south": { "uv": [ 7, 15, 8.125, 15.625 ], "texture": "#texture" },
        "west":  { "uv": [ 8.25, 15, 8.375, 15.625 ], "texture": "#texture" },
        "east":  { "uv": [ 7.625, 15, 7.75, 15.625 ], "texture": "#texture" }
    }
},
{
    "__comment": "handle",
    "from": [ 7.125, 0.375, 7.5 ],
    "to": [ 8, 0.625, 7.625 ],
    "faces": {
        "down":  { "uv": [ 8.875, 7.625, 8, 7.5 ], "texture": "#texture" },
        "up":    { "uv": [ 7.125, 7.5, 8, 7.625 ], "texture": "#texture" },
        "north": { "uv": [ 8, 15.375, 8.875, 15.625 ], "texture": "#texture" },
        "south": { "uv": [ 7.125, 15.375, 8, 15.625 ], "texture": "#texture" },
        "west":  { "uv": [ 7.5, 15.375, 7.625, 15.625 ], "texture": "#texture" },
        "east":  { "uv": [ 8.375, 15.375, 8.5, 15.625 ], "texture": "#texture" }
    }
},
{
    "__comment": "handle top",
    "from": [ 7.125, 0, 7.625 ],
    "to": [ 8, 0.375, 7.75 ],
    "faces": {
        "down":  { "uv": [ 8.875, 7.75, 8, 7.625 ], "texture": "#texture" },
        "up":    { "uv": [ 7.125, 7.625, 8, 7.75 ], "texture": "#texture" },
        "north": { "uv": [ 8, 15.625, 8.875, 16 ], "texture": "#texture" },
        "south": { "uv": [ 7.125, 15.625, 8, 16 ], "texture": "#texture" },
        "west":  { "uv": [ 7.625, 15.625, 7.75, 16 ], "texture": "#texture" },
        "east":  { "uv": [ 8.25, 15.625, 8.375, 16 ], "texture": "#texture" }
    }
},
{
    "__comment": "handle",
    "from": [ 7.125, 1, 7.625 ],
    "to": [ 7.25, 1.5, 7.75 ],
    "faces": {
        "down":  { "uv": [ 8.875, 7.75, 8.75, 7.625 ], "texture": "#texture" },
        "up":    { "uv": [ 7.125, 7.625, 7.25, 7.75 ], "texture": "#texture" },
        "north": { "uv": [ 8.75, 14.5, 8.875, 15 ], "texture": "#texture" },
        "south": { "uv": [ 7.125, 14.5, 7.25, 15 ], "texture": "#texture" },
        "west":  { "uv": [ 7.625, 14.5, 7.75, 15 ], "texture": "#texture" },
        "east":  { "uv": [ 8.25, 14.5, 8.375, 15 ], "texture": "#texture" }
    }
},
{
    "__comment": "handle",
    "from": [ 7.125, 1.5, 7.75 ],
    "to": [ 8, 3.875, 7.875 ],
    "faces": {
        "down":  { "uv": [ 8.875, 7.875, 8, 7.75 ], "texture": "#texture" },
        "up":    { "uv": [ 7.125, 7.75, 8, 7.875 ], "texture": "#texture" },
        "north": { "uv": [ 8, 12.125, 8.875, 14.5 ], "texture": "#texture" },
        "south": { "uv": [ 7.125, 12.125, 8, 14.5 ], "texture": "#texture" },
        "west":  { "uv": [ 7.75, 12.125, 7.875, 14.5 ], "texture": "#texture" },
        "east":  { "uv": [ 8.125, 12.125, 8.25, 14.5 ], "texture": "#texture" }
    }
},
{
    "__comment": "handle",
    "from": [ 7.125, 3.75, 7.875 ],
    "to": [ 8, 4.125, 8.25 ],
    "faces": {
        "down":  { "uv": [ 8.875, 8.25, 8, 7.875 ], "texture": "#texture" },
        "up":    { "uv": [ 7.125, 7.875, 8, 8.25 ], "texture": "#texture" },
        "north": { "uv": [ 8, 11.875, 8.875, 12.25 ], "texture": "#texture" },
        "south": { "uv": [ 7.125, 11.875, 8, 12.25 ], "texture": "#texture" },
        "west":  { "uv": [ 7.875, 11.875, 8.25, 12.25 ], "texture": "#texture" },
        "east":  { "uv": [ 7.75, 11.875, 8.125, 12.25 ], "texture": "#texture" }
    }
},
{
    "__comment": "handle",
    "from": [ 7.125, 4.125, 7.875 ],
    "to": [ 8, 4.625, 8.125 ],
    "faces": {
        "down":  { "uv": [ 8.875, 8.125, 8, 7.875 ], "texture": "#texture" },
        "up":    { "uv": [ 7.125, 7.875, 8, 8.125 ], "texture": "#texture" },
        "north": { "uv": [ 8, 11.375, 8.875, 11.875 ], "texture": "#texture" },
        "south": { "uv": [ 7.125, 11.375, 8, 11.875 ], "texture": "#texture" },
        "west":  { "uv": [ 7.875, 11.375, 8.125, 11.875 ], "texture": "#texture" },
        "east":  { "uv": [ 7.875, 11.375, 8.125, 11.875 ], "texture": "#texture" }
    }
},
{
    "__comment": "handle base",
    "from": [ 7.125, 15.625, 7.875 ],
    "to": [ 8, 15.875, 8.125 ],
    "faces": {
        "down":  { "uv": [ 8.875, 8.125, 8, 7.875 ], "texture": "#cauldron_inner" },
        "up":    { "uv": [ 7.125, 7.875, 8, 8.125 ], "texture": "#cauldron_inner" },
        "north": { "uv": [ 8, 0.125, 8.875, 0.375 ], "texture": "#cauldron_inner" },
        "south": { "uv": [ 7.125, 0.125, 8, 0.375 ], "texture": "#cauldron_inner" },
        "west":  { "uv": [ 7.875, 0.125, 8.125, 0.375 ], "texture": "#cauldron_inner" },
        "east":  { "uv": [ 7.875, 0.125, 8.125, 0.375 ], "texture": "#cauldron_inner" }
    }
},
{
    "__comment": "handle",
    "from": [ 7.125, 1.5, 8.125 ],
    "to": [ 8, 3.75, 8.25 ],
    "faces": {
        "down":  { "uv": [ 8.875, 8.25, 8, 8.125 ], "texture": "#texture" },
        "up":    { "uv": [ 7.125, 8.125, 8, 8.25 ], "texture": "#texture" },
        "north": { "uv": [ 8, 12.25, 8.875, 14.5 ], "texture": "#texture" },
        "south": { "uv": [ 7.125, 12.25, 8, 14.5 ], "texture": "#texture" },
        "west":  { "uv": [ 8.125, 12.25, 8.25, 14.5 ], "texture": "#texture" },
        "east":  { "uv": [ 7.75, 12.25, 7.875, 14.5 ], "texture": "#texture" }
    }
},
{
    "__comment": "handle top",
    "from": [ 7.125, 0.25, 8.25 ],
    "to": [ 8.125, 0.375, 8.375 ],
    "faces": {
        "down":  { "uv": [ 8.875, 8.375, 7.875, 8.25 ], "texture": "#texture" },
        "up":    { "uv": [ 7.125, 8.25, 8.125, 8.375 ], "texture": "#texture" },
        "north": { "uv": [ 7.875, 15.625, 8.875, 15.75 ], "texture": "#texture" },
        "south": { "uv": [ 7.125, 15.625, 8.125, 15.75 ], "texture": "#texture" },
        "west":  { "uv": [ 8.25, 15.625, 8.375, 15.75 ], "texture": "#texture" },
        "east":  { "uv": [ 7.625, 15.625, 7.75, 15.75 ], "texture": "#texture" }
    }
},
{
    "__comment": "handle",
    "from": [ 7.125, 1, 8.25 ],
    "to": [ 8, 1.5, 8.375 ],
    "faces": {
        "down":  { "uv": [ 8.875, 8.375, 8, 8.25 ], "texture": "#texture" },
        "up":    { "uv": [ 7.125, 8.25, 8, 8.375 ], "texture": "#texture" },
        "north": { "uv": [ 8, 14.5, 8.875, 15 ], "texture": "#texture" },
        "south": { "uv": [ 7.125, 14.5, 8, 15 ], "texture": "#texture" },
        "west":  { "uv": [ 8.25, 14.5, 8.375, 15 ], "texture": "#texture" },
        "east":  { "uv": [ 7.625, 14.5, 7.75, 15 ], "texture": "#texture" }
    }
},
{
    "__comment": "handle",
    "from": [ 7.125, 0.375, 8.375 ],
    "to": [ 8, 0.625, 8.5 ],
    "faces": {
        "down":  { "uv": [ 8.875, 8.5, 8, 8.375 ], "texture": "#texture" },
        "up":    { "uv": [ 7.125, 8.375, 8, 8.5 ], "texture": "#texture" },
        "north": { "uv": [ 8, 15.375, 8.875, 15.625 ], "texture": "#texture" },
        "south": { "uv": [ 7.125, 15.375, 8, 15.625 ], "texture": "#texture" },
        "west":  { "uv": [ 8.375, 15.375, 8.5, 15.625 ], "texture": "#texture" },
        "east":  { "uv": [ 7.5, 15.375, 7.625, 15.625 ], "texture": "#texture" }
    }
},
{
    "__comment": "handle",
    "from": [ 7.25, 0.625, 7.5 ],
    "to": [ 7.875, 1, 7.625 ],
    "faces": {
        "down":  { "uv": [ 8.75, 7.625, 8.125, 7.5 ], "texture": "#texture" },
        "up":    { "uv": [ 7.25, 7.5, 7.875, 7.625 ], "texture": "#texture" },
        "north": { "uv": [ 8.125, 15, 8.75, 15.375 ], "texture": "#texture" },
        "south": { "uv": [ 7.25, 15, 7.875, 15.375 ], "texture": "#texture" },
        "west":  { "uv": [ 7.5, 15, 7.625, 15.375 ], "texture": "#texture" },
        "east":  { "uv": [ 8.375, 15, 8.5, 15.375 ], "texture": "#texture" }
    }
},
{
    "__comment": "handle",
    "from": [ 7.25, 1, 7.625 ],
    "to": [ 8.125, 1.125, 7.75 ],
    "faces": {
        "down":  { "uv": [ 8.75, 7.75, 7.875, 7.625 ], "texture": "#texture" },
        "up":    { "uv": [ 7.25, 7.625, 8.125, 7.75 ], "texture": "#texture" },
        "north": { "uv": [ 7.875, 14.875, 8.75, 15 ], "texture": "#texture" },
        "south": { "uv": [ 7.25, 14.875, 8.125, 15 ], "texture": "#texture" },
        "west":  { "uv": [ 7.625, 14.875, 7.75, 15 ], "texture": "#texture" },
        "east":  { "uv": [ 8.25, 14.875, 8.375, 15 ], "texture": "#texture" }
    }
},
{
    "__comment": "handle",
    "from": [ 7.25, 3.875, 7.75 ],
    "to": [ 7.875, 5.375, 7.875 ],
    "faces": {
        "down":  { "uv": [ 8.75, 7.875, 8.125, 7.75 ], "texture": "#texture" },
        "up":    { "uv": [ 7.25, 7.75, 7.875, 7.875 ], "texture": "#texture" },
        "north": { "uv": [ 8.125, 10.625, 8.75, 12.125 ], "texture": "#texture" },
        "south": { "uv": [ 7.25, 10.625, 7.875, 12.125 ], "texture": "#texture" },
        "west":  { "uv": [ 7.75, 10.625, 7.875, 12.125 ], "texture": "#texture" },
        "east":  { "uv": [ 8.125, 10.625, 8.25, 12.125 ], "texture": "#texture" }
    }
},
{
    "__comment": "handle base",
    "from": [ 7.25, 15.125, 7.75 ],
    "to": [ 7.875, 15.625, 8.25 ],
    "faces": {
        "down":  { "uv": [ 8.75, 8.25, 8.125, 7.75 ], "texture": "#cauldron_inner" },
        "up":    { "uv": [ 7.25, 7.75, 7.875, 8.25 ], "texture": "#cauldron_inner" },
        "north": { "uv": [ 8.125, 0.375, 8.75, 0.875 ], "texture": "#cauldron_inner" },
        "south": { "uv": [ 7.25, 0.375, 7.875, 0.875 ], "texture": "#cauldron_inner" },
        "west":  { "uv": [ 7.75, 0.375, 8.25, 0.875 ], "texture": "#cauldron_inner" },
        "east":  { "uv": [ 7.75, 0.375, 8.25, 0.875 ], "texture": "#cauldron_inner" }
    }
},
{
    "__comment": "handle base",
    "from": [ 7.25, 15.625, 7.75 ],
    "to": [ 7.875, 16, 7.875 ],
    "faces": {
        "down":  { "uv": [ 8.75, 7.875, 8.125, 7.75 ], "texture": "#cauldron_inner" },
        "up":    { "uv": [ 7.25, 7.75, 7.875, 7.875 ], "texture": "#cauldron_inner" },
        "north": { "uv": [ 8.125, 0, 8.75, 0.375 ], "texture": "#cauldron_inner" },
        "south": { "uv": [ 7.25, 0, 7.875, 0.375 ], "texture": "#cauldron_inner" },
        "west":  { "uv": [ 7.75, 0, 7.875, 0.375 ], "texture": "#cauldron_inner" },
        "east":  { "uv": [ 8.125, 0, 8.25, 0.375 ], "texture": "#cauldron_inner" }
    }
},
{
    "__comment": "handle",
    "from": [ 7.25, 4.625, 7.875 ],
    "to": [ 7.875, 5.5, 8.25 ],
    "faces": {
        "down":  { "uv": [ 8.75, 8.25, 8.125, 7.875 ], "texture": "#texture" },
        "up":    { "uv": [ 7.25, 7.875, 7.875, 8.25 ], "texture": "#texture" },
        "north": { "uv": [ 8.125, 10.5, 8.75, 11.375 ], "texture": "#texture" },
        "south": { "uv": [ 7.25, 10.5, 7.875, 11.375 ], "texture": "#texture" },
        "west":  { "uv": [ 7.875, 10.5, 8.25, 11.375 ], "texture": "#texture" },
        "east":  { "uv": [ 7.75, 10.5, 8.125, 11.375 ], "texture": "#texture" }
    }
},
{
    "__comment": "handle",
    "from": [ 7.25, 5.5, 7.875 ],
    "to": [ 7.875, 15.125, 8.125 ],
    "faces": {
        "down":  { "uv": [ 8.75, 8.125, 8.125, 7.875 ], "texture": "#texture" },
        "up":    { "uv": [ 7.25, 7.875, 7.875, 8.125 ], "texture": "#texture" },
        "north": { "uv": [ 8.125, 0.875, 8.75, 10.5 ], "texture": "#texture" },
        "south": { "uv": [ 7.25, 0.875, 7.875, 10.5 ], "texture": "#texture" },
        "west":  { "uv": [ 7.875, 0.875, 8.125, 10.5 ], "texture": "#texture" },
        "east":  { "uv": [ 7.875, 0.875, 8.125, 10.5 ], "texture": "#texture" }
    }
},
{
    "__comment": "handle base",
    "from": [ 7.25, 15.875, 7.875 ],
    "to": [ 7.875, 16, 8.25 ],
    "faces": {
        "down":  { "uv": [ 8.75, 8.25, 8.125, 7.875 ], "texture": "#cauldron_inner" },
        "up":    { "uv": [ 7.25, 7.875, 7.875, 8.25 ], "texture": "#cauldron_inner" },
        "north": { "uv": [ 8.125, 0, 8.75, 0.125 ], "texture": "#cauldron_inner" },
        "south": { "uv": [ 7.25, 0, 7.875, 0.125 ], "texture": "#cauldron_inner" },
        "west":  { "uv": [ 7.875, 0, 8.25, 0.125 ], "texture": "#cauldron_inner" },
        "east":  { "uv": [ 7.75, 0, 8.125, 0.125 ], "texture": "#cauldron_inner" }
    }
},
{
    "__comment": "handle",
    "from": [ 7.25, 4.125, 8.125 ],
    "to": [ 7.875, 4.625, 8.25 ],
    "faces": {
        "down":  { "uv": [ 8.75, 8.25, 8.125, 8.125 ], "texture": "#texture" },
        "up":    { "uv": [ 7.25, 8.125, 7.875, 8.25 ], "texture": "#texture" },
        "north": { "uv": [ 8.125, 11.375, 8.75, 11.875 ], "texture": "#texture" },
        "south": { "uv": [ 7.25, 11.375, 7.875, 11.875 ], "texture": "#texture" },
        "west":  { "uv": [ 8.125, 11.375, 8.25, 11.875 ], "texture": "#texture" },
        "east":  { "uv": [ 7.75, 11.375, 7.875, 11.875 ], "texture": "#texture" }
    }
},
{
    "__comment": "handle base",
    "from": [ 7.25, 15.625, 8.125 ],
    "to": [ 8, 15.875, 8.25 ],
    "faces": {
        "down":  { "uv": [ 8.75, 8.25, 8, 8.125 ], "texture": "#cauldron_inner" },
        "up":    { "uv": [ 7.25, 8.125, 8, 8.25 ], "texture": "#cauldron_inner" },
        "north": { "uv": [ 8, 0.125, 8.75, 0.375 ], "texture": "#cauldron_inner" },
        "south": { "uv": [ 7.25, 0.125, 8, 0.375 ], "texture": "#cauldron_inner" },
        "west":  { "uv": [ 8.125, 0.125, 8.25, 0.375 ], "texture": "#cauldron_inner" },
        "east":  { "uv": [ 7.75, 0.125, 7.875, 0.375 ], "texture": "#cauldron_inner" }
    }
},
{
    "__comment": "handle",
    "from": [ 7.25, 1.5, 8.25 ],
    "to": [ 7.875, 2.125, 8.375 ],
    "faces": {
        "down":  { "uv": [ 8.75, 8.375, 8.125, 8.25 ], "texture": "#texture" },
        "up":    { "uv": [ 7.25, 8.25, 7.875, 8.375 ], "texture": "#texture" },
        "north": { "uv": [ 8.125, 13.875, 8.75, 14.5 ], "texture": "#texture" },
        "south": { "uv": [ 7.25, 13.875, 7.875, 14.5 ], "texture": "#texture" },
        "west":  { "uv": [ 8.25, 13.875, 8.375, 14.5 ], "texture": "#texture" },
        "east":  { "uv": [ 7.625, 13.875, 7.75, 14.5 ], "texture": "#texture" }
    }
},
{
    "__comment": "handle top",
    "from": [ 7.25, 0, 8.375 ],
    "to": [ 7.875, 0.25, 8.5 ],
    "faces": {
        "down":  { "uv": [ 8.75, 8.5, 8.125, 8.375 ], "texture": "#texture" },
        "up":    { "uv": [ 7.25, 8.375, 7.875, 8.5 ], "texture": "#texture" },
        "north": { "uv": [ 8.125, 15.75, 8.75, 16 ], "texture": "#texture" },
        "south": { "uv": [ 7.25, 15.75, 7.875, 16 ], "texture": "#texture" },
        "west":  { "uv": [ 8.375, 15.75, 8.5, 16 ], "texture": "#texture" },
        "east":  { "uv": [ 7.5, 15.75, 7.625, 16 ], "texture": "#texture" }
    }
},
{
    "__comment": "handle",
    "from": [ 7.25, 0.625, 8.375 ],
    "to": [ 7.875, 1, 8.5 ],
    "faces": {
        "down":  { "uv": [ 8.75, 8.5, 8.125, 8.375 ], "texture": "#texture" },
        "up":    { "uv": [ 7.25, 8.375, 7.875, 8.5 ], "texture": "#texture" },
        "north": { "uv": [ 8.125, 15, 8.75, 15.375 ], "texture": "#texture" },
        "south": { "uv": [ 7.25, 15, 7.875, 15.375 ], "texture": "#texture" },
        "west":  { "uv": [ 8.375, 15, 8.5, 15.375 ], "texture": "#texture" },
        "east":  { "uv": [ 7.5, 15, 7.625, 15.375 ], "texture": "#texture" }
    }
},
{
    "__comment": "handle top",
    "from": [ 7.375, 0, 7.5 ],
    "to": [ 7.875, 0.125, 7.625 ],
    "faces": {
        "down":  { "uv": [ 8.625, 7.625, 8.125, 7.5 ], "texture": "#texture" },
        "up":    { "uv": [ 7.375, 7.5, 7.875, 7.625 ], "texture": "#texture" },
        "north": { "uv": [ 8.125, 15.875, 8.625, 16 ], "texture": "#texture" },
        "south": { "uv": [ 7.375, 15.875, 7.875, 16 ], "texture": "#texture" },
        "west":  { "uv": [ 7.5, 15.875, 7.625, 16 ], "texture": "#texture" },
        "east":  { "uv": [ 8.375, 15.875, 8.5, 16 ], "texture": "#texture" }
    }
},
{
    "__comment": "handle",
    "from": [ 7.375, 1, 7.5 ],
    "to": [ 7.75, 1.125, 7.625 ],
    "faces": {
        "down":  { "uv": [ 8.625, 7.625, 8.25, 7.5 ], "texture": "#texture" },
        "up":    { "uv": [ 7.375, 7.5, 7.75, 7.625 ], "texture": "#texture" },
        "north": { "uv": [ 8.25, 14.875, 8.625, 15 ], "texture": "#texture" },
        "south": { "uv": [ 7.375, 14.875, 7.75, 15 ], "texture": "#texture" },
        "west":  { "uv": [ 7.5, 14.875, 7.625, 15 ], "texture": "#texture" },
        "east":  { "uv": [ 8.375, 14.875, 8.5, 15 ], "texture": "#texture" }
    }
},
{
    "__comment": "handle",
    "from": [ 7.375, 1.125, 7.625 ],
    "to": [ 7.75, 3, 7.75 ],
    "faces": {
        "down":  { "uv": [ 8.625, 7.75, 8.25, 7.625 ], "texture": "#texture" },
        "up":    { "uv": [ 7.375, 7.625, 7.75, 7.75 ], "texture": "#texture" },
        "north": { "uv": [ 8.25, 13, 8.625, 14.875 ], "texture": "#texture" },
        "south": { "uv": [ 7.375, 13, 7.75, 14.875 ], "texture": "#texture" },
        "west":  { "uv": [ 7.625, 13, 7.75, 14.875 ], "texture": "#texture" },
        "east":  { "uv": [ 8.25, 13, 8.375, 14.875 ], "texture": "#texture" }
    }
},
{
    "__comment": "handle base",
    "from": [ 7.375, 15.5, 7.625 ],
    "to": [ 7.75, 15.875, 7.75 ],
    "faces": {
        "down":  { "uv": [ 8.625, 7.75, 8.25, 7.625 ], "texture": "#cauldron_inner" },
        "up":    { "uv": [ 7.375, 7.625, 7.75, 7.75 ], "texture": "#cauldron_inner" },
        "north": { "uv": [ 8.25, 0.125, 8.625, 0.5 ], "texture": "#cauldron_inner" },
        "south": { "uv": [ 7.375, 0.125, 7.75, 0.5 ], "texture": "#cauldron_inner" },
        "west":  { "uv": [ 7.625, 0.125, 7.75, 0.5 ], "texture": "#cauldron_inner" },
        "east":  { "uv": [ 8.25, 0.125, 8.375, 0.5 ], "texture": "#cauldron_inner" }
    }
},
{
    "__comment": "handle",
    "from": [ 7.375, 5.375, 7.75 ],
    "to": [ 7.875, 15.125, 7.875 ],
    "faces": {
        "down":  { "uv": [ 8.625, 7.875, 8.125, 7.75 ], "texture": "#texture" },
        "up":    { "uv": [ 7.375, 7.75, 7.875, 7.875 ], "texture": "#texture" },
        "north": { "uv": [ 8.125, 0.875, 8.625, 10.625 ], "texture": "#texture" },
        "south": { "uv": [ 7.375, 0.875, 7.875, 10.625 ], "texture": "#texture" },
        "west":  { "uv": [ 7.75, 0.875, 7.875, 10.625 ], "texture": "#texture" },
        "east":  { "uv": [ 8.125, 0.875, 8.25, 10.625 ], "texture": "#texture" }
    }
},
{
    "__comment": "handle",
    "from": [ 7.375, 5.5, 8.125 ],
    "to": [ 7.875, 15.125, 8.25 ],
    "faces": {
        "down":  { "uv": [ 8.625, 8.25, 8.125, 8.125 ], "texture": "#texture" },
        "up":    { "uv": [ 7.375, 8.125, 7.875, 8.25 ], "texture": "#texture" },
        "north": { "uv": [ 8.125, 0.875, 8.625, 10.5 ], "texture": "#texture" },
        "south": { "uv": [ 7.375, 0.875, 7.875, 10.5 ], "texture": "#texture" },
        "west":  { "uv": [ 8.125, 0.875, 8.25, 10.5 ], "texture": "#texture" },
        "east":  { "uv": [ 7.75, 0.875, 7.875, 10.5 ], "texture": "#texture" }
    }
},
{
    "__comment": "handle",
    "from": [ 7.375, 2.125, 8.25 ],
    "to": [ 7.75, 3.75, 8.375 ],
    "faces": {
        "down":  { "uv": [ 8.625, 8.375, 8.25, 8.25 ], "texture": "#texture" },
        "up":    { "uv": [ 7.375, 8.25, 7.75, 8.375 ], "texture": "#texture" },
        "north": { "uv": [ 8.25, 12.25, 8.625, 13.875 ], "texture": "#texture" },
        "south": { "uv": [ 7.375, 12.25, 7.75, 13.875 ], "texture": "#texture" },
        "west":  { "uv": [ 8.25, 12.25, 8.375, 13.875 ], "texture": "#texture" },
        "east":  { "uv": [ 7.625, 12.25, 7.75, 13.875 ], "texture": "#texture" }
    }
},
{
    "__comment": "handle base",
    "from": [ 7.375, 15.625, 8.25 ],
    "to": [ 7.75, 15.875, 8.375 ],
    "faces": {
        "down":  { "uv": [ 8.625, 8.375, 8.25, 8.25 ], "texture": "#cauldron_inner" },
        "up":    { "uv": [ 7.375, 8.25, 7.75, 8.375 ], "texture": "#cauldron_inner" },
        "north": { "uv": [ 8.25, 0.125, 8.625, 0.375 ], "texture": "#cauldron_inner" },
        "south": { "uv": [ 7.375, 0.125, 7.75, 0.375 ], "texture": "#cauldron_inner" },
        "west":  { "uv": [ 8.25, 0.125, 8.375, 0.375 ], "texture": "#cauldron_inner" },
        "east":  { "uv": [ 7.625, 0.125, 7.75, 0.375 ], "texture": "#cauldron_inner" }
    }
},
{
    "__comment": "handle top",
    "from": [ 7.375, 0.25, 8.375 ],
    "to": [ 7.75, 0.375, 8.5 ],
    "faces": {
        "down":  { "uv": [ 8.625, 8.5, 8.25, 8.375 ], "texture": "#texture" },
        "up":    { "uv": [ 7.375, 8.375, 7.75, 8.5 ], "texture": "#texture" },
        "north": { "uv": [ 8.25, 15.625, 8.625, 15.75 ], "texture": "#texture" },
        "south": { "uv": [ 7.375, 15.625, 7.75, 15.75 ], "texture": "#texture" },
        "west":  { "uv": [ 8.375, 15.625, 8.5, 15.75 ], "texture": "#texture" },
        "east":  { "uv": [ 7.5, 15.625, 7.625, 15.75 ], "texture": "#texture" }
    }
},
{
    "__comment": "handle",
    "from": [ 7.375, 1, 8.375 ],
    "to": [ 7.75, 1.125, 8.5 ],
    "faces": {
        "down":  { "uv": [ 8.625, 8.5, 8.25, 8.375 ], "texture": "#texture" },
        "up":    { "uv": [ 7.375, 8.375, 7.75, 8.5 ], "texture": "#texture" },
        "north": { "uv": [ 8.25, 14.875, 8.625, 15 ], "texture": "#texture" },
        "south": { "uv": [ 7.375, 14.875, 7.75, 15 ], "texture": "#texture" },
        "west":  { "uv": [ 8.375, 14.875, 8.5, 15 ], "texture": "#texture" },
        "east":  { "uv": [ 7.5, 14.875, 7.625, 15 ], "texture": "#texture" }
    }
},
{
    "__comment": "handle top",
    "from": [ 7.5, 0.125, 7.5 ],
    "to": [ 7.75, 0.25, 7.625 ],
    "faces": {
        "down":  { "uv": [ 8.5, 7.625, 8.25, 7.5 ], "texture": "#texture" },
        "up":    { "uv": [ 7.5, 7.5, 7.75, 7.625 ], "texture": "#texture" },
        "north": { "uv": [ 8.25, 15.75, 8.5, 15.875 ], "texture": "#texture" },
        "south": { "uv": [ 7.5, 15.75, 7.75, 15.875 ], "texture": "#texture" },
        "west":  { "uv": [ 7.5, 15.75, 7.625, 15.875 ], "texture": "#texture" },
        "east":  { "uv": [ 8.375, 15.75, 8.5, 15.875 ], "texture": "#texture" }
    }
},
{
    "__comment": "handle",
    "from": [ 7.5, 1.125, 7.5 ],
    "to": [ 7.625, 1.25, 7.625 ],
    "faces": {
        "down":  { "uv": [ 8.5, 7.625, 8.375, 7.5 ], "texture": "#texture" },
        "up":    { "uv": [ 7.5, 7.5, 7.625, 7.625 ], "texture": "#texture" },
        "north": { "uv": [ 8.375, 14.75, 8.5, 14.875 ], "texture": "#texture" },
        "south": { "uv": [ 7.5, 14.75, 7.625, 14.875 ], "texture": "#texture" },
        "west":  { "uv": [ 7.5, 14.75, 7.625, 14.875 ], "texture": "#texture" },
        "east":  { "uv": [ 8.375, 14.75, 8.5, 14.875 ], "texture": "#texture" }
    }
},
{
    "__comment": "handle",
    "from": [ 7.5, 3, 7.625 ],
    "to": [ 7.625, 3.75, 7.75 ],
    "faces": {
        "down":  { "uv": [ 8.5, 7.75, 8.375, 7.625 ], "texture": "#texture" },
        "up":    { "uv": [ 7.5, 7.625, 7.625, 7.75 ], "texture": "#texture" },
        "north": { "uv": [ 8.375, 12.25, 8.5, 13 ], "texture": "#texture" },
        "south": { "uv": [ 7.5, 12.25, 7.625, 13 ], "texture": "#texture" },
        "west":  { "uv": [ 7.625, 12.25, 7.75, 13 ], "texture": "#texture" },
        "east":  { "uv": [ 8.25, 12.25, 8.375, 13 ], "texture": "#texture" }
    }
},
{
    "__comment": "handle base",
    "from": [ 7.5, 15.375, 7.625 ],
    "to": [ 7.625, 15.5, 7.75 ],
    "faces": {
        "down":  { "uv": [ 8.5, 7.75, 8.375, 7.625 ], "texture": "#cauldron_inner" },
        "up":    { "uv": [ 7.5, 7.625, 7.625, 7.75 ], "texture": "#cauldron_inner" },
        "north": { "uv": [ 8.375, 0.5, 8.5, 0.625 ], "texture": "#cauldron_inner" },
        "south": { "uv": [ 7.5, 0.5, 7.625, 0.625 ], "texture": "#cauldron_inner" },
        "west":  { "uv": [ 7.625, 0.5, 7.75, 0.625 ], "texture": "#cauldron_inner" },
        "east":  { "uv": [ 8.25, 0.5, 8.375, 0.625 ], "texture": "#cauldron_inner" }
    }
},
{
    "__comment": "handle base",
    "from": [ 7.5, 15.875, 7.625 ],
    "to": [ 7.625, 16, 7.75 ],
    "faces": {
        "down":  { "uv": [ 8.5, 7.75, 8.375, 7.625 ], "texture": "#cauldron_inner" },
        "up":    { "uv": [ 7.5, 7.625, 7.625, 7.75 ], "texture": "#cauldron_inner" },
        "north": { "uv": [ 8.375, 0, 8.5, 0.125 ], "texture": "#cauldron_inner" },
        "south": { "uv": [ 7.5, 0, 7.625, 0.125 ], "texture": "#cauldron_inner" },
        "west":  { "uv": [ 7.625, 0, 7.75, 0.125 ], "texture": "#cauldron_inner" },
        "east":  { "uv": [ 8.25, 0, 8.375, 0.125 ], "texture": "#cauldron_inner" }
    }
},
{
    "__comment": "handle",
    "from": [ 7.5, 3.75, 8.25 ],
    "to": [ 7.625, 4, 8.375 ],
    "faces": {
        "down":  { "uv": [ 8.5, 8.375, 8.375, 8.25 ], "texture": "#texture" },
        "up":    { "uv": [ 7.5, 8.25, 7.625, 8.375 ], "texture": "#texture" },
        "north": { "uv": [ 8.375, 12, 8.5, 12.25 ], "texture": "#texture" },
        "south": { "uv": [ 7.5, 12, 7.625, 12.25 ], "texture": "#texture" },
        "west":  { "uv": [ 8.25, 12, 8.375, 12.25 ], "texture": "#texture" },
        "east":  { "uv": [ 7.625, 12, 7.75, 12.25 ], "texture": "#texture" }
    }
},
{
    "__comment": "handle",
    "from": [ 7.5, 4.5, 8.25 ],
    "to": [ 7.625, 4.625, 8.375 ],
    "faces": {
        "down":  { "uv": [ 8.5, 8.375, 8.375, 8.25 ], "texture": "#texture" },
        "up":    { "uv": [ 7.5, 8.25, 7.625, 8.375 ], "texture": "#texture" },
        "north": { "uv": [ 8.375, 11.375, 8.5, 11.5 ], "texture": "#texture" },
        "south": { "uv": [ 7.5, 11.375, 7.625, 11.5 ], "texture": "#texture" },
        "west":  { "uv": [ 8.25, 11.375, 8.375, 11.5 ], "texture": "#texture" },
        "east":  { "uv": [ 7.625, 11.375, 7.75, 11.5 ], "texture": "#texture" }
    }
},
{
    "__comment": "handle base",
    "from": [ 7.5, 15.375, 8.25 ],
    "to": [ 7.625, 15.625, 8.375 ],
    "faces": {
        "down":  { "uv": [ 8.5, 8.375, 8.375, 8.25 ], "texture": "#cauldron_inner" },
        "up":    { "uv": [ 7.5, 8.25, 7.625, 8.375 ], "texture": "#cauldron_inner" },
        "north": { "uv": [ 8.375, 0.375, 8.5, 0.625 ], "texture": "#cauldron_inner" },
        "south": { "uv": [ 7.5, 0.375, 7.625, 0.625 ], "texture": "#cauldron_inner" },
        "west":  { "uv": [ 8.25, 0.375, 8.375, 0.625 ], "texture": "#cauldron_inner" },
        "east":  { "uv": [ 7.625, 0.375, 7.75, 0.625 ], "texture": "#cauldron_inner" }
    }
},
{
    "__comment": "handle base",
    "from": [ 7.5, 15.875, 8.25 ],
    "to": [ 7.625, 16, 8.375 ],
    "faces": {
        "down":  { "uv": [ 8.5, 8.375, 8.375, 8.25 ], "texture": "#cauldron_inner" },
        "up":    { "uv": [ 7.5, 8.25, 7.625, 8.375 ], "texture": "#cauldron_inner" },
        "north": { "uv": [ 8.375, 0, 8.5, 0.125 ], "texture": "#cauldron_inner" },
        "south": { "uv": [ 7.5, 0, 7.625, 0.125 ], "texture": "#cauldron_inner" },
        "west":  { "uv": [ 8.25, 0, 8.375, 0.125 ], "texture": "#cauldron_inner" },
        "east":  { "uv": [ 7.625, 0, 7.75, 0.125 ], "texture": "#cauldron_inner" }
    }
},
{
    "__comment": "handle",
    "from": [ 7.5, 1.125, 8.375 ],
    "to": [ 7.625, 1.25, 8.5 ],
    "faces": {
        "down":  { "uv": [ 8.5, 8.5, 8.375, 8.375 ], "texture": "#texture" },
        "up":    { "uv": [ 7.5, 8.375, 7.625, 8.5 ], "texture": "#texture" },
        "north": { "uv": [ 8.375, 14.75, 8.5, 14.875 ], "texture": "#texture" },
        "south": { "uv": [ 7.5, 14.75, 7.625, 14.875 ], "texture": "#texture" },
        "west":  { "uv": [ 8.375, 14.75, 8.5, 14.875 ], "texture": "#texture" },
        "east":  { "uv": [ 7.5, 14.75, 7.625, 14.875 ], "texture": "#texture" }
    }
},
{
    "__comment": "handle",
    "from": [ 7.625, 3, 7.625 ],
    "to": [ 7.75, 3.5, 7.75 ],
    "faces": {
        "down":  { "uv": [ 8.375, 7.75, 8.25, 7.625 ], "texture": "#texture" },
        "up":    { "uv": [ 7.625, 7.625, 7.75, 7.75 ], "texture": "#texture" },
        "north": { "uv": [ 8.25, 12.5, 8.375, 13 ], "texture": "#texture" },
        "south": { "uv": [ 7.625, 12.5, 7.75, 13 ], "texture": "#texture" },
        "west":  { "uv": [ 7.625, 12.5, 7.75, 13 ], "texture": "#texture" },
        "east":  { "uv": [ 8.25, 12.5, 8.375, 13 ], "texture": "#texture" }
    }
},
{
    "__comment": "handle base",
    "from": [ 7.625, 15.5, 8.25 ],
    "to": [ 7.75, 15.625, 8.375 ],
    "faces": {
        "down":  { "uv": [ 8.375, 8.375, 8.25, 8.25 ], "texture": "#cauldron_inner" },
        "up":    { "uv": [ 7.625, 8.25, 7.75, 8.375 ], "texture": "#cauldron_inner" },
        "north": { "uv": [ 8.25, 0.375, 8.375, 0.5 ], "texture": "#cauldron_inner" },
        "south": { "uv": [ 7.625, 0.375, 7.75, 0.5 ], "texture": "#cauldron_inner" },
        "west":  { "uv": [ 8.25, 0.375, 8.375, 0.5 ], "texture": "#cauldron_inner" },
        "east":  { "uv": [ 7.625, 0.375, 7.75, 0.5 ], "texture": "#cauldron_inner" }
    }
},
{
    "__comment": "handle",
    "from": [ 7.75, 1.125, 7.625 ],
    "to": [ 7.875, 2, 7.75 ],
    "faces": {
        "down":  { "uv": [ 8.25, 7.75, 8.125, 7.625 ], "texture": "#texture" },
        "up":    { "uv": [ 7.75, 7.625, 7.875, 7.75 ], "texture": "#texture" },
        "north": { "uv": [ 8.125, 14, 8.25, 14.875 ], "texture": "#texture" },
        "south": { "uv": [ 7.75, 14, 7.875, 14.875 ], "texture": "#texture" },
        "west":  { "uv": [ 7.625, 14, 7.75, 14.875 ], "texture": "#texture" },
        "east":  { "uv": [ 8.25, 14, 8.375, 14.875 ], "texture": "#texture" }
    }
},
{
    "__comment": "handle",
    "from": [ 7.75, 2.125, 8.25 ],
    "to": [ 7.875, 3.125, 8.375 ],
    "faces": {
        "down":  { "uv": [ 8.25, 8.375, 8.125, 8.25 ], "texture": "#texture" },
        "up":    { "uv": [ 7.75, 8.25, 7.875, 8.375 ], "texture": "#texture" },
        "north": { "uv": [ 8.125, 12.875, 8.25, 13.875 ], "texture": "#texture" },
        "south": { "uv": [ 7.75, 12.875, 7.875, 13.875 ], "texture": "#texture" },
        "west":  { "uv": [ 8.25, 12.875, 8.375, 13.875 ], "texture": "#texture" },
        "east":  { "uv": [ 7.625, 12.875, 7.75, 13.875 ], "texture": "#texture" }
    }
},
{
    "__comment": "handle",
    "from": [ 7.875, 1.125, 7.625 ],
    "to": [ 8, 1.5, 7.75 ],
    "faces": {
        "down":  { "uv": [ 8.125, 7.75, 8, 7.625 ], "texture": "#texture" },
        "up":    { "uv": [ 7.875, 7.625, 8, 7.75 ], "texture": "#texture" },
        "north": { "uv": [ 8, 14.5, 8.125, 14.875 ], "texture": "#texture" },
        "south": { "uv": [ 7.875, 14.5, 8, 14.875 ], "texture": "#texture" },
        "west":  { "uv": [ 7.625, 14.5, 7.75, 14.875 ], "texture": "#texture" },
        "east":  { "uv": [ 8.25, 14.5, 8.375, 14.875 ], "texture": "#texture" }
    }
},
{
    "__comment": "handle",
    "from": [ 7.875, 3.875, 7.75 ],
    "to": [ 8, 4.375, 7.875 ],
    "faces": {
        "down":  { "uv": [ 8.125, 7.875, 8, 7.75 ], "texture": "#texture" },
        "up":    { "uv": [ 7.875, 7.75, 8, 7.875 ], "texture": "#texture" },
        "north": { "uv": [ 8, 11.625, 8.125, 12.125 ], "texture": "#texture" },
        "south": { "uv": [ 7.875, 11.625, 8, 12.125 ], "texture": "#texture" },
        "west":  { "uv": [ 7.75, 11.625, 7.875, 12.125 ], "texture": "#texture" },
        "east":  { "uv": [ 8.125, 11.625, 8.25, 12.125 ], "texture": "#texture" }
    }
},
{
    "__comment": "handle base",
    "from": [ 7.875, 15.625, 7.75 ],
    "to": [ 8, 15.875, 7.875 ],
    "faces": {
        "down":  { "uv": [ 8.125, 7.875, 8, 7.75 ], "texture": "#cauldron_inner" },
        "up":    { "uv": [ 7.875, 7.75, 8, 7.875 ], "texture": "#cauldron_inner" },
        "north": { "uv": [ 8, 0.125, 8.125, 0.375 ], "texture": "#cauldron_inner" },
        "south": { "uv": [ 7.875, 0.125, 8, 0.375 ], "texture": "#cauldron_inner" },
        "west":  { "uv": [ 7.75, 0.125, 7.875, 0.375 ], "texture": "#cauldron_inner" },
        "east":  { "uv": [ 8.125, 0.125, 8.25, 0.375 ], "texture": "#cauldron_inner" }
    }
},
{
    "__comment": "handle",
    "from": [ 7.875, 4.625, 7.875 ],
    "to": [ 8, 5.5, 8.125 ],
    "faces": {
        "down":  { "uv": [ 8.125, 8.125, 8, 7.875 ], "texture": "#texture" },
        "up":    { "uv": [ 7.875, 7.875, 8, 8.125 ], "texture": "#texture" },
        "north": { "uv": [ 8, 10.5, 8.125, 11.375 ], "texture": "#texture" },
        "south": { "uv": [ 7.875, 10.5, 8, 11.375 ], "texture": "#texture" },
        "west":  { "uv": [ 7.875, 10.5, 8.125, 11.375 ], "texture": "#texture" },
        "east":  { "uv": [ 7.875, 10.5, 8.125, 11.375 ], "texture": "#texture" }
    }
},
{
    "__comment": "handle base",
    "from": [ 7.875, 15.125, 7.875 ],
    "to": [ 8, 15.625, 8.125 ],
    "faces": {
        "down":  { "uv": [ 8.125, 8.125, 8, 7.875 ], "texture": "#cauldron_inner" },
        "up":    { "uv": [ 7.875, 7.875, 8, 8.125 ], "texture": "#cauldron_inner" },
        "north": { "uv": [ 8, 0.375, 8.125, 0.875 ], "texture": "#cauldron_inner" },
        "south": { "uv": [ 7.875, 0.375, 8, 0.875 ], "texture": "#cauldron_inner" },
        "west":  { "uv": [ 7.875, 0.375, 8.125, 0.875 ], "texture": "#cauldron_inner" },
        "east":  { "uv": [ 7.875, 0.375, 8.125, 0.875 ], "texture": "#cauldron_inner" }
    }
},
{
    "__comment": "handle base",
    "from": [ 7.875, 15.875, 7.875 ],
    "to": [ 8, 16, 8.125 ],
    "faces": {
        "down":  { "uv": [ 8.125, 8.125, 8, 7.875 ], "texture": "#cauldron_inner" },
        "up":    { "uv": [ 7.875, 7.875, 8, 8.125 ], "texture": "#cauldron_inner" },
        "north": { "uv": [ 8, 0, 8.125, 0.125 ], "texture": "#cauldron_inner" },
        "south": { "uv": [ 7.875, 0, 8, 0.125 ], "texture": "#cauldron_inner" },
        "west":  { "uv": [ 7.875, 0, 8.125, 0.125 ], "texture": "#cauldron_inner" },
        "east":  { "uv": [ 7.875, 0, 8.125, 0.125 ], "texture": "#cauldron_inner" }
    }
},
{
    "__comment": "handle",
    "from": [ 7.875, 5.5, 8 ],
    "to": [ 8, 5.625, 8.125 ],
    "faces": {
        "down":  { "uv": [ 8.125, 8.125, 8, 8 ], "texture": "#texture" },
        "up":    { "uv": [ 7.875, 8, 8, 8.125 ], "texture": "#texture" },
        "north": { "uv": [ 8, 10.375, 8.125, 10.5 ], "texture": "#texture" },
        "south": { "uv": [ 7.875, 10.375, 8, 10.5 ], "texture": "#texture" },
        "west":  { "uv": [ 8, 10.375, 8.125, 10.5 ], "texture": "#texture" },
        "east":  { "uv": [ 7.875, 10.375, 8, 10.5 ], "texture": "#texture" }
    }
},
{
    "__comment": "handle",
    "from": [ 7.875, 4.125, 8.125 ],
    "to": [ 8, 4.5, 8.25 ],
    "faces": {
        "down":  { "uv": [ 8.125, 8.25, 8, 8.125 ], "texture": "#texture" },
        "up":    { "uv": [ 7.875, 8.125, 8, 8.25 ], "texture": "#texture" },
        "north": { "uv": [ 8, 11.5, 8.125, 11.875 ], "texture": "#texture" },
        "south": { "uv": [ 7.875, 11.5, 8, 11.875 ], "texture": "#texture" },
        "west":  { "uv": [ 8.125, 11.5, 8.25, 11.875 ], "texture": "#texture" },
        "east":  { "uv": [ 7.75, 11.5, 7.875, 11.875 ], "texture": "#texture" }
    }
},
{
    "__comment": "handle top",
    "from": [ 8, 0, 7.625 ],
    "to": [ 8.125, 0.25, 7.75 ],
    "faces": {
        "down":  { "uv": [ 8, 7.75, 7.875, 7.625 ], "texture": "#texture" },
        "up":    { "uv": [ 8, 7.625, 8.125, 7.75 ], "texture": "#texture" },
        "north": { "uv": [ 7.875, 15.75, 8, 16 ], "texture": "#texture" },
        "south": { "uv": [ 8, 15.75, 8.125, 16 ], "texture": "#texture" },
        "west":  { "uv": [ 7.625, 15.75, 7.75, 16 ], "texture": "#texture" },
        "east":  { "uv": [ 8.25, 15.75, 8.375, 16 ], "texture": "#texture" }
    }
},
{
    "__comment": "handle",
    "from": [ 8, 1, 7.75 ],
    "to": [ 8.125, 1.375, 7.875 ],
    "faces": {
        "down":  { "uv": [ 8, 7.875, 7.875, 7.75 ], "texture": "#texture" },
        "up":    { "uv": [ 8, 7.75, 8.125, 7.875 ], "texture": "#texture" },
        "north": { "uv": [ 7.875, 14.625, 8, 15 ], "texture": "#texture" },
        "south": { "uv": [ 8, 14.625, 8.125, 15 ], "texture": "#texture" },
        "west":  { "uv": [ 7.75, 14.625, 7.875, 15 ], "texture": "#texture" },
        "east":  { "uv": [ 8.125, 14.625, 8.25, 15 ], "texture": "#texture" }
    }
},
{
    "__comment": "handle",
    "from": [ 8, 3.75, 7.875 ],
    "to": [ 8.125, 4, 8.125 ],
    "faces": {
        "down":  { "uv": [ 8, 8.125, 7.875, 7.875 ], "texture": "#texture" },
        "up":    { "uv": [ 8, 7.875, 8.125, 8.125 ], "texture": "#texture" },
        "north": { "uv": [ 7.875, 12, 8, 12.25 ], "texture": "#texture" },
        "south": { "uv": [ 8, 12, 8.125, 12.25 ], "texture": "#texture" },
        "west":  { "uv": [ 7.875, 12, 8.125, 12.25 ], "texture": "#texture" },
        "east":  { "uv": [ 7.875, 12, 8.125, 12.25 ], "texture": "#texture" }
    }
},
{
    "__comment": "handle",
    "from": [ 8, 1.5, 8.125 ],
    "to": [ 8.125, 2.5, 8.25 ],
    "faces": {
        "down":  { "uv": [ 8, 8.25, 7.875, 8.125 ], "texture": "#texture" },
        "up":    { "uv": [ 8, 8.125, 8.125, 8.25 ], "texture": "#texture" },
        "north": { "uv": [ 7.875, 13.5, 8, 14.5 ], "texture": "#texture" },
        "south": { "uv": [ 8, 13.5, 8.125, 14.5 ], "texture": "#texture" },
        "west":  { "uv": [ 8.125, 13.5, 8.25, 14.5 ], "texture": "#texture" },
        "east":  { "uv": [ 7.75, 13.5, 7.875, 14.5 ], "texture": "#texture" }
    }
},
{
    "__comment": "handle",
    "from": [ 8, 1, 8.25 ],
    "to": [ 8.125, 1.125, 8.375 ],
    "faces": {
        "down":  { "uv": [ 8, 8.375, 7.875, 8.25 ], "texture": "#texture" },
        "up":    { "uv": [ 8, 8.25, 8.125, 8.375 ], "texture": "#texture" },
        "north": { "uv": [ 7.875, 14.875, 8, 15 ], "texture": "#texture" },
        "south": { "uv": [ 8, 14.875, 8.125, 15 ], "texture": "#texture" },
        "west":  { "uv": [ 8.25, 14.875, 8.375, 15 ], "texture": "#texture" },
        "east":  { "uv": [ 7.625, 14.875, 7.75, 15 ], "texture": "#texture" }
    }
},
{
    "__comment": "handle",
    "from": [ 8.125, 0.375, 7.625 ],
    "to": [ 8.25, 0.5, 7.75 ],
    "faces": {
        "down":  { "uv": [ 7.875, 7.75, 7.75, 7.625 ], "texture": "#texture" },
        "up":    { "uv": [ 8.125, 7.625, 8.25, 7.75 ], "texture": "#texture" },
        "north": { "uv": [ 7.75, 15.5, 7.875, 15.625 ], "texture": "#texture" },
        "south": { "uv": [ 8.125, 15.5, 8.25, 15.625 ], "texture": "#texture" },
        "west":  { "uv": [ 7.625, 15.5, 7.75, 15.625 ], "texture": "#texture" },
        "east":  { "uv": [ 8.25, 15.5, 8.375, 15.625 ], "texture": "#texture" }
    }
},
{
    "__comment": "handle top",
    "from": [ 8.125, 0, 7.75 ],
    "to": [ 8.25, 0.25, 7.875 ],
    "faces": {
        "down":  { "uv": [ 7.875, 7.875, 7.75, 7.75 ], "texture": "#texture" },
        "up":    { "uv": [ 8.125, 7.75, 8.25, 7.875 ], "texture": "#texture" },
        "north": { "uv": [ 7.75, 15.75, 7.875, 16 ], "texture": "#texture" },
        "south": { "uv": [ 8.125, 15.75, 8.25, 16 ], "texture": "#texture" },
        "west":  { "uv": [ 7.75, 15.75, 7.875, 16 ], "texture": "#texture" },
        "east":  { "uv": [ 8.125, 15.75, 8.25, 16 ], "texture": "#texture" }
    }
},
{
    "__comment": "handle",
    "from": [ 8.125, 1, 7.75 ],
    "to": [ 8.25, 1.125, 7.875 ],
    "faces": {
        "down":  { "uv": [ 7.875, 7.875, 7.75, 7.75 ], "texture": "#texture" },
        "up":    { "uv": [ 8.125, 7.75, 8.25, 7.875 ], "texture": "#texture" },
        "north": { "uv": [ 7.75, 14.875, 7.875, 15 ], "texture": "#texture" },
        "south": { "uv": [ 8.125, 14.875, 8.25, 15 ], "texture": "#texture" },
        "west":  { "uv": [ 7.75, 14.875, 7.875, 15 ], "texture": "#texture" },
        "east":  { "uv": [ 8.125, 14.875, 8.25, 15 ], "texture": "#texture" }
    }
},
{
    "__comment": "handle",
    "from": [ 8.125, 1.25, 7.875 ],
    "to": [ 8.25, 1.5, 8.125 ],
    "faces": {
        "down":  { "uv": [ 7.875, 8.125, 7.75, 7.875 ], "texture": "#texture" },
        "up":    { "uv": [ 8.125, 7.875, 8.25, 8.125 ], "texture": "#texture" },
        "north": { "uv": [ 7.75, 14.5, 7.875, 14.75 ], "texture": "#texture" },
        "south": { "uv": [ 8.125, 14.5, 8.25, 14.75 ], "texture": "#texture" },
        "west":  { "uv": [ 7.875, 14.5, 8.125, 14.75 ], "texture": "#texture" },
        "east":  { "uv": [ 7.875, 14.5, 8.125, 14.75 ], "texture": "#texture" }
    }
},
{
    "__comment": "handle top",
    "from": [ 8.125, 0.125, 8.125 ],
    "to": [ 8.25, 0.25, 8.25 ],
    "faces": {
        "down":  { "uv": [ 7.875, 8.25, 7.75, 8.125 ], "texture": "#cauldron_inner" },
        "up":    { "uv": [ 8.125, 8.125, 8.25, 8.25 ], "texture": "#cauldron_inner" },
        "north": { "uv": [ 7.75, 15.75, 7.875, 15.875 ], "texture": "#cauldron_inner" },
        "south": { "uv": [ 8.125, 15.75, 8.25, 15.875 ], "texture": "#cauldron_inner" },
        "west":  { "uv": [ 8.125, 15.75, 8.25, 15.875 ], "texture": "#cauldron_inner" },
        "east":  { "uv": [ 7.75, 15.75, 7.875, 15.875 ], "texture": "#cauldron_inner" }
    }
},
{
    "__comment": "handle",
    "from": [ 8.125, 1, 8.125 ],
    "to": [ 8.25, 1.125, 8.25 ],
    "faces": {
        "down":  { "uv": [ 7.875, 8.25, 7.75, 8.125 ], "texture": "#texture" },
        "up":    { "uv": [ 8.125, 8.125, 8.25, 8.25 ], "texture": "#texture" },
        "north": { "uv": [ 7.75, 14.875, 7.875, 15 ], "texture": "#texture" },
        "south": { "uv": [ 8.125, 14.875, 8.25, 15 ], "texture": "#texture" },
        "west":  { "uv": [ 8.125, 14.875, 8.25, 15 ], "texture": "#texture" },
        "east":  { "uv": [ 7.75, 14.875, 7.875, 15 ], "texture": "#texture" }
    }
},
{
    "__comment": "handle",
    "from": [ 8.125, 0.375, 8.25 ],
    "to": [ 8.25, 0.5, 8.375 ],
    "faces": {
        "down":  { "uv": [ 7.875, 8.375, 7.75, 8.25 ], "texture": "#texture" },
        "up":    { "uv": [ 8.125, 8.25, 8.25, 8.375 ], "texture": "#texture" },
        "north": { "uv": [ 7.75, 15.5, 7.875, 15.625 ], "texture": "#texture" },
        "south": { "uv": [ 8.125, 15.5, 8.25, 15.625 ], "texture": "#texture" },
        "west":  { "uv": [ 8.25, 15.5, 8.375, 15.625 ], "texture": "#texture" },
        "east":  { "uv": [ 7.625, 15.5, 7.75, 15.625 ], "texture": "#texture" }
    }
},
{
    "__comment": "Pickaxe head",
    "from": [ 9.75, 0.5, 7.75 ],
    "to": [ 9.875, 0.625, 7.875 ],
    "faces": {
        "down":  { "uv": [ 6.25, 7.875, 6.125, 7.75 ], "texture": "#diamond_block" },
        "up":    { "uv": [ 9.75, 7.75, 9.875, 7.875 ], "texture": "#diamond_block" },
        "north": { "uv": [ 6.125, 15.375, 6.25, 15.5 ], "texture": "#diamond_block" },
        "south": { "uv": [ 9.75, 15.375, 9.875, 15.5 ], "texture": "#diamond_block" },
        "west":  { "uv": [ 7.75, 15.375, 7.875, 15.5 ], "texture": "#diamond_block" },
        "east":  { "uv": [ 8.125, 15.375, 8.25, 15.5 ], "texture": "#diamond_block" }
    }
},
{
    "__comment": "Pickaxe head",
    "from": [ 9.875, 1, 7.75 ],
    "to": [ 11.75, 1.125, 8.25 ],
    "faces": {
        "down":  { "uv": [ 6.125, 8.25, 4.25, 7.75 ], "texture": "#diamond_block" },
        "up":    { "uv": [ 9.875, 7.75, 11.75, 8.25 ], "texture": "#diamond_block" },
        "north": { "uv": [ 4.25, 14.875, 6.125, 15 ], "texture": "#diamond_block" },
        "south": { "uv": [ 9.875, 14.875, 11.75, 15 ], "texture": "#diamond_block" },
        "west":  { "uv": [ 7.75, 14.875, 8.25, 15 ], "texture": "#diamond_block" },
        "east":  { "uv": [ 7.75, 14.875, 8.25, 15 ], "texture": "#diamond_block" }
    }
},
{
    "__comment": "Pickaxe head",
    "from": [ 10.875, 1.125, 7.75 ],
    "to": [ 12, 1.25, 8.25 ],
    "faces": {
        "down":  { "uv": [ 5.125, 8.25, 4, 7.75 ], "texture": "#diamond_block" },
        "up":    { "uv": [ 10.875, 7.75, 12, 8.25 ], "texture": "#diamond_block" },
        "north": { "uv": [ 4, 14.75, 5.125, 14.875 ], "texture": "#diamond_block" },
        "south": { "uv": [ 10.875, 14.75, 12, 14.875 ], "texture": "#diamond_block" },
        "west":  { "uv": [ 7.75, 14.75, 8.25, 14.875 ], "texture": "#diamond_block" },
        "east":  { "uv": [ 7.75, 14.75, 8.25, 14.875 ], "texture": "#diamond_block" }
    }
},
{
    "__comment": "Pickaxe head",
    "from": [ 11, 0.875, 7.75 ],
    "to": [ 11.375, 1, 7.875 ],
    "faces": {
        "down":  { "uv": [ 5, 7.875, 4.625, 7.75 ], "texture": "#diamond_block" },
        "up":    { "uv": [ 11, 7.75, 11.375, 7.875 ], "texture": "#diamond_block" },
        "north": { "uv": [ 4.625, 15, 5, 15.125 ], "texture": "#diamond_block" },
        "south": { "uv": [ 11, 15, 11.375, 15.125 ], "texture": "#diamond_block" },
        "west":  { "uv": [ 7.75, 15, 7.875, 15.125 ], "texture": "#diamond_block" },
        "east":  { "uv": [ 8.125, 15, 8.25, 15.125 ], "texture": "#diamond_block" }
    }
},
{
    "__comment": "Pickaxe head",
    "from": [ 11, 0.875, 8.125 ],
    "to": [ 11.375, 1, 8.25 ],
    "faces": {
        "down":  { "uv": [ 5, 8.25, 4.625, 8.125 ], "texture": "#diamond_block" },
        "up":    { "uv": [ 11, 8.125, 11.375, 8.25 ], "texture": "#diamond_block" },
        "north": { "uv": [ 4.625, 15, 5, 15.125 ], "texture": "#diamond_block" },
        "south": { "uv": [ 11, 15, 11.375, 15.125 ], "texture": "#diamond_block" },
        "west":  { "uv": [ 8.125, 15, 8.25, 15.125 ], "texture": "#diamond_block" },
        "east":  { "uv": [ 7.75, 15, 7.875, 15.125 ], "texture": "#diamond_block" }
    }
},
{
    "__comment": "Pickaxe head",
    "from": [ 11.375, 1.25, 7.75 ],
    "to": [ 12.25, 1.375, 8.25 ],
    "faces": {
        "down":  { "uv": [ 4.625, 8.25, 3.75, 7.75 ], "texture": "#diamond_block" },
        "up":    { "uv": [ 11.375, 7.75, 12.25, 8.25 ], "texture": "#diamond_block" },
        "north": { "uv": [ 3.75, 14.625, 4.625, 14.75 ], "texture": "#diamond_block" },
        "south": { "uv": [ 11.375, 14.625, 12.25, 14.75 ], "texture": "#diamond_block" },
        "west":  { "uv": [ 7.75, 14.625, 8.25, 14.75 ], "texture": "#diamond_block" },
        "east":  { "uv": [ 7.75, 14.625, 8.25, 14.75 ], "texture": "#diamond_block" }
    }
},
{
    "__comment": "Pickaxe head",
    "from": [ 11.75, 1.375, 7.75 ],
    "to": [ 12.625, 1.5, 8.25 ],
    "faces": {
        "down":  { "uv": [ 4.25, 8.25, 3.375, 7.75 ], "texture": "#diamond_block" },
        "up":    { "uv": [ 11.75, 7.75, 12.625, 8.25 ], "texture": "#diamond_block" },
        "north": { "uv": [ 3.375, 14.5, 4.25, 14.625 ], "texture": "#diamond_block" },
        "south": { "uv": [ 11.75, 14.5, 12.625, 14.625 ], "texture": "#diamond_block" },
        "west":  { "uv": [ 7.75, 14.5, 8.25, 14.625 ], "texture": "#diamond_block" },
        "east":  { "uv": [ 7.75, 14.5, 8.25, 14.625 ], "texture": "#diamond_block" }
    }
},
{
    "__comment": "Pickaxe head",
    "from": [ 12.125, 1.5, 7.75 ],
    "to": [ 12.75, 1.625, 8.25 ],
    "faces": {
        "down":  { "uv": [ 3.875, 8.25, 3.25, 7.75 ], "texture": "#diamond_block" },
        "up":    { "uv": [ 12.125, 7.75, 12.75, 8.25 ], "texture": "#diamond_block" },
        "north": { "uv": [ 3.25, 14.375, 3.875, 14.5 ], "texture": "#diamond_block" },
        "south": { "uv": [ 12.125, 14.375, 12.75, 14.5 ], "texture": "#diamond_block" },
        "west":  { "uv": [ 7.75, 14.375, 8.25, 14.5 ], "texture": "#diamond_block" },
        "east":  { "uv": [ 7.75, 14.375, 8.25, 14.5 ], "texture": "#diamond_block" }
    }
},
{
    "__comment": "Pickaxe head",
    "from": [ 12.5, 1.625, 7.75 ],
    "to": [ 13, 1.75, 8.25 ],
    "faces": {
        "down":  { "uv": [ 3.5, 8.25, 3, 7.75 ], "texture": "#diamond_block" },
        "up":    { "uv": [ 12.5, 7.75, 13, 8.25 ], "texture": "#diamond_block" },
        "north": { "uv": [ 3, 14.25, 3.5, 14.375 ], "texture": "#diamond_block" },
        "south": { "uv": [ 12.5, 14.25, 13, 14.375 ], "texture": "#diamond_block" },
        "west":  { "uv": [ 7.75, 14.25, 8.25, 14.375 ], "texture": "#diamond_block" },
        "east":  { "uv": [ 7.75, 14.25, 8.25, 14.375 ], "texture": "#diamond_block" }
    }
},
{
    "__comment": "Pickaxe head",
    "from": [ 12.75, 1.5, 7.75 ],
    "to": [ 12.875, 1.625, 8 ],
    "faces": {
        "down":  { "uv": [ 3.25, 8, 3.125, 7.75 ], "texture": "#diamond_block" },
        "up":    { "uv": [ 12.75, 7.75, 12.875, 8 ], "texture": "#diamond_block" },
        "north": { "uv": [ 3.125, 14.375, 3.25, 14.5 ], "texture": "#diamond_block" },
        "south": { "uv": [ 12.75, 14.375, 12.875, 14.5 ], "texture": "#diamond_block" },
        "west":  { "uv": [ 7.75, 14.375, 8, 14.5 ], "texture": "#diamond_block" },
        "east":  { "uv": [ 8, 14.375, 8.25, 14.5 ], "texture": "#diamond_block" }
    }
},
{
    "__comment": "Pickaxe head",
    "from": [ 12.875, 1.75, 7.75 ],
    "to": [ 13.25, 1.875, 8.25 ],
    "faces": {
        "down":  { "uv": [ 3.125, 8.25, 2.75, 7.75 ], "texture": "#diamond_block" },
        "up":    { "uv": [ 12.875, 7.75, 13.25, 8.25 ], "texture": "#diamond_block" },
        "north": { "uv": [ 2.75, 14.125, 3.125, 14.25 ], "texture": "#diamond_block" },
        "south": { "uv": [ 12.875, 14.125, 13.25, 14.25 ], "texture": "#diamond_block" },
        "west":  { "uv": [ 7.75, 14.125, 8.25, 14.25 ], "texture": "#diamond_block" },
        "east":  { "uv": [ 7.75, 14.125, 8.25, 14.25 ], "texture": "#diamond_block" }
    }
},
{
    "__comment": "Pickaxe head",
    "from": [ 13.25, 1.875, 7.625 ],
    "to": [ 13.5, 2, 8.375 ],
    "faces": {
        "down":  { "uv": [ 2.75, 8.375, 2.5, 7.625 ], "texture": "#diamond_block" },
        "up":    { "uv": [ 13.25, 7.625, 13.5, 8.375 ], "texture": "#diamond_block" },
        "north": { "uv": [ 2.5, 14, 2.75, 14.125 ], "texture": "#diamond_block" },
        "south": { "uv": [ 13.25, 14, 13.5, 14.125 ], "texture": "#diamond_block" },
        "west":  { "uv": [ 7.625, 14, 8.375, 14.125 ], "texture": "#diamond_block" },
        "east":  { "uv": [ 7.625, 14, 8.375, 14.125 ], "texture": "#diamond_block" }
    }
},
{
    "__comment": "Pickaxe head",
    "from": [ 13.475, 2, 7.75 ],
    "to": [ 13.6, 2.125, 8.25 ],
    "faces": {
        "down":  { "uv": [ 2.525, 8.25, 2.4, 7.75 ], "texture": "#diamond_block" },
        "up":    { "uv": [ 13.475, 7.75, 13.6, 8.25 ], "texture": "#diamond_block" },
        "north": { "uv": [ 2.4, 13.875, 2.525, 14 ], "texture": "#diamond_block" },
        "south": { "uv": [ 13.475, 13.875, 13.6, 14 ], "texture": "#diamond_block" },
        "west":  { "uv": [ 7.75, 13.875, 8.25, 14 ], "texture": "#diamond_block" },
        "east":  { "uv": [ 7.75, 13.875, 8.25, 14 ], "texture": "#diamond_block" }
    }
}
],
"display": {
    "thirdperson_righthand": {
        "rotation": [ 1, 89, -180 ],
        "translation": [ -0.56, 4.72, 0.56 ],
        "scale": [ 1.8, 1.39, 2.77 ]
    },
    "thirdperson_lefthand": {
        "rotation": [ 1, -89, -180 ],
        "translation": [ 0.19, 4.35, 0.94 ],
        "scale": [ 1.8, 1.39, 2.77 ]
    },
    "head": {
        "rotation": [ -11, 170, 51 ],
        "translation": [ 0, -14.36, 4.16 ],
        "scale": [ 2.56, 2.11, 2.27 ]
    },
    "ground": {
        "rotation": [ 0, 0, 0 ],
        "translation": [ 0, 2, 0 ],
        "scale": [ 0.5, 0.5, 0.5 ]
    },
    "fixed": {
        "rotation": [ 0, 180, 130 ],
        "translation": [ 0, 0, -0.19 ],
        "scale": [ 1, 1, 1 ]
    },
    "firstperson_righthand": {
        "rotation": [ 0, 88, -173 ],
        "translation": [ -0.94, -1.18, 0 ],
        "scale": [ 1.96, 1.48, 2.27 ]
    },
    "firstperson_lefthand": {
        "rotation": [ 0, 95, -173 ],
        "translation": [ 3.86, -1.18, 0 ],
        "scale": [ 1.96, 1.48, 2.27 ]
    },
    "gui": {
        "rotation": [ -16, -3, 136 ],
        "translation": [ -1.13, -0.94, 0 ],
        "scale": [ 1.03, 1.03, 1.03 ]
    }
}
}