{
	"credit": "Made using Blockbench ~",
	"textures": {
		"0": "block/bow/blackbowtextures",
		"1": "block/weapons/bone_block_side",
		"2": "block/weapons/fulangedmace",
		"particle": "block/bow/blackbowtextures"
	},
	"elements": [
		{
			"from": [21.25, 3.9375, 7.625],
			"to": [21.5, 4.1875, 11.0625],
			"faces": {
				"north": {"uv": [14.25, 8, 15, 8.75], "texture": "#2"},
				"east": {"uv": [14.25, 8, 15, 8.75], "texture": "#2"},
				"south": {"uv": [14.25, 8, 15, 8.75], "texture": "#2"},
				"west": {"uv": [14.25, 8, 15, 8.75], "texture": "#2"},
				"up": {"uv": [14.25, 8, 15, 8.75], "texture": "#2"},
				"down": {"uv": [14.25, 8, 15, 8.75], "texture": "#2"}
			}
		},
		{
			"from": [-3.80629, 7.52181, 7.75],
			"to": [-3.05629, 8.14681, 10.9375],
			"rotation": {"angle": -22.5, "axis": "z", "origin": [-2.30629, 7.83431, 7.625]},
			"faces": {
				"north": {"uv": [4.048, 1.616, 5.971, 2.11], "rotation": 270, "texture": "#0"},
				"east": {"uv": [4.048, 1.616, 5.971, 2.11], "rotation": 270, "texture": "#0"},
				"south": {"uv": [4.048, 1.616, 5.971, 2.11], "rotation": 270, "texture": "#0"},
				"west": {"uv": [4.048, 1.616, 5.971, 2.11], "rotation": 270, "texture": "#0"},
				"up": {"uv": [4.048, 1.616, 5.971, 2.11], "rotation": 270, "texture": "#0"},
				"down": {"uv": [4.048, 1.616, 5.971, 2.11], "rotation": 270, "texture": "#0"}
			}
		},
		{
			"from": [-3.72066, 7.95233, 7.75],
			"to": [-2.97066, 8.57733, 10.9375],
			"rotation": {"angle": 22.5, "axis": "z", "origin": [-3.34566, 8.26483, 9.34375]},
			"faces": {
				"north": {"uv": [4.048, 1.616, 5.971, 2.11], "rotation": 270, "texture": "#0"},
				"east": {"uv": [4.048, 1.616, 5.971, 2.11], "rotation": 270, "texture": "#0"},
				"south": {"uv": [4.048, 1.616, 5.971, 2.11], "rotation": 270, "texture": "#0"},
				"west": {"uv": [4.048, 1.616, 5.971, 2.11], "rotation": 270, "texture": "#0"},
				"up": {"uv": [4.048, 1.616, 5.971, 2.11], "rotation": 270, "texture": "#0"},
				"down": {"uv": [4.048, 1.616, 5.971, 2.11], "rotation": 270, "texture": "#0"}
			}
		},
		{
			"from": [-3.72066, 7.95233, 7.75],
			"to": [-2.97066, 8.57733, 10.9375],
			"rotation": {"angle": 45, "axis": "z", "origin": [-3.34566, 8.26483, 9.34375]},
			"faces": {
				"north": {"uv": [4.048, 1.616, 5.971, 2.11], "rotation": 270, "texture": "#0"},
				"east": {"uv": [4.048, 1.616, 5.971, 2.11], "rotation": 270, "texture": "#0"},
				"south": {"uv": [4.048, 1.616, 5.971, 2.11], "rotation": 270, "texture": "#0"},
				"west": {"uv": [4.048, 1.616, 5.971, 2.11], "rotation": 270, "texture": "#0"},
				"up": {"uv": [4.048, 1.616, 5.971, 2.11], "rotation": 270, "texture": "#0"},
				"down": {"uv": [4.048, 1.616, 5.971, 2.11], "rotation": 270, "texture": "#0"}
			}
		},
		{
			"from": [-3.72066, 7.95233, 7.75],
			"to": [-2.97066, 8.57733, 10.9375],
			"faces": {
				"north": {"uv": [4.048, 1.616, 5.971, 2.11], "rotation": 90, "texture": "#0"},
				"east": {"uv": [4.048, 1.616, 5.971, 2.11], "rotation": 90, "texture": "#0"},
				"south": {"uv": [4.048, 1.616, 5.971, 2.11], "rotation": 90, "texture": "#0"},
				"west": {"uv": [4.048, 1.616, 5.971, 2.11], "rotation": 90, "texture": "#0"},
				"up": {"uv": [4.048, 1.616, 5.971, 2.11], "rotation": 90, "texture": "#0"},
				"down": {"uv": [4.048, 1.616, 5.971, 2.11], "rotation": 90, "texture": "#0"}
			}
		},
		{
			"from": [18.5, 2.6875, 0.8125],
			"to": [19.1875, 4.125, 16.9375],
			"faces": {
				"north": {"uv": [0.576, 0.688, 6.201, 2.125], "texture": "#0"},
				"east": {"uv": [0.576, 0.688, 6.201, 2.125], "texture": "#0"},
				"south": {"uv": [0.576, 0.688, 6.201, 2.125], "texture": "#0"},
				"west": {"uv": [0.576, 0.688, 6.201, 2.125], "texture": "#0"},
				"up": {"uv": [0.576, 0.688, 6.201, 2.125], "texture": "#0"},
				"down": {"uv": [0.576, 0.688, 6.201, 2.125], "texture": "#0"}
			}
		},
		{
			"from": [16.875, 2.6875, 17.125],
			"to": [17.5, 4.125, 22.75],
			"rotation": {"angle": -22.5, "axis": "y", "origin": [18.84375, 3.40625, 21.15625]},
			"faces": {
				"north": {"uv": [0.576, 0.688, 6.201, 2.125], "texture": "#0"},
				"east": {"uv": [0.576, 0.688, 6.201, 2.125], "texture": "#0"},
				"south": {"uv": [0.576, 0.688, 6.201, 2.125], "texture": "#0"},
				"west": {"uv": [0.576, 0.688, 6.201, 2.125], "texture": "#0"},
				"up": {"uv": [0.576, 0.688, 6.201, 2.125], "texture": "#0"},
				"down": {"uv": [0.576, 0.688, 6.201, 2.125], "texture": "#0"}
			}
		},
		{
			"from": [18.5, 2.6875, -3.5],
			"to": [19.125, 4.125, 1.875],
			"rotation": {"angle": 22.5, "axis": "y", "origin": [16.625, 3.40625, 1.1875]},
			"faces": {
				"north": {"uv": [0.576, 0.688, 6.201, 2.125], "texture": "#0"},
				"east": {"uv": [0.576, 0.688, 6.201, 2.125], "texture": "#0"},
				"south": {"uv": [0.576, 0.688, 6.201, 2.125], "texture": "#0"},
				"west": {"uv": [0.576, 0.688, 6.201, 2.125], "texture": "#0"},
				"up": {"uv": [0.576, 0.688, 6.201, 2.125], "texture": "#0"},
				"down": {"uv": [0.576, 0.688, 6.201, 2.125], "texture": "#0"}
			}
		},
		{
			"from": [14.4375, 4.375, 16.1875],
			"to": [14.6875, 4.625, 16.875],
			"rotation": {"angle": 45, "axis": "y", "origin": [16.5, 3.5, 19.75]},
			"faces": {
				"north": {"uv": [8, 4, 8.25, 4.25], "texture": "#1"},
				"east": {"uv": [8, 4, 8.25, 4.25], "texture": "#1"},
				"south": {"uv": [8, 4, 8.25, 4.25], "texture": "#1"},
				"west": {"uv": [8, 4, 8.25, 4.25], "texture": "#1"},
				"up": {"uv": [8, 4, 8.25, 4.25], "texture": "#1"},
				"down": {"uv": [8, 4, 8.25, 4.25], "texture": "#1"}
			}
		},
		{
			"from": [7.11069, 4.9375, 8.6954],
			"to": [7.36069, 5.1875, 12.3204],
			"rotation": {"angle": 22.5, "axis": "y", "origin": [8.23569, 3.5625, 13.6954]},
			"faces": {
				"north": {"uv": [8, 4, 8.25, 4.25], "texture": "#1"},
				"east": {"uv": [8, 4, 8.25, 4.25], "texture": "#1"},
				"south": {"uv": [8, 4, 8.25, 4.25], "texture": "#1"},
				"west": {"uv": [8, 4, 8.25, 4.25], "texture": "#1"},
				"up": {"uv": [8, 4, 8.25, 4.25], "texture": "#1"},
				"down": {"uv": [8, 4, 8.25, 4.25], "texture": "#1"}
			}
		},
		{
			"from": [14.4375, 4.875, 7.875],
			"to": [14.6875, 5.125, 9.0625],
			"rotation": {"angle": 45, "axis": "y", "origin": [16.5, 3.5, 19.75]},
			"faces": {
				"north": {"uv": [8, 4, 8.25, 4.25], "texture": "#1"},
				"east": {"uv": [8, 4, 8.25, 4.25], "texture": "#1"},
				"south": {"uv": [8, 4, 8.25, 4.25], "texture": "#1"},
				"west": {"uv": [8, 4, 8.25, 4.25], "texture": "#1"},
				"up": {"uv": [8, 4, 8.25, 4.25], "texture": "#1"},
				"down": {"uv": [8, 4, 8.25, 4.25], "texture": "#1"}
			}
		},
		{
			"from": [14.4375, 4.8125, 9.0625],
			"to": [14.6875, 5.0625, 10.25],
			"rotation": {"angle": 45, "axis": "y", "origin": [16.5, 3.5, 19.75]},
			"faces": {
				"north": {"uv": [8, 4, 8.25, 4.25], "texture": "#1"},
				"east": {"uv": [8, 4, 8.25, 4.25], "texture": "#1"},
				"south": {"uv": [8, 4, 8.25, 4.25], "texture": "#1"},
				"west": {"uv": [8, 4, 8.25, 4.25], "texture": "#1"},
				"up": {"uv": [8, 4, 8.25, 4.25], "texture": "#1"},
				"down": {"uv": [8, 4, 8.25, 4.25], "texture": "#1"}
			}
		},
		{
			"from": [14.4375, 4.75, 10.25],
			"to": [14.6875, 5, 11.4375],
			"rotation": {"angle": 45, "axis": "y", "origin": [16.5, 3.5, 19.75]},
			"faces": {
				"north": {"uv": [8, 4, 8.25, 4.25], "texture": "#1"},
				"east": {"uv": [8, 4, 8.25, 4.25], "texture": "#1"},
				"south": {"uv": [8, 4, 8.25, 4.25], "texture": "#1"},
				"west": {"uv": [8, 4, 8.25, 4.25], "texture": "#1"},
				"up": {"uv": [8, 4, 8.25, 4.25], "texture": "#1"},
				"down": {"uv": [8, 4, 8.25, 4.25], "texture": "#1"}
			}
		},
		{
			"from": [14.4375, 4.6875, 11.4375],
			"to": [14.6875, 4.9375, 12.625],
			"rotation": {"angle": 45, "axis": "y", "origin": [16.5, 3.5, 19.75]},
			"faces": {
				"north": {"uv": [8, 4, 8.25, 4.25], "texture": "#1"},
				"east": {"uv": [8, 4, 8.25, 4.25], "texture": "#1"},
				"south": {"uv": [8, 4, 8.25, 4.25], "texture": "#1"},
				"west": {"uv": [8, 4, 8.25, 4.25], "texture": "#1"},
				"up": {"uv": [8, 4, 8.25, 4.25], "texture": "#1"},
				"down": {"uv": [8, 4, 8.25, 4.25], "texture": "#1"}
			}
		},
		{
			"from": [14.4375, 4.5625, 12.625],
			"to": [14.6875, 4.8125, 13.8125],
			"rotation": {"angle": 45, "axis": "y", "origin": [16.5, 3.5, 19.75]},
			"faces": {
				"north": {"uv": [8, 4, 8.25, 4.25], "texture": "#1"},
				"east": {"uv": [8, 4, 8.25, 4.25], "texture": "#1"},
				"south": {"uv": [8, 4, 8.25, 4.25], "texture": "#1"},
				"west": {"uv": [8, 4, 8.25, 4.25], "texture": "#1"},
				"up": {"uv": [8, 4, 8.25, 4.25], "texture": "#1"},
				"down": {"uv": [8, 4, 8.25, 4.25], "texture": "#1"}
			}
		},
		{
			"from": [14.4375, 4.5, 13.8125],
			"to": [14.6875, 4.75, 15],
			"rotation": {"angle": 45, "axis": "y", "origin": [16.5, 3.5, 19.75]},
			"faces": {
				"north": {"uv": [8, 4, 8.25, 4.25], "texture": "#1"},
				"east": {"uv": [8, 4, 8.25, 4.25], "texture": "#1"},
				"south": {"uv": [8, 4, 8.25, 4.25], "texture": "#1"},
				"west": {"uv": [8, 4, 8.25, 4.25], "texture": "#1"},
				"up": {"uv": [8, 4, 8.25, 4.25], "texture": "#1"},
				"down": {"uv": [8, 4, 8.25, 4.25], "texture": "#1"}
			}
		},
		{
			"from": [14.4375, 4.4375, 15],
			"to": [14.6875, 4.6875, 16.1875],
			"rotation": {"angle": 45, "axis": "y", "origin": [16.5, 3.5, 19.75]},
			"faces": {
				"north": {"uv": [8, 4, 8.25, 4.25], "texture": "#1"},
				"east": {"uv": [8, 4, 8.25, 4.25], "texture": "#1"},
				"south": {"uv": [8, 4, 8.25, 4.25], "texture": "#1"},
				"west": {"uv": [8, 4, 8.25, 4.25], "texture": "#1"},
				"up": {"uv": [8, 4, 8.25, 4.25], "texture": "#1"},
				"down": {"uv": [8, 4, 8.25, 4.25], "texture": "#1"}
			}
		},
		{
			"from": [14.4375, 4.25, 16.8125],
			"to": [14.6875, 4.5, 17.5],
			"rotation": {"angle": 45, "axis": "y", "origin": [16.5, 3.5, 19.75]},
			"faces": {
				"north": {"uv": [8, 4, 8.25, 4.25], "texture": "#1"},
				"east": {"uv": [8, 4, 8.25, 4.25], "texture": "#1"},
				"south": {"uv": [8, 4, 8.25, 4.25], "texture": "#1"},
				"west": {"uv": [8, 4, 8.25, 4.25], "texture": "#1"},
				"up": {"uv": [8, 4, 8.25, 4.25], "texture": "#1"},
				"down": {"uv": [8, 4, 8.25, 4.25], "texture": "#1"}
			}
		},
		{
			"from": [14.4375, 4.0625, 17.3125],
			"to": [14.6875, 4.3125, 18],
			"rotation": {"angle": 45, "axis": "y", "origin": [16.5, 3.5, 19.75]},
			"faces": {
				"north": {"uv": [8, 4, 8.25, 4.25], "texture": "#1"},
				"east": {"uv": [8, 4, 8.25, 4.25], "texture": "#1"},
				"south": {"uv": [8, 4, 8.25, 4.25], "texture": "#1"},
				"west": {"uv": [8, 4, 8.25, 4.25], "texture": "#1"},
				"up": {"uv": [8, 4, 8.25, 4.25], "texture": "#1"},
				"down": {"uv": [8, 4, 8.25, 4.25], "texture": "#1"}
			}
		},
		{
			"from": [14.4375, 3.9375, 17.875],
			"to": [14.6875, 4.1875, 18.5625],
			"rotation": {"angle": 45, "axis": "y", "origin": [16.5, 3.5, 19.75]},
			"faces": {
				"north": {"uv": [8, 4, 8.25, 4.25], "texture": "#1"},
				"east": {"uv": [8, 4, 8.25, 4.25], "texture": "#1"},
				"south": {"uv": [8, 4, 8.25, 4.25], "texture": "#1"},
				"west": {"uv": [8, 4, 8.25, 4.25], "texture": "#1"},
				"up": {"uv": [8, 4, 8.25, 4.25], "texture": "#1"},
				"down": {"uv": [8, 4, 8.25, 4.25], "texture": "#1"}
			}
		},
		{
			"from": [14.4375, 3.8125, 18.375],
			"to": [14.6875, 4.0625, 19.0625],
			"rotation": {"angle": 45, "axis": "y", "origin": [16.5, 3.5, 19.75]},
			"faces": {
				"north": {"uv": [8, 4, 8.25, 4.25], "texture": "#1"},
				"east": {"uv": [8, 4, 8.25, 4.25], "texture": "#1"},
				"south": {"uv": [8, 4, 8.25, 4.25], "texture": "#1"},
				"west": {"uv": [8, 4, 8.25, 4.25], "texture": "#1"},
				"up": {"uv": [8, 4, 8.25, 4.25], "texture": "#1"},
				"down": {"uv": [8, 4, 8.25, 4.25], "texture": "#1"}
			}
		},
		{
			"from": [14.4375, 3.75, 18.9375],
			"to": [14.6875, 4, 19.625],
			"rotation": {"angle": 45, "axis": "y", "origin": [16.5, 3.5, 19.75]},
			"faces": {
				"north": {"uv": [8, 4, 8.25, 4.25], "texture": "#1"},
				"east": {"uv": [8, 4, 8.25, 4.25], "texture": "#1"},
				"south": {"uv": [8, 4, 8.25, 4.25], "texture": "#1"},
				"west": {"uv": [8, 4, 8.25, 4.25], "texture": "#1"},
				"up": {"uv": [8, 4, 8.25, 4.25], "texture": "#1"},
				"down": {"uv": [8, 4, 8.25, 4.25], "texture": "#1"}
			}
		},
		{
			"from": [14.4375, 3.625, 19.5],
			"to": [14.6875, 3.875, 20.1875],
			"rotation": {"angle": 45, "axis": "y", "origin": [16.5, 3.5, 19.75]},
			"faces": {
				"north": {"uv": [8, 4, 8.25, 4.25], "texture": "#1"},
				"east": {"uv": [8, 4, 8.25, 4.25], "texture": "#1"},
				"south": {"uv": [8, 4, 8.25, 4.25], "texture": "#1"},
				"west": {"uv": [8, 4, 8.25, 4.25], "texture": "#1"},
				"up": {"uv": [8, 4, 8.25, 4.25], "texture": "#1"},
				"down": {"uv": [8, 4, 8.25, 4.25], "texture": "#1"}
			}
		},
		{
			"from": [14.4375, 3.5, 20],
			"to": [14.6875, 3.75, 20.6875],
			"rotation": {"angle": 45, "axis": "y", "origin": [16.5, 3.5, 19.75]},
			"faces": {
				"north": {"uv": [8, 4, 8.25, 4.25], "texture": "#1"},
				"east": {"uv": [8, 4, 8.25, 4.25], "texture": "#1"},
				"south": {"uv": [8, 4, 8.25, 4.25], "texture": "#1"},
				"west": {"uv": [8, 4, 8.25, 4.25], "texture": "#1"},
				"up": {"uv": [8, 4, 8.25, 4.25], "texture": "#1"},
				"down": {"uv": [8, 4, 8.25, 4.25], "texture": "#1"}
			}
		},
		{
			"from": [14.4375, 3.3125, 20.5625],
			"to": [14.6875, 3.5625, 21.25],
			"rotation": {"angle": 45, "axis": "y", "origin": [16.5, 3.5, 19.75]},
			"faces": {
				"north": {"uv": [8, 4, 8.25, 4.25], "texture": "#1"},
				"east": {"uv": [8, 4, 8.25, 4.25], "texture": "#1"},
				"south": {"uv": [8, 4, 8.25, 4.25], "texture": "#1"},
				"west": {"uv": [8, 4, 8.25, 4.25], "texture": "#1"},
				"up": {"uv": [8, 4, 8.25, 4.25], "texture": "#1"},
				"down": {"uv": [8, 4, 8.25, 4.25], "texture": "#1"}
			}
		},
		{
			"from": [14.4375, 3.1875, 21.125],
			"to": [14.6875, 3.4375, 21.625],
			"rotation": {"angle": 45, "axis": "y", "origin": [16.5, 3.5, 19.75]},
			"faces": {
				"north": {"uv": [8, 4, 8.25, 4.25], "texture": "#1"},
				"east": {"uv": [8, 4, 8.25, 4.25], "texture": "#1"},
				"south": {"uv": [8, 4, 8.25, 4.25], "texture": "#1"},
				"west": {"uv": [8, 4, 8.25, 4.25], "texture": "#1"},
				"up": {"uv": [8, 4, 8.25, 4.25], "texture": "#1"},
				"down": {"uv": [8, 4, 8.25, 4.25], "texture": "#1"}
			}
		},
		{
			"from": [14.9375, 4.375, 1.1875],
			"to": [15.1875, 4.625, 1.875],
			"rotation": {"angle": -45, "axis": "y", "origin": [17, 3.5, -1.6875]},
			"faces": {
				"north": {"uv": [8, 4, 8.25, 4.25], "texture": "#1"},
				"east": {"uv": [8, 4, 8.25, 4.25], "texture": "#1"},
				"south": {"uv": [8, 4, 8.25, 4.25], "texture": "#1"},
				"west": {"uv": [8, 4, 8.25, 4.25], "texture": "#1"},
				"up": {"uv": [8, 4, 8.25, 4.25], "texture": "#1"},
				"down": {"uv": [8, 4, 8.25, 4.25], "texture": "#1"}
			}
		},
		{
			"from": [7.61069, 4.9375, 5.7421],
			"to": [7.86069, 5.1875, 10.5546],
			"rotation": {"angle": -22.5, "axis": "y", "origin": [8.73569, 3.5625, 4.3671]},
			"faces": {
				"north": {"uv": [8, 4, 8.25, 4.25], "texture": "#1"},
				"east": {"uv": [8, 4, 8.25, 4.25], "texture": "#1"},
				"south": {"uv": [8, 4, 8.25, 4.25], "texture": "#1"},
				"west": {"uv": [8, 4, 8.25, 4.25], "texture": "#1"},
				"up": {"uv": [8, 4, 8.25, 4.25], "texture": "#1"},
				"down": {"uv": [8, 4, 8.25, 4.25], "texture": "#1"}
			}
		},
		{
			"from": [14.9375, 4.875, 9],
			"to": [15.1875, 5.125, 10.1875],
			"rotation": {"angle": -45, "axis": "y", "origin": [17, 3.5, -1.6875]},
			"faces": {
				"north": {"uv": [8, 4, 8.25, 4.25], "texture": "#1"},
				"east": {"uv": [8, 4, 8.25, 4.25], "texture": "#1"},
				"south": {"uv": [8, 4, 8.25, 4.25], "texture": "#1"},
				"west": {"uv": [8, 4, 8.25, 4.25], "texture": "#1"},
				"up": {"uv": [8, 4, 8.25, 4.25], "texture": "#1"},
				"down": {"uv": [8, 4, 8.25, 4.25], "texture": "#1"}
			}
		},
		{
			"from": [14.9375, 4.8125, 7.8125],
			"to": [15.1875, 5.0625, 9],
			"rotation": {"angle": -45, "axis": "y", "origin": [17, 3.5, -1.6875]},
			"faces": {
				"north": {"uv": [8, 4, 8.25, 4.25], "texture": "#1"},
				"east": {"uv": [8, 4, 8.25, 4.25], "texture": "#1"},
				"south": {"uv": [8, 4, 8.25, 4.25], "texture": "#1"},
				"west": {"uv": [8, 4, 8.25, 4.25], "texture": "#1"},
				"up": {"uv": [8, 4, 8.25, 4.25], "texture": "#1"},
				"down": {"uv": [8, 4, 8.25, 4.25], "texture": "#1"}
			}
		},
		{
			"from": [14.9375, 4.75, 6.625],
			"to": [15.1875, 5, 7.8125],
			"rotation": {"angle": -45, "axis": "y", "origin": [17, 3.5, -1.6875]},
			"faces": {
				"north": {"uv": [8, 4, 8.25, 4.25], "texture": "#1"},
				"east": {"uv": [8, 4, 8.25, 4.25], "texture": "#1"},
				"south": {"uv": [8, 4, 8.25, 4.25], "texture": "#1"},
				"west": {"uv": [8, 4, 8.25, 4.25], "texture": "#1"},
				"up": {"uv": [8, 4, 8.25, 4.25], "texture": "#1"},
				"down": {"uv": [8, 4, 8.25, 4.25], "texture": "#1"}
			}
		},
		{
			"from": [14.9375, 4.6875, 5.4375],
			"to": [15.1875, 4.9375, 6.625],
			"rotation": {"angle": -45, "axis": "y", "origin": [17, 3.5, -1.6875]},
			"faces": {
				"north": {"uv": [8, 4, 8.25, 4.25], "texture": "#1"},
				"east": {"uv": [8, 4, 8.25, 4.25], "texture": "#1"},
				"south": {"uv": [8, 4, 8.25, 4.25], "texture": "#1"},
				"west": {"uv": [8, 4, 8.25, 4.25], "texture": "#1"},
				"up": {"uv": [8, 4, 8.25, 4.25], "texture": "#1"},
				"down": {"uv": [8, 4, 8.25, 4.25], "texture": "#1"}
			}
		},
		{
			"from": [14.9375, 4.5625, 4.25],
			"to": [15.1875, 4.8125, 5.4375],
			"rotation": {"angle": -45, "axis": "y", "origin": [17, 3.5, -1.6875]},
			"faces": {
				"north": {"uv": [8, 4, 8.25, 4.25], "texture": "#1"},
				"east": {"uv": [8, 4, 8.25, 4.25], "texture": "#1"},
				"south": {"uv": [8, 4, 8.25, 4.25], "texture": "#1"},
				"west": {"uv": [8, 4, 8.25, 4.25], "texture": "#1"},
				"up": {"uv": [8, 4, 8.25, 4.25], "texture": "#1"},
				"down": {"uv": [8, 4, 8.25, 4.25], "texture": "#1"}
			}
		},
		{
			"from": [14.9375, 4.5, 3.0625],
			"to": [15.1875, 4.75, 4.25],
			"rotation": {"angle": -45, "axis": "y", "origin": [17, 3.5, -1.6875]},
			"faces": {
				"north": {"uv": [8, 4, 8.25, 4.25], "texture": "#1"},
				"east": {"uv": [8, 4, 8.25, 4.25], "texture": "#1"},
				"south": {"uv": [8, 4, 8.25, 4.25], "texture": "#1"},
				"west": {"uv": [8, 4, 8.25, 4.25], "texture": "#1"},
				"up": {"uv": [8, 4, 8.25, 4.25], "texture": "#1"},
				"down": {"uv": [8, 4, 8.25, 4.25], "texture": "#1"}
			}
		},
		{
			"from": [14.9375, 4.4375, 1.875],
			"to": [15.1875, 4.6875, 3.0625],
			"rotation": {"angle": -45, "axis": "y", "origin": [17, 3.5, -1.6875]},
			"faces": {
				"north": {"uv": [8, 4, 8.25, 4.25], "texture": "#1"},
				"east": {"uv": [8, 4, 8.25, 4.25], "texture": "#1"},
				"south": {"uv": [8, 4, 8.25, 4.25], "texture": "#1"},
				"west": {"uv": [8, 4, 8.25, 4.25], "texture": "#1"},
				"up": {"uv": [8, 4, 8.25, 4.25], "texture": "#1"},
				"down": {"uv": [8, 4, 8.25, 4.25], "texture": "#1"}
			}
		},
		{
			"from": [14.9375, 4.25, 0.5625],
			"to": [15.1875, 4.5, 1.25],
			"rotation": {"angle": -45, "axis": "y", "origin": [17, 3.5, -1.6875]},
			"faces": {
				"north": {"uv": [8, 4, 8.25, 4.25], "texture": "#1"},
				"east": {"uv": [8, 4, 8.25, 4.25], "texture": "#1"},
				"south": {"uv": [8, 4, 8.25, 4.25], "texture": "#1"},
				"west": {"uv": [8, 4, 8.25, 4.25], "texture": "#1"},
				"up": {"uv": [8, 4, 8.25, 4.25], "texture": "#1"},
				"down": {"uv": [8, 4, 8.25, 4.25], "texture": "#1"}
			}
		},
		{
			"from": [14.9375, 4.0625, 0.0625],
			"to": [15.1875, 4.3125, 0.75],
			"rotation": {"angle": -45, "axis": "y", "origin": [17, 3.5, -1.6875]},
			"faces": {
				"north": {"uv": [8, 4, 8.25, 4.25], "texture": "#1"},
				"east": {"uv": [8, 4, 8.25, 4.25], "texture": "#1"},
				"south": {"uv": [8, 4, 8.25, 4.25], "texture": "#1"},
				"west": {"uv": [8, 4, 8.25, 4.25], "texture": "#1"},
				"up": {"uv": [8, 4, 8.25, 4.25], "texture": "#1"},
				"down": {"uv": [8, 4, 8.25, 4.25], "texture": "#1"}
			}
		},
		{
			"from": [14.9375, 3.9375, -0.5],
			"to": [15.1875, 4.1875, 0.1875],
			"rotation": {"angle": -45, "axis": "y", "origin": [17, 3.5, -1.6875]},
			"faces": {
				"north": {"uv": [8, 4, 8.25, 4.25], "texture": "#1"},
				"east": {"uv": [8, 4, 8.25, 4.25], "texture": "#1"},
				"south": {"uv": [8, 4, 8.25, 4.25], "texture": "#1"},
				"west": {"uv": [8, 4, 8.25, 4.25], "texture": "#1"},
				"up": {"uv": [8, 4, 8.25, 4.25], "texture": "#1"},
				"down": {"uv": [8, 4, 8.25, 4.25], "texture": "#1"}
			}
		},
		{
			"from": [14.9375, 3.8125, -1],
			"to": [15.1875, 4.0625, -0.3125],
			"rotation": {"angle": -45, "axis": "y", "origin": [17, 3.5, -1.6875]},
			"faces": {
				"north": {"uv": [8, 4, 8.25, 4.25], "texture": "#1"},
				"east": {"uv": [8, 4, 8.25, 4.25], "texture": "#1"},
				"south": {"uv": [8, 4, 8.25, 4.25], "texture": "#1"},
				"west": {"uv": [8, 4, 8.25, 4.25], "texture": "#1"},
				"up": {"uv": [8, 4, 8.25, 4.25], "texture": "#1"},
				"down": {"uv": [8, 4, 8.25, 4.25], "texture": "#1"}
			}
		},
		{
			"from": [14.9375, 3.75, -1.5625],
			"to": [15.1875, 4, -0.875],
			"rotation": {"angle": -45, "axis": "y", "origin": [17, 3.5, -1.6875]},
			"faces": {
				"north": {"uv": [8, 4, 8.25, 4.25], "texture": "#1"},
				"east": {"uv": [8, 4, 8.25, 4.25], "texture": "#1"},
				"south": {"uv": [8, 4, 8.25, 4.25], "texture": "#1"},
				"west": {"uv": [8, 4, 8.25, 4.25], "texture": "#1"},
				"up": {"uv": [8, 4, 8.25, 4.25], "texture": "#1"},
				"down": {"uv": [8, 4, 8.25, 4.25], "texture": "#1"}
			}
		},
		{
			"from": [14.9375, 3.625, -2.125],
			"to": [15.1875, 3.875, -1.4375],
			"rotation": {"angle": -45, "axis": "y", "origin": [17, 3.5, -1.6875]},
			"faces": {
				"north": {"uv": [8, 4, 8.25, 4.25], "texture": "#1"},
				"east": {"uv": [8, 4, 8.25, 4.25], "texture": "#1"},
				"south": {"uv": [8, 4, 8.25, 4.25], "texture": "#1"},
				"west": {"uv": [8, 4, 8.25, 4.25], "texture": "#1"},
				"up": {"uv": [8, 4, 8.25, 4.25], "texture": "#1"},
				"down": {"uv": [8, 4, 8.25, 4.25], "texture": "#1"}
			}
		},
		{
			"from": [14.9375, 3.5, -2.625],
			"to": [15.1875, 3.75, -1.9375],
			"rotation": {"angle": -45, "axis": "y", "origin": [17, 3.5, -1.6875]},
			"faces": {
				"north": {"uv": [8, 4, 8.25, 4.25], "texture": "#1"},
				"east": {"uv": [8, 4, 8.25, 4.25], "texture": "#1"},
				"south": {"uv": [8, 4, 8.25, 4.25], "texture": "#1"},
				"west": {"uv": [8, 4, 8.25, 4.25], "texture": "#1"},
				"up": {"uv": [8, 4, 8.25, 4.25], "texture": "#1"},
				"down": {"uv": [8, 4, 8.25, 4.25], "texture": "#1"}
			}
		},
		{
			"from": [14.9375, 3.3125, -3.1875],
			"to": [15.1875, 3.5625, -2.5],
			"rotation": {"angle": -45, "axis": "y", "origin": [17, 3.5, -1.6875]},
			"faces": {
				"north": {"uv": [8, 4, 8.25, 4.25], "texture": "#1"},
				"east": {"uv": [8, 4, 8.25, 4.25], "texture": "#1"},
				"south": {"uv": [8, 4, 8.25, 4.25], "texture": "#1"},
				"west": {"uv": [8, 4, 8.25, 4.25], "texture": "#1"},
				"up": {"uv": [8, 4, 8.25, 4.25], "texture": "#1"},
				"down": {"uv": [8, 4, 8.25, 4.25], "texture": "#1"}
			}
		},
		{
			"from": [14.9375, 3.1875, -3.5],
			"to": [15.1875, 3.4375, -3.0625],
			"rotation": {"angle": -45, "axis": "y", "origin": [17, 3.5, -1.6875]},
			"faces": {
				"north": {"uv": [8, 4, 8.25, 4.25], "texture": "#1"},
				"east": {"uv": [8, 4, 8.25, 4.25], "texture": "#1"},
				"south": {"uv": [8, 4, 8.25, 4.25], "texture": "#1"},
				"west": {"uv": [8, 4, 8.25, 4.25], "texture": "#1"},
				"up": {"uv": [8, 4, 8.25, 4.25], "texture": "#1"},
				"down": {"uv": [8, 4, 8.25, 4.25], "texture": "#1"}
			}
		},
		{
			"from": [16.25, 4.8125, 7.75],
			"to": [16.625, 9.4375, 10.9375],
			"rotation": {"angle": 22.5, "axis": "z", "origin": [16.5, 8.125, 9.34375]},
			"faces": {
				"north": {"uv": [0.24, 0, 0.474, 2.177], "texture": "#0"},
				"east": {"uv": [7.376, 2.976, 9.715, 8.161], "texture": "#0"},
				"south": {"uv": [0, 0, 0.25, 4.625], "texture": "#0"},
				"west": {"uv": [0, 0, 3.1875, 4.625], "texture": "#0"},
				"up": {"uv": [0, 0, 0.25, 3.1875], "texture": "#0"},
				"down": {"uv": [0, 0, 0.25, 3.1875], "texture": "#0"}
			}
		},
		{
			"from": [17.375, 4.875, 7.75],
			"to": [17.625, 5.6875, 10.9375],
			"faces": {
				"north": {"uv": [-0.015, 0.912, 0.667, 1.818], "texture": "#0"},
				"east": {"uv": [0, 0, 3.1875, 0.8125], "texture": "#0"},
				"south": {"uv": [0, 0, 0.25, 0.8125], "texture": "#0"},
				"west": {"uv": [0, 0, 3.1875, 0.8125], "texture": "#0"},
				"up": {"uv": [0, 0, 0.25, 3.1875], "texture": "#0"},
				"down": {"uv": [0, 0, 0.25, 3.1875], "texture": "#0"}
			}
		},
		{
			"from": [17.625, 4.875, 7.75],
			"to": [17.875, 5.125, 10.9375],
			"faces": {
				"north": {"uv": [-0.015, 0.912, 0.667, 1.818], "texture": "#0"},
				"east": {"uv": [0, 0, 3.1875, 0.25], "texture": "#0"},
				"south": {"uv": [0, 0, 0.25, 0.25], "texture": "#0"},
				"west": {"uv": [0, 0, 3.1875, 0.25], "texture": "#0"},
				"up": {"uv": [0, 0, 0.25, 3.1875], "texture": "#0"},
				"down": {"uv": [0, 0, 0.25, 3.1875], "texture": "#0"}
			}
		},
		{
			"from": [16.875, 5.25, 7.75],
			"to": [17.125, 6.8125, 10.9375],
			"faces": {
				"north": {"uv": [6.064, 7.68, 7.082, 7.92], "rotation": 90, "texture": "#0"},
				"east": {"uv": [6.064, 7.68, 7.082, 7.92], "rotation": 90, "texture": "#0"},
				"south": {"uv": [6.144, 7.968, 7.162, 7.728], "rotation": 90, "texture": "#0"},
				"west": {"uv": [6.064, 7.68, 7.082, 7.92], "rotation": 90, "texture": "#0"},
				"up": {"uv": [6.064, 7.68, 7.082, 7.92], "rotation": 90, "texture": "#0"},
				"down": {"uv": [6.064, 7.68, 7.082, 7.92], "rotation": 90, "texture": "#0"}
			}
		},
		{
			"from": [17.125, 5.25, 7.75],
			"to": [17.375, 6.25, 10.9375],
			"faces": {
				"north": {"uv": [6.064, 7.872, 7.082, 8.112], "rotation": 90, "texture": "#0"},
				"east": {"uv": [6.064, 7.872, 7.082, 8.112], "rotation": 90, "texture": "#0"},
				"south": {"uv": [6.064, 8.112, 7.082, 7.872], "rotation": 90, "texture": "#0"},
				"west": {"uv": [6.064, 7.872, 7.082, 8.112], "rotation": 90, "texture": "#0"},
				"up": {"uv": [6.064, 7.872, 7.082, 8.112], "rotation": 90, "texture": "#0"},
				"down": {"uv": [6.064, 7.872, 7.082, 8.112], "rotation": 90, "texture": "#0"}
			}
		},
		{
			"from": [16.625, 5.25, 7.75],
			"to": [16.875, 7.1875, 10.9375],
			"faces": {
				"north": {"uv": [6.064, 7.488, 7.082, 7.728], "rotation": 90, "texture": "#0"},
				"east": {"uv": [6.064, 7.488, 7.082, 7.728], "rotation": 90, "texture": "#0"},
				"south": {"uv": [6.064, 7.728, 7.082, 7.488], "rotation": 90, "texture": "#0"},
				"west": {"uv": [6.064, 7.488, 7.082, 7.728], "rotation": 90, "texture": "#0"},
				"up": {"uv": [6.064, 7.488, 7.082, 7.728], "rotation": 90, "texture": "#0"},
				"down": {"uv": [6.064, 7.488, 7.082, 7.728], "rotation": 90, "texture": "#0"}
			}
		},
		{
			"from": [16.375, 5.25, 7.75],
			"to": [16.625, 7.75, 10.9375],
			"faces": {
				"north": {"uv": [6.064, 7.296, 7.082, 7.536], "rotation": 90, "texture": "#0"},
				"east": {"uv": [6.064, 7.296, 7.082, 7.536], "rotation": 90, "texture": "#0"},
				"south": {"uv": [6.064, 7.536, 7.082, 7.296], "rotation": 90, "texture": "#0"},
				"west": {"uv": [6.064, 7.296, 7.082, 7.536], "rotation": 90, "texture": "#0"},
				"up": {"uv": [6.064, 7.296, 7.082, 7.536], "rotation": 90, "texture": "#0"},
				"down": {"uv": [6.064, 7.296, 7.082, 7.536], "rotation": 90, "texture": "#0"}
			}
		},
		{
			"from": [16.125, 5.25, 7.75],
			"to": [16.375, 8.375, 10.9375],
			"faces": {
				"north": {"uv": [5.952, 7.296, 7.13, 7.424], "rotation": 90, "texture": "#0"},
				"east": {"uv": [5.952, 7.296, 7.13, 7.424], "rotation": 90, "texture": "#0"},
				"south": {"uv": [5.92, 7.344, 7.098, 7.216], "rotation": 90, "texture": "#0"},
				"west": {"uv": [5.952, 7.296, 7.13, 7.424], "rotation": 90, "texture": "#0"},
				"up": {"uv": [5.952, 7.296, 7.13, 7.424], "rotation": 90, "texture": "#0"},
				"down": {"uv": [5.952, 7.296, 7.13, 7.424], "rotation": 90, "texture": "#0"}
			}
		},
		{
			"from": [2.5, 5.25, 7.75],
			"to": [16.125, 9.375, 8],
			"faces": {
				"north": {"uv": [5.488, 2.928, 7.289, 7.341], "rotation": 90, "texture": "#0"},
				"east": {"uv": [0, 0, 0.25, 4.125], "texture": "#0"},
				"south": {"uv": [0, 0, 7.129, 2.204], "texture": "#0"},
				"west": {"uv": [0, 0, 0.25, 4.125], "texture": "#0"},
				"up": {"uv": [0.336, 0.512, 6.761, 0.906], "texture": "#0"},
				"down": {"uv": [0.192, 0.576, 7.241, 0.969], "texture": "#0"}
			}
		},
		{
			"from": [2.4375, 4.25, 7.6875],
			"to": [3.4375, 9.375, 11],
			"faces": {
				"north": {"uv": [2.608, 0.16, 3.008, 2.515], "texture": "#0"},
				"east": {"uv": [1.104, 0.112, 3.296, 2.244], "texture": "#0"},
				"south": {"uv": [2.608, 0.16, 3.008, 2.515], "texture": "#0"},
				"west": {"uv": [2.032, 3.952, 4.912, 4.964], "rotation": 90, "texture": "#0"},
				"up": {"uv": [2.608, 0.16, 3.008, 2.515], "texture": "#0"},
				"down": {"uv": [1.104, 0.112, 3.296, 2.244], "texture": "#0"}
			}
		},
		{
			"from": [2.5, 5.25, 10.6875],
			"to": [16.125, 9.375, 10.9375],
			"faces": {
				"north": {"uv": [0, 0, 7.209, 2.237], "texture": "#0"},
				"east": {"uv": [0, 0, 0.25, 4.125], "texture": "#0"},
				"south": {"uv": [5.488, 7.341, 7.289, 2.928], "rotation": 90, "texture": "#0"},
				"west": {"uv": [0, 0, 0.25, 4.125], "texture": "#0"},
				"up": {"uv": [0.192, 0.208, 7.353, 0.602], "texture": "#0"},
				"down": {"uv": [0.192, 0.576, 7.241, 0.969], "texture": "#0"}
			}
		},
		{
			"from": [-6.375, 3.375, 7.75],
			"to": [21.75, 4.25, 10.9375],
			"faces": {
				"north": {"uv": [0.128, 0.128, 7.392, 2.435], "texture": "#0"},
				"east": {"uv": [0.128, 0.128, 7.392, 2.435], "texture": "#0"},
				"south": {"uv": [0.128, 0.128, 7.392, 2.435], "texture": "#0"},
				"west": {"uv": [0.128, 0.128, 7.392, 2.435], "texture": "#0"},
				"up": {"uv": [0.128, 0.128, 7.392, 2.435], "texture": "#0"},
				"down": {"uv": [0.128, 0.128, 2.736, 2.322], "rotation": 90, "texture": "#0"}
			}
		},
		{
			"from": [2.5, 4.25, 7.75],
			"to": [21.625, 4.875, 8.25],
			"faces": {
				"north": {"uv": [0.128, 0.128, 7.392, 2.435], "texture": "#0"},
				"east": {"uv": [0.128, 0.128, 7.392, 2.435], "texture": "#0"},
				"south": {"uv": [0.128, 0.128, 7.392, 2.435], "texture": "#0"},
				"west": {"uv": [0.128, 0.128, 7.392, 2.435], "texture": "#0"},
				"up": {"uv": [0.128, 0.128, 7.392, 2.435], "texture": "#0"},
				"down": {"uv": [0.128, 0.128, 7.392, 2.435], "texture": "#0"}
			}
		},
		{
			"from": [13.8125, 2.5, 7.75],
			"to": [21.5625, 3.25, 10.9375],
			"faces": {
				"north": {"uv": [0.128, 0.128, 7.392, 2.435], "texture": "#0"},
				"east": {"uv": [0.128, 0.128, 7.392, 2.435], "texture": "#0"},
				"south": {"uv": [0.128, 0.128, 7.392, 2.435], "texture": "#0"},
				"west": {"uv": [0.128, 0.128, 7.392, 2.435], "texture": "#0"},
				"up": {"uv": [0.128, 0.128, 7.392, 2.435], "texture": "#0"},
				"down": {"uv": [0.128, 0.128, 7.392, 2.435], "texture": "#0"}
			}
		},
		{
			"from": [7.625, 1.9375, 7.75],
			"to": [21.375, 2.4375, 10.9375],
			"faces": {
				"north": {"uv": [0.144, 0.496, 7.408, 1.683], "texture": "#0"},
				"east": {"uv": [0.128, 0.128, 7.392, 2.435], "texture": "#0"},
				"south": {"uv": [0.128, 0.128, 7.392, 2.435], "texture": "#0"},
				"west": {"uv": [0.128, 0.128, 7.392, 2.435], "texture": "#0"},
				"up": {"uv": [0.128, 0.128, 7.392, 2.435], "texture": "#0"},
				"down": {"uv": [0.128, 0.128, 3.616, 2.355], "rotation": 90, "texture": "#0"}
			}
		},
		{
			"from": [7.625, 2.5, 7.75],
			"to": [10.5, 3.25, 10.9375],
			"faces": {
				"north": {"uv": [0.128, 0.128, 7.392, 2.435], "texture": "#0"},
				"east": {"uv": [0.128, 0.128, 7.392, 2.435], "texture": "#0"},
				"south": {"uv": [0.128, 0.128, 7.392, 2.435], "texture": "#0"},
				"west": {"uv": [0.128, 0.128, 7.392, 2.435], "texture": "#0"},
				"up": {"uv": [0.128, 0.128, 7.392, 2.435], "texture": "#0"},
				"down": {"uv": [0.128, 0.128, 7.392, 2.435], "texture": "#0"}
			}
		},
		{
			"from": [7, 3.25, 7.75],
			"to": [21.75, 3.375, 10.9375],
			"faces": {
				"north": {"uv": [0.128, 1.744, 7.392, 2.434], "texture": "#0"},
				"east": {"uv": [0.128, 0.128, 7.392, 2.435], "texture": "#0"},
				"south": {"uv": [0.128, 0.128, 7.392, 2.435], "texture": "#0"},
				"west": {"uv": [0.128, 0.128, 7.392, 2.435], "texture": "#0"},
				"up": {"uv": [0.128, 0.128, 7.392, 2.435], "texture": "#0"},
				"down": {"uv": [0.128, 0.128, 7.392, 2.435], "texture": "#0"}
			}
		},
		{
			"from": [7.625, 2.375, 7.75],
			"to": [21.5625, 2.5, 10.9375],
			"faces": {
				"north": {"uv": [0.128, 1.472, 7.392, 1.858], "texture": "#0"},
				"east": {"uv": [0.464, 1.712, 0.704, 2.482], "texture": "#0"},
				"south": {"uv": [0.128, 0.128, 7.392, 2.435], "texture": "#0"},
				"west": {"uv": [0.128, 0.128, 7.392, 2.435], "texture": "#0"},
				"up": {"uv": [0.128, 0.128, 7.392, 2.435], "texture": "#0"},
				"down": {"uv": [0.128, 0.128, 7.392, 2.435], "texture": "#0"}
			}
		},
		{
			"from": [10.5, 2.5, 7.75],
			"to": [11.125, 2.5625, 10.9375],
			"faces": {
				"north": {"uv": [0.128, 0.128, 1.456, 0.514], "texture": "#0"},
				"east": {"uv": [0.128, 0.128, 1.456, 0.514], "texture": "#0"},
				"south": {"uv": [0.128, 0.128, 1.456, 0.514], "texture": "#0"},
				"west": {"uv": [0.128, 0.128, 1.456, 0.514], "texture": "#0"},
				"up": {"uv": [0.128, 0.128, 1.456, 0.514], "texture": "#0"},
				"down": {"uv": [0.128, 0.128, 1.456, 0.514], "texture": "#0"}
			}
		},
		{
			"from": [10.5, 2.5625, 7.75],
			"to": [10.9375, 2.625, 10.9375],
			"faces": {
				"north": {"uv": [0.128, 0.128, 0.528, 0.514], "texture": "#0"},
				"east": {"uv": [0.128, 0.128, 0.528, 0.514], "texture": "#0"},
				"south": {"uv": [0.128, 0.128, 0.528, 0.514], "texture": "#0"},
				"west": {"uv": [0.128, 0.128, 0.528, 0.514], "texture": "#0"},
				"up": {"uv": [0.128, 0.128, 0.528, 0.514], "texture": "#0"},
				"down": {"uv": [0.128, 0.128, 0.528, 0.514], "texture": "#0"}
			}
		},
		{
			"from": [10.75, 2.625, 7.75],
			"to": [10.8125, 2.6875, 10.9375],
			"faces": {
				"north": {"uv": [0.128, 0.128, 0.528, 0.514], "texture": "#0"},
				"east": {"uv": [0.128, 0.128, 0.528, 0.514], "texture": "#0"},
				"south": {"uv": [0.128, 0.128, 0.528, 0.514], "texture": "#0"},
				"west": {"uv": [0.128, 0.128, 0.528, 0.514], "texture": "#0"},
				"up": {"uv": [0.128, 0.128, 0.528, 0.514], "texture": "#0"},
				"down": {"uv": [0.128, 0.128, 0.528, 0.514], "texture": "#0"}
			}
		},
		{
			"from": [10.5, 2.625, 7.75],
			"to": [10.75, 3.125, 10.9375],
			"faces": {
				"north": {"uv": [5.024, 0.8, 5.552, 2.065], "texture": "#0"},
				"east": {"uv": [5.024, 0.8, 5.552, 2.065], "texture": "#0"},
				"south": {"uv": [5.024, 0.8, 5.552, 2.065], "texture": "#0"},
				"west": {"uv": [5.024, 0.8, 5.552, 2.065], "texture": "#0"},
				"up": {"uv": [5.024, 0.8, 5.552, 2.065], "texture": "#0"},
				"down": {"uv": [5.024, 0.8, 5.552, 2.065], "texture": "#0"}
			}
		},
		{
			"from": [10.75, 3.0625, 7.75],
			"to": [10.8125, 3.125, 10.9375],
			"faces": {
				"north": {"uv": [0.128, 0.128, 7.392, 2.435], "texture": "#0"},
				"east": {"uv": [0.128, 0.128, 7.392, 2.435], "texture": "#0"},
				"south": {"uv": [0.128, 0.128, 7.392, 2.435], "texture": "#0"},
				"west": {"uv": [0.128, 0.128, 7.392, 2.435], "texture": "#0"},
				"up": {"uv": [0.128, 0.128, 7.392, 2.435], "texture": "#0"},
				"down": {"uv": [0.128, 0.128, 7.392, 2.435], "texture": "#0"}
			}
		},
		{
			"from": [10.5, 3.125, 7.75],
			"to": [10.9375, 3.1875, 10.9375],
			"faces": {
				"north": {"uv": [0.128, 0.128, 0.528, 0.514], "texture": "#0"},
				"east": {"uv": [0.128, 0.128, 0.528, 0.514], "texture": "#0"},
				"south": {"uv": [0.128, 0.128, 0.528, 0.514], "texture": "#0"},
				"west": {"uv": [0.128, 0.128, 0.528, 0.514], "texture": "#0"},
				"up": {"uv": [0.128, 0.128, 0.528, 0.514], "texture": "#0"},
				"down": {"uv": [0.128, 0.128, 0.528, 0.514], "texture": "#0"}
			}
		},
		{
			"from": [10.5, 3.1875, 7.75],
			"to": [11.125, 3.25, 10.9375],
			"faces": {
				"north": {"uv": [0.128, 0.128, 1.2, 0.418], "texture": "#0"},
				"east": {"uv": [0.128, 0.128, 1.2, 0.418], "texture": "#0"},
				"south": {"uv": [0.128, 0.128, 1.2, 0.418], "texture": "#0"},
				"west": {"uv": [0.128, 0.128, 1.2, 0.418], "texture": "#0"},
				"up": {"uv": [0.128, 0.128, 1.2, 0.418], "texture": "#0"},
				"down": {"uv": [0.128, 0.128, 1.2, 0.418], "texture": "#0"}
			}
		},
		{
			"from": [13.1875, 3.1875, 7.75],
			"to": [13.8125, 3.25, 10.9375],
			"faces": {
				"north": {"uv": [0.128, 0.128, 0.944, 0.514], "texture": "#0"},
				"east": {"uv": [0.128, 0.128, 0.944, 0.514], "texture": "#0"},
				"south": {"uv": [0.128, 0.128, 0.944, 0.514], "texture": "#0"},
				"west": {"uv": [0.128, 0.128, 0.944, 0.514], "texture": "#0"},
				"up": {"uv": [0.128, 0.128, 0.944, 0.514], "texture": "#0"},
				"down": {"uv": [0.128, 0.128, 0.944, 0.514], "texture": "#0"}
			}
		},
		{
			"from": [13.375, 3.125, 7.75],
			"to": [13.8125, 3.1875, 10.9375],
			"faces": {
				"north": {"uv": [0.128, 0.128, 0.528, 0.514], "texture": "#0"},
				"east": {"uv": [0.128, 0.128, 0.528, 0.514], "texture": "#0"},
				"south": {"uv": [0.128, 0.128, 0.528, 0.514], "texture": "#0"},
				"west": {"uv": [0.128, 0.128, 0.528, 0.514], "texture": "#0"},
				"up": {"uv": [0.128, 0.128, 0.528, 0.514], "texture": "#0"},
				"down": {"uv": [0.128, 0.128, 0.528, 0.514], "texture": "#0"}
			}
		},
		{
			"from": [13.5, 3.0625, 7.75],
			"to": [13.5625, 3.125, 10.9375],
			"faces": {
				"north": {"uv": [0.128, 0.128, 0.528, 0.514], "texture": "#0"},
				"east": {"uv": [0.128, 0.128, 0.528, 0.514], "texture": "#0"},
				"south": {"uv": [0.128, 0.128, 0.528, 0.514], "texture": "#0"},
				"west": {"uv": [0.128, 0.128, 0.528, 0.514], "texture": "#0"},
				"up": {"uv": [0.128, 0.128, 0.528, 0.514], "texture": "#0"},
				"down": {"uv": [0.128, 0.128, 0.528, 0.514], "texture": "#0"}
			}
		},
		{
			"from": [13.5625, 2.625, 7.75],
			"to": [13.8125, 3.125, 10.9375],
			"faces": {
				"north": {"uv": [0.528, 1.488, 1.408, 2.483], "texture": "#0"},
				"east": {"uv": [0.528, 1.488, 1.408, 2.483], "texture": "#0"},
				"south": {"uv": [0.528, 1.488, 1.408, 2.483], "texture": "#0"},
				"west": {"uv": [0.528, 1.488, 1.408, 2.483], "texture": "#0"},
				"up": {"uv": [0.528, 1.488, 1.408, 2.483], "texture": "#0"},
				"down": {"uv": [0.528, 1.488, 1.408, 2.483], "texture": "#0"}
			}
		},
		{
			"from": [13.5, 2.625, 7.75],
			"to": [13.5625, 2.6875, 10.9375],
			"faces": {
				"north": {"uv": [0.128, 0.128, 0.528, 0.514], "texture": "#0"},
				"east": {"uv": [0.128, 0.128, 0.528, 0.514], "texture": "#0"},
				"south": {"uv": [0.128, 0.128, 0.528, 0.514], "texture": "#0"},
				"west": {"uv": [0.128, 0.128, 0.528, 0.514], "texture": "#0"},
				"up": {"uv": [0.128, 0.128, 0.528, 0.514], "texture": "#0"},
				"down": {"uv": [0.128, 0.128, 0.528, 0.514], "texture": "#0"}
			}
		},
		{
			"from": [13.375, 2.5625, 7.75],
			"to": [13.8125, 2.625, 10.9375],
			"faces": {
				"north": {"uv": [0.128, 0.128, 0.528, 0.514], "texture": "#0"},
				"east": {"uv": [0.128, 0.128, 0.528, 0.514], "texture": "#0"},
				"south": {"uv": [0.128, 0.128, 0.528, 0.514], "texture": "#0"},
				"west": {"uv": [0.128, 0.128, 0.528, 0.514], "texture": "#0"},
				"up": {"uv": [0.128, 0.128, 0.528, 0.514], "texture": "#0"},
				"down": {"uv": [0.128, 0.128, 0.528, 0.514], "texture": "#0"}
			}
		},
		{
			"from": [13.1875, 2.5, 7.75],
			"to": [13.8125, 2.5625, 10.9375],
			"faces": {
				"north": {"uv": [0.176, 0.128, 1.808, 0.369], "texture": "#0"},
				"east": {"uv": [0.176, 0.128, 1.808, 0.369], "texture": "#0"},
				"south": {"uv": [0.176, 0.128, 1.808, 0.369], "texture": "#0"},
				"west": {"uv": [0.176, 0.128, 1.808, 0.369], "texture": "#0"},
				"up": {"uv": [0.176, 0.128, 1.808, 0.369], "texture": "#0"},
				"down": {"uv": [0.176, 0.128, 1.808, 0.369], "texture": "#0"}
			}
		},
		{
			"from": [7.875, 1.8125, 7.75],
			"to": [10, 1.875, 10.9375],
			"faces": {
				"north": {"uv": [2.112, 1.456, 3.424, 1.698], "texture": "#0"},
				"east": {"uv": [2.112, 1.456, 3.424, 1.698], "texture": "#0"},
				"south": {"uv": [2.112, 1.456, 3.424, 1.698], "texture": "#0"},
				"west": {"uv": [2.112, 1.456, 3.424, 1.698], "texture": "#0"},
				"up": {"uv": [2.112, 1.456, 3.424, 1.698], "texture": "#0"},
				"down": {"uv": [2.112, 1.456, 3.424, 1.698], "texture": "#0"}
			}
		},
		{
			"from": [7.75, 1.875, 7.75],
			"to": [10.125, 1.9375, 10.9375],
			"faces": {
				"north": {"uv": [0.224, 1.376, 1.536, 1.618], "texture": "#0"},
				"east": {"uv": [0.224, 1.376, 1.536, 1.618], "texture": "#0"},
				"south": {"uv": [0.224, 1.376, 1.536, 1.618], "texture": "#0"},
				"west": {"uv": [0.224, 1.376, 1.536, 1.618], "texture": "#0"},
				"up": {"uv": [0.224, 1.376, 1.536, 1.618], "texture": "#0"},
				"down": {"uv": [0.224, 1.376, 1.536, 1.618], "texture": "#0"}
			}
		},
		{
			"from": [8, 1.75, 7.75],
			"to": [9.875, 1.8125, 10.9375],
			"faces": {
				"north": {"uv": [3.76, 2.032, 5.072, 2.274], "texture": "#0"},
				"east": {"uv": [3.76, 2.032, 5.072, 2.274], "texture": "#0"},
				"south": {"uv": [3.76, 2.032, 5.072, 2.274], "texture": "#0"},
				"west": {"uv": [3.76, 2.032, 5.072, 2.274], "texture": "#0"},
				"up": {"uv": [3.76, 2.032, 5.072, 2.274], "texture": "#0"},
				"down": {"uv": [3.76, 2.032, 5.072, 2.274], "texture": "#0"}
			}
		},
		{
			"from": [8.1875, 1.6875, 7.75],
			"to": [9.6875, 1.75, 10.9375],
			"faces": {
				"north": {"uv": [5.952, 2.256, 7.264, 2.498], "texture": "#0"},
				"east": {"uv": [5.952, 2.256, 7.264, 2.498], "texture": "#0"},
				"south": {"uv": [5.952, 2.256, 7.264, 2.498], "texture": "#0"},
				"west": {"uv": [5.952, 2.256, 7.264, 2.498], "texture": "#0"},
				"up": {"uv": [5.952, 2.256, 7.264, 2.498], "texture": "#0"},
				"down": {"uv": [5.952, 2.256, 7.264, 2.498], "texture": "#0"}
			}
		},
		{
			"from": [8.3125, 1.625, 7.75],
			"to": [9.5625, 1.6875, 10.9375],
			"faces": {
				"north": {"uv": [1.792, 1.568, 3.104, 1.81], "texture": "#0"},
				"east": {"uv": [1.792, 1.568, 3.104, 1.81], "texture": "#0"},
				"south": {"uv": [1.792, 1.568, 3.104, 1.81], "texture": "#0"},
				"west": {"uv": [1.792, 1.568, 3.104, 1.81], "texture": "#0"},
				"up": {"uv": [1.792, 1.568, 3.104, 1.81], "texture": "#0"},
				"down": {"uv": [1.792, 1.568, 3.104, 1.81], "texture": "#0"}
			}
		},
		{
			"from": [8.5, 1.5625, 7.75],
			"to": [9.375, 1.625, 10.9375],
			"faces": {
				"north": {"uv": [0.88, 1.072, 2.192, 1.314], "texture": "#0"},
				"east": {"uv": [0.88, 1.072, 2.192, 1.314], "texture": "#0"},
				"south": {"uv": [0.88, 1.072, 2.192, 1.314], "texture": "#0"},
				"west": {"uv": [0.88, 1.072, 2.192, 1.314], "texture": "#0"},
				"up": {"uv": [0.88, 1.072, 2.192, 1.314], "texture": "#0"},
				"down": {"uv": [0.88, 1.072, 2.192, 1.314], "texture": "#0"}
			}
		},
		{
			"from": [8.625, 1.5, 7.75],
			"to": [9.25, 1.5625, 10.9375],
			"faces": {
				"north": {"uv": [0.64, 1.264, 1.952, 1.506], "texture": "#0"},
				"east": {"uv": [0.64, 1.264, 1.952, 1.506], "texture": "#0"},
				"south": {"uv": [0.64, 1.264, 1.952, 1.506], "texture": "#0"},
				"west": {"uv": [0.64, 1.264, 1.952, 1.506], "texture": "#0"},
				"up": {"uv": [0.64, 1.264, 1.952, 1.506], "texture": "#0"},
				"down": {"uv": [0.64, 1.264, 1.952, 1.506], "texture": "#0"}
			}
		},
		{
			"from": [10.6875, 1.875, 7.75],
			"to": [13.75, 1.9375, 10.9375],
			"faces": {
				"north": {"uv": [0.064, 1.952, 1.376, 2.194], "texture": "#0"},
				"east": {"uv": [0.064, 1.952, 1.376, 2.194], "texture": "#0"},
				"south": {"uv": [0.064, 1.952, 1.376, 2.194], "texture": "#0"},
				"west": {"uv": [0.064, 1.952, 1.376, 2.194], "texture": "#0"},
				"up": {"uv": [0.064, 1.952, 1.376, 2.194], "texture": "#0"},
				"down": {"uv": [0.064, 1.952, 1.376, 2.194], "texture": "#0"}
			}
		},
		{
			"from": [11.125, 1.6875, 7.75],
			"to": [13.3125, 1.75, 10.9375],
			"faces": {
				"north": {"uv": [1.344, 1.952, 2.656, 2.194], "texture": "#0"},
				"east": {"uv": [1.344, 1.952, 2.656, 2.194], "texture": "#0"},
				"south": {"uv": [1.344, 1.952, 2.656, 2.194], "texture": "#0"},
				"west": {"uv": [1.344, 1.952, 2.656, 2.194], "texture": "#0"},
				"up": {"uv": [1.344, 1.952, 2.656, 2.194], "texture": "#0"},
				"down": {"uv": [1.344, 1.952, 2.656, 2.194], "texture": "#0"}
			}
		},
		{
			"from": [11.25, 1.625, 7.75],
			"to": [13.1875, 1.6875, 10.9375],
			"faces": {
				"north": {"uv": [0.144, 1.728, 1.456, 1.97], "texture": "#0"},
				"east": {"uv": [0.144, 1.728, 1.456, 1.97], "texture": "#0"},
				"south": {"uv": [0.144, 1.728, 1.456, 1.97], "texture": "#0"},
				"west": {"uv": [0.144, 1.728, 1.456, 1.97], "texture": "#0"},
				"up": {"uv": [0.144, 1.728, 1.456, 1.97], "texture": "#0"},
				"down": {"uv": [0.144, 1.728, 1.456, 1.97], "texture": "#0"}
			}
		},
		{
			"from": [11.4375, 1.5625, 7.75],
			"to": [13, 1.625, 10.9375],
			"faces": {
				"north": {"uv": [2.112, 1.6, 3.424, 1.842], "texture": "#0"},
				"east": {"uv": [2.112, 1.6, 3.424, 1.842], "texture": "#0"},
				"south": {"uv": [2.112, 1.6, 3.424, 1.842], "texture": "#0"},
				"west": {"uv": [2.112, 1.6, 3.424, 1.842], "texture": "#0"},
				"up": {"uv": [2.112, 1.6, 3.424, 1.842], "texture": "#0"},
				"down": {"uv": [2.112, 1.6, 3.424, 1.842], "texture": "#0"}
			}
		},
		{
			"from": [11.75, 1.4375, 7.75],
			"to": [12.625, 1.5, 10.9375],
			"faces": {
				"north": {"uv": [0.64, 1.76, 1.952, 2.002], "texture": "#0"},
				"east": {"uv": [0.64, 1.76, 1.952, 2.002], "texture": "#0"},
				"south": {"uv": [0.64, 1.76, 1.952, 2.002], "texture": "#0"},
				"west": {"uv": [0.64, 1.76, 1.952, 2.002], "texture": "#0"},
				"up": {"uv": [0.64, 1.76, 1.952, 2.002], "texture": "#0"},
				"down": {"uv": [0.64, 1.76, 1.952, 2.002], "texture": "#0"}
			}
		},
		{
			"from": [10.8125, 1.8125, 7.75],
			"to": [13.625, 1.875, 10.9375],
			"faces": {
				"north": {"uv": [3.072, 2.064, 4.384, 2.306], "texture": "#0"},
				"east": {"uv": [3.072, 2.064, 4.384, 2.306], "texture": "#0"},
				"south": {"uv": [3.072, 2.064, 4.384, 2.306], "texture": "#0"},
				"west": {"uv": [3.072, 2.064, 4.384, 2.306], "texture": "#0"},
				"up": {"uv": [3.072, 2.064, 4.384, 2.306], "texture": "#0"},
				"down": {"uv": [3.072, 2.064, 4.384, 2.306], "texture": "#0"}
			}
		},
		{
			"from": [10.9375, 1.75, 7.75],
			"to": [13.5, 1.8125, 10.9375],
			"faces": {
				"north": {"uv": [0.416, 1.792, 1.728, 2.034], "texture": "#0"},
				"east": {"uv": [0.416, 1.792, 1.728, 2.034], "texture": "#0"},
				"south": {"uv": [0.416, 1.792, 1.728, 2.034], "texture": "#0"},
				"west": {"uv": [0.416, 1.792, 1.728, 2.034], "texture": "#0"},
				"up": {"uv": [0.416, 1.792, 1.728, 2.034], "texture": "#0"},
				"down": {"uv": [0.416, 1.792, 1.728, 2.034], "texture": "#0"}
			}
		},
		{
			"from": [15.375, 1.875, 7.75],
			"to": [19.3125, 1.9375, 10.9375],
			"faces": {
				"north": {"uv": [0.128, 2, 1.44, 2.242], "texture": "#0"},
				"east": {"uv": [0.128, 2, 1.44, 2.242], "texture": "#0"},
				"south": {"uv": [0.128, 2, 1.44, 2.242], "texture": "#0"},
				"west": {"uv": [0.128, 2, 1.44, 2.242], "texture": "#0"},
				"up": {"uv": [0.128, 2, 1.44, 2.242], "texture": "#0"},
				"down": {"uv": [0.128, 2, 1.44, 2.242], "texture": "#0"}
			}
		},
		{
			"from": [15.625, 1.75, 7.75],
			"to": [19.0625, 1.8125, 10.9375],
			"faces": {
				"north": {"uv": [1.024, 1.728, 2.336, 1.97], "texture": "#0"},
				"east": {"uv": [1.024, 1.728, 2.336, 1.97], "texture": "#0"},
				"south": {"uv": [1.024, 1.728, 2.336, 1.97], "texture": "#0"},
				"west": {"uv": [1.024, 1.728, 2.336, 1.97], "texture": "#0"},
				"up": {"uv": [1.024, 1.728, 2.336, 1.97], "texture": "#0"},
				"down": {"uv": [1.024, 1.728, 2.336, 1.97], "texture": "#0"}
			}
		},
		{
			"from": [15.8125, 1.6875, 7.75],
			"to": [18.875, 1.75, 10.9375],
			"faces": {
				"north": {"uv": [2.416, 0.576, 3.728, 0.818], "texture": "#0"},
				"east": {"uv": [2.416, 0.576, 3.728, 0.818], "texture": "#0"},
				"south": {"uv": [2.416, 0.576, 3.728, 0.818], "texture": "#0"},
				"west": {"uv": [2.416, 0.576, 3.728, 0.818], "texture": "#0"},
				"up": {"uv": [2.416, 0.576, 3.728, 0.818], "texture": "#0"},
				"down": {"uv": [2.416, 0.576, 3.728, 0.818], "texture": "#0"}
			}
		},
		{
			"from": [16.0625, 1.5625, 7.75],
			"to": [18.625, 1.625, 10.9375],
			"faces": {
				"north": {"uv": [0.88, 1.68, 2.192, 1.922], "texture": "#0"},
				"east": {"uv": [0.88, 1.68, 2.192, 1.922], "texture": "#0"},
				"south": {"uv": [0.88, 1.68, 2.192, 1.922], "texture": "#0"},
				"west": {"uv": [0.88, 1.68, 2.192, 1.922], "texture": "#0"},
				"up": {"uv": [0.88, 1.68, 2.192, 1.922], "texture": "#0"},
				"down": {"uv": [0.88, 1.68, 2.192, 1.922], "texture": "#0"}
			}
		},
		{
			"from": [16.1875, 1.5, 7.75],
			"to": [18.5, 1.5625, 10.9375],
			"faces": {
				"north": {"uv": [5.488, 1.92, 6.8, 2.162], "texture": "#0"},
				"east": {"uv": [0.128, 0.128, 7.392, 2.435], "texture": "#0"},
				"south": {"uv": [0.128, 0.128, 7.392, 2.435], "texture": "#0"},
				"west": {"uv": [0.128, 0.128, 7.392, 2.435], "texture": "#0"},
				"up": {"uv": [0.128, 0.128, 7.392, 2.435], "texture": "#0"},
				"down": {"uv": [0.128, 0.128, 7.392, 2.435], "texture": "#0"}
			}
		},
		{
			"from": [16.3125, 1.4375, 7.75],
			"to": [18.3125, 1.5, 10.9375],
			"faces": {
				"north": {"uv": [1.344, 1.728, 2.656, 1.97], "texture": "#0"},
				"east": {"uv": [1.344, 1.728, 2.656, 1.97], "texture": "#0"},
				"south": {"uv": [1.344, 1.728, 2.656, 1.97], "texture": "#0"},
				"west": {"uv": [1.344, 1.728, 2.656, 1.97], "texture": "#0"},
				"up": {"uv": [1.344, 1.728, 2.656, 1.97], "texture": "#0"},
				"down": {"uv": [1.344, 1.728, 2.656, 1.97], "texture": "#0"}
			}
		},
		{
			"from": [16.4375, 1.375, 7.75],
			"to": [18.125, 1.4375, 10.9375],
			"faces": {
				"north": {"uv": [0.064, 1.952, 1.376, 2.194], "texture": "#0"},
				"east": {"uv": [0.064, 1.952, 1.376, 2.194], "texture": "#0"},
				"south": {"uv": [0.064, 1.952, 1.376, 2.194], "texture": "#0"},
				"west": {"uv": [0.064, 1.952, 1.376, 2.194], "texture": "#0"},
				"up": {"uv": [0.064, 1.952, 1.376, 2.194], "texture": "#0"},
				"down": {"uv": [0.064, 1.952, 1.376, 2.194], "texture": "#0"}
			}
		},
		{
			"from": [16.75, 1.25, 7.75],
			"to": [17.8125, 1.3125, 10.9375],
			"faces": {
				"north": {"uv": [0.448, 2.224, 1.76, 2.466], "texture": "#0"},
				"east": {"uv": [0.448, 2.224, 1.76, 2.466], "texture": "#0"},
				"south": {"uv": [0.448, 2.224, 1.76, 2.466], "texture": "#0"},
				"west": {"uv": [0.448, 2.224, 1.76, 2.466], "texture": "#0"},
				"up": {"uv": [0.448, 2.224, 1.76, 2.466], "texture": "#0"},
				"down": {"uv": [0.448, 2.224, 1.76, 2.466], "texture": "#0"}
			}
		},
		{
			"from": [15.9375, 1.625, 7.75],
			"to": [18.75, 1.6875, 10.9375],
			"faces": {
				"north": {"uv": [1.408, 0.608, 2.72, 0.85], "texture": "#0"},
				"east": {"uv": [1.408, 0.608, 2.72, 0.85], "texture": "#0"},
				"south": {"uv": [1.408, 0.608, 2.72, 0.85], "texture": "#0"},
				"west": {"uv": [1.408, 0.608, 2.72, 0.85], "texture": "#0"},
				"up": {"uv": [1.408, 0.608, 2.72, 0.85], "texture": "#0"},
				"down": {"uv": [1.408, 0.608, 2.72, 0.85], "texture": "#0"}
			}
		},
		{
			"from": [16.5625, 1.3125, 7.75],
			"to": [18, 1.375, 10.9375],
			"faces": {
				"north": {"uv": [0.336, 2, 1.648, 2.242], "texture": "#0"},
				"east": {"uv": [0.128, 0.128, 7.392, 2.435], "texture": "#0"},
				"south": {"uv": [0.128, 0.128, 7.392, 2.435], "texture": "#0"},
				"west": {"uv": [0.128, 0.128, 7.392, 2.435], "texture": "#0"},
				"up": {"uv": [0.128, 0.128, 7.392, 2.435], "texture": "#0"},
				"down": {"uv": [0.128, 0.128, 7.392, 2.435], "texture": "#0"}
			}
		},
		{
			"from": [15.5, 1.8125, 7.75],
			"to": [19.1875, 1.875, 10.9375],
			"faces": {
				"north": {"uv": [0.112, 1.872, 1.424, 2.114], "texture": "#0"},
				"east": {"uv": [0.112, 1.872, 1.424, 2.114], "texture": "#0"},
				"south": {"uv": [0.112, 1.872, 1.424, 2.114], "texture": "#0"},
				"west": {"uv": [0.112, 1.872, 1.424, 2.114], "texture": "#0"},
				"up": {"uv": [0.112, 1.872, 1.424, 2.114], "texture": "#0"},
				"down": {"uv": [0.112, 1.872, 1.424, 2.114], "texture": "#0"}
			}
		},
		{
			"from": [19.75, 1.875, 7.75],
			"to": [21.25, 1.9375, 10.9375],
			"faces": {
				"north": {"uv": [0.128, 2, 1.44, 2.242], "texture": "#0"},
				"east": {"uv": [0.128, 2, 1.44, 2.242], "texture": "#0"},
				"south": {"uv": [0.128, 2, 1.44, 2.242], "texture": "#0"},
				"west": {"uv": [0.128, 2, 1.44, 2.242], "texture": "#0"},
				"up": {"uv": [0.128, 2, 1.44, 2.242], "texture": "#0"},
				"down": {"uv": [0.128, 2, 1.44, 2.242], "texture": "#0"}
			}
		},
		{
			"from": [19.8125, 1.8125, 7.75],
			"to": [21.1875, 1.875, 10.9375],
			"faces": {
				"north": {"uv": [0.128, 2, 1.44, 2.242], "texture": "#0"},
				"east": {"uv": [0.128, 2, 1.44, 2.242], "texture": "#0"},
				"south": {"uv": [0.128, 2, 1.44, 2.242], "texture": "#0"},
				"west": {"uv": [0.128, 2, 1.44, 2.242], "texture": "#0"},
				"up": {"uv": [0.128, 2, 1.44, 2.242], "texture": "#0"},
				"down": {"uv": [0.128, 2, 1.44, 2.242], "texture": "#0"}
			}
		},
		{
			"from": [19.9375, 1.75, 7.75],
			"to": [21.0625, 1.8125, 10.9375],
			"faces": {
				"north": {"uv": [0.128, 2, 1.44, 2.242], "texture": "#0"},
				"east": {"uv": [0.128, 2, 1.44, 2.242], "texture": "#0"},
				"south": {"uv": [0.128, 2, 1.44, 2.242], "texture": "#0"},
				"west": {"uv": [0.128, 2, 1.44, 2.242], "texture": "#0"},
				"up": {"uv": [0.128, 2, 1.44, 2.242], "texture": "#0"},
				"down": {"uv": [0.128, 2, 1.44, 2.242], "texture": "#0"}
			}
		},
		{
			"from": [20.125, 1.6875, 7.75],
			"to": [20.9375, 1.75, 10.9375],
			"faces": {
				"north": {"uv": [0.128, 2, 1.44, 2.242], "texture": "#0"},
				"east": {"uv": [0.128, 2, 1.44, 2.242], "texture": "#0"},
				"south": {"uv": [0.128, 2, 1.44, 2.242], "texture": "#0"},
				"west": {"uv": [0.128, 2, 1.44, 2.242], "texture": "#0"},
				"up": {"uv": [0.128, 2, 1.44, 2.242], "texture": "#0"},
				"down": {"uv": [0.128, 2, 1.44, 2.242], "texture": "#0"}
			}
		},
		{
			"from": [20.25, 1.625, 7.75],
			"to": [20.8125, 1.6875, 10.9375],
			"faces": {
				"north": {"uv": [0.128, 2, 1.44, 2.242], "texture": "#0"},
				"east": {"uv": [0.128, 2, 1.44, 2.242], "texture": "#0"},
				"south": {"uv": [0.128, 2, 1.44, 2.242], "texture": "#0"},
				"west": {"uv": [0.128, 2, 1.44, 2.242], "texture": "#0"},
				"up": {"uv": [0.128, 2, 1.44, 2.242], "texture": "#0"},
				"down": {"uv": [0.128, 2, 1.44, 2.242], "texture": "#0"}
			}
		},
		{
			"from": [21.4375, 2.1875, 7.75],
			"to": [21.5, 2.375, 10.9375],
			"faces": {
				"north": {"uv": [0.464, 1.712, 0.704, 2.482], "texture": "#0"},
				"east": {"uv": [0.464, 1.712, 0.704, 2.482], "texture": "#0"},
				"south": {"uv": [0.464, 1.712, 0.704, 2.482], "texture": "#0"},
				"west": {"uv": [0.464, 1.712, 0.704, 2.482], "texture": "#0"},
				"up": {"uv": [0.464, 1.712, 0.704, 2.482], "texture": "#0"},
				"down": {"uv": [0.464, 1.712, 0.704, 2.482], "texture": "#0"}
			}
		},
		{
			"from": [21.375, 2.0625, 7.75],
			"to": [21.4375, 2.375, 10.9375],
			"faces": {
				"north": {"uv": [0.464, 1.712, 0.704, 2.482], "texture": "#0"},
				"east": {"uv": [0.464, 1.712, 0.704, 2.482], "texture": "#0"},
				"south": {"uv": [0.464, 1.712, 0.704, 2.482], "texture": "#0"},
				"west": {"uv": [0.464, 1.712, 0.704, 2.482], "texture": "#0"},
				"up": {"uv": [0.464, 1.712, 0.704, 2.482], "texture": "#0"},
				"down": {"uv": [0.464, 1.712, 0.704, 2.482], "texture": "#0"}
			}
		},
		{
			"from": [21.5625, 2.5, 7.75],
			"to": [21.625, 3.25, 10.9375],
			"faces": {
				"north": {"uv": [0.464, 1.712, 0.704, 2.482], "texture": "#0"},
				"east": {"uv": [0.464, 1.712, 0.704, 2.482], "texture": "#0"},
				"south": {"uv": [0.464, 1.712, 0.704, 2.482], "texture": "#0"},
				"west": {"uv": [0.464, 1.712, 0.704, 2.482], "texture": "#0"},
				"up": {"uv": [0.464, 1.712, 0.704, 2.482], "texture": "#0"},
				"down": {"uv": [0.464, 1.712, 0.704, 2.482], "texture": "#0"}
			}
		},
		{
			"from": [21.625, 2.625, 7.75],
			"to": [21.6875, 3.25, 10.9375],
			"faces": {
				"north": {"uv": [0.464, 1.712, 0.704, 2.482], "texture": "#0"},
				"east": {"uv": [0.464, 1.712, 0.704, 2.482], "texture": "#0"},
				"south": {"uv": [0.464, 1.712, 0.704, 2.482], "texture": "#0"},
				"west": {"uv": [0.464, 1.712, 0.704, 2.482], "texture": "#0"},
				"up": {"uv": [0.464, 1.712, 0.704, 2.482], "texture": "#0"},
				"down": {"uv": [0.464, 1.712, 0.704, 2.482], "texture": "#0"}
			}
		},
		{
			"from": [21.6875, 2.875, 7.75],
			"to": [21.75, 3.25, 10.9375],
			"faces": {
				"north": {"uv": [0.464, 1.712, 0.704, 2.482], "texture": "#0"},
				"east": {"uv": [0.464, 1.712, 0.704, 2.482], "texture": "#0"},
				"south": {"uv": [0.464, 1.712, 0.704, 2.482], "texture": "#0"},
				"west": {"uv": [0.464, 1.712, 0.704, 2.482], "texture": "#0"},
				"up": {"uv": [0.464, 1.712, 0.704, 2.482], "texture": "#0"},
				"down": {"uv": [0.464, 1.712, 0.704, 2.482], "texture": "#0"}
			}
		},
		{
			"from": [21.625, 4.25, 7.75],
			"to": [21.6875, 4.4375, 10.9375],
			"faces": {
				"north": {"uv": [0.128, 0.128, 7.392, 2.435], "texture": "#0"},
				"east": {"uv": [0.128, 0.128, 7.392, 2.435], "texture": "#0"},
				"south": {"uv": [0.128, 0.128, 7.392, 2.435], "texture": "#0"},
				"west": {"uv": [0.128, 0.128, 7.392, 2.435], "texture": "#0"},
				"up": {"uv": [0.128, 0.128, 7.392, 2.435], "texture": "#0"},
				"down": {"uv": [0.128, 0.128, 7.392, 2.435], "texture": "#0"}
			}
		},
		{
			"from": [2.5, 4.25, 10.5],
			"to": [21.625, 4.875, 10.9375],
			"faces": {
				"north": {"uv": [0.128, 0.128, 7.392, 2.435], "texture": "#0"},
				"east": {"uv": [0.128, 0.128, 7.392, 2.435], "texture": "#0"},
				"south": {"uv": [0.128, 0.128, 7.392, 2.435], "texture": "#0"},
				"west": {"uv": [0.128, 0.128, 7.392, 2.435], "texture": "#0"},
				"up": {"uv": [0.128, 0.128, 7.392, 2.435], "texture": "#0"},
				"down": {"uv": [0.128, 0.128, 7.392, 2.435], "texture": "#0"}
			}
		},
		{
			"from": [2.5, 4.25, 9.0625],
			"to": [21.625, 4.875, 9.6875],
			"faces": {
				"north": {"uv": [0.128, 0.128, 7.392, 2.435], "texture": "#0"},
				"east": {"uv": [0.128, 0.128, 7.392, 2.435], "texture": "#0"},
				"south": {"uv": [0.128, 0.128, 7.392, 2.435], "texture": "#0"},
				"west": {"uv": [0.128, 0.128, 7.392, 2.435], "texture": "#0"},
				"up": {"uv": [0.128, 0.128, 7.392, 2.435], "texture": "#0"},
				"down": {"uv": [0.128, 0.128, 7.392, 2.435], "texture": "#0"}
			}
		},
		{
			"from": [2.5625, 4.25, 8.25],
			"to": [21.625, 4.5, 9.0625],
			"faces": {
				"north": {"uv": [0.128, 0.128, 7.392, 2.435], "texture": "#0"},
				"east": {"uv": [0.128, 0.128, 7.392, 2.435], "texture": "#0"},
				"south": {"uv": [0.128, 0.128, 7.392, 2.435], "texture": "#0"},
				"west": {"uv": [0.128, 0.128, 7.392, 2.435], "texture": "#0"},
				"up": {"uv": [0.128, 0.128, 7.392, 2.435], "texture": "#0"},
				"down": {"uv": [0.128, 0.128, 7.392, 2.435], "texture": "#0"}
			}
		},
		{
			"from": [2.5, 4.25, 9.6875],
			"to": [21.625, 4.5, 10.5],
			"faces": {
				"north": {"uv": [0.128, 0.128, 7.392, 2.435], "texture": "#0"},
				"east": {"uv": [0.128, 0.128, 7.392, 2.435], "texture": "#0"},
				"south": {"uv": [0.128, 0.128, 7.392, 2.435], "texture": "#0"},
				"west": {"uv": [0.128, 0.128, 7.392, 2.435], "texture": "#0"},
				"up": {"uv": [0.128, 0.128, 7.392, 2.435], "texture": "#0"},
				"down": {"uv": [0.128, 0.128, 7.392, 2.435], "texture": "#0"}
			}
		},
		{
			"from": [11.625, 1.5, 7.75],
			"to": [12.8125, 1.5625, 10.9375],
			"faces": {
				"north": {"uv": [0.064, 1.952, 1.376, 2.194], "texture": "#0"},
				"east": {"uv": [0.064, 1.952, 1.376, 2.194], "texture": "#0"},
				"south": {"uv": [0.064, 1.952, 1.376, 2.194], "texture": "#0"},
				"west": {"uv": [0.064, 1.952, 1.376, 2.194], "texture": "#0"},
				"up": {"uv": [0.064, 1.952, 1.376, 2.194], "texture": "#0"},
				"down": {"uv": [0.064, 1.952, 1.376, 2.194], "texture": "#0"}
			}
		},
		{
			"from": [7.5625, 2, 7.75],
			"to": [7.625, 3.25, 10.9375],
			"faces": {
				"north": {"uv": [0.224, 1.76, 0.56, 2.514], "rotation": 180, "texture": "#0"},
				"east": {"uv": [0.224, 1.76, 0.56, 2.514], "rotation": 180, "texture": "#0"},
				"south": {"uv": [0.224, 1.76, 0.56, 2.514], "rotation": 180, "texture": "#0"},
				"west": {"uv": [0.224, 1.76, 0.56, 2.514], "rotation": 180, "texture": "#0"},
				"up": {"uv": [0.224, 1.76, 0.56, 2.514], "rotation": 180, "texture": "#0"},
				"down": {"uv": [0.224, 1.76, 0.56, 2.514], "rotation": 180, "texture": "#0"}
			}
		},
		{
			"from": [7.5, 2.0625, 7.75],
			"to": [7.5625, 3.25, 10.9375],
			"faces": {
				"north": {"uv": [0.224, 1.76, 0.56, 2.514], "rotation": 180, "texture": "#0"},
				"east": {"uv": [0.224, 1.76, 0.56, 2.514], "rotation": 180, "texture": "#0"},
				"south": {"uv": [0.224, 1.76, 0.56, 2.514], "rotation": 180, "texture": "#0"},
				"west": {"uv": [0.224, 1.76, 0.56, 2.514], "rotation": 180, "texture": "#0"},
				"up": {"uv": [0.224, 1.76, 0.56, 2.514], "rotation": 180, "texture": "#0"},
				"down": {"uv": [0.224, 1.76, 0.56, 2.514], "rotation": 180, "texture": "#0"}
			}
		},
		{
			"from": [7.4375, 2.1875, 7.75],
			"to": [7.5, 3.25, 10.9375],
			"faces": {
				"north": {"uv": [0.224, 1.76, 0.56, 2.514], "rotation": 180, "texture": "#0"},
				"east": {"uv": [0.224, 1.76, 0.56, 2.514], "rotation": 180, "texture": "#0"},
				"south": {"uv": [0.224, 1.76, 0.56, 2.514], "rotation": 180, "texture": "#0"},
				"west": {"uv": [0.224, 1.76, 0.56, 2.514], "rotation": 180, "texture": "#0"},
				"up": {"uv": [0.224, 1.76, 0.56, 2.514], "rotation": 180, "texture": "#0"},
				"down": {"uv": [0.224, 1.76, 0.56, 2.514], "rotation": 180, "texture": "#0"}
			}
		},
		{
			"from": [7.375, 2.3125, 7.75],
			"to": [7.4375, 3.25, 10.9375],
			"faces": {
				"north": {"uv": [0.224, 1.76, 0.56, 2.514], "rotation": 180, "texture": "#0"},
				"east": {"uv": [0.224, 1.76, 0.56, 2.514], "rotation": 180, "texture": "#0"},
				"south": {"uv": [0.224, 1.76, 0.56, 2.514], "rotation": 180, "texture": "#0"},
				"west": {"uv": [0.224, 1.76, 0.56, 2.514], "rotation": 180, "texture": "#0"},
				"up": {"uv": [0.224, 1.76, 0.56, 2.514], "rotation": 180, "texture": "#0"},
				"down": {"uv": [0.224, 1.76, 0.56, 2.514], "rotation": 180, "texture": "#0"}
			}
		},
		{
			"from": [7.3125, 2.4375, 7.75],
			"to": [7.375, 3.25, 10.9375],
			"faces": {
				"north": {"uv": [0.224, 1.76, 0.56, 2.514], "rotation": 180, "texture": "#0"},
				"east": {"uv": [0.224, 1.76, 0.56, 2.514], "rotation": 180, "texture": "#0"},
				"south": {"uv": [0.224, 1.76, 0.56, 2.514], "rotation": 180, "texture": "#0"},
				"west": {"uv": [0.224, 1.76, 0.56, 2.514], "rotation": 180, "texture": "#0"},
				"up": {"uv": [0.224, 1.76, 0.56, 2.514], "rotation": 180, "texture": "#0"},
				"down": {"uv": [0.224, 1.76, 0.56, 2.514], "rotation": 180, "texture": "#0"}
			}
		},
		{
			"from": [6.9375, 2.9375, 7.75],
			"to": [7, 3.375, 10.9375],
			"faces": {
				"north": {"uv": [0.224, 1.76, 0.56, 2.514], "rotation": 180, "texture": "#0"},
				"east": {"uv": [0.224, 1.76, 0.56, 2.514], "rotation": 180, "texture": "#0"},
				"south": {"uv": [0.224, 1.76, 0.56, 2.514], "rotation": 180, "texture": "#0"},
				"west": {"uv": [0.224, 1.76, 0.56, 2.514], "rotation": 180, "texture": "#0"},
				"up": {"uv": [0.224, 1.76, 0.56, 2.514], "rotation": 180, "texture": "#0"},
				"down": {"uv": [0.224, 1.76, 0.56, 2.514], "rotation": 180, "texture": "#0"}
			}
		},
		{
			"from": [6.875, 3, 7.75],
			"to": [6.9375, 3.375, 10.9375],
			"faces": {
				"north": {"uv": [0.224, 1.76, 0.56, 2.514], "rotation": 180, "texture": "#0"},
				"east": {"uv": [0.224, 1.76, 0.56, 2.514], "rotation": 180, "texture": "#0"},
				"south": {"uv": [0.224, 1.76, 0.56, 2.514], "rotation": 180, "texture": "#0"},
				"west": {"uv": [0.224, 1.76, 0.56, 2.514], "rotation": 180, "texture": "#0"},
				"up": {"uv": [0.224, 1.76, 0.56, 2.514], "rotation": 180, "texture": "#0"},
				"down": {"uv": [0.224, 1.76, 0.56, 2.514], "rotation": 180, "texture": "#0"}
			}
		},
		{
			"from": [6.8125, 3.0625, 7.75],
			"to": [6.875, 3.4375, 10.9375],
			"faces": {
				"north": {"uv": [0.224, 1.76, 0.56, 2.514], "rotation": 180, "texture": "#0"},
				"east": {"uv": [0.224, 1.76, 0.56, 2.514], "rotation": 180, "texture": "#0"},
				"south": {"uv": [0.224, 1.76, 0.56, 2.514], "rotation": 180, "texture": "#0"},
				"west": {"uv": [0.224, 1.76, 0.56, 2.514], "rotation": 180, "texture": "#0"},
				"up": {"uv": [0.224, 1.76, 0.56, 2.514], "rotation": 180, "texture": "#0"},
				"down": {"uv": [0.224, 1.76, 0.56, 2.514], "rotation": 180, "texture": "#0"}
			}
		},
		{
			"from": [6.625, 3.125, 7.75],
			"to": [6.9375, 3.375, 10.9375],
			"faces": {
				"north": {"uv": [0.224, 1.76, 0.56, 2.514], "rotation": 180, "texture": "#0"},
				"east": {"uv": [0.224, 1.76, 0.56, 2.514], "rotation": 180, "texture": "#0"},
				"south": {"uv": [0.224, 1.76, 0.56, 2.514], "rotation": 180, "texture": "#0"},
				"west": {"uv": [0.224, 1.76, 0.56, 2.514], "rotation": 180, "texture": "#0"},
				"up": {"uv": [0.224, 1.76, 0.56, 2.514], "rotation": 180, "texture": "#0"},
				"down": {"uv": [0.224, 1.76, 0.56, 2.514], "rotation": 180, "texture": "#0"}
			}
		},
		{
			"from": [4.1875, 3.25, 7.75],
			"to": [6.8125, 3.375, 10.9375],
			"faces": {
				"north": {"uv": [0.224, 1.648, 6.256, 2.034], "texture": "#0"},
				"east": {"uv": [0.224, 1.648, 6.256, 2.034], "texture": "#0"},
				"south": {"uv": [0.224, 1.648, 6.256, 2.034], "texture": "#0"},
				"west": {"uv": [0.224, 1.648, 6.256, 2.034], "texture": "#0"},
				"up": {"uv": [0.224, 1.648, 6.256, 2.034], "texture": "#0"},
				"down": {"uv": [0.224, 1.648, 6.256, 2.034], "texture": "#0"}
			}
		},
		{
			"from": [6.3125, 3.1875, 7.75],
			"to": [6.875, 3.375, 10.9375],
			"faces": {
				"north": {"uv": [0.128, 0.128, 0.848, 1.091], "texture": "#0"},
				"east": {"uv": [0.128, 0.128, 0.848, 1.091], "texture": "#0"},
				"south": {"uv": [0.128, 0.128, 0.848, 1.091], "texture": "#0"},
				"west": {"uv": [0.128, 0.128, 0.848, 1.091], "texture": "#0"},
				"up": {"uv": [0.128, 0.128, 0.848, 1.091], "texture": "#0"},
				"down": {"uv": [0.128, 0.128, 0.848, 1.091], "texture": "#0"}
			}
		},
		{
			"from": [7.25, 2.6875, 7.75],
			"to": [7.3125, 3.25, 10.9375],
			"faces": {
				"north": {"uv": [0.224, 1.76, 0.56, 2.514], "rotation": 180, "texture": "#0"},
				"east": {"uv": [0.224, 1.76, 0.56, 2.514], "rotation": 180, "texture": "#0"},
				"south": {"uv": [0.224, 1.76, 0.56, 2.514], "rotation": 180, "texture": "#0"},
				"west": {"uv": [0.224, 1.76, 0.56, 2.514], "rotation": 180, "texture": "#0"},
				"up": {"uv": [0.224, 1.76, 0.56, 2.514], "rotation": 180, "texture": "#0"},
				"down": {"uv": [0.224, 1.76, 0.56, 2.514], "rotation": 180, "texture": "#0"}
			}
		},
		{
			"from": [7.1875, 2.75, 7.75],
			"to": [7.25, 3.25, 10.9375],
			"faces": {
				"north": {"uv": [0.224, 1.76, 0.56, 2.514], "rotation": 180, "texture": "#0"},
				"east": {"uv": [0.224, 1.76, 0.56, 2.514], "rotation": 180, "texture": "#0"},
				"south": {"uv": [0.224, 1.76, 0.56, 2.514], "rotation": 180, "texture": "#0"},
				"west": {"uv": [0.224, 1.76, 0.56, 2.514], "rotation": 180, "texture": "#0"},
				"up": {"uv": [0.224, 1.76, 0.56, 2.514], "rotation": 180, "texture": "#0"},
				"down": {"uv": [0.224, 1.76, 0.56, 2.514], "rotation": 180, "texture": "#0"}
			}
		},
		{
			"from": [7.125, 2.8125, 7.75],
			"to": [7.1875, 3.25, 10.9375],
			"faces": {
				"north": {"uv": [0.224, 1.76, 0.56, 2.514], "rotation": 180, "texture": "#0"},
				"east": {"uv": [0.224, 1.76, 0.56, 2.514], "rotation": 180, "texture": "#0"},
				"south": {"uv": [0.224, 1.76, 0.56, 2.514], "rotation": 180, "texture": "#0"},
				"west": {"uv": [0.224, 1.76, 0.56, 2.514], "rotation": 180, "texture": "#0"},
				"up": {"uv": [0.224, 1.76, 0.56, 2.514], "rotation": 180, "texture": "#0"},
				"down": {"uv": [0.224, 1.76, 0.56, 2.514], "rotation": 180, "texture": "#0"}
			}
		},
		{
			"from": [7, 2.9375, 7.75],
			"to": [7.125, 3.25, 10.9375],
			"faces": {
				"north": {"uv": [0.224, 1.76, 0.56, 2.514], "rotation": 180, "texture": "#0"},
				"east": {"uv": [0.224, 1.76, 0.56, 2.514], "rotation": 180, "texture": "#0"},
				"south": {"uv": [0.224, 1.76, 0.56, 2.514], "rotation": 180, "texture": "#0"},
				"west": {"uv": [0.224, 1.76, 0.56, 2.514], "rotation": 180, "texture": "#0"},
				"up": {"uv": [0.224, 1.76, 0.56, 2.514], "rotation": 180, "texture": "#0"},
				"down": {"uv": [0.224, 1.76, 0.56, 2.514], "rotation": 180, "texture": "#0"}
			}
		},
		{
			"from": [-3.46875, 2.59375, 7.5],
			"to": [11.21875, 3.21875, 7.75],
			"rotation": {"angle": -22.5, "axis": "z", "origin": [10.25, 6.21875, 7.34375]},
			"faces": {
				"north": {"uv": [0.25, 0.5, 2.123, 7.187], "rotation": 90, "texture": "#2"},
				"east": {"uv": [0.25, 0.5, 2.123, 7.187], "rotation": 90, "texture": "#2"},
				"south": {"uv": [0.25, 0.5, 2.123, 7.187], "rotation": 90, "texture": "#2"},
				"west": {"uv": [0.25, 0.5, 2.123, 7.187], "rotation": 90, "texture": "#2"},
				"up": {"uv": [0.25, 0.5, 2.123, 7.187], "rotation": 90, "texture": "#2"},
				"down": {"uv": [0.25, 0.5, 2.123, 7.187], "rotation": 90, "texture": "#2"}
			}
		},
		{
			"from": [-3.46875, 2.59375, 10.9375],
			"to": [11.21875, 3.21875, 11.1875],
			"rotation": {"angle": -22.5, "axis": "z", "origin": [10.25, 6.21875, 7.34375]},
			"faces": {
				"north": {"uv": [0.25, 0.5, 2.123, 7.187], "rotation": 90, "texture": "#2"},
				"east": {"uv": [0.25, 0.5, 2.123, 7.187], "rotation": 90, "texture": "#2"},
				"south": {"uv": [0.25, 0.5, 2.123, 7.187], "rotation": 90, "texture": "#2"},
				"west": {"uv": [0.25, 0.5, 2.123, 7.187], "rotation": 90, "texture": "#2"},
				"up": {"uv": [0.25, 0.5, 2.123, 7.187], "rotation": 90, "texture": "#2"},
				"down": {"uv": [0.25, 0.5, 2.123, 7.187], "rotation": 90, "texture": "#2"}
			}
		},
		{
			"from": [-7.25, 3.375, 6.625],
			"to": [-6.375, 4.3125, 11.9375],
			"faces": {
				"north": {"uv": [0.25, 0.5, 2.123, 7.187], "texture": "#2"},
				"east": {"uv": [0.25, 0.5, 2.123, 7.187], "texture": "#2"},
				"south": {"uv": [0.25, 0.5, 2.123, 7.187], "texture": "#2"},
				"west": {"uv": [0.25, 0.5, 2.123, 7.187], "texture": "#2"},
				"up": {"uv": [0.25, 0.5, 2.123, 7.187], "texture": "#2"},
				"down": {"uv": [0.25, 0.5, 2.123, 7.187], "texture": "#2"}
			}
		},
		{
			"from": [-8.25, 3.375, 11.9375],
			"to": [-7.4375, 4.3125, 13.9375],
			"rotation": {"angle": -22.5, "axis": "y", "origin": [-6.8125, 3.84375, 14.59375]},
			"faces": {
				"north": {"uv": [0.25, 0.5, 2.123, 7.187], "texture": "#2"},
				"east": {"uv": [0.25, 0.5, 2.123, 7.187], "texture": "#2"},
				"south": {"uv": [0.25, 0.5, 2.123, 7.187], "texture": "#2"},
				"west": {"uv": [0.25, 0.5, 2.123, 7.187], "texture": "#2"},
				"up": {"uv": [0.25, 0.5, 2.123, 7.187], "texture": "#2"},
				"down": {"uv": [0.25, 0.5, 2.123, 7.187], "texture": "#2"}
			}
		},
		{
			"from": [-8.0625, 3.375, 4.5625],
			"to": [-7.1875, 4.3125, 6.6875],
			"rotation": {"angle": 22.5, "axis": "y", "origin": [-6.8125, 3.84375, 4.65625]},
			"faces": {
				"north": {"uv": [0.25, 0.5, 2.123, 7.187], "texture": "#2"},
				"east": {"uv": [0.25, 0.5, 2.123, 7.187], "texture": "#2"},
				"south": {"uv": [0.25, 0.5, 2.123, 7.187], "texture": "#2"},
				"west": {"uv": [0.25, 0.5, 2.123, 7.187], "texture": "#2"},
				"up": {"uv": [0.25, 0.5, 2.123, 7.187], "texture": "#2"},
				"down": {"uv": [0.25, 0.5, 2.123, 7.187], "texture": "#2"}
			}
		},
		{
			"from": [21, 3.8125, 7.6875],
			"to": [21.4375, 5, 7.75],
			"rotation": {"angle": 22.5, "axis": "z", "origin": [21.34375, 4.4375, 11.03125]},
			"faces": {
				"north": {"uv": [0.25, 0.5, 2.123, 7.187], "texture": "#2"},
				"east": {"uv": [0.25, 0.5, 2.123, 7.187], "texture": "#2"},
				"south": {"uv": [0.25, 0.5, 2.123, 7.187], "texture": "#2"},
				"west": {"uv": [0.25, 0.5, 2.123, 7.187], "texture": "#2"},
				"up": {"uv": [0.25, 0.5, 2.123, 7.187], "texture": "#2"},
				"down": {"uv": [0.25, 0.5, 2.123, 7.187], "texture": "#2"}
			}
		},
		{
			"from": [21.0625, 5, 7.6875],
			"to": [21.375, 5.3125, 7.75],
			"rotation": {"angle": 22.5, "axis": "z", "origin": [21.34375, 4.4375, 11.03125]},
			"faces": {
				"north": {"uv": [0.25, 0.5, 2.123, 7.187], "texture": "#2"},
				"east": {"uv": [0.25, 0.5, 2.123, 7.187], "texture": "#2"},
				"south": {"uv": [0.25, 0.5, 2.123, 7.187], "texture": "#2"},
				"west": {"uv": [0.25, 0.5, 2.123, 7.187], "texture": "#2"},
				"up": {"uv": [0.25, 0.5, 2.123, 7.187], "texture": "#2"},
				"down": {"uv": [0.25, 0.5, 2.123, 7.187], "texture": "#2"}
			}
		},
		{
			"from": [21.125, 5.3125, 7.6875],
			"to": [21.3125, 5.5, 7.75],
			"rotation": {"angle": 22.5, "axis": "z", "origin": [21.34375, 4.4375, 11.03125]},
			"faces": {
				"north": {"uv": [0.25, 0.5, 2.123, 7.187], "texture": "#2"},
				"east": {"uv": [0.25, 0.5, 2.123, 7.187], "texture": "#2"},
				"south": {"uv": [0.25, 0.5, 2.123, 7.187], "texture": "#2"},
				"west": {"uv": [0.25, 0.5, 2.123, 7.187], "texture": "#2"},
				"up": {"uv": [0.25, 0.5, 2.123, 7.187], "texture": "#2"},
				"down": {"uv": [0.25, 0.5, 2.123, 7.187], "texture": "#2"}
			}
		},
		{
			"from": [21.1875, 5.5, 7.6875],
			"to": [21.25, 5.5625, 7.75],
			"rotation": {"angle": 22.5, "axis": "z", "origin": [21.34375, 4.4375, 11.03125]},
			"faces": {
				"north": {"uv": [0.25, 0.5, 2.123, 7.187], "texture": "#2"},
				"east": {"uv": [0.25, 0.5, 2.123, 7.187], "texture": "#2"},
				"south": {"uv": [0.25, 0.5, 2.123, 7.187], "texture": "#2"},
				"west": {"uv": [0.25, 0.5, 2.123, 7.187], "texture": "#2"},
				"up": {"uv": [0.25, 0.5, 2.123, 7.187], "texture": "#2"},
				"down": {"uv": [0.25, 0.5, 2.123, 7.187], "texture": "#2"}
			}
		},
		{
			"from": [21, 3.8125, 10.9375],
			"to": [21.4375, 5, 11],
			"rotation": {"angle": 22.5, "axis": "z", "origin": [21.34375, 4.4375, 11.03125]},
			"faces": {
				"north": {"uv": [0.25, 0.5, 2.123, 7.187], "texture": "#2"},
				"east": {"uv": [0.25, 0.5, 2.123, 7.187], "texture": "#2"},
				"south": {"uv": [0.25, 0.5, 2.123, 7.187], "texture": "#2"},
				"west": {"uv": [0.25, 0.5, 2.123, 7.187], "texture": "#2"},
				"up": {"uv": [0.25, 0.5, 2.123, 7.187], "texture": "#2"},
				"down": {"uv": [0.25, 0.5, 2.123, 7.187], "texture": "#2"}
			}
		},
		{
			"from": [21.0625, 5, 10.9375],
			"to": [21.375, 5.3125, 11],
			"rotation": {"angle": 22.5, "axis": "z", "origin": [21.34375, 4.4375, 11.03125]},
			"faces": {
				"north": {"uv": [0.25, 0.5, 2.123, 7.187], "texture": "#2"},
				"east": {"uv": [0.25, 0.5, 2.123, 7.187], "texture": "#2"},
				"south": {"uv": [0.25, 0.5, 2.123, 7.187], "texture": "#2"},
				"west": {"uv": [0.25, 0.5, 2.123, 7.187], "texture": "#2"},
				"up": {"uv": [0.25, 0.5, 2.123, 7.187], "texture": "#2"},
				"down": {"uv": [0.25, 0.5, 2.123, 7.187], "texture": "#2"}
			}
		},
		{
			"from": [21.125, 5.3125, 10.9375],
			"to": [21.3125, 5.5, 11],
			"rotation": {"angle": 22.5, "axis": "z", "origin": [21.34375, 4.4375, 11.03125]},
			"faces": {
				"north": {"uv": [0.25, 0.5, 2.123, 7.187], "texture": "#2"},
				"east": {"uv": [0.25, 0.5, 2.123, 7.187], "texture": "#2"},
				"south": {"uv": [0.25, 0.5, 2.123, 7.187], "texture": "#2"},
				"west": {"uv": [0.25, 0.5, 2.123, 7.187], "texture": "#2"},
				"up": {"uv": [0.25, 0.5, 2.123, 7.187], "texture": "#2"},
				"down": {"uv": [0.25, 0.5, 2.123, 7.187], "texture": "#2"}
			}
		},
		{
			"from": [21.1875, 5.5, 10.9375],
			"to": [21.25, 5.5625, 11],
			"rotation": {"angle": 22.5, "axis": "z", "origin": [21.34375, 4.4375, 11.03125]},
			"faces": {
				"north": {"uv": [0.25, 0.5, 2.123, 7.187], "texture": "#2"},
				"east": {"uv": [0.25, 0.5, 2.123, 7.187], "texture": "#2"},
				"south": {"uv": [0.25, 0.5, 2.123, 7.187], "texture": "#2"},
				"west": {"uv": [0.25, 0.5, 2.123, 7.187], "texture": "#2"},
				"up": {"uv": [0.25, 0.5, 2.123, 7.187], "texture": "#2"},
				"down": {"uv": [0.25, 0.5, 2.123, 7.187], "texture": "#2"}
			}
		},
		{
			"from": [15.54507, 3.0625, 21.70652],
			"to": [16.17007, 3.6875, 22.33152],
			"rotation": {"angle": 22.5, "axis": "y", "origin": [16.73257, 3.4375, 20.26902]},
			"faces": {
				"north": {"uv": [0.25, 0.5, 2.123, 7.187], "texture": "#2"},
				"east": {"uv": [0.25, 0.5, 2.123, 7.187], "texture": "#2"},
				"south": {"uv": [0.25, 0.5, 2.123, 7.187], "texture": "#2"},
				"west": {"uv": [0.25, 0.5, 2.123, 7.187], "texture": "#2"},
				"up": {"uv": [0.25, 0.5, 2.123, 7.187], "texture": "#2"},
				"down": {"uv": [0.25, 0.5, 2.123, 7.187], "texture": "#2"}
			}
		},
		{
			"from": [16.48257, 3.125, -4.51902],
			"to": [17.10757, 3.75, -3.89402],
			"rotation": {"angle": -22.5, "axis": "y", "origin": [16.73257, 3.4375, -4.26902]},
			"faces": {
				"north": {"uv": [0.25, 0.5, 2.123, 7.187], "texture": "#2"},
				"east": {"uv": [0.25, 0.5, 2.123, 7.187], "texture": "#2"},
				"south": {"uv": [0.25, 0.5, 2.123, 7.187], "texture": "#2"},
				"west": {"uv": [0.25, 0.5, 2.123, 7.187], "texture": "#2"},
				"up": {"uv": [0.25, 0.5, 2.123, 7.187], "texture": "#2"},
				"down": {"uv": [0.25, 0.5, 2.123, 7.187], "texture": "#2"}
			}
		},
		{
			"from": [9.4375, 2.8125, 7.4375],
			"to": [9.6875, 3.0625, 11.25],
			"faces": {
				"north": {"uv": [14.25, 8, 15, 8.75], "texture": "#2"},
				"east": {"uv": [14.25, 8, 15, 8.75], "texture": "#2"},
				"south": {"uv": [14.25, 8, 15, 8.75], "texture": "#2"},
				"west": {"uv": [14.25, 8, 15, 8.75], "texture": "#2"},
				"up": {"uv": [14.25, 8, 15, 8.75], "texture": "#2"},
				"down": {"uv": [14.25, 8, 15, 8.75], "texture": "#2"}
			}
		},
		{
			"from": [2.8125, 4.5, 7.625],
			"to": [3.0625, 4.75, 11.0625],
			"faces": {
				"north": {"uv": [14.25, 8, 15, 8.75], "texture": "#2"},
				"east": {"uv": [14.25, 8, 15, 8.75], "texture": "#2"},
				"south": {"uv": [14.25, 8, 15, 8.75], "texture": "#2"},
				"west": {"uv": [14.25, 8, 15, 8.75], "texture": "#2"},
				"up": {"uv": [14.25, 8, 15, 8.75], "texture": "#2"},
				"down": {"uv": [14.25, 8, 15, 8.75], "texture": "#2"}
			}
		}
	],
	"display": {
		"thirdperson_righthand": {
			"rotation": [0, 90, 0],
			"translation": [0, 2.5, 2.5],
			"scale": [0.5, 0.5, 0.5]
		},
		"thirdperson_lefthand": {
			"rotation": [0, -90, 0],
			"translation": [1, 2.5, 2.5],
			"scale": [0.5, 0.5, 0.5]
		},
		"firstperson_righthand": {
			"rotation": [-150, 86, 170],
			"translation": [-1.5, 5.25, -0.5]
		},
		"firstperson_lefthand": {
			"rotation": [40, -83, 19],
			"translation": [3.75, 5.75, -0.75]
		},
		"gui": {
			"rotation": [90, 46, 0],
			"scale": [0.5, 0.5, 0.5]
		},
		"head": {
			"rotation": [0, 90, 90],
			"translation": [-0.5, -22, 11.5]
		},
		"fixed": {
			"rotation": [-90, 180, 1],
			"translation": [0, 0, -6.75],
			"scale": [0.8, 0.8, 0.8]
		}
	},
	"groups": [
		{
			"name": "group",
			"children": [0, 1, 2, 3, 4, 5, 6, 7,
				{
					"name": "group",
					"children": []
				},
				{
					"name": "group2",
					"children": [8,
						{
							"name": "string",
							"children": [9, 10, 11, 12, 13, 14, 15, 16, 17, 18, 19, 20, 21, 22, 23, 24]
						},
						{
							"name": "string2",
							"children": [25, 26, 27, 28, 29, 30, 31, 32, 33, 34, 35, 36, 37, 38, 39, 40]
						}
					]
				},
				{
					"name": "group",
					"children": [41, 42, 43, 44, 45, 46, 47, 48, 49, 50, 51]
				},
				{
					"name": "group",
					"children": [
						{
							"name": "group",
							"children": [
								{
									"name": "group",
									"children": [52, 53, 54, 55, 56, 57, 58, 59, 60, 61, 62, 63, 64, 65, 66, 67, 68, 69, 70, 71, 72, 73, 74, 75, 76, 77, 78, 79, 80, 81, 82, 83, 84, 85, 86, 87, 88, 89, 90, 91, 92, 93, 94, 95, 96, 97, 98, 99, 100, 101, 102, 103, 104, 105, 106, 107, 108, 109, 110, 111, 112, 113, 114, 115, 116, 117, 118, 119, 120, 121, 122, 123, 124, 125, 126, 127, 128]
								}
							]
						}
					]
				},
				{
					"name": "group",
					"children": [129, 130, 131, 132, 133, 134, 135, 136, 137, 138, 139, 140, 141, 142, 143]
				}, 144, 145, 146, 147, 148]
		}
	]
}