{
	"credit": "Made using Blockbench ~",
	"textures": {
		"0": "block/bow/blackbowtextures",
		"1": "block/weapons/bone_block_side",
		"2": "block/weapons/fulangedmace",
		"particle": "block/bow/blackbowtextures"
	},
	"elements": [
		{
			"from": [17, 3.9375, 7.625],
			"to": [17.25, 4.1875, 11.0625],
			"faces": {
				"north": {"uv": [14.25, 8, 15, 8.75], "texture": "#2"},
				"east": {"uv": [14.25, 8, 15, 8.75], "texture": "#2"},
				"south": {"uv": [14.25, 8, 15, 8.75], "texture": "#2"},
				"west": {"uv": [14.25, 8, 15, 8.75], "texture": "#2"},
				"up": {"uv": [14.25, 8, 15, 8.75], "texture": "#2"},
				"down": {"uv": [14.25, 8, 15, 8.75], "texture": "#2"}
			}
		},
		{
			"from": [14.25, 2.6875, 0.8125],
			"to": [14.9375, 4.125, 16.9375],
			"faces": {
				"north": {"uv": [0.576, 0.688, 6.201, 2.125], "texture": "#0"},
				"east": {"uv": [0.576, 0.688, 6.201, 2.125], "texture": "#0"},
				"south": {"uv": [0.576, 0.688, 6.201, 2.125], "texture": "#0"},
				"west": {"uv": [0.576, 0.688, 6.201, 2.125], "texture": "#0"},
				"up": {"uv": [0.576, 0.688, 6.201, 2.125], "texture": "#0"},
				"down": {"uv": [0.576, 0.688, 6.201, 2.125], "texture": "#0"}
			}
		},
		{
			"from": [12.625, 2.6875, 17.125],
			"to": [13.25, 4.125, 22.75],
			"rotation": {"angle": -22.5, "axis": "y", "origin": [14.59375, 3.40625, 21.15625]},
			"faces": {
				"north": {"uv": [0.576, 0.688, 6.201, 2.125], "texture": "#0"},
				"east": {"uv": [0.576, 0.688, 6.201, 2.125], "texture": "#0"},
				"south": {"uv": [0.576, 0.688, 6.201, 2.125], "texture": "#0"},
				"west": {"uv": [0.576, 0.688, 6.201, 2.125], "texture": "#0"},
				"up": {"uv": [0.576, 0.688, 6.201, 2.125], "texture": "#0"},
				"down": {"uv": [0.576, 0.688, 6.201, 2.125], "texture": "#0"}
			}
		},
		{
			"from": [14.25, 2.6875, -3.5],
			"to": [14.875, 4.125, 1.875],
			"rotation": {"angle": 22.5, "axis": "y", "origin": [12.375, 3.40625, 1.1875]},
			"faces": {
				"north": {"uv": [0.576, 0.688, 6.201, 2.125], "texture": "#0"},
				"east": {"uv": [0.576, 0.688, 6.201, 2.125], "texture": "#0"},
				"south": {"uv": [0.576, 0.688, 6.201, 2.125], "texture": "#0"},
				"west": {"uv": [0.576, 0.688, 6.201, 2.125], "texture": "#0"},
				"up": {"uv": [0.576, 0.688, 6.201, 2.125], "texture": "#0"},
				"down": {"uv": [0.576, 0.688, 6.201, 2.125], "texture": "#0"}
			}
		},
		{
			"from": [10.6875, 3.1875, -3.5],
			"to": [10.9375, 3.4375, -3.0625],
			"rotation": {"angle": -45, "axis": "y", "origin": [12.75, 3.5, -1.6875]},
			"faces": {
				"north": {"uv": [8, 4, 8.25, 4.25], "texture": "#1"},
				"east": {"uv": [8, 4, 8.25, 4.25], "texture": "#1"},
				"south": {"uv": [8, 4, 8.25, 4.25], "texture": "#1"},
				"west": {"uv": [8, 4, 8.25, 4.25], "texture": "#1"},
				"up": {"uv": [8, 4, 8.25, 4.25], "texture": "#1"},
				"down": {"uv": [8, 4, 8.25, 4.25], "texture": "#1"}
			}
		},
		{
			"from": [10.6875, 4.875, 7.75],
			"to": [10.9375, 5.125, 8.9375],
			"faces": {
				"north": {"uv": [8, 4, 8.25, 4.25], "texture": "#1"},
				"east": {"uv": [8, 4, 8.25, 4.25], "texture": "#1"},
				"south": {"uv": [8, 4, 8.25, 4.25], "texture": "#1"},
				"west": {"uv": [8, 4, 8.25, 4.25], "texture": "#1"},
				"up": {"uv": [8, 4, 8.25, 4.25], "texture": "#1"},
				"down": {"uv": [8, 4, 8.25, 4.25], "texture": "#1"}
			}
		},
		{
			"from": [10.75, 4.8125, 6.6875],
			"to": [11, 5.0625, 7.875],
			"faces": {
				"north": {"uv": [8, 4, 8.25, 4.25], "texture": "#1"},
				"east": {"uv": [8, 4, 8.25, 4.25], "texture": "#1"},
				"south": {"uv": [8, 4, 8.25, 4.25], "texture": "#1"},
				"west": {"uv": [8, 4, 8.25, 4.25], "texture": "#1"},
				"up": {"uv": [8, 4, 8.25, 4.25], "texture": "#1"},
				"down": {"uv": [8, 4, 8.25, 4.25], "texture": "#1"}
			}
		},
		{
			"from": [10.8125, 4.75, 5.625],
			"to": [11.0625, 5, 6.8125],
			"faces": {
				"north": {"uv": [8, 4, 8.25, 4.25], "texture": "#1"},
				"east": {"uv": [8, 4, 8.25, 4.25], "texture": "#1"},
				"south": {"uv": [8, 4, 8.25, 4.25], "texture": "#1"},
				"west": {"uv": [8, 4, 8.25, 4.25], "texture": "#1"},
				"up": {"uv": [8, 4, 8.25, 4.25], "texture": "#1"},
				"down": {"uv": [8, 4, 8.25, 4.25], "texture": "#1"}
			}
		},
		{
			"from": [10.875, 4.6875, 4.5],
			"to": [11.125, 4.9375, 5.6875],
			"faces": {
				"north": {"uv": [8, 4, 8.25, 4.25], "texture": "#1"},
				"east": {"uv": [8, 4, 8.25, 4.25], "texture": "#1"},
				"south": {"uv": [8, 4, 8.25, 4.25], "texture": "#1"},
				"west": {"uv": [8, 4, 8.25, 4.25], "texture": "#1"},
				"up": {"uv": [8, 4, 8.25, 4.25], "texture": "#1"},
				"down": {"uv": [8, 4, 8.25, 4.25], "texture": "#1"}
			}
		},
		{
			"from": [10.9375, 4.5625, 3.375],
			"to": [11.1875, 4.8125, 4.5625],
			"faces": {
				"north": {"uv": [8, 4, 8.25, 4.25], "texture": "#1"},
				"east": {"uv": [8, 4, 8.25, 4.25], "texture": "#1"},
				"south": {"uv": [8, 4, 8.25, 4.25], "texture": "#1"},
				"west": {"uv": [8, 4, 8.25, 4.25], "texture": "#1"},
				"up": {"uv": [8, 4, 8.25, 4.25], "texture": "#1"},
				"down": {"uv": [8, 4, 8.25, 4.25], "texture": "#1"}
			}
		},
		{
			"from": [11, 4.5, 2.25],
			"to": [11.25, 4.75, 3.4375],
			"faces": {
				"north": {"uv": [8, 4, 8.25, 4.25], "texture": "#1"},
				"east": {"uv": [8, 4, 8.25, 4.25], "texture": "#1"},
				"south": {"uv": [8, 4, 8.25, 4.25], "texture": "#1"},
				"west": {"uv": [8, 4, 8.25, 4.25], "texture": "#1"},
				"up": {"uv": [8, 4, 8.25, 4.25], "texture": "#1"},
				"down": {"uv": [8, 4, 8.25, 4.25], "texture": "#1"}
			}
		},
		{
			"from": [11.0625, 4.4375, 1.125],
			"to": [11.3125, 4.6875, 2.3125],
			"faces": {
				"north": {"uv": [8, 4, 8.25, 4.25], "texture": "#1"},
				"east": {"uv": [8, 4, 8.25, 4.25], "texture": "#1"},
				"south": {"uv": [8, 4, 8.25, 4.25], "texture": "#1"},
				"west": {"uv": [8, 4, 8.25, 4.25], "texture": "#1"},
				"up": {"uv": [8, 4, 8.25, 4.25], "texture": "#1"},
				"down": {"uv": [8, 4, 8.25, 4.25], "texture": "#1"}
			}
		},
		{
			"from": [11.125, 4.375, 0.5],
			"to": [11.375, 4.625, 1.1875],
			"faces": {
				"north": {"uv": [8, 4, 8.25, 4.25], "texture": "#1"},
				"east": {"uv": [8, 4, 8.25, 4.25], "texture": "#1"},
				"south": {"uv": [8, 4, 8.25, 4.25], "texture": "#1"},
				"west": {"uv": [8, 4, 8.25, 4.25], "texture": "#1"},
				"up": {"uv": [8, 4, 8.25, 4.25], "texture": "#1"},
				"down": {"uv": [8, 4, 8.25, 4.25], "texture": "#1"}
			}
		},
		{
			"from": [11.1875, 4.25, -0.0625],
			"to": [11.4375, 4.5, 0.625],
			"faces": {
				"north": {"uv": [8, 4, 8.25, 4.25], "texture": "#1"},
				"east": {"uv": [8, 4, 8.25, 4.25], "texture": "#1"},
				"south": {"uv": [8, 4, 8.25, 4.25], "texture": "#1"},
				"west": {"uv": [8, 4, 8.25, 4.25], "texture": "#1"},
				"up": {"uv": [8, 4, 8.25, 4.25], "texture": "#1"},
				"down": {"uv": [8, 4, 8.25, 4.25], "texture": "#1"}
			}
		},
		{
			"from": [11.25, 4.0625, -0.625],
			"to": [11.5, 4.3125, 0.0625],
			"faces": {
				"north": {"uv": [8, 4, 8.25, 4.25], "texture": "#1"},
				"east": {"uv": [8, 4, 8.25, 4.25], "texture": "#1"},
				"south": {"uv": [8, 4, 8.25, 4.25], "texture": "#1"},
				"west": {"uv": [8, 4, 8.25, 4.25], "texture": "#1"},
				"up": {"uv": [8, 4, 8.25, 4.25], "texture": "#1"},
				"down": {"uv": [8, 4, 8.25, 4.25], "texture": "#1"}
			}
		},
		{
			"from": [11.3125, 3.9375, -1.25],
			"to": [11.5625, 4.1875, -0.5625],
			"faces": {
				"north": {"uv": [8, 4, 8.25, 4.25], "texture": "#1"},
				"east": {"uv": [8, 4, 8.25, 4.25], "texture": "#1"},
				"south": {"uv": [8, 4, 8.25, 4.25], "texture": "#1"},
				"west": {"uv": [8, 4, 8.25, 4.25], "texture": "#1"},
				"up": {"uv": [8, 4, 8.25, 4.25], "texture": "#1"},
				"down": {"uv": [8, 4, 8.25, 4.25], "texture": "#1"}
			}
		},
		{
			"from": [11.4375, 3.9375, -1.875],
			"to": [11.6875, 4.1875, -1.1875],
			"faces": {
				"north": {"uv": [8, 4, 8.25, 4.25], "texture": "#1"},
				"east": {"uv": [8, 4, 8.25, 4.25], "texture": "#1"},
				"south": {"uv": [8, 4, 8.25, 4.25], "texture": "#1"},
				"west": {"uv": [8, 4, 8.25, 4.25], "texture": "#1"},
				"up": {"uv": [8, 4, 8.25, 4.25], "texture": "#1"},
				"down": {"uv": [8, 4, 8.25, 4.25], "texture": "#1"}
			}
		},
		{
			"from": [11.5, 3.8125, -2.4375],
			"to": [11.75, 4.0625, -1.75],
			"faces": {
				"north": {"uv": [8, 4, 8.25, 4.25], "texture": "#1"},
				"east": {"uv": [8, 4, 8.25, 4.25], "texture": "#1"},
				"south": {"uv": [8, 4, 8.25, 4.25], "texture": "#1"},
				"west": {"uv": [8, 4, 8.25, 4.25], "texture": "#1"},
				"up": {"uv": [8, 4, 8.25, 4.25], "texture": "#1"},
				"down": {"uv": [8, 4, 8.25, 4.25], "texture": "#1"}
			}
		},
		{
			"from": [11.625, 3.625, -3.0625],
			"to": [11.875, 3.875, -2.375],
			"faces": {
				"north": {"uv": [8, 4, 8.25, 4.25], "texture": "#1"},
				"east": {"uv": [8, 4, 8.25, 4.25], "texture": "#1"},
				"south": {"uv": [8, 4, 8.25, 4.25], "texture": "#1"},
				"west": {"uv": [8, 4, 8.25, 4.25], "texture": "#1"},
				"up": {"uv": [8, 4, 8.25, 4.25], "texture": "#1"},
				"down": {"uv": [8, 4, 8.25, 4.25], "texture": "#1"}
			}
		},
		{
			"from": [11.92483, 3.5, -3.75861],
			"to": [12.17483, 3.75, -3.07111],
			"rotation": {"angle": -22.5, "axis": "y", "origin": [11.79983, 3.625, -3.47736]},
			"faces": {
				"north": {"uv": [8, 4, 8.25, 4.25], "texture": "#1"},
				"east": {"uv": [8, 4, 8.25, 4.25], "texture": "#1"},
				"south": {"uv": [8, 4, 8.25, 4.25], "texture": "#1"},
				"west": {"uv": [8, 4, 8.25, 4.25], "texture": "#1"},
				"up": {"uv": [8, 4, 8.25, 4.25], "texture": "#1"},
				"down": {"uv": [8, 4, 8.25, 4.25], "texture": "#1"}
			}
		},
		{
			"from": [12.07257, 3.3125, -4.21886],
			"to": [12.32257, 3.5625, -3.53136],
			"rotation": {"angle": -22.5, "axis": "y", "origin": [12.19757, 3.4375, -3.87511]},
			"faces": {
				"north": {"uv": [8, 4, 8.25, 4.25], "texture": "#1"},
				"east": {"uv": [8, 4, 8.25, 4.25], "texture": "#1"},
				"south": {"uv": [8, 4, 8.25, 4.25], "texture": "#1"},
				"west": {"uv": [8, 4, 8.25, 4.25], "texture": "#1"},
				"up": {"uv": [8, 4, 8.25, 4.25], "texture": "#1"},
				"down": {"uv": [8, 4, 8.25, 4.25], "texture": "#1"}
			}
		},
		{
			"from": [10.5625, 5, 8.75],
			"to": [10.8125, 5.25, 10.125],
			"faces": {
				"north": {"uv": [8.25, 4, 8, 4.25], "texture": "#1"},
				"east": {"uv": [8.25, 4, 8, 4.25], "texture": "#1"},
				"south": {"uv": [8.25, 4, 8, 4.25], "texture": "#1"},
				"west": {"uv": [8.25, 4, 8, 4.25], "texture": "#1"},
				"up": {"uv": [8, 4.25, 8.25, 4], "texture": "#1"},
				"down": {"uv": [8, 4.25, 8.25, 4], "texture": "#1"}
			}
		},
		{
			"from": [10.625, 4.9375, 10],
			"to": [10.875, 5.1875, 11.1875],
			"faces": {
				"north": {"uv": [8.25, 4, 8, 4.25], "texture": "#1"},
				"east": {"uv": [8.25, 4, 8, 4.25], "texture": "#1"},
				"south": {"uv": [8.25, 4, 8, 4.25], "texture": "#1"},
				"west": {"uv": [8.25, 4, 8, 4.25], "texture": "#1"},
				"up": {"uv": [8, 4.25, 8.25, 4], "texture": "#1"},
				"down": {"uv": [8, 4.25, 8.25, 4], "texture": "#1"}
			}
		},
		{
			"from": [10.6875, 4.875, 11.0625],
			"to": [10.9375, 5.125, 12.25],
			"faces": {
				"north": {"uv": [8.25, 4, 8, 4.25], "texture": "#1"},
				"east": {"uv": [8.25, 4, 8, 4.25], "texture": "#1"},
				"south": {"uv": [8.25, 4, 8, 4.25], "texture": "#1"},
				"west": {"uv": [8.25, 4, 8, 4.25], "texture": "#1"},
				"up": {"uv": [8, 4.25, 8.25, 4], "texture": "#1"},
				"down": {"uv": [8, 4.25, 8.25, 4], "texture": "#1"}
			}
		},
		{
			"from": [10.75, 4.8125, 12.1875],
			"to": [11, 5.0625, 13.375],
			"faces": {
				"north": {"uv": [8.25, 4, 8, 4.25], "texture": "#1"},
				"east": {"uv": [8.25, 4, 8, 4.25], "texture": "#1"},
				"south": {"uv": [8.25, 4, 8, 4.25], "texture": "#1"},
				"west": {"uv": [8.25, 4, 8, 4.25], "texture": "#1"},
				"up": {"uv": [8, 4.25, 8.25, 4], "texture": "#1"},
				"down": {"uv": [8, 4.25, 8.25, 4], "texture": "#1"}
			}
		},
		{
			"from": [10.8125, 4.6875, 13.3125],
			"to": [11.0625, 4.9375, 14.5],
			"faces": {
				"north": {"uv": [8.25, 4, 8, 4.25], "texture": "#1"},
				"east": {"uv": [8.25, 4, 8, 4.25], "texture": "#1"},
				"south": {"uv": [8.25, 4, 8, 4.25], "texture": "#1"},
				"west": {"uv": [8.25, 4, 8, 4.25], "texture": "#1"},
				"up": {"uv": [8, 4.25, 8.25, 4], "texture": "#1"},
				"down": {"uv": [8, 4.25, 8.25, 4], "texture": "#1"}
			}
		},
		{
			"from": [10.875, 4.625, 14.4375],
			"to": [11.125, 4.875, 15.625],
			"faces": {
				"north": {"uv": [8.25, 4, 8, 4.25], "texture": "#1"},
				"east": {"uv": [8.25, 4, 8, 4.25], "texture": "#1"},
				"south": {"uv": [8.25, 4, 8, 4.25], "texture": "#1"},
				"west": {"uv": [8.25, 4, 8, 4.25], "texture": "#1"},
				"up": {"uv": [8, 4.25, 8.25, 4], "texture": "#1"},
				"down": {"uv": [8, 4.25, 8.25, 4], "texture": "#1"}
			}
		},
		{
			"from": [10.9375, 4.5625, 15.5625],
			"to": [11.1875, 4.8125, 16.75],
			"faces": {
				"north": {"uv": [8.25, 4, 8, 4.25], "texture": "#1"},
				"east": {"uv": [8.25, 4, 8, 4.25], "texture": "#1"},
				"south": {"uv": [8.25, 4, 8, 4.25], "texture": "#1"},
				"west": {"uv": [8.25, 4, 8, 4.25], "texture": "#1"},
				"up": {"uv": [8, 4.25, 8.25, 4], "texture": "#1"},
				"down": {"uv": [8, 4.25, 8.25, 4], "texture": "#1"}
			}
		},
		{
			"from": [11, 4.5, 16.6875],
			"to": [11.25, 4.75, 17.375],
			"faces": {
				"north": {"uv": [8.25, 4, 8, 4.25], "texture": "#1"},
				"east": {"uv": [8.25, 4, 8, 4.25], "texture": "#1"},
				"south": {"uv": [8.25, 4, 8, 4.25], "texture": "#1"},
				"west": {"uv": [8.25, 4, 8, 4.25], "texture": "#1"},
				"up": {"uv": [8, 4.25, 8.25, 4], "texture": "#1"},
				"down": {"uv": [8, 4.25, 8.25, 4], "texture": "#1"}
			}
		},
		{
			"from": [11.0625, 4.375, 17.25],
			"to": [11.3125, 4.625, 17.9375],
			"faces": {
				"north": {"uv": [8.25, 4, 8, 4.25], "texture": "#1"},
				"east": {"uv": [8.25, 4, 8, 4.25], "texture": "#1"},
				"south": {"uv": [8.25, 4, 8, 4.25], "texture": "#1"},
				"west": {"uv": [8.25, 4, 8, 4.25], "texture": "#1"},
				"up": {"uv": [8, 4.25, 8.25, 4], "texture": "#1"},
				"down": {"uv": [8, 4.25, 8.25, 4], "texture": "#1"}
			}
		},
		{
			"from": [11.125, 4.1875, 17.8125],
			"to": [11.375, 4.4375, 18.5],
			"faces": {
				"north": {"uv": [8.25, 4, 8, 4.25], "texture": "#1"},
				"east": {"uv": [8.25, 4, 8, 4.25], "texture": "#1"},
				"south": {"uv": [8.25, 4, 8, 4.25], "texture": "#1"},
				"west": {"uv": [8.25, 4, 8, 4.25], "texture": "#1"},
				"up": {"uv": [8, 4.25, 8.25, 4], "texture": "#1"},
				"down": {"uv": [8, 4.25, 8.25, 4], "texture": "#1"}
			}
		},
		{
			"from": [11.1875, 4.0625, 18.4375],
			"to": [11.4375, 4.3125, 19.125],
			"faces": {
				"north": {"uv": [8.25, 4, 8, 4.25], "texture": "#1"},
				"east": {"uv": [8.25, 4, 8, 4.25], "texture": "#1"},
				"south": {"uv": [8.25, 4, 8, 4.25], "texture": "#1"},
				"west": {"uv": [8.25, 4, 8, 4.25], "texture": "#1"},
				"up": {"uv": [8, 4.25, 8.25, 4], "texture": "#1"},
				"down": {"uv": [8, 4.25, 8.25, 4], "texture": "#1"}
			}
		},
		{
			"from": [11.3125, 4.0625, 19.0625],
			"to": [11.5625, 4.3125, 19.75],
			"faces": {
				"north": {"uv": [8.25, 4, 8, 4.25], "texture": "#1"},
				"east": {"uv": [8.25, 4, 8, 4.25], "texture": "#1"},
				"south": {"uv": [8.25, 4, 8, 4.25], "texture": "#1"},
				"west": {"uv": [8.25, 4, 8, 4.25], "texture": "#1"},
				"up": {"uv": [8, 4.25, 8.25, 4], "texture": "#1"},
				"down": {"uv": [8, 4.25, 8.25, 4], "texture": "#1"}
			}
		},
		{
			"from": [11.375, 3.9375, 19.625],
			"to": [11.625, 4.1875, 20.3125],
			"faces": {
				"north": {"uv": [8.25, 4, 8, 4.25], "texture": "#1"},
				"east": {"uv": [8.25, 4, 8, 4.25], "texture": "#1"},
				"south": {"uv": [8.25, 4, 8, 4.25], "texture": "#1"},
				"west": {"uv": [8.25, 4, 8, 4.25], "texture": "#1"},
				"up": {"uv": [8, 4.25, 8.25, 4], "texture": "#1"},
				"down": {"uv": [8, 4.25, 8.25, 4], "texture": "#1"}
			}
		},
		{
			"from": [11.5, 3.75, 20.25],
			"to": [11.75, 4, 20.9375],
			"faces": {
				"north": {"uv": [8.25, 4, 8, 4.25], "texture": "#1"},
				"east": {"uv": [8.25, 4, 8, 4.25], "texture": "#1"},
				"south": {"uv": [8.25, 4, 8, 4.25], "texture": "#1"},
				"west": {"uv": [8.25, 4, 8, 4.25], "texture": "#1"},
				"up": {"uv": [8, 4.25, 8.25, 4], "texture": "#1"},
				"down": {"uv": [8, 4.25, 8.25, 4], "texture": "#1"}
			}
		},
		{
			"from": [9.91154, 3.625, 20.75153],
			"to": [10.16154, 3.875, 21.43903],
			"rotation": {"angle": 22.5, "axis": "y", "origin": [11.21981, 4.46484, 16.50854]},
			"faces": {
				"north": {"uv": [8.25, 4, 8, 4.25], "texture": "#1"},
				"east": {"uv": [8.25, 4, 8, 4.25], "texture": "#1"},
				"south": {"uv": [8.25, 4, 8, 4.25], "texture": "#1"},
				"west": {"uv": [8.25, 4, 8, 4.25], "texture": "#1"},
				"up": {"uv": [8, 4.25, 8.25, 4], "texture": "#1"},
				"down": {"uv": [8, 4.25, 8.25, 4], "texture": "#1"}
			}
		},
		{
			"from": [9.8768, 3.4375, 21.33371],
			"to": [10.1268, 3.6875, 22.02121],
			"rotation": {"angle": 22.5, "axis": "y", "origin": [11.21981, 4.46484, 16.50854]},
			"faces": {
				"north": {"uv": [8.25, 4, 8, 4.25], "texture": "#1"},
				"east": {"uv": [8.25, 4, 8, 4.25], "texture": "#1"},
				"south": {"uv": [8.25, 4, 8, 4.25], "texture": "#1"},
				"west": {"uv": [8.25, 4, 8, 4.25], "texture": "#1"},
				"up": {"uv": [8, 4.25, 8.25, 4], "texture": "#1"},
				"down": {"uv": [8, 4.25, 8.25, 4], "texture": "#1"}
			}
		},
		{
			"from": [-10.625, 3.375, 7.75],
			"to": [17.5, 4.25, 10.9375],
			"faces": {
				"north": {"uv": [0.128, 0.128, 7.392, 2.435], "texture": "#0"},
				"east": {"uv": [0.128, 0.128, 7.392, 2.435], "texture": "#0"},
				"south": {"uv": [0.128, 0.128, 7.392, 2.435], "texture": "#0"},
				"west": {"uv": [0.128, 0.128, 7.392, 2.435], "texture": "#0"},
				"up": {"uv": [0.128, 0.128, 7.392, 2.435], "texture": "#0"},
				"down": {"uv": [0.128, 0.128, 2.736, 2.322], "rotation": 90, "texture": "#0"}
			}
		},
		{
			"from": [9.5625, 2.5, 7.75],
			"to": [17.3125, 3.25, 10.9375],
			"faces": {
				"north": {"uv": [0.128, 0.128, 7.392, 2.435], "texture": "#0"},
				"east": {"uv": [0.128, 0.128, 7.392, 2.435], "texture": "#0"},
				"south": {"uv": [0.128, 0.128, 7.392, 2.435], "texture": "#0"},
				"west": {"uv": [0.128, 0.128, 7.392, 2.435], "texture": "#0"},
				"up": {"uv": [0.128, 0.128, 7.392, 2.435], "texture": "#0"},
				"down": {"uv": [0.128, 0.128, 7.392, 2.435], "texture": "#0"}
			}
		},
		{
			"from": [3.375, 1.9375, 7.75],
			"to": [17.125, 2.4375, 10.9375],
			"faces": {
				"north": {"uv": [0.144, 0.496, 7.408, 1.683], "texture": "#0"},
				"east": {"uv": [0.128, 0.128, 7.392, 2.435], "texture": "#0"},
				"south": {"uv": [0.128, 0.128, 7.392, 2.435], "texture": "#0"},
				"west": {"uv": [0.128, 0.128, 7.392, 2.435], "texture": "#0"},
				"up": {"uv": [0.128, 0.128, 7.392, 2.435], "texture": "#0"},
				"down": {"uv": [0.128, 0.128, 3.616, 2.355], "rotation": 90, "texture": "#0"}
			}
		},
		{
			"from": [3.375, 2.5, 7.75],
			"to": [6.25, 3.25, 10.9375],
			"faces": {
				"north": {"uv": [0.128, 0.128, 7.392, 2.435], "texture": "#0"},
				"east": {"uv": [0.128, 0.128, 7.392, 2.435], "texture": "#0"},
				"south": {"uv": [0.128, 0.128, 7.392, 2.435], "texture": "#0"},
				"west": {"uv": [0.128, 0.128, 7.392, 2.435], "texture": "#0"},
				"up": {"uv": [0.128, 0.128, 7.392, 2.435], "texture": "#0"},
				"down": {"uv": [0.128, 0.128, 7.392, 2.435], "texture": "#0"}
			}
		},
		{
			"from": [2.75, 3.25, 7.75],
			"to": [17.5, 3.375, 10.9375],
			"faces": {
				"north": {"uv": [0.128, 1.744, 7.392, 2.434], "texture": "#0"},
				"east": {"uv": [0.128, 0.128, 7.392, 2.435], "texture": "#0"},
				"south": {"uv": [0.128, 0.128, 7.392, 2.435], "texture": "#0"},
				"west": {"uv": [0.128, 0.128, 7.392, 2.435], "texture": "#0"},
				"up": {"uv": [0.128, 0.128, 7.392, 2.435], "texture": "#0"},
				"down": {"uv": [0.128, 0.128, 7.392, 2.435], "texture": "#0"}
			}
		},
		{
			"from": [3.375, 2.375, 7.75],
			"to": [17.3125, 2.5, 10.9375],
			"faces": {
				"north": {"uv": [0.128, 1.472, 7.392, 1.858], "texture": "#0"},
				"east": {"uv": [0.464, 1.712, 0.704, 2.482], "texture": "#0"},
				"south": {"uv": [0.128, 0.128, 7.392, 2.435], "texture": "#0"},
				"west": {"uv": [0.128, 0.128, 7.392, 2.435], "texture": "#0"},
				"up": {"uv": [0.128, 0.128, 7.392, 2.435], "texture": "#0"},
				"down": {"uv": [0.128, 0.128, 7.392, 2.435], "texture": "#0"}
			}
		},
		{
			"from": [6.25, 2.5, 7.75],
			"to": [6.875, 2.5625, 10.9375],
			"faces": {
				"north": {"uv": [0.128, 0.128, 1.456, 0.514], "texture": "#0"},
				"east": {"uv": [0.128, 0.128, 1.456, 0.514], "texture": "#0"},
				"south": {"uv": [0.128, 0.128, 1.456, 0.514], "texture": "#0"},
				"west": {"uv": [0.128, 0.128, 1.456, 0.514], "texture": "#0"},
				"up": {"uv": [0.128, 0.128, 1.456, 0.514], "texture": "#0"},
				"down": {"uv": [0.128, 0.128, 1.456, 0.514], "texture": "#0"}
			}
		},
		{
			"from": [6.25, 2.5625, 7.75],
			"to": [6.6875, 2.625, 10.9375],
			"faces": {
				"north": {"uv": [0.128, 0.128, 0.528, 0.514], "texture": "#0"},
				"east": {"uv": [0.128, 0.128, 0.528, 0.514], "texture": "#0"},
				"south": {"uv": [0.128, 0.128, 0.528, 0.514], "texture": "#0"},
				"west": {"uv": [0.128, 0.128, 0.528, 0.514], "texture": "#0"},
				"up": {"uv": [0.128, 0.128, 0.528, 0.514], "texture": "#0"},
				"down": {"uv": [0.128, 0.128, 0.528, 0.514], "texture": "#0"}
			}
		},
		{
			"from": [6.5, 2.625, 7.75],
			"to": [6.5625, 2.6875, 10.9375],
			"faces": {
				"north": {"uv": [0.128, 0.128, 0.528, 0.514], "texture": "#0"},
				"east": {"uv": [0.128, 0.128, 0.528, 0.514], "texture": "#0"},
				"south": {"uv": [0.128, 0.128, 0.528, 0.514], "texture": "#0"},
				"west": {"uv": [0.128, 0.128, 0.528, 0.514], "texture": "#0"},
				"up": {"uv": [0.128, 0.128, 0.528, 0.514], "texture": "#0"},
				"down": {"uv": [0.128, 0.128, 0.528, 0.514], "texture": "#0"}
			}
		},
		{
			"from": [6.25, 2.625, 7.75],
			"to": [6.5, 3.125, 10.9375],
			"faces": {
				"north": {"uv": [5.024, 0.8, 5.552, 2.065], "texture": "#0"},
				"east": {"uv": [5.024, 0.8, 5.552, 2.065], "texture": "#0"},
				"south": {"uv": [5.024, 0.8, 5.552, 2.065], "texture": "#0"},
				"west": {"uv": [5.024, 0.8, 5.552, 2.065], "texture": "#0"},
				"up": {"uv": [5.024, 0.8, 5.552, 2.065], "texture": "#0"},
				"down": {"uv": [5.024, 0.8, 5.552, 2.065], "texture": "#0"}
			}
		},
		{
			"from": [6.5, 3.0625, 7.75],
			"to": [6.5625, 3.125, 10.9375],
			"faces": {
				"north": {"uv": [0.128, 0.128, 7.392, 2.435], "texture": "#0"},
				"east": {"uv": [0.128, 0.128, 7.392, 2.435], "texture": "#0"},
				"south": {"uv": [0.128, 0.128, 7.392, 2.435], "texture": "#0"},
				"west": {"uv": [0.128, 0.128, 7.392, 2.435], "texture": "#0"},
				"up": {"uv": [0.128, 0.128, 7.392, 2.435], "texture": "#0"},
				"down": {"uv": [0.128, 0.128, 7.392, 2.435], "texture": "#0"}
			}
		},
		{
			"from": [6.25, 3.125, 7.75],
			"to": [6.6875, 3.1875, 10.9375],
			"faces": {
				"north": {"uv": [0.128, 0.128, 0.528, 0.514], "texture": "#0"},
				"east": {"uv": [0.128, 0.128, 0.528, 0.514], "texture": "#0"},
				"south": {"uv": [0.128, 0.128, 0.528, 0.514], "texture": "#0"},
				"west": {"uv": [0.128, 0.128, 0.528, 0.514], "texture": "#0"},
				"up": {"uv": [0.128, 0.128, 0.528, 0.514], "texture": "#0"},
				"down": {"uv": [0.128, 0.128, 0.528, 0.514], "texture": "#0"}
			}
		},
		{
			"from": [6.25, 3.1875, 7.75],
			"to": [6.875, 3.25, 10.9375],
			"faces": {
				"north": {"uv": [0.128, 0.128, 1.2, 0.418], "texture": "#0"},
				"east": {"uv": [0.128, 0.128, 1.2, 0.418], "texture": "#0"},
				"south": {"uv": [0.128, 0.128, 1.2, 0.418], "texture": "#0"},
				"west": {"uv": [0.128, 0.128, 1.2, 0.418], "texture": "#0"},
				"up": {"uv": [0.128, 0.128, 1.2, 0.418], "texture": "#0"},
				"down": {"uv": [0.128, 0.128, 1.2, 0.418], "texture": "#0"}
			}
		},
		{
			"from": [8.9375, 3.1875, 7.75],
			"to": [9.5625, 3.25, 10.9375],
			"faces": {
				"north": {"uv": [0.128, 0.128, 0.944, 0.514], "texture": "#0"},
				"east": {"uv": [0.128, 0.128, 0.944, 0.514], "texture": "#0"},
				"south": {"uv": [0.128, 0.128, 0.944, 0.514], "texture": "#0"},
				"west": {"uv": [0.128, 0.128, 0.944, 0.514], "texture": "#0"},
				"up": {"uv": [0.128, 0.128, 0.944, 0.514], "texture": "#0"},
				"down": {"uv": [0.128, 0.128, 0.944, 0.514], "texture": "#0"}
			}
		},
		{
			"from": [9.125, 3.125, 7.75],
			"to": [9.5625, 3.1875, 10.9375],
			"faces": {
				"north": {"uv": [0.128, 0.128, 0.528, 0.514], "texture": "#0"},
				"east": {"uv": [0.128, 0.128, 0.528, 0.514], "texture": "#0"},
				"south": {"uv": [0.128, 0.128, 0.528, 0.514], "texture": "#0"},
				"west": {"uv": [0.128, 0.128, 0.528, 0.514], "texture": "#0"},
				"up": {"uv": [0.128, 0.128, 0.528, 0.514], "texture": "#0"},
				"down": {"uv": [0.128, 0.128, 0.528, 0.514], "texture": "#0"}
			}
		},
		{
			"from": [9.25, 3.0625, 7.75],
			"to": [9.3125, 3.125, 10.9375],
			"faces": {
				"north": {"uv": [0.128, 0.128, 0.528, 0.514], "texture": "#0"},
				"east": {"uv": [0.128, 0.128, 0.528, 0.514], "texture": "#0"},
				"south": {"uv": [0.128, 0.128, 0.528, 0.514], "texture": "#0"},
				"west": {"uv": [0.128, 0.128, 0.528, 0.514], "texture": "#0"},
				"up": {"uv": [0.128, 0.128, 0.528, 0.514], "texture": "#0"},
				"down": {"uv": [0.128, 0.128, 0.528, 0.514], "texture": "#0"}
			}
		},
		{
			"from": [9.3125, 2.625, 7.75],
			"to": [9.5625, 3.125, 10.9375],
			"faces": {
				"north": {"uv": [0.528, 1.488, 1.408, 2.483], "texture": "#0"},
				"east": {"uv": [0.528, 1.488, 1.408, 2.483], "texture": "#0"},
				"south": {"uv": [0.528, 1.488, 1.408, 2.483], "texture": "#0"},
				"west": {"uv": [0.528, 1.488, 1.408, 2.483], "texture": "#0"},
				"up": {"uv": [0.528, 1.488, 1.408, 2.483], "texture": "#0"},
				"down": {"uv": [0.528, 1.488, 1.408, 2.483], "texture": "#0"}
			}
		},
		{
			"from": [9.25, 2.625, 7.75],
			"to": [9.3125, 2.6875, 10.9375],
			"faces": {
				"north": {"uv": [0.128, 0.128, 0.528, 0.514], "texture": "#0"},
				"east": {"uv": [0.128, 0.128, 0.528, 0.514], "texture": "#0"},
				"south": {"uv": [0.128, 0.128, 0.528, 0.514], "texture": "#0"},
				"west": {"uv": [0.128, 0.128, 0.528, 0.514], "texture": "#0"},
				"up": {"uv": [0.128, 0.128, 0.528, 0.514], "texture": "#0"},
				"down": {"uv": [0.128, 0.128, 0.528, 0.514], "texture": "#0"}
			}
		},
		{
			"from": [9.125, 2.5625, 7.75],
			"to": [9.5625, 2.625, 10.9375],
			"faces": {
				"north": {"uv": [0.128, 0.128, 0.528, 0.514], "texture": "#0"},
				"east": {"uv": [0.128, 0.128, 0.528, 0.514], "texture": "#0"},
				"south": {"uv": [0.128, 0.128, 0.528, 0.514], "texture": "#0"},
				"west": {"uv": [0.128, 0.128, 0.528, 0.514], "texture": "#0"},
				"up": {"uv": [0.128, 0.128, 0.528, 0.514], "texture": "#0"},
				"down": {"uv": [0.128, 0.128, 0.528, 0.514], "texture": "#0"}
			}
		},
		{
			"from": [8.9375, 2.5, 7.75],
			"to": [9.5625, 2.5625, 10.9375],
			"faces": {
				"north": {"uv": [0.176, 0.128, 1.808, 0.369], "texture": "#0"},
				"east": {"uv": [0.176, 0.128, 1.808, 0.369], "texture": "#0"},
				"south": {"uv": [0.176, 0.128, 1.808, 0.369], "texture": "#0"},
				"west": {"uv": [0.176, 0.128, 1.808, 0.369], "texture": "#0"},
				"up": {"uv": [0.176, 0.128, 1.808, 0.369], "texture": "#0"},
				"down": {"uv": [0.176, 0.128, 1.808, 0.369], "texture": "#0"}
			}
		},
		{
			"from": [3.625, 1.8125, 7.75],
			"to": [5.75, 1.875, 10.9375],
			"faces": {
				"north": {"uv": [2.112, 1.456, 3.424, 1.698], "texture": "#0"},
				"east": {"uv": [2.112, 1.456, 3.424, 1.698], "texture": "#0"},
				"south": {"uv": [2.112, 1.456, 3.424, 1.698], "texture": "#0"},
				"west": {"uv": [2.112, 1.456, 3.424, 1.698], "texture": "#0"},
				"up": {"uv": [2.112, 1.456, 3.424, 1.698], "texture": "#0"},
				"down": {"uv": [2.112, 1.456, 3.424, 1.698], "texture": "#0"}
			}
		},
		{
			"from": [3.5, 1.875, 7.75],
			"to": [5.875, 1.9375, 10.9375],
			"faces": {
				"north": {"uv": [0.224, 1.376, 1.536, 1.618], "texture": "#0"},
				"east": {"uv": [0.224, 1.376, 1.536, 1.618], "texture": "#0"},
				"south": {"uv": [0.224, 1.376, 1.536, 1.618], "texture": "#0"},
				"west": {"uv": [0.224, 1.376, 1.536, 1.618], "texture": "#0"},
				"up": {"uv": [0.224, 1.376, 1.536, 1.618], "texture": "#0"},
				"down": {"uv": [0.224, 1.376, 1.536, 1.618], "texture": "#0"}
			}
		},
		{
			"from": [3.75, 1.75, 7.75],
			"to": [5.625, 1.8125, 10.9375],
			"faces": {
				"north": {"uv": [3.76, 2.032, 5.072, 2.274], "texture": "#0"},
				"east": {"uv": [3.76, 2.032, 5.072, 2.274], "texture": "#0"},
				"south": {"uv": [3.76, 2.032, 5.072, 2.274], "texture": "#0"},
				"west": {"uv": [3.76, 2.032, 5.072, 2.274], "texture": "#0"},
				"up": {"uv": [3.76, 2.032, 5.072, 2.274], "texture": "#0"},
				"down": {"uv": [3.76, 2.032, 5.072, 2.274], "texture": "#0"}
			}
		},
		{
			"from": [3.9375, 1.6875, 7.75],
			"to": [5.4375, 1.75, 10.9375],
			"faces": {
				"north": {"uv": [5.952, 2.256, 7.264, 2.498], "texture": "#0"},
				"east": {"uv": [5.952, 2.256, 7.264, 2.498], "texture": "#0"},
				"south": {"uv": [5.952, 2.256, 7.264, 2.498], "texture": "#0"},
				"west": {"uv": [5.952, 2.256, 7.264, 2.498], "texture": "#0"},
				"up": {"uv": [5.952, 2.256, 7.264, 2.498], "texture": "#0"},
				"down": {"uv": [5.952, 2.256, 7.264, 2.498], "texture": "#0"}
			}
		},
		{
			"from": [4.0625, 1.625, 7.75],
			"to": [5.3125, 1.6875, 10.9375],
			"faces": {
				"north": {"uv": [1.792, 1.568, 3.104, 1.81], "texture": "#0"},
				"east": {"uv": [1.792, 1.568, 3.104, 1.81], "texture": "#0"},
				"south": {"uv": [1.792, 1.568, 3.104, 1.81], "texture": "#0"},
				"west": {"uv": [1.792, 1.568, 3.104, 1.81], "texture": "#0"},
				"up": {"uv": [1.792, 1.568, 3.104, 1.81], "texture": "#0"},
				"down": {"uv": [1.792, 1.568, 3.104, 1.81], "texture": "#0"}
			}
		},
		{
			"from": [4.25, 1.5625, 7.75],
			"to": [5.125, 1.625, 10.9375],
			"faces": {
				"north": {"uv": [0.88, 1.072, 2.192, 1.314], "texture": "#0"},
				"east": {"uv": [0.88, 1.072, 2.192, 1.314], "texture": "#0"},
				"south": {"uv": [0.88, 1.072, 2.192, 1.314], "texture": "#0"},
				"west": {"uv": [0.88, 1.072, 2.192, 1.314], "texture": "#0"},
				"up": {"uv": [0.88, 1.072, 2.192, 1.314], "texture": "#0"},
				"down": {"uv": [0.88, 1.072, 2.192, 1.314], "texture": "#0"}
			}
		},
		{
			"from": [4.375, 1.5, 7.75],
			"to": [5, 1.5625, 10.9375],
			"faces": {
				"north": {"uv": [0.64, 1.264, 1.952, 1.506], "texture": "#0"},
				"east": {"uv": [0.64, 1.264, 1.952, 1.506], "texture": "#0"},
				"south": {"uv": [0.64, 1.264, 1.952, 1.506], "texture": "#0"},
				"west": {"uv": [0.64, 1.264, 1.952, 1.506], "texture": "#0"},
				"up": {"uv": [0.64, 1.264, 1.952, 1.506], "texture": "#0"},
				"down": {"uv": [0.64, 1.264, 1.952, 1.506], "texture": "#0"}
			}
		},
		{
			"from": [6.4375, 1.875, 7.75],
			"to": [9.5, 1.9375, 10.9375],
			"faces": {
				"north": {"uv": [0.064, 1.952, 1.376, 2.194], "texture": "#0"},
				"east": {"uv": [0.064, 1.952, 1.376, 2.194], "texture": "#0"},
				"south": {"uv": [0.064, 1.952, 1.376, 2.194], "texture": "#0"},
				"west": {"uv": [0.064, 1.952, 1.376, 2.194], "texture": "#0"},
				"up": {"uv": [0.064, 1.952, 1.376, 2.194], "texture": "#0"},
				"down": {"uv": [0.064, 1.952, 1.376, 2.194], "texture": "#0"}
			}
		},
		{
			"from": [6.875, 1.6875, 7.75],
			"to": [9.0625, 1.75, 10.9375],
			"faces": {
				"north": {"uv": [1.344, 1.952, 2.656, 2.194], "texture": "#0"},
				"east": {"uv": [1.344, 1.952, 2.656, 2.194], "texture": "#0"},
				"south": {"uv": [1.344, 1.952, 2.656, 2.194], "texture": "#0"},
				"west": {"uv": [1.344, 1.952, 2.656, 2.194], "texture": "#0"},
				"up": {"uv": [1.344, 1.952, 2.656, 2.194], "texture": "#0"},
				"down": {"uv": [1.344, 1.952, 2.656, 2.194], "texture": "#0"}
			}
		},
		{
			"from": [7, 1.625, 7.75],
			"to": [8.9375, 1.6875, 10.9375],
			"faces": {
				"north": {"uv": [0.144, 1.728, 1.456, 1.97], "texture": "#0"},
				"east": {"uv": [0.144, 1.728, 1.456, 1.97], "texture": "#0"},
				"south": {"uv": [0.144, 1.728, 1.456, 1.97], "texture": "#0"},
				"west": {"uv": [0.144, 1.728, 1.456, 1.97], "texture": "#0"},
				"up": {"uv": [0.144, 1.728, 1.456, 1.97], "texture": "#0"},
				"down": {"uv": [0.144, 1.728, 1.456, 1.97], "texture": "#0"}
			}
		},
		{
			"from": [7.1875, 1.5625, 7.75],
			"to": [8.75, 1.625, 10.9375],
			"faces": {
				"north": {"uv": [2.112, 1.6, 3.424, 1.842], "texture": "#0"},
				"east": {"uv": [2.112, 1.6, 3.424, 1.842], "texture": "#0"},
				"south": {"uv": [2.112, 1.6, 3.424, 1.842], "texture": "#0"},
				"west": {"uv": [2.112, 1.6, 3.424, 1.842], "texture": "#0"},
				"up": {"uv": [2.112, 1.6, 3.424, 1.842], "texture": "#0"},
				"down": {"uv": [2.112, 1.6, 3.424, 1.842], "texture": "#0"}
			}
		},
		{
			"from": [7.5, 1.4375, 7.75],
			"to": [8.375, 1.5, 10.9375],
			"faces": {
				"north": {"uv": [0.64, 1.76, 1.952, 2.002], "texture": "#0"},
				"east": {"uv": [0.64, 1.76, 1.952, 2.002], "texture": "#0"},
				"south": {"uv": [0.64, 1.76, 1.952, 2.002], "texture": "#0"},
				"west": {"uv": [0.64, 1.76, 1.952, 2.002], "texture": "#0"},
				"up": {"uv": [0.64, 1.76, 1.952, 2.002], "texture": "#0"},
				"down": {"uv": [0.64, 1.76, 1.952, 2.002], "texture": "#0"}
			}
		},
		{
			"from": [6.5625, 1.8125, 7.75],
			"to": [9.375, 1.875, 10.9375],
			"faces": {
				"north": {"uv": [3.072, 2.064, 4.384, 2.306], "texture": "#0"},
				"east": {"uv": [3.072, 2.064, 4.384, 2.306], "texture": "#0"},
				"south": {"uv": [3.072, 2.064, 4.384, 2.306], "texture": "#0"},
				"west": {"uv": [3.072, 2.064, 4.384, 2.306], "texture": "#0"},
				"up": {"uv": [3.072, 2.064, 4.384, 2.306], "texture": "#0"},
				"down": {"uv": [3.072, 2.064, 4.384, 2.306], "texture": "#0"}
			}
		},
		{
			"from": [6.6875, 1.75, 7.75],
			"to": [9.25, 1.8125, 10.9375],
			"faces": {
				"north": {"uv": [0.416, 1.792, 1.728, 2.034], "texture": "#0"},
				"east": {"uv": [0.416, 1.792, 1.728, 2.034], "texture": "#0"},
				"south": {"uv": [0.416, 1.792, 1.728, 2.034], "texture": "#0"},
				"west": {"uv": [0.416, 1.792, 1.728, 2.034], "texture": "#0"},
				"up": {"uv": [0.416, 1.792, 1.728, 2.034], "texture": "#0"},
				"down": {"uv": [0.416, 1.792, 1.728, 2.034], "texture": "#0"}
			}
		},
		{
			"from": [11.125, 1.875, 7.75],
			"to": [15.0625, 1.9375, 10.9375],
			"faces": {
				"north": {"uv": [0.128, 2, 1.44, 2.242], "texture": "#0"},
				"east": {"uv": [0.128, 2, 1.44, 2.242], "texture": "#0"},
				"south": {"uv": [0.128, 2, 1.44, 2.242], "texture": "#0"},
				"west": {"uv": [0.128, 2, 1.44, 2.242], "texture": "#0"},
				"up": {"uv": [0.128, 2, 1.44, 2.242], "texture": "#0"},
				"down": {"uv": [0.128, 2, 1.44, 2.242], "texture": "#0"}
			}
		},
		{
			"from": [11.375, 1.75, 7.75],
			"to": [14.8125, 1.8125, 10.9375],
			"faces": {
				"north": {"uv": [1.024, 1.728, 2.336, 1.97], "texture": "#0"},
				"east": {"uv": [1.024, 1.728, 2.336, 1.97], "texture": "#0"},
				"south": {"uv": [1.024, 1.728, 2.336, 1.97], "texture": "#0"},
				"west": {"uv": [1.024, 1.728, 2.336, 1.97], "texture": "#0"},
				"up": {"uv": [1.024, 1.728, 2.336, 1.97], "texture": "#0"},
				"down": {"uv": [1.024, 1.728, 2.336, 1.97], "texture": "#0"}
			}
		},
		{
			"from": [11.5625, 1.6875, 7.75],
			"to": [14.625, 1.75, 10.9375],
			"faces": {
				"north": {"uv": [2.416, 0.576, 3.728, 0.818], "texture": "#0"},
				"east": {"uv": [2.416, 0.576, 3.728, 0.818], "texture": "#0"},
				"south": {"uv": [2.416, 0.576, 3.728, 0.818], "texture": "#0"},
				"west": {"uv": [2.416, 0.576, 3.728, 0.818], "texture": "#0"},
				"up": {"uv": [2.416, 0.576, 3.728, 0.818], "texture": "#0"},
				"down": {"uv": [2.416, 0.576, 3.728, 0.818], "texture": "#0"}
			}
		},
		{
			"from": [11.8125, 1.5625, 7.75],
			"to": [14.375, 1.625, 10.9375],
			"faces": {
				"north": {"uv": [0.88, 1.68, 2.192, 1.922], "texture": "#0"},
				"east": {"uv": [0.88, 1.68, 2.192, 1.922], "texture": "#0"},
				"south": {"uv": [0.88, 1.68, 2.192, 1.922], "texture": "#0"},
				"west": {"uv": [0.88, 1.68, 2.192, 1.922], "texture": "#0"},
				"up": {"uv": [0.88, 1.68, 2.192, 1.922], "texture": "#0"},
				"down": {"uv": [0.88, 1.68, 2.192, 1.922], "texture": "#0"}
			}
		},
		{
			"from": [11.9375, 1.5, 7.75],
			"to": [14.25, 1.5625, 10.9375],
			"faces": {
				"north": {"uv": [5.488, 1.92, 6.8, 2.162], "texture": "#0"},
				"east": {"uv": [0.128, 0.128, 7.392, 2.435], "texture": "#0"},
				"south": {"uv": [0.128, 0.128, 7.392, 2.435], "texture": "#0"},
				"west": {"uv": [0.128, 0.128, 7.392, 2.435], "texture": "#0"},
				"up": {"uv": [0.128, 0.128, 7.392, 2.435], "texture": "#0"},
				"down": {"uv": [0.128, 0.128, 7.392, 2.435], "texture": "#0"}
			}
		},
		{
			"from": [12.0625, 1.4375, 7.75],
			"to": [14.0625, 1.5, 10.9375],
			"faces": {
				"north": {"uv": [1.344, 1.728, 2.656, 1.97], "texture": "#0"},
				"east": {"uv": [1.344, 1.728, 2.656, 1.97], "texture": "#0"},
				"south": {"uv": [1.344, 1.728, 2.656, 1.97], "texture": "#0"},
				"west": {"uv": [1.344, 1.728, 2.656, 1.97], "texture": "#0"},
				"up": {"uv": [1.344, 1.728, 2.656, 1.97], "texture": "#0"},
				"down": {"uv": [1.344, 1.728, 2.656, 1.97], "texture": "#0"}
			}
		},
		{
			"from": [12.1875, 1.375, 7.75],
			"to": [13.875, 1.4375, 10.9375],
			"faces": {
				"north": {"uv": [0.064, 1.952, 1.376, 2.194], "texture": "#0"},
				"east": {"uv": [0.064, 1.952, 1.376, 2.194], "texture": "#0"},
				"south": {"uv": [0.064, 1.952, 1.376, 2.194], "texture": "#0"},
				"west": {"uv": [0.064, 1.952, 1.376, 2.194], "texture": "#0"},
				"up": {"uv": [0.064, 1.952, 1.376, 2.194], "texture": "#0"},
				"down": {"uv": [0.064, 1.952, 1.376, 2.194], "texture": "#0"}
			}
		},
		{
			"from": [12.5, 1.25, 7.75],
			"to": [13.5625, 1.3125, 10.9375],
			"faces": {
				"north": {"uv": [0.448, 2.224, 1.76, 2.466], "texture": "#0"},
				"east": {"uv": [0.448, 2.224, 1.76, 2.466], "texture": "#0"},
				"south": {"uv": [0.448, 2.224, 1.76, 2.466], "texture": "#0"},
				"west": {"uv": [0.448, 2.224, 1.76, 2.466], "texture": "#0"},
				"up": {"uv": [0.448, 2.224, 1.76, 2.466], "texture": "#0"},
				"down": {"uv": [0.448, 2.224, 1.76, 2.466], "texture": "#0"}
			}
		},
		{
			"from": [11.6875, 1.625, 7.75],
			"to": [14.5, 1.6875, 10.9375],
			"faces": {
				"north": {"uv": [1.408, 0.608, 2.72, 0.85], "texture": "#0"},
				"east": {"uv": [1.408, 0.608, 2.72, 0.85], "texture": "#0"},
				"south": {"uv": [1.408, 0.608, 2.72, 0.85], "texture": "#0"},
				"west": {"uv": [1.408, 0.608, 2.72, 0.85], "texture": "#0"},
				"up": {"uv": [1.408, 0.608, 2.72, 0.85], "texture": "#0"},
				"down": {"uv": [1.408, 0.608, 2.72, 0.85], "texture": "#0"}
			}
		},
		{
			"from": [12.3125, 1.3125, 7.75],
			"to": [13.75, 1.375, 10.9375],
			"faces": {
				"north": {"uv": [0.336, 2, 1.648, 2.242], "texture": "#0"},
				"east": {"uv": [0.128, 0.128, 7.392, 2.435], "texture": "#0"},
				"south": {"uv": [0.128, 0.128, 7.392, 2.435], "texture": "#0"},
				"west": {"uv": [0.128, 0.128, 7.392, 2.435], "texture": "#0"},
				"up": {"uv": [0.128, 0.128, 7.392, 2.435], "texture": "#0"},
				"down": {"uv": [0.128, 0.128, 7.392, 2.435], "texture": "#0"}
			}
		},
		{
			"from": [11.25, 1.8125, 7.75],
			"to": [14.9375, 1.875, 10.9375],
			"faces": {
				"north": {"uv": [0.112, 1.872, 1.424, 2.114], "texture": "#0"},
				"east": {"uv": [0.112, 1.872, 1.424, 2.114], "texture": "#0"},
				"south": {"uv": [0.112, 1.872, 1.424, 2.114], "texture": "#0"},
				"west": {"uv": [0.112, 1.872, 1.424, 2.114], "texture": "#0"},
				"up": {"uv": [0.112, 1.872, 1.424, 2.114], "texture": "#0"},
				"down": {"uv": [0.112, 1.872, 1.424, 2.114], "texture": "#0"}
			}
		},
		{
			"from": [15.5, 1.875, 7.75],
			"to": [17, 1.9375, 10.9375],
			"faces": {
				"north": {"uv": [0.128, 2, 1.44, 2.242], "texture": "#0"},
				"east": {"uv": [0.128, 2, 1.44, 2.242], "texture": "#0"},
				"south": {"uv": [0.128, 2, 1.44, 2.242], "texture": "#0"},
				"west": {"uv": [0.128, 2, 1.44, 2.242], "texture": "#0"},
				"up": {"uv": [0.128, 2, 1.44, 2.242], "texture": "#0"},
				"down": {"uv": [0.128, 2, 1.44, 2.242], "texture": "#0"}
			}
		},
		{
			"from": [15.5625, 1.8125, 7.75],
			"to": [16.9375, 1.875, 10.9375],
			"faces": {
				"north": {"uv": [0.128, 2, 1.44, 2.242], "texture": "#0"},
				"east": {"uv": [0.128, 2, 1.44, 2.242], "texture": "#0"},
				"south": {"uv": [0.128, 2, 1.44, 2.242], "texture": "#0"},
				"west": {"uv": [0.128, 2, 1.44, 2.242], "texture": "#0"},
				"up": {"uv": [0.128, 2, 1.44, 2.242], "texture": "#0"},
				"down": {"uv": [0.128, 2, 1.44, 2.242], "texture": "#0"}
			}
		},
		{
			"from": [15.6875, 1.75, 7.75],
			"to": [16.8125, 1.8125, 10.9375],
			"faces": {
				"north": {"uv": [0.128, 2, 1.44, 2.242], "texture": "#0"},
				"east": {"uv": [0.128, 2, 1.44, 2.242], "texture": "#0"},
				"south": {"uv": [0.128, 2, 1.44, 2.242], "texture": "#0"},
				"west": {"uv": [0.128, 2, 1.44, 2.242], "texture": "#0"},
				"up": {"uv": [0.128, 2, 1.44, 2.242], "texture": "#0"},
				"down": {"uv": [0.128, 2, 1.44, 2.242], "texture": "#0"}
			}
		},
		{
			"from": [15.875, 1.6875, 7.75],
			"to": [16.6875, 1.75, 10.9375],
			"faces": {
				"north": {"uv": [0.128, 2, 1.44, 2.242], "texture": "#0"},
				"east": {"uv": [0.128, 2, 1.44, 2.242], "texture": "#0"},
				"south": {"uv": [0.128, 2, 1.44, 2.242], "texture": "#0"},
				"west": {"uv": [0.128, 2, 1.44, 2.242], "texture": "#0"},
				"up": {"uv": [0.128, 2, 1.44, 2.242], "texture": "#0"},
				"down": {"uv": [0.128, 2, 1.44, 2.242], "texture": "#0"}
			}
		},
		{
			"from": [16, 1.625, 7.75],
			"to": [16.5625, 1.6875, 10.9375],
			"faces": {
				"north": {"uv": [0.128, 2, 1.44, 2.242], "texture": "#0"},
				"east": {"uv": [0.128, 2, 1.44, 2.242], "texture": "#0"},
				"south": {"uv": [0.128, 2, 1.44, 2.242], "texture": "#0"},
				"west": {"uv": [0.128, 2, 1.44, 2.242], "texture": "#0"},
				"up": {"uv": [0.128, 2, 1.44, 2.242], "texture": "#0"},
				"down": {"uv": [0.128, 2, 1.44, 2.242], "texture": "#0"}
			}
		},
		{
			"from": [17.1875, 2.1875, 7.75],
			"to": [17.25, 2.375, 10.9375],
			"faces": {
				"north": {"uv": [0.464, 1.712, 0.704, 2.482], "texture": "#0"},
				"east": {"uv": [0.464, 1.712, 0.704, 2.482], "texture": "#0"},
				"south": {"uv": [0.464, 1.712, 0.704, 2.482], "texture": "#0"},
				"west": {"uv": [0.464, 1.712, 0.704, 2.482], "texture": "#0"},
				"up": {"uv": [0.464, 1.712, 0.704, 2.482], "texture": "#0"},
				"down": {"uv": [0.464, 1.712, 0.704, 2.482], "texture": "#0"}
			}
		},
		{
			"from": [17.125, 2.0625, 7.75],
			"to": [17.1875, 2.375, 10.9375],
			"faces": {
				"north": {"uv": [0.464, 1.712, 0.704, 2.482], "texture": "#0"},
				"east": {"uv": [0.464, 1.712, 0.704, 2.482], "texture": "#0"},
				"south": {"uv": [0.464, 1.712, 0.704, 2.482], "texture": "#0"},
				"west": {"uv": [0.464, 1.712, 0.704, 2.482], "texture": "#0"},
				"up": {"uv": [0.464, 1.712, 0.704, 2.482], "texture": "#0"},
				"down": {"uv": [0.464, 1.712, 0.704, 2.482], "texture": "#0"}
			}
		},
		{
			"from": [17.3125, 2.5, 7.75],
			"to": [17.375, 3.25, 10.9375],
			"faces": {
				"north": {"uv": [0.464, 1.712, 0.704, 2.482], "texture": "#0"},
				"east": {"uv": [0.464, 1.712, 0.704, 2.482], "texture": "#0"},
				"south": {"uv": [0.464, 1.712, 0.704, 2.482], "texture": "#0"},
				"west": {"uv": [0.464, 1.712, 0.704, 2.482], "texture": "#0"},
				"up": {"uv": [0.464, 1.712, 0.704, 2.482], "texture": "#0"},
				"down": {"uv": [0.464, 1.712, 0.704, 2.482], "texture": "#0"}
			}
		},
		{
			"from": [17.375, 2.625, 7.75],
			"to": [17.4375, 3.25, 10.9375],
			"faces": {
				"north": {"uv": [0.464, 1.712, 0.704, 2.482], "texture": "#0"},
				"east": {"uv": [0.464, 1.712, 0.704, 2.482], "texture": "#0"},
				"south": {"uv": [0.464, 1.712, 0.704, 2.482], "texture": "#0"},
				"west": {"uv": [0.464, 1.712, 0.704, 2.482], "texture": "#0"},
				"up": {"uv": [0.464, 1.712, 0.704, 2.482], "texture": "#0"},
				"down": {"uv": [0.464, 1.712, 0.704, 2.482], "texture": "#0"}
			}
		},
		{
			"from": [17.4375, 2.875, 7.75],
			"to": [17.5, 3.25, 10.9375],
			"faces": {
				"north": {"uv": [0.464, 1.712, 0.704, 2.482], "texture": "#0"},
				"east": {"uv": [0.464, 1.712, 0.704, 2.482], "texture": "#0"},
				"south": {"uv": [0.464, 1.712, 0.704, 2.482], "texture": "#0"},
				"west": {"uv": [0.464, 1.712, 0.704, 2.482], "texture": "#0"},
				"up": {"uv": [0.464, 1.712, 0.704, 2.482], "texture": "#0"},
				"down": {"uv": [0.464, 1.712, 0.704, 2.482], "texture": "#0"}
			}
		},
		{
			"from": [7.375, 1.5, 7.75],
			"to": [8.5625, 1.5625, 10.9375],
			"faces": {
				"north": {"uv": [0.064, 1.952, 1.376, 2.194], "texture": "#0"},
				"east": {"uv": [0.064, 1.952, 1.376, 2.194], "texture": "#0"},
				"south": {"uv": [0.064, 1.952, 1.376, 2.194], "texture": "#0"},
				"west": {"uv": [0.064, 1.952, 1.376, 2.194], "texture": "#0"},
				"up": {"uv": [0.064, 1.952, 1.376, 2.194], "texture": "#0"},
				"down": {"uv": [0.064, 1.952, 1.376, 2.194], "texture": "#0"}
			}
		},
		{
			"from": [3.3125, 2, 7.75],
			"to": [3.375, 3.25, 10.9375],
			"faces": {
				"north": {"uv": [0.224, 1.76, 0.56, 2.514], "rotation": 180, "texture": "#0"},
				"east": {"uv": [0.224, 1.76, 0.56, 2.514], "rotation": 180, "texture": "#0"},
				"south": {"uv": [0.224, 1.76, 0.56, 2.514], "rotation": 180, "texture": "#0"},
				"west": {"uv": [0.224, 1.76, 0.56, 2.514], "rotation": 180, "texture": "#0"},
				"up": {"uv": [0.224, 1.76, 0.56, 2.514], "rotation": 180, "texture": "#0"},
				"down": {"uv": [0.224, 1.76, 0.56, 2.514], "rotation": 180, "texture": "#0"}
			}
		},
		{
			"from": [3.25, 2.0625, 7.75],
			"to": [3.3125, 3.25, 10.9375],
			"faces": {
				"north": {"uv": [0.224, 1.76, 0.56, 2.514], "rotation": 180, "texture": "#0"},
				"east": {"uv": [0.224, 1.76, 0.56, 2.514], "rotation": 180, "texture": "#0"},
				"south": {"uv": [0.224, 1.76, 0.56, 2.514], "rotation": 180, "texture": "#0"},
				"west": {"uv": [0.224, 1.76, 0.56, 2.514], "rotation": 180, "texture": "#0"},
				"up": {"uv": [0.224, 1.76, 0.56, 2.514], "rotation": 180, "texture": "#0"},
				"down": {"uv": [0.224, 1.76, 0.56, 2.514], "rotation": 180, "texture": "#0"}
			}
		},
		{
			"from": [3.1875, 2.1875, 7.75],
			"to": [3.25, 3.25, 10.9375],
			"faces": {
				"north": {"uv": [0.224, 1.76, 0.56, 2.514], "rotation": 180, "texture": "#0"},
				"east": {"uv": [0.224, 1.76, 0.56, 2.514], "rotation": 180, "texture": "#0"},
				"south": {"uv": [0.224, 1.76, 0.56, 2.514], "rotation": 180, "texture": "#0"},
				"west": {"uv": [0.224, 1.76, 0.56, 2.514], "rotation": 180, "texture": "#0"},
				"up": {"uv": [0.224, 1.76, 0.56, 2.514], "rotation": 180, "texture": "#0"},
				"down": {"uv": [0.224, 1.76, 0.56, 2.514], "rotation": 180, "texture": "#0"}
			}
		},
		{
			"from": [3.125, 2.3125, 7.75],
			"to": [3.1875, 3.25, 10.9375],
			"faces": {
				"north": {"uv": [0.224, 1.76, 0.56, 2.514], "rotation": 180, "texture": "#0"},
				"east": {"uv": [0.224, 1.76, 0.56, 2.514], "rotation": 180, "texture": "#0"},
				"south": {"uv": [0.224, 1.76, 0.56, 2.514], "rotation": 180, "texture": "#0"},
				"west": {"uv": [0.224, 1.76, 0.56, 2.514], "rotation": 180, "texture": "#0"},
				"up": {"uv": [0.224, 1.76, 0.56, 2.514], "rotation": 180, "texture": "#0"},
				"down": {"uv": [0.224, 1.76, 0.56, 2.514], "rotation": 180, "texture": "#0"}
			}
		},
		{
			"from": [3.0625, 2.4375, 7.75],
			"to": [3.125, 3.25, 10.9375],
			"faces": {
				"north": {"uv": [0.224, 1.76, 0.56, 2.514], "rotation": 180, "texture": "#0"},
				"east": {"uv": [0.224, 1.76, 0.56, 2.514], "rotation": 180, "texture": "#0"},
				"south": {"uv": [0.224, 1.76, 0.56, 2.514], "rotation": 180, "texture": "#0"},
				"west": {"uv": [0.224, 1.76, 0.56, 2.514], "rotation": 180, "texture": "#0"},
				"up": {"uv": [0.224, 1.76, 0.56, 2.514], "rotation": 180, "texture": "#0"},
				"down": {"uv": [0.224, 1.76, 0.56, 2.514], "rotation": 180, "texture": "#0"}
			}
		},
		{
			"from": [2.6875, 2.9375, 7.75],
			"to": [2.75, 3.375, 10.9375],
			"faces": {
				"north": {"uv": [0.224, 1.76, 0.56, 2.514], "rotation": 180, "texture": "#0"},
				"east": {"uv": [0.224, 1.76, 0.56, 2.514], "rotation": 180, "texture": "#0"},
				"south": {"uv": [0.224, 1.76, 0.56, 2.514], "rotation": 180, "texture": "#0"},
				"west": {"uv": [0.224, 1.76, 0.56, 2.514], "rotation": 180, "texture": "#0"},
				"up": {"uv": [0.224, 1.76, 0.56, 2.514], "rotation": 180, "texture": "#0"},
				"down": {"uv": [0.224, 1.76, 0.56, 2.514], "rotation": 180, "texture": "#0"}
			}
		},
		{
			"from": [2.625, 3, 7.75],
			"to": [2.6875, 3.375, 10.9375],
			"faces": {
				"north": {"uv": [0.224, 1.76, 0.56, 2.514], "rotation": 180, "texture": "#0"},
				"east": {"uv": [0.224, 1.76, 0.56, 2.514], "rotation": 180, "texture": "#0"},
				"south": {"uv": [0.224, 1.76, 0.56, 2.514], "rotation": 180, "texture": "#0"},
				"west": {"uv": [0.224, 1.76, 0.56, 2.514], "rotation": 180, "texture": "#0"},
				"up": {"uv": [0.224, 1.76, 0.56, 2.514], "rotation": 180, "texture": "#0"},
				"down": {"uv": [0.224, 1.76, 0.56, 2.514], "rotation": 180, "texture": "#0"}
			}
		},
		{
			"from": [2.5625, 3.0625, 7.75],
			"to": [2.625, 3.4375, 10.9375],
			"faces": {
				"north": {"uv": [0.224, 1.76, 0.56, 2.514], "rotation": 180, "texture": "#0"},
				"east": {"uv": [0.224, 1.76, 0.56, 2.514], "rotation": 180, "texture": "#0"},
				"south": {"uv": [0.224, 1.76, 0.56, 2.514], "rotation": 180, "texture": "#0"},
				"west": {"uv": [0.224, 1.76, 0.56, 2.514], "rotation": 180, "texture": "#0"},
				"up": {"uv": [0.224, 1.76, 0.56, 2.514], "rotation": 180, "texture": "#0"},
				"down": {"uv": [0.224, 1.76, 0.56, 2.514], "rotation": 180, "texture": "#0"}
			}
		},
		{
			"from": [2.375, 3.125, 7.75],
			"to": [2.6875, 3.375, 10.9375],
			"faces": {
				"north": {"uv": [0.224, 1.76, 0.56, 2.514], "rotation": 180, "texture": "#0"},
				"east": {"uv": [0.224, 1.76, 0.56, 2.514], "rotation": 180, "texture": "#0"},
				"south": {"uv": [0.224, 1.76, 0.56, 2.514], "rotation": 180, "texture": "#0"},
				"west": {"uv": [0.224, 1.76, 0.56, 2.514], "rotation": 180, "texture": "#0"},
				"up": {"uv": [0.224, 1.76, 0.56, 2.514], "rotation": 180, "texture": "#0"},
				"down": {"uv": [0.224, 1.76, 0.56, 2.514], "rotation": 180, "texture": "#0"}
			}
		},
		{
			"from": [-0.0625, 3.25, 7.75],
			"to": [2.5625, 3.375, 10.9375],
			"faces": {
				"north": {"uv": [0.224, 1.648, 6.256, 2.034], "texture": "#0"},
				"east": {"uv": [0.224, 1.648, 6.256, 2.034], "texture": "#0"},
				"south": {"uv": [0.224, 1.648, 6.256, 2.034], "texture": "#0"},
				"west": {"uv": [0.224, 1.648, 6.256, 2.034], "texture": "#0"},
				"up": {"uv": [0.224, 1.648, 6.256, 2.034], "texture": "#0"},
				"down": {"uv": [0.224, 1.648, 6.256, 2.034], "texture": "#0"}
			}
		},
		{
			"from": [2.0625, 3.1875, 7.75],
			"to": [2.625, 3.375, 10.9375],
			"faces": {
				"north": {"uv": [0.128, 0.128, 0.848, 1.091], "texture": "#0"},
				"east": {"uv": [0.128, 0.128, 0.848, 1.091], "texture": "#0"},
				"south": {"uv": [0.128, 0.128, 0.848, 1.091], "texture": "#0"},
				"west": {"uv": [0.128, 0.128, 0.848, 1.091], "texture": "#0"},
				"up": {"uv": [0.128, 0.128, 0.848, 1.091], "texture": "#0"},
				"down": {"uv": [0.128, 0.128, 0.848, 1.091], "texture": "#0"}
			}
		},
		{
			"from": [3, 2.6875, 7.75],
			"to": [3.0625, 3.25, 10.9375],
			"faces": {
				"north": {"uv": [0.224, 1.76, 0.56, 2.514], "rotation": 180, "texture": "#0"},
				"east": {"uv": [0.224, 1.76, 0.56, 2.514], "rotation": 180, "texture": "#0"},
				"south": {"uv": [0.224, 1.76, 0.56, 2.514], "rotation": 180, "texture": "#0"},
				"west": {"uv": [0.224, 1.76, 0.56, 2.514], "rotation": 180, "texture": "#0"},
				"up": {"uv": [0.224, 1.76, 0.56, 2.514], "rotation": 180, "texture": "#0"},
				"down": {"uv": [0.224, 1.76, 0.56, 2.514], "rotation": 180, "texture": "#0"}
			}
		},
		{
			"from": [2.9375, 2.75, 7.75],
			"to": [3, 3.25, 10.9375],
			"faces": {
				"north": {"uv": [0.224, 1.76, 0.56, 2.514], "rotation": 180, "texture": "#0"},
				"east": {"uv": [0.224, 1.76, 0.56, 2.514], "rotation": 180, "texture": "#0"},
				"south": {"uv": [0.224, 1.76, 0.56, 2.514], "rotation": 180, "texture": "#0"},
				"west": {"uv": [0.224, 1.76, 0.56, 2.514], "rotation": 180, "texture": "#0"},
				"up": {"uv": [0.224, 1.76, 0.56, 2.514], "rotation": 180, "texture": "#0"},
				"down": {"uv": [0.224, 1.76, 0.56, 2.514], "rotation": 180, "texture": "#0"}
			}
		},
		{
			"from": [2.875, 2.8125, 7.75],
			"to": [2.9375, 3.25, 10.9375],
			"faces": {
				"north": {"uv": [0.224, 1.76, 0.56, 2.514], "rotation": 180, "texture": "#0"},
				"east": {"uv": [0.224, 1.76, 0.56, 2.514], "rotation": 180, "texture": "#0"},
				"south": {"uv": [0.224, 1.76, 0.56, 2.514], "rotation": 180, "texture": "#0"},
				"west": {"uv": [0.224, 1.76, 0.56, 2.514], "rotation": 180, "texture": "#0"},
				"up": {"uv": [0.224, 1.76, 0.56, 2.514], "rotation": 180, "texture": "#0"},
				"down": {"uv": [0.224, 1.76, 0.56, 2.514], "rotation": 180, "texture": "#0"}
			}
		},
		{
			"from": [2.75, 2.9375, 7.75],
			"to": [2.875, 3.25, 10.9375],
			"faces": {
				"north": {"uv": [0.224, 1.76, 0.56, 2.514], "rotation": 180, "texture": "#0"},
				"east": {"uv": [0.224, 1.76, 0.56, 2.514], "rotation": 180, "texture": "#0"},
				"south": {"uv": [0.224, 1.76, 0.56, 2.514], "rotation": 180, "texture": "#0"},
				"west": {"uv": [0.224, 1.76, 0.56, 2.514], "rotation": 180, "texture": "#0"},
				"up": {"uv": [0.224, 1.76, 0.56, 2.514], "rotation": 180, "texture": "#0"},
				"down": {"uv": [0.224, 1.76, 0.56, 2.514], "rotation": 180, "texture": "#0"}
			}
		},
		{
			"from": [8.53242, 5.64506, 7.5],
			"to": [9.15742, 20.33256, 7.75],
			"rotation": {"angle": -45, "axis": "z", "origin": [2.78242, 8.98881, 9.34375]},
			"faces": {
				"north": {"uv": [0.25, 0.5, 2.123, 7.187], "texture": "#2"},
				"east": {"uv": [0.25, 0.5, 2.123, 7.187], "texture": "#2"},
				"south": {"uv": [0.25, 0.5, 2.123, 7.187], "rotation": 180, "texture": "#2"},
				"west": {"uv": [0.25, 0.5, 2.123, 7.187], "texture": "#2"},
				"up": {"uv": [0.25, 0.5, 2.123, 7.187], "rotation": 180, "texture": "#2"},
				"down": {"uv": [0.25, 0.5, 2.123, 7.187], "texture": "#2"}
			}
		},
		{
			"from": [8.53242, 5.64506, 10.9375],
			"to": [9.15742, 20.33256, 11.1875],
			"rotation": {"angle": -45, "axis": "z", "origin": [2.78242, 8.98881, 9.34375]},
			"faces": {
				"north": {"uv": [0.25, 0.5, 2.123, 7.187], "texture": "#2"},
				"east": {"uv": [0.25, 0.5, 2.123, 7.187], "texture": "#2"},
				"south": {"uv": [0.25, 0.5, 2.123, 7.187], "rotation": 180, "texture": "#2"},
				"west": {"uv": [0.25, 0.5, 2.123, 7.187], "texture": "#2"},
				"up": {"uv": [0.25, 0.5, 2.123, 7.187], "rotation": 180, "texture": "#2"},
				"down": {"uv": [0.25, 0.5, 2.123, 7.187], "texture": "#2"}
			}
		},
		{
			"from": [-11.5, 3.375, 6.625],
			"to": [-10.625, 4.3125, 11.9375],
			"faces": {
				"north": {"uv": [0.25, 0.5, 2.123, 7.187], "texture": "#2"},
				"east": {"uv": [0.25, 0.5, 2.123, 7.187], "texture": "#2"},
				"south": {"uv": [0.25, 0.5, 2.123, 7.187], "texture": "#2"},
				"west": {"uv": [0.25, 0.5, 2.123, 7.187], "texture": "#2"},
				"up": {"uv": [0.25, 0.5, 2.123, 7.187], "texture": "#2"},
				"down": {"uv": [0.25, 0.5, 2.123, 7.187], "texture": "#2"}
			}
		},
		{
			"from": [-12.5, 3.375, 11.9375],
			"to": [-11.6875, 4.3125, 13.9375],
			"rotation": {"angle": -22.5, "axis": "y", "origin": [-11.0625, 3.84375, 14.59375]},
			"faces": {
				"north": {"uv": [0.25, 0.5, 2.123, 7.187], "texture": "#2"},
				"east": {"uv": [0.25, 0.5, 2.123, 7.187], "texture": "#2"},
				"south": {"uv": [0.25, 0.5, 2.123, 7.187], "texture": "#2"},
				"west": {"uv": [0.25, 0.5, 2.123, 7.187], "texture": "#2"},
				"up": {"uv": [0.25, 0.5, 2.123, 7.187], "texture": "#2"},
				"down": {"uv": [0.25, 0.5, 2.123, 7.187], "texture": "#2"}
			}
		},
		{
			"from": [-12.3125, 3.375, 4.5625],
			"to": [-11.4375, 4.3125, 6.6875],
			"rotation": {"angle": 22.5, "axis": "y", "origin": [-11.0625, 3.84375, 4.65625]},
			"faces": {
				"north": {"uv": [0.25, 0.5, 2.123, 7.187], "texture": "#2"},
				"east": {"uv": [0.25, 0.5, 2.123, 7.187], "texture": "#2"},
				"south": {"uv": [0.25, 0.5, 2.123, 7.187], "texture": "#2"},
				"west": {"uv": [0.25, 0.5, 2.123, 7.187], "texture": "#2"},
				"up": {"uv": [0.25, 0.5, 2.123, 7.187], "texture": "#2"},
				"down": {"uv": [0.25, 0.5, 2.123, 7.187], "texture": "#2"}
			}
		},
		{
			"from": [16.75, 3.8125, 7.6875],
			"to": [17.1875, 5, 7.75],
			"rotation": {"angle": 22.5, "axis": "z", "origin": [17.09375, 4.4375, 11.03125]},
			"faces": {
				"north": {"uv": [0.25, 0.5, 2.123, 7.187], "texture": "#2"},
				"east": {"uv": [0.25, 0.5, 2.123, 7.187], "texture": "#2"},
				"south": {"uv": [0.25, 0.5, 2.123, 7.187], "texture": "#2"},
				"west": {"uv": [0.25, 0.5, 2.123, 7.187], "texture": "#2"},
				"up": {"uv": [0.25, 0.5, 2.123, 7.187], "texture": "#2"},
				"down": {"uv": [0.25, 0.5, 2.123, 7.187], "texture": "#2"}
			}
		},
		{
			"from": [16.8125, 5, 7.6875],
			"to": [17.125, 5.3125, 7.75],
			"rotation": {"angle": 22.5, "axis": "z", "origin": [17.09375, 4.4375, 11.03125]},
			"faces": {
				"north": {"uv": [0.25, 0.5, 2.123, 7.187], "texture": "#2"},
				"east": {"uv": [0.25, 0.5, 2.123, 7.187], "texture": "#2"},
				"south": {"uv": [0.25, 0.5, 2.123, 7.187], "texture": "#2"},
				"west": {"uv": [0.25, 0.5, 2.123, 7.187], "texture": "#2"},
				"up": {"uv": [0.25, 0.5, 2.123, 7.187], "texture": "#2"},
				"down": {"uv": [0.25, 0.5, 2.123, 7.187], "texture": "#2"}
			}
		},
		{
			"from": [16.875, 5.3125, 7.6875],
			"to": [17.0625, 5.5, 7.75],
			"rotation": {"angle": 22.5, "axis": "z", "origin": [17.09375, 4.4375, 11.03125]},
			"faces": {
				"north": {"uv": [0.25, 0.5, 2.123, 7.187], "texture": "#2"},
				"east": {"uv": [0.25, 0.5, 2.123, 7.187], "texture": "#2"},
				"south": {"uv": [0.25, 0.5, 2.123, 7.187], "texture": "#2"},
				"west": {"uv": [0.25, 0.5, 2.123, 7.187], "texture": "#2"},
				"up": {"uv": [0.25, 0.5, 2.123, 7.187], "texture": "#2"},
				"down": {"uv": [0.25, 0.5, 2.123, 7.187], "texture": "#2"}
			}
		},
		{
			"from": [16.9375, 5.5, 7.6875],
			"to": [17, 5.5625, 7.75],
			"rotation": {"angle": 22.5, "axis": "z", "origin": [17.09375, 4.4375, 11.03125]},
			"faces": {
				"north": {"uv": [0.25, 0.5, 2.123, 7.187], "texture": "#2"},
				"east": {"uv": [0.25, 0.5, 2.123, 7.187], "texture": "#2"},
				"south": {"uv": [0.25, 0.5, 2.123, 7.187], "texture": "#2"},
				"west": {"uv": [0.25, 0.5, 2.123, 7.187], "texture": "#2"},
				"up": {"uv": [0.25, 0.5, 2.123, 7.187], "texture": "#2"},
				"down": {"uv": [0.25, 0.5, 2.123, 7.187], "texture": "#2"}
			}
		},
		{
			"from": [16.75, 3.8125, 10.9375],
			"to": [17.1875, 5, 11],
			"rotation": {"angle": 22.5, "axis": "z", "origin": [17.09375, 4.4375, 11.03125]},
			"faces": {
				"north": {"uv": [0.25, 0.5, 2.123, 7.187], "texture": "#2"},
				"east": {"uv": [0.25, 0.5, 2.123, 7.187], "texture": "#2"},
				"south": {"uv": [0.25, 0.5, 2.123, 7.187], "texture": "#2"},
				"west": {"uv": [0.25, 0.5, 2.123, 7.187], "texture": "#2"},
				"up": {"uv": [0.25, 0.5, 2.123, 7.187], "texture": "#2"},
				"down": {"uv": [0.25, 0.5, 2.123, 7.187], "texture": "#2"}
			}
		},
		{
			"from": [16.8125, 5, 10.9375],
			"to": [17.125, 5.3125, 11],
			"rotation": {"angle": 22.5, "axis": "z", "origin": [17.09375, 4.4375, 11.03125]},
			"faces": {
				"north": {"uv": [0.25, 0.5, 2.123, 7.187], "texture": "#2"},
				"east": {"uv": [0.25, 0.5, 2.123, 7.187], "texture": "#2"},
				"south": {"uv": [0.25, 0.5, 2.123, 7.187], "texture": "#2"},
				"west": {"uv": [0.25, 0.5, 2.123, 7.187], "texture": "#2"},
				"up": {"uv": [0.25, 0.5, 2.123, 7.187], "texture": "#2"},
				"down": {"uv": [0.25, 0.5, 2.123, 7.187], "texture": "#2"}
			}
		},
		{
			"from": [16.875, 5.3125, 10.9375],
			"to": [17.0625, 5.5, 11],
			"rotation": {"angle": 22.5, "axis": "z", "origin": [17.09375, 4.4375, 11.03125]},
			"faces": {
				"north": {"uv": [0.25, 0.5, 2.123, 7.187], "texture": "#2"},
				"east": {"uv": [0.25, 0.5, 2.123, 7.187], "texture": "#2"},
				"south": {"uv": [0.25, 0.5, 2.123, 7.187], "texture": "#2"},
				"west": {"uv": [0.25, 0.5, 2.123, 7.187], "texture": "#2"},
				"up": {"uv": [0.25, 0.5, 2.123, 7.187], "texture": "#2"},
				"down": {"uv": [0.25, 0.5, 2.123, 7.187], "texture": "#2"}
			}
		},
		{
			"from": [16.9375, 5.5, 10.9375],
			"to": [17, 5.5625, 11],
			"rotation": {"angle": 22.5, "axis": "z", "origin": [17.09375, 4.4375, 11.03125]},
			"faces": {
				"north": {"uv": [0.25, 0.5, 2.123, 7.187], "texture": "#2"},
				"east": {"uv": [0.25, 0.5, 2.123, 7.187], "texture": "#2"},
				"south": {"uv": [0.25, 0.5, 2.123, 7.187], "texture": "#2"},
				"west": {"uv": [0.25, 0.5, 2.123, 7.187], "texture": "#2"},
				"up": {"uv": [0.25, 0.5, 2.123, 7.187], "texture": "#2"},
				"down": {"uv": [0.25, 0.5, 2.123, 7.187], "texture": "#2"}
			}
		},
		{
			"from": [11.29507, 3.0625, 21.70652],
			"to": [11.92007, 3.6875, 22.33152],
			"rotation": {"angle": 22.5, "axis": "y", "origin": [12.48257, 3.4375, 20.26902]},
			"faces": {
				"north": {"uv": [0.25, 0.5, 2.123, 7.187], "texture": "#2"},
				"east": {"uv": [0.25, 0.5, 2.123, 7.187], "texture": "#2"},
				"south": {"uv": [0.25, 0.5, 2.123, 7.187], "texture": "#2"},
				"west": {"uv": [0.25, 0.5, 2.123, 7.187], "texture": "#2"},
				"up": {"uv": [0.25, 0.5, 2.123, 7.187], "texture": "#2"},
				"down": {"uv": [0.25, 0.5, 2.123, 7.187], "texture": "#2"}
			}
		},
		{
			"from": [12.23257, 3.125, -4.51902],
			"to": [12.85757, 3.75, -3.89402],
			"rotation": {"angle": -22.5, "axis": "y", "origin": [12.48257, 3.4375, -4.26902]},
			"faces": {
				"north": {"uv": [0.25, 0.5, 2.123, 7.187], "texture": "#2"},
				"east": {"uv": [0.25, 0.5, 2.123, 7.187], "texture": "#2"},
				"south": {"uv": [0.25, 0.5, 2.123, 7.187], "texture": "#2"},
				"west": {"uv": [0.25, 0.5, 2.123, 7.187], "texture": "#2"},
				"up": {"uv": [0.25, 0.5, 2.123, 7.187], "texture": "#2"},
				"down": {"uv": [0.25, 0.5, 2.123, 7.187], "texture": "#2"}
			}
		},
		{
			"from": [5.1875, 2.8125, 7.4375],
			"to": [5.4375, 3.0625, 11.25],
			"faces": {
				"north": {"uv": [14.25, 8, 15, 8.75], "texture": "#2"},
				"east": {"uv": [14.25, 8, 15, 8.75], "texture": "#2"},
				"south": {"uv": [14.25, 8, 15, 8.75], "texture": "#2"},
				"west": {"uv": [14.25, 8, 15, 8.75], "texture": "#2"},
				"up": {"uv": [14.25, 8, 15, 8.75], "texture": "#2"},
				"down": {"uv": [14.25, 8, 15, 8.75], "texture": "#2"}
			}
		},
		{
			"from": [9.4375, 4.25, 7.75],
			"to": [28.5625, 4.875, 8.25],
			"faces": {
				"north": {"uv": [0.128, 0.128, 7.392, 2.435], "texture": "#0"},
				"east": {"uv": [0.128, 0.128, 7.392, 2.435], "texture": "#0"},
				"south": {"uv": [0.128, 0.128, 7.392, 2.435], "texture": "#0"},
				"west": {"uv": [0.128, 0.128, 7.392, 2.435], "texture": "#0"},
				"up": {"uv": [0.128, 0.128, 7.392, 2.435], "texture": "#0"},
				"down": {"uv": [0.128, 0.128, 7.392, 2.435], "texture": "#0"}
			}
		},
		{
			"from": [9.5, 4.25, 8.25],
			"to": [28.5625, 4.5, 9.0625],
			"faces": {
				"north": {"uv": [0.128, 0.128, 7.392, 2.435], "texture": "#0"},
				"east": {"uv": [0.128, 0.128, 7.392, 2.435], "texture": "#0"},
				"south": {"uv": [0.128, 0.128, 7.392, 2.435], "texture": "#0"},
				"west": {"uv": [0.128, 0.128, 7.392, 2.435], "texture": "#0"},
				"up": {"uv": [0.128, 0.128, 7.392, 2.435], "texture": "#0"},
				"down": {"uv": [0.128, 0.128, 7.392, 2.435], "texture": "#0"}
			}
		},
		{
			"from": [9.4375, 4.25, 9.0625],
			"to": [28.5625, 4.875, 9.6875],
			"faces": {
				"north": {"uv": [0.128, 0.128, 7.392, 2.435], "texture": "#0"},
				"east": {"uv": [0.128, 0.128, 7.392, 2.435], "texture": "#0"},
				"south": {"uv": [0.128, 0.128, 7.392, 2.435], "texture": "#0"},
				"west": {"uv": [0.128, 0.128, 7.392, 2.435], "texture": "#0"},
				"up": {"uv": [0.128, 0.128, 7.392, 2.435], "texture": "#0"},
				"down": {"uv": [0.128, 0.128, 7.392, 2.435], "texture": "#0"}
			}
		},
		{
			"from": [9.4375, 4.25, 9.6875],
			"to": [28.5625, 4.5, 10.5],
			"faces": {
				"north": {"uv": [0.128, 0.128, 7.392, 2.435], "texture": "#0"},
				"east": {"uv": [0.128, 0.128, 7.392, 2.435], "texture": "#0"},
				"south": {"uv": [0.128, 0.128, 7.392, 2.435], "texture": "#0"},
				"west": {"uv": [0.128, 0.128, 7.392, 2.435], "texture": "#0"},
				"up": {"uv": [0.128, 0.128, 7.392, 2.435], "texture": "#0"},
				"down": {"uv": [0.128, 0.128, 7.392, 2.435], "texture": "#0"}
			}
		},
		{
			"from": [9.4375, 4.25, 10.5],
			"to": [28.5625, 4.875, 10.9375],
			"faces": {
				"north": {"uv": [0.128, 0.128, 7.392, 2.435], "texture": "#0"},
				"east": {"uv": [0.128, 0.128, 7.392, 2.435], "texture": "#0"},
				"south": {"uv": [0.128, 0.128, 7.392, 2.435], "texture": "#0"},
				"west": {"uv": [0.128, 0.128, 7.392, 2.435], "texture": "#0"},
				"up": {"uv": [0.128, 0.128, 7.392, 2.435], "texture": "#0"},
				"down": {"uv": [0.128, 0.128, 7.392, 2.435], "texture": "#0"}
			}
		},
		{
			"from": [28.5625, 4.25, 7.75],
			"to": [28.625, 4.4375, 10.9375],
			"faces": {
				"north": {"uv": [0.128, 0.128, 7.392, 2.435], "texture": "#0"},
				"east": {"uv": [0.128, 0.128, 7.392, 2.435], "texture": "#0"},
				"south": {"uv": [0.128, 0.128, 7.392, 2.435], "texture": "#0"},
				"west": {"uv": [0.128, 0.128, 7.392, 2.435], "texture": "#0"},
				"up": {"uv": [0.128, 0.128, 7.392, 2.435], "texture": "#0"},
				"down": {"uv": [0.128, 0.128, 7.392, 2.435], "texture": "#0"}
			}
		},
		{
			"from": [24.375, 4.9375, 7.625],
			"to": [24.625, 5.1875, 11.0625],
			"faces": {
				"north": {"uv": [14.25, 8, 15, 8.75], "texture": "#2"},
				"east": {"uv": [14.25, 8, 15, 8.75], "texture": "#2"},
				"south": {"uv": [14.25, 8, 15, 8.75], "texture": "#2"},
				"west": {"uv": [14.25, 8, 15, 8.75], "texture": "#2"},
				"up": {"uv": [14.25, 8, 15, 8.75], "texture": "#2"},
				"down": {"uv": [14.25, 8, 15, 8.75], "texture": "#2"}
			}
		},
		{
			"from": [24.0625, 5.25, 7.75],
			"to": [24.3125, 6.25, 10.9375],
			"faces": {
				"north": {"uv": [6.064, 7.872, 7.082, 8.112], "rotation": 90, "texture": "#0"},
				"east": {"uv": [6.064, 7.872, 7.082, 8.112], "rotation": 90, "texture": "#0"},
				"south": {"uv": [6.064, 8.112, 7.082, 7.872], "rotation": 90, "texture": "#0"},
				"west": {"uv": [6.064, 7.872, 7.082, 8.112], "rotation": 90, "texture": "#0"},
				"up": {"uv": [6.064, 7.872, 7.082, 8.112], "rotation": 90, "texture": "#0"},
				"down": {"uv": [6.064, 7.872, 7.082, 8.112], "rotation": 90, "texture": "#0"}
			}
		},
		{
			"from": [23.1875, 4.8125, 7.75],
			"to": [23.5625, 9.4375, 10.9375],
			"rotation": {"angle": 22.5, "axis": "z", "origin": [23.4375, 8.125, 9.34375]},
			"faces": {
				"north": {"uv": [0.24, 0, 0.474, 2.177], "texture": "#0"},
				"east": {"uv": [7.376, 2.976, 9.715, 8.161], "texture": "#0"},
				"south": {"uv": [0, 0, 0.25, 4.625], "texture": "#0"},
				"west": {"uv": [0, 0, 3.1875, 4.625], "texture": "#0"},
				"up": {"uv": [0, 0, 0.25, 3.1875], "texture": "#0"},
				"down": {"uv": [0, 0, 0.25, 3.1875], "texture": "#0"}
			}
		},
		{
			"from": [24.3125, 4.875, 7.75],
			"to": [24.5625, 5.6875, 10.9375],
			"faces": {
				"north": {"uv": [-0.015, 0.912, 0.667, 1.818], "texture": "#0"},
				"east": {"uv": [0, 0, 3.1875, 0.8125], "texture": "#0"},
				"south": {"uv": [0, 0, 0.25, 0.8125], "texture": "#0"},
				"west": {"uv": [0, 0, 3.1875, 0.8125], "texture": "#0"},
				"up": {"uv": [0, 0, 0.25, 3.1875], "texture": "#0"},
				"down": {"uv": [0, 0, 0.25, 3.1875], "texture": "#0"}
			}
		},
		{
			"from": [23.8125, 5.25, 7.75],
			"to": [24.0625, 6.8125, 10.9375],
			"faces": {
				"north": {"uv": [6.064, 7.68, 7.082, 7.92], "rotation": 90, "texture": "#0"},
				"east": {"uv": [6.064, 7.68, 7.082, 7.92], "rotation": 90, "texture": "#0"},
				"south": {"uv": [6.144, 7.968, 7.162, 7.728], "rotation": 90, "texture": "#0"},
				"west": {"uv": [6.064, 7.68, 7.082, 7.92], "rotation": 90, "texture": "#0"},
				"up": {"uv": [6.064, 7.68, 7.082, 7.92], "rotation": 90, "texture": "#0"},
				"down": {"uv": [6.064, 7.68, 7.082, 7.92], "rotation": 90, "texture": "#0"}
			}
		},
		{
			"from": [23.5625, 5.25, 7.75],
			"to": [23.8125, 7.1875, 10.9375],
			"faces": {
				"north": {"uv": [6.064, 7.488, 7.082, 7.728], "rotation": 90, "texture": "#0"},
				"east": {"uv": [6.064, 7.488, 7.082, 7.728], "rotation": 90, "texture": "#0"},
				"south": {"uv": [6.064, 7.728, 7.082, 7.488], "rotation": 90, "texture": "#0"},
				"west": {"uv": [6.064, 7.488, 7.082, 7.728], "rotation": 90, "texture": "#0"},
				"up": {"uv": [6.064, 7.488, 7.082, 7.728], "rotation": 90, "texture": "#0"},
				"down": {"uv": [6.064, 7.488, 7.082, 7.728], "rotation": 90, "texture": "#0"}
			}
		},
		{
			"from": [23.3125, 5.25, 7.75],
			"to": [23.5625, 7.75, 10.9375],
			"faces": {
				"north": {"uv": [6.064, 7.296, 7.082, 7.536], "rotation": 90, "texture": "#0"},
				"east": {"uv": [6.064, 7.296, 7.082, 7.536], "rotation": 90, "texture": "#0"},
				"south": {"uv": [6.064, 7.536, 7.082, 7.296], "rotation": 90, "texture": "#0"},
				"west": {"uv": [6.064, 7.296, 7.082, 7.536], "rotation": 90, "texture": "#0"},
				"up": {"uv": [6.064, 7.296, 7.082, 7.536], "rotation": 90, "texture": "#0"},
				"down": {"uv": [6.064, 7.296, 7.082, 7.536], "rotation": 90, "texture": "#0"}
			}
		},
		{
			"from": [23.0625, 5.25, 7.75],
			"to": [23.3125, 8.375, 10.9375],
			"faces": {
				"north": {"uv": [5.952, 7.296, 7.13, 7.424], "rotation": 90, "texture": "#0"},
				"east": {"uv": [5.952, 7.296, 7.13, 7.424], "rotation": 90, "texture": "#0"},
				"south": {"uv": [5.92, 7.344, 7.098, 7.216], "rotation": 90, "texture": "#0"},
				"west": {"uv": [5.952, 7.296, 7.13, 7.424], "rotation": 90, "texture": "#0"},
				"up": {"uv": [5.952, 7.296, 7.13, 7.424], "rotation": 90, "texture": "#0"},
				"down": {"uv": [5.952, 7.296, 7.13, 7.424], "rotation": 90, "texture": "#0"}
			}
		},
		{
			"from": [9.4375, 5.25, 7.75],
			"to": [23.0625, 9.375, 8],
			"faces": {
				"north": {"uv": [5.488, 2.928, 7.289, 7.341], "rotation": 90, "texture": "#0"},
				"east": {"uv": [0, 0, 0.25, 4.125], "texture": "#0"},
				"south": {"uv": [0, 0, 7.129, 2.204], "texture": "#0"},
				"west": {"uv": [0, 0, 0.25, 4.125], "texture": "#0"},
				"up": {"uv": [0.336, 0.512, 6.761, 0.906], "texture": "#0"},
				"down": {"uv": [0.192, 0.576, 7.241, 0.969], "texture": "#0"}
			}
		},
		{
			"from": [9.375, 4.25, 7.6875],
			"to": [10.375, 9.375, 11],
			"faces": {
				"north": {"uv": [2.608, 0.16, 3.008, 2.515], "texture": "#0"},
				"east": {"uv": [1.104, 0.112, 3.296, 2.244], "texture": "#0"},
				"south": {"uv": [2.608, 0.16, 3.008, 2.515], "texture": "#0"},
				"west": {"uv": [2.032, 3.952, 4.912, 4.964], "rotation": 90, "texture": "#0"},
				"up": {"uv": [2.608, 0.16, 3.008, 2.515], "texture": "#0"},
				"down": {"uv": [1.104, 0.112, 3.296, 2.244], "texture": "#0"}
			}
		},
		{
			"from": [9.75, 8.75, 7.625],
			"to": [10, 9, 11.0625],
			"faces": {
				"north": {"uv": [14.25, 8, 15, 8.75], "texture": "#2"},
				"east": {"uv": [14.25, 8, 15, 8.75], "texture": "#2"},
				"south": {"uv": [14.25, 8, 15, 8.75], "texture": "#2"},
				"west": {"uv": [14.25, 8, 15, 8.75], "texture": "#2"},
				"up": {"uv": [14.25, 8, 15, 8.75], "texture": "#2"},
				"down": {"uv": [14.25, 8, 15, 8.75], "texture": "#2"}
			}
		},
		{
			"from": [9.75, 4.5, 7.625],
			"to": [10, 4.75, 11.0625],
			"faces": {
				"north": {"uv": [14.25, 8, 15, 8.75], "texture": "#2"},
				"east": {"uv": [14.25, 8, 15, 8.75], "texture": "#2"},
				"south": {"uv": [14.25, 8, 15, 8.75], "texture": "#2"},
				"west": {"uv": [14.25, 8, 15, 8.75], "texture": "#2"},
				"up": {"uv": [14.25, 8, 15, 8.75], "texture": "#2"},
				"down": {"uv": [14.25, 8, 15, 8.75], "texture": "#2"}
			}
		},
		{
			"from": [23, 8.5625, 7.625],
			"to": [23.25, 8.8125, 11.0625],
			"faces": {
				"north": {"uv": [14.25, 8, 15, 8.75], "texture": "#2"},
				"east": {"uv": [14.25, 8, 15, 8.75], "texture": "#2"},
				"south": {"uv": [14.25, 8, 15, 8.75], "texture": "#2"},
				"west": {"uv": [14.25, 8, 15, 8.75], "texture": "#2"},
				"up": {"uv": [14.25, 8, 15, 8.75], "texture": "#2"},
				"down": {"uv": [14.25, 8, 15, 8.75], "texture": "#2"}
			}
		},
		{
			"from": [9.4375, 5.25, 10.6875],
			"to": [23.0625, 9.375, 10.9375],
			"faces": {
				"north": {"uv": [0, 0, 7.209, 2.237], "texture": "#0"},
				"east": {"uv": [0, 0, 0.25, 4.125], "texture": "#0"},
				"south": {"uv": [5.488, 7.341, 7.289, 2.928], "rotation": 90, "texture": "#0"},
				"west": {"uv": [0, 0, 0.25, 4.125], "texture": "#0"},
				"up": {"uv": [0.192, 0.208, 7.353, 0.602], "texture": "#0"},
				"down": {"uv": [0.192, 0.576, 7.241, 0.969], "texture": "#0"}
			}
		},
		{
			"from": [24.5625, 4.875, 7.75],
			"to": [24.8125, 5.125, 10.9375],
			"faces": {
				"north": {"uv": [-0.015, 0.912, 0.667, 1.818], "texture": "#0"},
				"east": {"uv": [0, 0, 3.1875, 0.25], "texture": "#0"},
				"south": {"uv": [0, 0, 0.25, 0.25], "texture": "#0"},
				"west": {"uv": [0, 0, 3.1875, 0.25], "texture": "#0"},
				"up": {"uv": [0, 0, 0.25, 3.1875], "texture": "#0"},
				"down": {"uv": [0, 0, 0.25, 3.1875], "texture": "#0"}
			}
		},
		{
			"from": [14.50621, 11.89681, 7.75],
			"to": [15.25621, 12.52181, 10.9375],
			"rotation": {"angle": -22.5, "axis": "z", "origin": [16.00621, 12.20931, 7.625]},
			"faces": {
				"north": {"uv": [4.048, 1.616, 5.971, 2.11], "rotation": 270, "texture": "#0"},
				"east": {"uv": [4.048, 1.616, 5.971, 2.11], "rotation": 270, "texture": "#0"},
				"south": {"uv": [4.048, 1.616, 5.971, 2.11], "rotation": 270, "texture": "#0"},
				"west": {"uv": [4.048, 1.616, 5.971, 2.11], "rotation": 270, "texture": "#0"},
				"up": {"uv": [4.048, 1.616, 5.971, 2.11], "rotation": 270, "texture": "#0"},
				"down": {"uv": [4.048, 1.616, 5.971, 2.11], "rotation": 270, "texture": "#0"}
			}
		},
		{
			"from": [14.59184, 12.32733, 7.75],
			"to": [15.34184, 12.95233, 10.9375],
			"rotation": {"angle": 22.5, "axis": "z", "origin": [14.96684, 12.63983, 9.34375]},
			"faces": {
				"north": {"uv": [4.048, 1.616, 5.971, 2.11], "rotation": 270, "texture": "#0"},
				"east": {"uv": [4.048, 1.616, 5.971, 2.11], "rotation": 270, "texture": "#0"},
				"south": {"uv": [4.048, 1.616, 5.971, 2.11], "rotation": 270, "texture": "#0"},
				"west": {"uv": [4.048, 1.616, 5.971, 2.11], "rotation": 270, "texture": "#0"},
				"up": {"uv": [4.048, 1.616, 5.971, 2.11], "rotation": 270, "texture": "#0"},
				"down": {"uv": [4.048, 1.616, 5.971, 2.11], "rotation": 270, "texture": "#0"}
			}
		},
		{
			"from": [14.59184, 12.32733, 7.75],
			"to": [15.34184, 12.95233, 10.9375],
			"rotation": {"angle": 45, "axis": "z", "origin": [14.96684, 12.63983, 9.34375]},
			"faces": {
				"north": {"uv": [4.048, 1.616, 5.971, 2.11], "rotation": 270, "texture": "#0"},
				"east": {"uv": [4.048, 1.616, 5.971, 2.11], "rotation": 270, "texture": "#0"},
				"south": {"uv": [4.048, 1.616, 5.971, 2.11], "rotation": 270, "texture": "#0"},
				"west": {"uv": [4.048, 1.616, 5.971, 2.11], "rotation": 270, "texture": "#0"},
				"up": {"uv": [4.048, 1.616, 5.971, 2.11], "rotation": 270, "texture": "#0"},
				"down": {"uv": [4.048, 1.616, 5.971, 2.11], "rotation": 270, "texture": "#0"}
			}
		},
		{
			"from": [14.59184, 12.32733, 7.75],
			"to": [15.34184, 12.95233, 10.9375],
			"faces": {
				"north": {"uv": [4.048, 1.616, 5.971, 2.11], "rotation": 90, "texture": "#0"},
				"east": {"uv": [4.048, 1.616, 5.971, 2.11], "rotation": 90, "texture": "#0"},
				"south": {"uv": [4.048, 1.616, 5.971, 2.11], "rotation": 90, "texture": "#0"},
				"west": {"uv": [4.048, 1.616, 5.971, 2.11], "rotation": 90, "texture": "#0"},
				"up": {"uv": [4.048, 1.616, 5.971, 2.11], "rotation": 90, "texture": "#0"},
				"down": {"uv": [4.048, 1.616, 5.971, 2.11], "rotation": 90, "texture": "#0"}
			}
		}
	],
	"display": {
		"thirdperson_righthand": {
			"rotation": [0, 90, 0],
			"translation": [0, 2.5, 2.5],
			"scale": [0.5, 0.5, 0.5]
		},
		"thirdperson_lefthand": {
			"rotation": [0, -90, 0],
			"translation": [1, 2.5, 2.5],
			"scale": [0.5, 0.5, 0.5]
		},
		"firstperson_righthand": {
			"rotation": [-150, 86, 170],
			"translation": [-1.5, 5.25, -0.5]
		},
		"firstperson_lefthand": {
			"rotation": [40, -83, 19],
			"translation": [3.75, 5.75, -0.75]
		},
		"gui": {
			"rotation": [90, 46, 0],
			"scale": [0.5, 0.5, 0.5]
		},
		"head": {
			"rotation": [0, 90, 90],
			"translation": [-0.5, -22, 11.5]
		},
		"fixed": {
			"rotation": [-90, 180, 1],
			"translation": [0, 0, -6.75],
			"scale": [0.8, 0.8, 0.8]
		}
	},
	"groups": [
		{
			"name": "group",
			"children": [0, 1, 2, 3, 4, 5, 6, 7,
				{
					"name": "group",
					"children": []
				},
				{
					"name": "group2",
					"children": [8,
						{
							"name": "string",
							"children": [9, 10, 11, 12, 13, 14, 15, 16, 17, 18, 19, 20, 21, 22, 23, 24]
						},
						{
							"name": "string2",
							"children": [25, 26, 27, 28, 29, 30, 31, 32, 33, 34, 35, 36, 37, 38, 39, 40]
						}
					]
				},
				{
					"name": "group",
					"children": [41, 42, 43, 44, 45, 46, 47, 48, 49, 50, 51]
				},
				{
					"name": "group",
					"children": [
						{
							"name": "group",
							"children": [
								{
									"name": "group",
									"children": [52, 53, 54, 55, 56, 57, 58, 59, 60, 61, 62, 63, 64, 65, 66, 67, 68, 69, 70, 71, 72, 73, 74, 75, 76, 77, 78, 79, 80, 81, 82, 83, 84, 85, 86, 87, 88, 89, 90, 91, 92, 93, 94, 95, 96, 97, 98, 99, 100, 101, 102, 103, 104, 105, 106, 107, 108, 109, 110, 111, 112, 113, 114, 115, 116, 117, 118, 119, 120, 121, 122, 123, 124, 125, 126, 127, 128]
								}
							]
						}
					]
				},
				{
					"name": "group",
					"children": [129, 130, 131, 132, 133, 134, 135, 136, 137, 138, 139, 140, 141, 142, 143]
				}, 144, 145, 146, 147, 148]
		}
	]
}