{
	"credit": "Made using Blockbench ~",
	"textures": {
		"texture": "block/diamond_sword/0"
	},
	"elements": [
		{
			"from": [7, 4, 4.5],
			"to": [9, 9, 5],
			"faces": {
				"north": {"uv": [14, 8.5, 12, 13.5], "texture": "#texture"},
				"east": {"uv": [13, 8.5, 13.5, 13.5], "texture": "#texture"},
				"south": {"uv": [12, 8.5, 14, 13.5], "texture": "#texture"},
				"west": {"uv": [12.5, 8.5, 13, 13.5], "texture": "#texture"}
			}
		},
		{
			"from": [7, 2, 4],
			"to": [9, 4, 5.5],
			"faces": {
				"north": {"uv": [14, 13.5, 12, 15.5], "texture": "#texture"},
				"south": {"uv": [12, 13.5, 14, 15.5], "texture": "#texture"},
				"west": {"uv": [12, 13.5, 13.5, 15.5], "texture": "#texture"},
				"up": {"uv": [12, 13.5, 14, 15], "texture": "#texture"},
				"down": {"uv": [14, 15.5, 12, 15], "texture": "#texture"}
			}
		},
		{
			"from": [9, 2, 4],
			"to": [9.5, 4, 5.5],
			"faces": {
				"north": {"uv": [14.5, 13.5, 14, 15.5], "texture": "#texture"},
				"east": {"uv": [13, 13.5, 14.5, 15.5], "texture": "#texture"},
				"south": {"uv": [14, 13.5, 14.5, 15.5], "texture": "#texture"},
				"up": {"uv": [14, 13.5, 14.5, 15], "texture": "#texture"}
			}
		},
		{
			"from": [9.5, 2, 4],
			"to": [10, 3.5, 5.5],
			"faces": {
				"north": {"uv": [15, 14, 14.5, 15.5], "texture": "#texture"},
				"east": {"uv": [13.5, 14, 15, 15.5], "texture": "#texture"},
				"south": {"uv": [14.5, 14, 15, 15.5], "texture": "#texture"},
				"up": {"uv": [14.5, 14, 15, 15.5], "texture": "#texture"},
				"down": {"uv": [15, 15.5, 14.5, 15], "texture": "#texture"}
			}
		},
		{
			"from": [7.5, 1.5, 4],
			"to": [9.5, 2, 5.5],
			"faces": {
				"north": {"uv": [14.5, 15.5, 12.5, 16], "texture": "#texture"},
				"east": {"uv": [13, 15.5, 14.5, 16], "texture": "#texture"},
				"south": {"uv": [12.5, 15.5, 14.5, 16], "texture": "#texture"},
				"west": {"uv": [12.5, 15.5, 14, 16], "texture": "#texture"},
				"up": {"uv": [12.5, 14, 14.5, 15.5], "texture": "#texture"},
				"down": {"uv": [14.5, 16, 12.5, 15.5], "texture": "#texture"}
			}
		},
		{
			"from": [4.5, 9, 4],
			"to": [9.5, 9.5, 5.5],
			"faces": {
				"north": {"uv": [14.5, 8, 9.5, 8.5], "texture": "#texture"},
				"east": {"uv": [13, 8, 14.5, 8.5], "texture": "#texture"},
				"south": {"uv": [9.5, 8, 14.5, 8.5], "texture": "#texture"},
				"west": {"uv": [9, 8, 10.5, 8.5], "texture": "#texture"},
				"down": {"uv": [16, 7.5, 11.5, 8], "texture": "#texture"}
			}
		},
		{
			"from": [5.5, 10.5, 4],
			"to": [11, 11, 5.5],
			"faces": {
				"north": {"uv": [16, 6.5, 10.5, 7], "texture": "#texture"},
				"east": {"uv": [14.5, 6.5, 16, 7], "texture": "#texture"},
				"south": {"uv": [10.5, 6.5, 16, 7], "texture": "#texture"},
				"west": {"uv": [10.5, 6.5, 12, 7], "texture": "#texture"},
				"up": {"uv": [10.5, 6.5, 16, 7.5], "texture": "#texture"}
			}
		},
		{
			"from": [5, 10, 4],
			"to": [11, 10.5, 5.5],
			"faces": {
				"north": {"uv": [16, 7, 10, 7.5], "texture": "#texture"},
				"east": {"uv": [14.5, 7, 16, 7.5], "texture": "#texture"},
				"south": {"uv": [10, 7, 16, 7.5], "texture": "#texture"},
				"west": {"uv": [10, 7, 11.5, 7.5], "texture": "#texture"},
				"up": {"uv": [10.5, 6.5, 16, 7.5], "texture": "#texture"}
			}
		},
		{
			"from": [4.5, 9.5, 4],
			"to": [11, 10, 5.5],
			"faces": {
				"north": {"uv": [16, 7.5, 9.5, 8], "texture": "#texture"},
				"east": {"uv": [14.5, 7.5, 16, 8], "texture": "#texture"},
				"south": {"uv": [9.5, 7.5, 16, 8], "texture": "#texture"},
				"west": {"uv": [9.5, 7.5, 11, 8], "texture": "#texture"},
				"up": {"uv": [10.5, 6.5, 16, 7.5], "texture": "#texture"},
				"down": {"uv": [16, 7.5, 11.5, 8], "texture": "#texture"}
			}
		},
		{
			"from": [4, 5.5, 4.5],
			"to": [4.5, 9, 5],
			"faces": {
				"north": {"uv": [9.5, 8.5, 9, 12], "texture": "#texture"},
				"south": {"uv": [9, 8.5, 9.5, 12], "texture": "#texture"},
				"west": {"uv": [9, 8.5, 9.5, 12], "texture": "#texture"},
				"down": {"uv": [9.5, 12, 9, 11.5], "texture": "#texture"}
			}
		},
		{
			"from": [4.5, 5, 4],
			"to": [5, 9, 5.5],
			"faces": {
				"north": {"uv": [10, 8.5, 9.5, 12.5], "texture": "#texture"},
				"east": {"uv": [9, 8.5, 10.5, 9], "texture": "#texture"},
				"south": {"uv": [9.5, 8.5, 10, 12.5], "texture": "#texture"},
				"west": {"uv": [9, 8.5, 10.5, 9], "texture": "#texture"},
				"down": {"uv": [10, 12.5, 9.5, 11], "texture": "#texture"}
			}
		},
		{
			"from": [5.5, 8.5, 4.5],
			"to": [6, 9, 5],
			"faces": {
				"north": {"uv": [11, 8.5, 10.5, 9], "texture": "#texture"},
				"east": {"uv": [10.5, 8.5, 11, 9], "texture": "#texture"},
				"south": {"uv": [10.5, 8.5, 11, 9], "texture": "#texture"},
				"down": {"uv": [11, 9, 10.5, 8.5], "texture": "#texture"}
			}
		},
		{
			"from": [5, 8, 4],
			"to": [5.5, 9, 5.5],
			"faces": {
				"north": {"uv": [10.5, 8.5, 10, 9.5], "texture": "#texture"},
				"east": {"uv": [11.5, 7, 13, 8], "texture": "#texture"},
				"south": {"uv": [10, 8.5, 10.5, 9.5], "texture": "#texture"},
				"down": {"uv": [10, 11, 9.5, 9.5], "texture": "#texture"}
			}
		},
		{
			"from": [6, 11, 4.5],
			"to": [9, 23.5, 5],
			"faces": {
				"north": {"uv": [3.5, 3.5, 0.5, 16], "texture": "#texture", "cullface": "up"},
				"east": {"uv": [3, 3.5, 3.5, 16], "texture": "#texture", "cullface": "up"},
				"south": {"uv": [0.5, 3.5, 3.5, 16], "texture": "#texture", "cullface": "up"},
				"west": {"uv": [0.5, 3.5, 1, 16], "texture": "#texture", "cullface": "up"},
				"up": {"uv": [0.5, 10.5, 3.5, 11], "texture": "#texture", "cullface": "up"}
			}
		},
		{
			"from": [4, 9, 4.5],
			"to": [4.5, 9.5, 5],
			"faces": {
				"north": {"uv": [9.5, 8, 9, 8.5], "texture": "#texture"},
				"south": {"uv": [9, 8, 9.5, 8.5], "texture": "#texture"},
				"west": {"uv": [9, 8, 9.5, 8.5], "texture": "#texture"},
				"up": {"uv": [9, 8, 9.5, 8.5], "texture": "#texture"}
			}
		},
		{
			"from": [7.5, 4, 4],
			"to": [8.5, 9, 5.5],
			"faces": {
				"north": {"uv": [13.5, 8.5, 12.5, 13.5], "texture": "#texture"},
				"east": {"uv": [12.5, 8.5, 14, 13.5], "texture": "#texture"},
				"south": {"uv": [12.5, 8.5, 13.5, 13.5], "texture": "#texture"},
				"west": {"uv": [12, 8.5, 13.5, 13.5], "texture": "#texture"}
			}
		},
		{
			"from": [7.5, 2.5, 3.5],
			"to": [9, 3.5, 6],
			"faces": {
				"north": {"uv": [14, 14, 12.5, 15], "texture": "#texture"},
				"east": {"uv": [12.5, 14, 15, 15], "texture": "#texture"},
				"south": {"uv": [12.5, 14, 14, 15], "texture": "#texture"},
				"west": {"uv": [12, 14, 14.5, 15], "texture": "#texture"},
				"up": {"uv": [12.5, 14, 14, 15], "texture": "#texture"},
				"down": {"uv": [12.5, 15, 14, 15.5], "texture": "#texture"}
			}
		},
		{
			"from": [8, 2, 3.5],
			"to": [9, 2.5, 6],
			"faces": {
				"north": {"uv": [14, 15, 13, 15.5], "texture": "#texture"},
				"east": {"uv": [12.5, 14.5, 15, 15], "texture": "#texture"},
				"south": {"uv": [13, 15, 14, 15.5], "texture": "#texture"},
				"west": {"uv": [12, 15, 12.5, 15.5], "texture": "#texture"},
				"down": {"uv": [13, 15, 14, 15.5], "texture": "#texture"}
			}
		},
		{
			"from": [5.5, 17.5, 4.5],
			"to": [6, 21.5, 5],
			"faces": {
				"north": {"uv": [0.5, 5.5, 0, 9.5], "texture": "#texture", "cullface": "up"},
				"south": {"uv": [0, 5.5, 0.5, 9.5], "texture": "#texture", "cullface": "up"},
				"west": {"uv": [0, 5.5, 0.5, 9.5], "texture": "#texture", "cullface": "up"},
				"up": {"uv": [0, 5.5, 0.5, 6], "texture": "#texture", "cullface": "up"},
				"down": {"uv": [0.5, 9.5, 0, 9], "texture": "#texture", "cullface": "up"}
			}
		},
		{
			"from": [5.5, 16, 4.5],
			"to": [6, 17, 5],
			"faces": {
				"north": {"uv": [0.5, 10, 0, 11], "texture": "#texture", "cullface": "up"},
				"south": {"uv": [0, 10, 0.5, 11], "texture": "#texture", "cullface": "up"},
				"west": {"uv": [0, 10, 0.5, 11], "texture": "#texture", "cullface": "up"},
				"up": {"uv": [0, 10, 0.5, 10.5], "texture": "#texture", "cullface": "up"},
				"down": {"uv": [0.5, 11, 0, 10.5], "texture": "#texture", "cullface": "up"}
			}
		},
		{
			"from": [6.5, 23.5, 4.5],
			"to": [11.5, 25, 5],
			"faces": {
				"north": {"uv": [6.5, 2, 1, 3.5], "texture": "#texture", "cullface": "up"},
				"east": {"uv": [6, 2, 6.5, 3.5], "texture": "#texture", "cullface": "up"},
				"south": {"uv": [1, 2, 6.5, 3.5], "texture": "#texture", "cullface": "up"},
				"west": {"uv": [1, 2, 1.5, 3.5], "texture": "#texture", "cullface": "up"},
				"up": {"uv": [1, 2, 6.5, 2.5], "texture": "#texture", "cullface": "up"},
				"down": {"uv": [6.5, 3.5, 1, 3], "texture": "#texture", "cullface": "up"}
			}
		},
		{
			"from": [7, 25, 4.5],
			"to": [11.5, 25.5, 5],
			"faces": {
				"north": {"uv": [6.5, 1.5, 1.5, 2], "texture": "#texture", "cullface": "up"},
				"east": {"uv": [6, 1.5, 6.5, 2], "texture": "#texture", "cullface": "up"},
				"south": {"uv": [1.5, 1.5, 6.5, 2], "texture": "#texture", "cullface": "up"},
				"west": {"uv": [1.5, 1.5, 2, 2], "texture": "#texture", "cullface": "up"},
				"up": {"uv": [1.5, 1.5, 6.5, 2], "texture": "#texture", "cullface": "up"}
			}
		},
		{
			"from": [7.5, 25.5, 4.5],
			"to": [12, 26.5, 5],
			"faces": {
				"north": {"uv": [7, 0.5, 2, 1.5], "texture": "#texture", "cullface": "up"},
				"east": {"uv": [6.5, 0.5, 7, 1.5], "texture": "#texture", "cullface": "up"},
				"south": {"uv": [2, 0.5, 7, 1.5], "texture": "#texture", "cullface": "up"},
				"west": {"uv": [2, 0.5, 2.5, 1.5], "texture": "#texture", "cullface": "up"},
				"up": {"uv": [2, 0.5, 7, 1], "texture": "#texture", "cullface": "up"},
				"down": {"uv": [7, 1.5, 2, 1], "texture": "#texture", "cullface": "up"}
			}
		},
		{
			"from": [8, 26.5, 4.5],
			"to": [12, 27, 5],
			"faces": {
				"north": {"uv": [11.5, 2.5, 7.5, 3], "texture": "#texture", "cullface": "up"},
				"east": {"uv": [11, 2.5, 11.5, 3], "texture": "#texture", "cullface": "up"},
				"south": {"uv": [7.5, 2.5, 11.5, 3], "texture": "#texture", "cullface": "up"},
				"west": {"uv": [7.5, 2.5, 8, 3], "texture": "#texture", "cullface": "up"},
				"up": {"uv": [7.5, 2.5, 11.5, 3], "texture": "#texture", "cullface": "up"}
			}
		},
		{
			"from": [8.5, 27, 4.5],
			"to": [12, 27.5, 5],
			"faces": {
				"north": {"uv": [11.5, 2, 8, 2.5], "texture": "#texture", "cullface": "up"},
				"east": {"uv": [11, 2.5, 11.5, 3], "texture": "#texture", "cullface": "up"},
				"south": {"uv": [8, 2, 11.5, 2.5], "texture": "#texture", "cullface": "up"},
				"west": {"uv": [7.5, 2.5, 8, 3], "texture": "#texture", "cullface": "up"},
				"up": {"uv": [8, 2, 11.5, 2.5], "texture": "#texture", "cullface": "up"}
			}
		},
		{
			"from": [9, 27.5, 4.5],
			"to": [12.5, 28, 5],
			"faces": {
				"north": {"uv": [12, 1.5, 8.5, 2], "texture": "#texture", "cullface": "up"},
				"east": {"uv": [11.5, 1.5, 12, 2], "texture": "#texture", "cullface": "up"},
				"south": {"uv": [8.5, 1.5, 12, 2], "texture": "#texture", "cullface": "up"},
				"west": {"uv": [8.5, 1.5, 9, 2], "texture": "#texture", "cullface": "up"},
				"up": {"uv": [8.5, 1.5, 12, 2], "texture": "#texture", "cullface": "up"},
				"down": {"uv": [8.5, 1.5, 12, 2], "texture": "#texture", "cullface": "up"}
			}
		},
		{
			"from": [11, 28.5, 4.5],
			"to": [13, 29, 5],
			"faces": {
				"north": {"uv": [12.5, 0.5, 10.5, 1], "texture": "#texture", "cullface": "up"},
				"east": {"uv": [12, 0.5, 12.5, 1], "texture": "#texture", "cullface": "up"},
				"south": {"uv": [10.5, 0.5, 12.5, 1], "texture": "#texture", "cullface": "up"},
				"west": {"uv": [10.5, 0.5, 11, 1], "texture": "#texture", "cullface": "up"},
				"up": {"uv": [10.5, 0.5, 12.5, 1], "texture": "#texture", "cullface": "up"},
				"down": {"uv": [12.5, 1, 10.5, 0.5], "texture": "#texture", "cullface": "up"}
			}
		},
		{
			"from": [9, 23, 4.5],
			"to": [11.5, 23.5, 5],
			"faces": {
				"north": {"uv": [6, 3.5, 3.5, 4], "texture": "#texture", "cullface": "up"},
				"east": {"uv": [5.5, 3.5, 6, 4], "texture": "#texture", "cullface": "up"},
				"south": {"uv": [3.5, 3.5, 6, 4], "texture": "#texture", "cullface": "up"},
				"down": {"uv": [3.5, 3.5, 6, 4], "texture": "#texture", "cullface": "up"}
			}
		},
		{
			"from": [9, 22.5, 4.5],
			"to": [11, 23, 5],
			"faces": {
				"north": {"uv": [5.5, 4, 3.5, 4.5], "texture": "#texture", "cullface": "up"},
				"east": {"uv": [5, 4, 5.5, 4.5], "texture": "#texture", "cullface": "up"},
				"south": {"uv": [3.5, 4, 5.5, 4.5], "texture": "#texture", "cullface": "up"},
				"down": {"uv": [3.5, 4, 5.5, 4.5], "texture": "#texture", "cullface": "up"}
			}
		},
		{
			"from": [9, 22, 4.5],
			"to": [10.5, 22.5, 5],
			"faces": {
				"north": {"uv": [5, 4.5, 3.5, 5], "texture": "#texture", "cullface": "up"},
				"east": {"uv": [4.5, 4.5, 5, 5], "texture": "#texture", "cullface": "up"},
				"south": {"uv": [3.5, 4.5, 5, 5], "texture": "#texture", "cullface": "up"},
				"down": {"uv": [3.5, 4.5, 5, 5], "texture": "#texture", "cullface": "up"}
			}
		},
		{
			"from": [9, 21, 4.5],
			"to": [10, 22, 5],
			"faces": {
				"north": {"uv": [4.5, 5, 3.5, 6], "texture": "#texture", "cullface": "up"},
				"east": {"uv": [4, 5, 4.5, 6], "texture": "#texture", "cullface": "up"},
				"south": {"uv": [3.5, 5, 4.5, 6], "texture": "#texture", "cullface": "up"},
				"down": {"uv": [4.5, 6, 3.5, 5.5], "texture": "#texture", "cullface": "up"}
			}
		},
		{
			"from": [9, 19.5, 4.5],
			"to": [9.5, 21, 5],
			"faces": {
				"north": {"uv": [4, 6, 3.5, 7.5], "texture": "#texture", "cullface": "up"},
				"east": {"uv": [3.5, 6, 4, 7.5], "texture": "#texture", "cullface": "up"},
				"south": {"uv": [3.5, 6, 4, 7.5], "texture": "#texture", "cullface": "up"},
				"down": {"uv": [4, 7.5, 3.5, 7], "texture": "#texture", "cullface": "up"}
			}
		},
		{
			"from": [10, 28, 4.5],
			"to": [12.5, 28.5, 5],
			"faces": {
				"north": {"uv": [12, 1, 9.5, 1.5], "texture": "#texture", "cullface": "up"},
				"east": {"uv": [11.5, 1, 12, 1.5], "texture": "#texture", "cullface": "up"},
				"south": {"uv": [9.5, 1, 12, 1.5], "texture": "#texture", "cullface": "up"},
				"west": {"uv": [9.5, 1, 10, 1.5], "texture": "#texture", "cullface": "up"},
				"up": {"uv": [9.5, 1, 12, 1.5], "texture": "#texture", "cullface": "up"}
			}
		},
		{
			"from": [7.5, 14, 4],
			"to": [8, 22, 5.5],
			"faces": {
				"north": {"uv": [2.5, 5, 2, 13], "texture": "#texture", "cullface": "up"},
				"east": {"uv": [2, 5, 2.5, 13], "texture": "#texture", "cullface": "up"},
				"south": {"uv": [2, 5, 2.5, 13], "texture": "#texture", "cullface": "up"},
				"west": {"uv": [2, 5, 2.5, 13], "texture": "#texture", "cullface": "up"},
				"up": {"uv": [2, 5, 2.5, 5.5], "texture": "#texture", "cullface": "up"},
				"down": {"uv": [2.5, 13, 2, 12.5], "texture": "#texture", "cullface": "up"}
			}
		},
		{
			"from": [8, 21, 4],
			"to": [8.5, 23.5, 5.5],
			"faces": {
				"north": {"uv": [3, 3.5, 2.5, 6.5], "texture": "#texture", "cullface": "up"},
				"east": {"uv": [2.5, 3.5, 3, 6.5], "texture": "#texture", "cullface": "up"},
				"south": {"uv": [2.5, 3.5, 3, 6.5], "texture": "#texture", "cullface": "up"},
				"west": {"uv": [2.5, 3.5, 3, 6.5], "texture": "#texture", "cullface": "up"},
				"up": {"uv": [2.5, 3.5, 3, 4], "texture": "#texture", "cullface": "up"},
				"down": {"uv": [3, 6, 2.5, 5.5], "texture": "#texture", "cullface": "up"}
			}
		},
		{
			"from": [8.5, 22.5, 4],
			"to": [9, 24.5, 5.5],
			"faces": {
				"north": {"uv": [4, 2, 3.5, 4], "texture": "#texture", "cullface": "up"},
				"east": {"uv": [3.5, 2, 4, 4], "texture": "#texture", "cullface": "up"},
				"south": {"uv": [3.5, 2, 4, 4], "texture": "#texture", "cullface": "up"},
				"west": {"uv": [3.5, 2, 4, 4], "texture": "#texture", "cullface": "up"},
				"up": {"uv": [3.5, 2, 4, 2.5], "texture": "#texture", "cullface": "up"},
				"down": {"uv": [4, 4, 3.5, 3.5], "texture": "#texture", "cullface": "up"}
			}
		},
		{
			"from": [9, 24, 4],
			"to": [9.5, 25.5, 5.5],
			"faces": {
				"north": {"uv": [4, 1.5, 3.5, 3], "texture": "#texture", "cullface": "up"},
				"east": {"uv": [3, 1.5, 3.5, 3], "texture": "#texture", "cullface": "up"},
				"south": {"uv": [3.5, 1.5, 4, 3], "texture": "#texture", "cullface": "up"},
				"west": {"uv": [3, 1.5, 3.5, 3], "texture": "#texture", "cullface": "up"},
				"up": {"uv": [3, 1.5, 3.5, 2], "texture": "#texture", "cullface": "up"},
				"down": {"uv": [3.5, 3, 3, 2.5], "texture": "#texture", "cullface": "up"}
			}
		},
		{
			"from": [9.5, 25, 4],
			"to": [10, 26.5, 5.5],
			"faces": {
				"north": {"uv": [4.5, 0.5, 4, 2], "texture": "#texture", "cullface": "up"},
				"east": {"uv": [4, 0.5, 4.5, 2], "texture": "#texture", "cullface": "up"},
				"south": {"uv": [4, 0.5, 4.5, 2], "texture": "#texture", "cullface": "up"},
				"west": {"uv": [4, 0.5, 4.5, 2], "texture": "#texture", "cullface": "up"},
				"up": {"uv": [4, 0.5, 4.5, 1], "texture": "#texture", "cullface": "up"},
				"down": {"uv": [4, 1.5, 4.5, 2], "texture": "#texture", "cullface": "up"}
			}
		},
		{
			"from": [10, 25.5, 4],
			"to": [10.5, 27, 5.5],
			"faces": {
				"north": {"uv": [5, 0, 4.5, 1.5], "texture": "#texture", "cullface": "up"},
				"east": {"uv": [4.5, 0, 5, 1.5], "texture": "#texture", "cullface": "up"},
				"south": {"uv": [4.5, 0, 5, 1.5], "texture": "#texture", "cullface": "up"},
				"west": {"uv": [4.5, 0, 5, 1.5], "texture": "#texture", "cullface": "up"},
				"up": {"uv": [4.5, 0, 5, 0.5], "texture": "#texture", "cullface": "up"},
				"down": {"uv": [4.5, 1, 5, 1.5], "texture": "#texture", "cullface": "up"}
			}
		},
		{
			"from": [10.5, 26.5, 4],
			"to": [11, 27.5, 5.5],
			"faces": {
				"north": {"uv": [5, 0, 5.5, 0.5], "texture": "#texture", "cullface": "up"},
				"east": {"uv": [5, 0, 5.5, 0.5], "texture": "#texture", "cullface": "up"},
				"south": {"uv": [5, 0, 5.5, 0.5], "texture": "#texture", "cullface": "up"},
				"west": {"uv": [5, 0, 5.5, 0.5], "texture": "#texture", "cullface": "up"},
				"up": {"uv": [5, 0, 5.5, 0.5], "texture": "#texture", "cullface": "up"},
				"down": {"uv": [5, 0, 5.5, 0.5], "texture": "#texture", "cullface": "up"}
			}
		},
		{
			"from": [11, 27, 4],
			"to": [11.5, 28, 5.5],
			"faces": {
				"north": {"uv": [11, 1.5, 10.5, 2.5], "texture": "#texture", "cullface": "up"},
				"east": {"uv": [10.5, 1.5, 11, 2.5], "texture": "#texture", "cullface": "up"},
				"south": {"uv": [10.5, 1.5, 11, 2.5], "texture": "#texture", "cullface": "up"},
				"west": {"uv": [10.5, 1.5, 11, 2.5], "texture": "#texture", "cullface": "up"},
				"up": {"uv": [10.5, 1.5, 11, 2], "texture": "#texture", "cullface": "up"},
				"down": {"uv": [10.5, 2, 11, 2.5], "texture": "#texture", "cullface": "up"}
			}
		},
		{
			"from": [11.5, 27.5, 4],
			"to": [12.5, 28.5, 5.5],
			"faces": {
				"north": {"uv": [12, 1, 11, 2], "texture": "#texture", "cullface": "up"},
				"east": {"uv": [11, 1, 12, 2], "texture": "#texture", "cullface": "up"},
				"south": {"uv": [11, 1, 12, 2], "texture": "#texture", "cullface": "up"},
				"west": {"uv": [11, 1, 12, 2], "texture": "#texture", "cullface": "up"},
				"up": {"uv": [11, 1, 12, 1.5], "texture": "#texture", "cullface": "up"},
				"down": {"uv": [12, 2, 11, 1.5], "texture": "#texture", "cullface": "up"}
			}
		},
		{
			"from": [8, 11, 4.25],
			"to": [8.5, 21, 5.25],
			"faces": {
				"north": {"uv": [2.5, 6, 3, 16], "texture": "#texture", "cullface": "up"},
				"east": {"uv": [2.5, 6, 3, 16], "texture": "#texture", "cullface": "up"},
				"south": {"uv": [2.5, 6, 3, 16], "texture": "#texture", "cullface": "up"},
				"west": {"uv": [2.5, 6, 3, 16], "texture": "#texture", "cullface": "up"}
			}
		},
		{
			"from": [8.5, 20.5, 4.25],
			"to": [9, 22.5, 5.25],
			"faces": {
				"north": {"uv": [3.5, 4.5, 3, 6.5], "texture": "#texture", "cullface": "up"},
				"east": {"uv": [3, 5, 3.5, 7], "texture": "#texture", "cullface": "up"},
				"south": {"uv": [3, 4.5, 3.5, 6.5], "texture": "#texture", "cullface": "up"},
				"west": {"uv": [3, 5, 3.5, 7], "texture": "#texture", "cullface": "up"},
				"down": {"uv": [3.5, 6.5, 3, 5.5], "texture": "#texture", "cullface": "up"}
			}
		},
		{
			"from": [9, 22, 4.25],
			"to": [9.5, 24, 5.25],
			"faces": {
				"north": {"uv": [4, 2.5, 3.5, 5], "texture": "#texture", "cullface": "up"},
				"east": {"uv": [3.5, 2.5, 4, 5], "texture": "#texture", "cullface": "up"},
				"south": {"uv": [3.5, 2.5, 4, 5], "texture": "#texture", "cullface": "up"},
				"west": {"uv": [3.5, 2.5, 4, 5], "texture": "#texture", "cullface": "up"},
				"down": {"uv": [4, 4.5, 3.5, 5], "texture": "#texture", "cullface": "up"}
			}
		},
		{
			"from": [9.5, 23.5, 4.25],
			"to": [10, 25, 5.25],
			"faces": {
				"north": {"uv": [5, 2, 4.5, 3.5], "texture": "#texture", "cullface": "up"},
				"east": {"uv": [4.5, 2, 5, 3.5], "texture": "#texture", "cullface": "up"},
				"south": {"uv": [4.5, 2, 5, 3.5], "texture": "#texture", "cullface": "up"},
				"west": {"uv": [4.5, 2, 5, 3.5], "texture": "#texture", "cullface": "up"},
				"down": {"uv": [4.5, 2, 5, 2.5], "texture": "#texture", "cullface": "up"}
			}
		},
		{
			"from": [10, 24.5, 4.25],
			"to": [10.5, 25.5, 5.25],
			"faces": {
				"north": {"uv": [5.5, 1.5, 5, 2.5], "texture": "#texture", "cullface": "up"},
				"east": {"uv": [5, 1.5, 5.5, 2.5], "texture": "#texture", "cullface": "up"},
				"south": {"uv": [5, 1.5, 5.5, 2.5], "texture": "#texture", "cullface": "up"},
				"west": {"uv": [5, 1.5, 5.5, 2.5], "texture": "#texture", "cullface": "up"},
				"down": {"uv": [5, 1.5, 5.5, 2], "texture": "#texture", "cullface": "up"}
			}
		},
		{
			"from": [10.5, 25, 4.25],
			"to": [11, 26.5, 5.25],
			"faces": {
				"north": {"uv": [6, 0.5, 5.5, 2], "texture": "#texture", "cullface": "up"},
				"east": {"uv": [5.5, 0.5, 6, 2], "texture": "#texture", "cullface": "up"},
				"south": {"uv": [5.5, 0.5, 6, 2], "texture": "#texture", "cullface": "up"},
				"west": {"uv": [5.5, 0.5, 6, 2], "texture": "#texture", "cullface": "up"},
				"down": {"uv": [5.5, 0.5, 6, 1], "texture": "#texture", "cullface": "up"}
			}
		},
		{
			"from": [11, 26, 4.25],
			"to": [11.5, 27, 5.25],
			"faces": {
				"north": {"uv": [6.5, 0, 6, 1], "texture": "#texture", "cullface": "up"},
				"east": {"uv": [6, 0, 6.5, 1], "texture": "#texture", "cullface": "up"},
				"south": {"uv": [6, 0, 6.5, 1], "texture": "#texture", "cullface": "up"},
				"west": {"uv": [6, 0, 6.5, 1], "texture": "#texture", "cullface": "up"},
				"down": {"uv": [6, 0, 6.5, 0.5], "texture": "#texture", "cullface": "up"}
			}
		},
		{
			"from": [11.5, 26.5, 4.25],
			"to": [12.125, 27.5, 5.25],
			"faces": {
				"north": {"uv": [11.5, 2, 11, 3], "texture": "#texture", "cullface": "up"},
				"east": {"uv": [11.5, 2, 11, 3], "texture": "#texture", "cullface": "up"},
				"south": {"uv": [11, 2, 11.5, 3], "texture": "#texture", "cullface": "up"},
				"west": {"uv": [11.5, 2, 11, 3], "texture": "#texture", "cullface": "up"},
				"down": {"uv": [11.5, 3, 11, 2.5], "texture": "#texture", "cullface": "up"}
			}
		},
		{
			"from": [7, 15, 4.25],
			"to": [7.5, 22.5, 5.25],
			"faces": {
				"north": {"uv": [2, 4.5, 1.5, 12], "texture": "#texture", "cullface": "up"},
				"east": {"uv": [1.5, 4.5, 2, 12], "texture": "#texture", "cullface": "up"},
				"south": {"uv": [1.5, 4.5, 2, 12], "texture": "#texture", "cullface": "up"},
				"west": {"uv": [1.5, 4.5, 2, 12], "texture": "#texture", "cullface": "up"},
				"up": {"uv": [1.5, 4.5, 2, 5], "rotation": 270, "texture": "#texture", "cullface": "up"},
				"down": {"uv": [2, 12, 1.5, 11.5], "texture": "#texture", "cullface": "up"}
			}
		},
		{
			"from": [7.5, 22, 4.25],
			"to": [8, 24, 5.25],
			"faces": {
				"north": {"uv": [2.5, 2.5, 2, 5], "texture": "#texture", "cullface": "up"},
				"east": {"uv": [2, 2.5, 2.5, 5], "texture": "#texture", "cullface": "up"},
				"south": {"uv": [2, 2.5, 2.5, 5], "texture": "#texture", "cullface": "up"},
				"west": {"uv": [2, 2.5, 2.5, 5], "texture": "#texture", "cullface": "up"},
				"up": {"uv": [2, 2.5, 2.5, 3], "texture": "#texture", "cullface": "up"}
			}
		},
		{
			"from": [8, 23.5, 4.25],
			"to": [8.5, 25, 5.25],
			"faces": {
				"north": {"uv": [3.5, 2, 3, 3.5], "texture": "#texture", "cullface": "up"},
				"east": {"uv": [3, 2, 3.5, 3.5], "texture": "#texture", "cullface": "up"},
				"south": {"uv": [3, 2, 3.5, 3.5], "texture": "#texture", "cullface": "up"},
				"west": {"uv": [3, 2, 3.5, 3.5], "texture": "#texture", "cullface": "up"},
				"up": {"uv": [3, 2, 3.5, 2.5], "texture": "#texture", "cullface": "up"}
			}
		},
		{
			"from": [6.5, 17, 4.25],
			"to": [7, 21.5, 5.25],
			"faces": {
				"north": {"uv": [1.5, 5.5, 1, 10], "texture": "#texture", "cullface": "up"},
				"south": {"uv": [1, 5.5, 1.5, 10], "texture": "#texture", "cullface": "up"},
				"west": {"uv": [1, 5.5, 1.5, 10.5], "texture": "#texture", "cullface": "up"},
				"up": {"uv": [1, 5.5, 1.5, 6], "texture": "#texture", "cullface": "up"},
				"down": {"uv": [1, 9.5, 1.5, 10], "texture": "#texture", "cullface": "up"}
			}
		},
		{
			"from": [8.5, 24.5, 4.25],
			"to": [9, 26, 5.25],
			"faces": {
				"north": {"uv": [3.5, 1, 3, 2.5], "texture": "#texture", "cullface": "up"},
				"east": {"uv": [3, 1, 3.5, 2.5], "texture": "#texture", "cullface": "up"},
				"south": {"uv": [3, 1, 3.5, 2.5], "texture": "#texture", "cullface": "up"},
				"west": {"uv": [3, 1, 3.5, 2.5], "texture": "#texture", "cullface": "up"},
				"up": {"uv": [3, 1, 3.5, 1.5], "texture": "#texture", "cullface": "up"}
			}
		},
		{
			"from": [9, 25.5, 4.25],
			"to": [9.5, 27, 5.25],
			"faces": {
				"north": {"uv": [4, 0, 3.5, 1.5], "texture": "#texture", "cullface": "up"},
				"east": {"uv": [3.75, 0, 4.25, 1.5], "texture": "#texture", "cullface": "up"},
				"south": {"uv": [3.5, 0, 4, 1.5], "texture": "#texture", "cullface": "up"},
				"west": {"uv": [3.75, 0, 4.25, 1.5], "texture": "#texture", "cullface": "up"},
				"up": {"uv": [3.5, 0, 4, 0.5], "texture": "#texture", "cullface": "up"}
			}
		},
		{
			"from": [9.5, 26.5, 4.25],
			"to": [10, 27.5, 5.25],
			"faces": {
				"north": {"uv": [4.5, 0, 4, 0.5], "texture": "#texture", "cullface": "up"},
				"east": {"uv": [4.25, 0, 4.75, 0.5], "texture": "#texture", "cullface": "up"},
				"south": {"uv": [4, 0, 4.5, 0.5], "texture": "#texture", "cullface": "up"},
				"west": {"uv": [4.25, 0, 4.75, 0.5], "texture": "#texture", "cullface": "up"},
				"up": {"uv": [4, 0, 4.5, 0.5], "texture": "#texture", "cullface": "up"}
			}
		},
		{
			"from": [10, 27, 4.25],
			"to": [10.5, 27.5, 5.25],
			"faces": {
				"north": {"uv": [8, 2.5, 8.5, 3], "texture": "#texture", "cullface": "up"},
				"south": {"uv": [8, 2.5, 8.5, 3], "texture": "#texture", "cullface": "up"}
			}
		},
		{
			"from": [10, 27.5, 4.25],
			"to": [11, 28, 5.25],
			"faces": {
				"north": {"uv": [10.5, 1.5, 9.5, 2], "texture": "#texture", "cullface": "up"},
				"south": {"uv": [9.5, 1.5, 10.5, 2], "texture": "#texture", "cullface": "up"},
				"west": {"uv": [10.5, 1.5, 9.5, 2], "texture": "#texture", "cullface": "up"},
				"up": {"uv": [9.5, 1.5, 10.5, 2], "texture": "#texture", "cullface": "up"},
				"down": {"uv": [9.5, 1.5, 10.5, 2], "texture": "#texture", "cullface": "up"}
			}
		},
		{
			"from": [10.5, 28, 4.25],
			"to": [11.5, 28.5, 5.25],
			"faces": {
				"north": {"uv": [10.5, 1, 9.5, 1.5], "texture": "#texture", "cullface": "up"},
				"south": {"uv": [9.5, 1, 10.5, 1.5], "texture": "#texture", "cullface": "up"},
				"west": {"uv": [9.5, 1, 10.5, 1.5], "texture": "#texture", "cullface": "up"},
				"up": {"uv": [9.5, 1, 10.5, 1.5], "texture": "#texture", "cullface": "up"},
				"down": {"uv": [9.5, 1, 10.5, 1.5], "texture": "#texture", "cullface": "up"}
			}
		},
		{
			"from": [11.5, 28.5, 4.25],
			"to": [13.125, 29, 5.25],
			"faces": {
				"north": {"uv": [12.5, 0.5, 11, 1], "texture": "#texture", "cullface": "up"},
				"east": {"uv": [11, 0.5, 12.5, 1], "texture": "#texture", "cullface": "up"},
				"south": {"uv": [11, 0.5, 12.5, 1], "texture": "#texture", "cullface": "up"},
				"west": {"uv": [11, 0.5, 12.5, 1], "texture": "#texture", "cullface": "up"},
				"up": {"uv": [11.125, 0.5, 11.625, 1], "texture": "#texture", "cullface": "up"},
				"down": {"uv": [12, 0.5, 12.5, 1], "texture": "#texture", "cullface": "up"}
			}
		}
	],
	"display": {
		"thirdperson_righthand": {
			"rotation": [0, -90, 0],
			"translation": [-3.4, 0, 1.7]
		},
		"firstperson_righthand": {
			"rotation": [20, -81, 26],
			"translation": [7, -4.54, -5.86]
		},
		"gui": {
			"rotation": [0, 180, 45],
			"translation": [-2.83, -4.35, 2.46],
			"scale": [0.65, 0.65, 0.65]
		},
		"thirdperson_lefthand": {
			"rotation": [0, 90, 0],
			"translation": [3.5, -0.5, 0.5]
		},
		"firstperson_lefthand": {
			"rotation": [0, 90, 0],
			"translation": [8.5, -4.5, -5]
		},
		"head": {
			"scale": [1.225, 1.3, 1.15],
			"translation": [-5.5, -13, 9],
			"rotation": [0, 0, -132]
		},
		"ground": {
			"rotation": [91, 0, 0]
		}
	}
}