{
	"credit": "Made with Blockbench",
	"ambientocclusion": false,
	"textures": {
		"texture": "block/diamond_sword/101",
		"particle": "block/diamond_sword/101"
	},
	"elements": [
		{
			"from": [7.375, 14.5, 9.25],
			"to": [7.625, 14.875, 9.375],
			"faces": {
				"north": {"uv": [8.376, 1.126, 8.624, 1.499], "texture": "#texture"},
				"east": {"uv": [6.626, 1.126, 6.749, 1.499], "texture": "#texture"},
				"south": {"uv": [7.376, 1.126, 7.624, 1.499], "texture": "#texture"},
				"west": {"uv": [9.251, 1.126, 9.374, 1.499], "texture": "#texture"},
				"up": {"uv": [7.376, 9.251, 7.624, 9.374], "texture": "#texture"},
				"down": {"uv": [8.624, 9.374, 8.376, 9.251], "texture": "#texture"}
			}
		},
		{
			"from": [7.5, 14.5, 8.75],
			"to": [7.75, 14.75, 8.875],
			"faces": {
				"north": {"uv": [8.251, 1.251, 8.499, 1.499], "texture": "#texture"},
				"east": {"uv": [7.126, 1.251, 7.249, 1.499], "texture": "#texture"},
				"south": {"uv": [7.501, 1.251, 7.749, 1.499], "texture": "#texture"},
				"west": {"uv": [8.751, 1.251, 8.874, 1.499], "texture": "#texture"},
				"up": {"uv": [7.501, 8.751, 7.749, 8.874], "texture": "#texture"},
				"down": {"uv": [8.499, 8.874, 8.251, 8.751], "texture": "#texture"}
			}
		},
		{
			"from": [7.5, 14.25, 8.875],
			"to": [8.375, 14.375, 9.125],
			"faces": {
				"north": {"uv": [7.626, 1.626, 8.499, 1.749], "texture": "#texture"},
				"east": {"uv": [6.876, 1.626, 7.124, 1.749], "texture": "#texture"},
				"south": {"uv": [7.501, 1.626, 8.374, 1.749], "texture": "#texture"},
				"west": {"uv": [8.876, 1.626, 9.124, 1.749], "texture": "#texture"},
				"up": {"uv": [7.501, 8.876, 8.374, 9.124], "texture": "#texture"},
				"down": {"uv": [8.499, 9.124, 7.626, 8.876], "texture": "#texture"}
			}
		},
		{
			"from": [7.5, 14.375, 8.875],
			"to": [8.375, 14.5, 9],
			"faces": {
				"north": {"uv": [7.626, 1.501, 8.499, 1.624], "texture": "#texture"},
				"east": {"uv": [7.001, 1.501, 7.124, 1.624], "texture": "#texture"},
				"south": {"uv": [7.501, 1.501, 8.374, 1.624], "texture": "#texture"},
				"west": {"uv": [8.876, 1.501, 8.999, 1.624], "texture": "#texture"},
				"up": {"uv": [7.501, 8.876, 8.374, 8.999], "texture": "#texture"},
				"down": {"uv": [8.499, 8.999, 7.626, 8.876], "texture": "#texture"}
			}
		},
		{
			"from": [7.5, 14, 9],
			"to": [8.375, 14.25, 9.25],
			"faces": {
				"north": {"uv": [7.626, 1.751, 8.499, 1.999], "texture": "#texture"},
				"east": {"uv": [6.751, 1.751, 6.999, 1.999], "texture": "#texture"},
				"south": {"uv": [7.501, 1.751, 8.374, 1.999], "texture": "#texture"},
				"west": {"uv": [9.001, 1.751, 9.249, 1.999], "texture": "#texture"},
				"up": {"uv": [7.501, 9.001, 8.374, 9.249], "texture": "#texture"},
				"down": {"uv": [8.499, 9.249, 7.626, 9.001], "texture": "#texture"}
			}
		},
		{
			"from": [7.5, 15, 9],
			"to": [7.625, 15.125, 9.25],
			"faces": {
				"north": {"uv": [8.251, 0.626, 8.499, 0.749], "texture": "#texture"},
				"east": {"uv": [6.751, 0.626, 6.999, 0.749], "texture": "#texture"},
				"south": {"uv": [7.501, 0.626, 7.749, 0.749], "texture": "#texture"},
				"west": {"uv": [9.001, 0.626, 9.249, 0.749], "texture": "#texture"},
				"up": {"uv": [7.501, 9.001, 7.749, 9.249], "texture": "#texture"},
				"down": {"uv": [8.499, 9.249, 8.251, 9.001], "texture": "#texture"}
			}
		},
		{
			"from": [7.5, 14.875, 9.125],
			"to": [7.625, 15, 9.375],
			"faces": {
				"north": {"uv": [8.376, 0.751, 8.499, 0.874], "texture": "#texture"},
				"east": {"uv": [6.626, 0.751, 6.874, 0.874], "texture": "#texture"},
				"south": {"uv": [7.501, 0.751, 7.624, 0.874], "texture": "#texture"},
				"west": {"uv": [9.126, 0.751, 9.374, 0.874], "texture": "#texture"},
				"up": {"uv": [7.501, 9.126, 7.624, 9.374], "texture": "#texture"},
				"down": {"uv": [8.499, 9.374, 8.376, 9.126], "texture": "#texture"}
			}
		},
		{
			"from": [7.5, 14.5, 9.375],
			"to": [7.625, 15, 9.5],
			"faces": {
				"north": {"uv": [8.376, 1.001, 8.499, 1.499], "texture": "#texture"},
				"east": {"uv": [6.501, 1.001, 6.624, 1.499], "texture": "#texture"},
				"south": {"uv": [7.501, 1.001, 7.624, 1.499], "texture": "#texture"},
				"west": {"uv": [9.376, 1.001, 9.499, 1.499], "texture": "#texture"},
				"up": {"uv": [7.501, 9.376, 7.624, 9.499], "texture": "#texture"},
				"down": {"uv": [8.499, 9.499, 8.376, 9.376], "texture": "#texture"}
			}
		},
		{
			"from": [7.5, 14.75, 9.5],
			"to": [7.625, 14.875, 9.625],
			"faces": {
				"north": {"uv": [8.376, 1.126, 8.499, 1.249], "texture": "#texture"},
				"east": {"uv": [6.376, 1.126, 6.499, 1.249], "texture": "#texture"},
				"south": {"uv": [7.501, 1.126, 7.624, 1.249], "texture": "#texture"},
				"west": {"uv": [9.501, 1.126, 9.624, 1.249], "texture": "#texture"},
				"up": {"uv": [7.501, 9.501, 7.624, 9.624], "texture": "#texture"},
				"down": {"uv": [8.499, 9.624, 8.376, 9.501], "texture": "#texture"}
			}
		},
		{
			"from": [7.64375, 14.7125, 8.88375],
			"to": [8.35625, 15.0688, 9.35875],
			"faces": {
				"north": {"uv": [0.001, 1.001, 0.499, 1.999], "texture": "#texture"},
				"east": {"uv": [0.501, 1.001, 1.499, 1.999], "texture": "#texture"},
				"south": {"uv": [0.001, 1.001, 0.499, 1.999], "texture": "#texture"},
				"west": {"uv": [1.001, 1.001, 1.999, 1.999], "texture": "#texture"},
				"up": {"uv": [0.001, 2.501, 0.499, 2.999], "texture": "#texture"},
				"down": {"uv": [0.001, 2.501, 0.499, 2.999], "texture": "#texture"}
			}
		},
		{
			"from": [7.64375, 14.5938, 9.0025],
			"to": [8.35625, 14.7125, 9.35875],
			"faces": {
				"north": {"uv": [0.001, 1.001, 0.499, 1.999], "texture": "#texture"},
				"east": {"uv": [0.001, 1.001, 0.999, 1.499], "texture": "#texture"},
				"south": {"uv": [0.001, 1.001, 0.499, 1.999], "texture": "#texture"},
				"west": {"uv": [0.001, 1.501, 0.999, 1.999], "texture": "#texture"},
				"up": {"uv": [0.001, 2.501, 0.499, 2.999], "texture": "#texture"},
				"down": {"uv": [0.001, 2.501, 0.499, 2.999], "texture": "#texture"}
			}
		},
		{
			"from": [7.64375, 15.0688, 9.0025],
			"to": [8.35625, 15.1875, 9.35875],
			"faces": {
				"north": {"uv": [0.001, 1.001, 0.499, 1.999], "texture": "#texture"},
				"east": {"uv": [0.001, 1.001, 0.999, 1.499], "texture": "#texture"},
				"south": {"uv": [0.001, 1.001, 0.499, 1.999], "texture": "#texture"},
				"west": {"uv": [0.001, 1.501, 0.999, 1.999], "texture": "#texture"},
				"up": {"uv": [0.001, 2.501, 0.499, 2.999], "texture": "#texture"},
				"down": {"uv": [0.001, 2.501, 0.499, 2.999], "texture": "#texture"}
			}
		},
		{
			"from": [7.64375, 15.1875, 9.0025],
			"to": [8.35625, 15.3063, 9.24],
			"faces": {
				"north": {"uv": [0.001, 1.001, 0.499, 1.999], "texture": "#texture"},
				"east": {"uv": [0.501, 1.001, 1.499, 1.499], "texture": "#texture"},
				"south": {"uv": [0.001, 1.001, 0.499, 1.999], "texture": "#texture"},
				"west": {"uv": [0.501, 1.501, 1.499, 1.999], "texture": "#texture"},
				"up": {"uv": [0.001, 2.501, 0.499, 2.999], "texture": "#texture"},
				"down": {"uv": [0.001, 2.501, 0.499, 2.999], "texture": "#texture"}
			}
		},
		{
			"from": [7.64375, 14.8312, 9.35875],
			"to": [8.35625, 15.0688, 9.4775],
			"faces": {
				"north": {"uv": [0.001, 1.001, 0.499, 1.999], "texture": "#texture"},
				"east": {"uv": [0.001, 1.001, 0.499, 1.999], "texture": "#texture"},
				"south": {"uv": [0.001, 1.001, 0.499, 1.999], "texture": "#texture"},
				"west": {"uv": [0.001, 1.501, 0.499, 2.499], "texture": "#texture"},
				"up": {"uv": [0.001, 2.501, 0.499, 2.999], "texture": "#texture"},
				"down": {"uv": [0.001, 2.501, 0.499, 2.999], "texture": "#texture"}
			}
		},
		{
			"from": [7.625, 14.625, 8.625],
			"to": [7.875, 15, 8.75],
			"faces": {
				"north": {"uv": [8.126, 1.001, 8.374, 1.374], "texture": "#texture"},
				"east": {"uv": [7.251, 1.001, 7.374, 1.374], "texture": "#texture"},
				"south": {"uv": [7.626, 1.001, 7.874, 1.374], "texture": "#texture"},
				"west": {"uv": [8.626, 1.001, 8.749, 1.374], "texture": "#texture"},
				"up": {"uv": [7.626, 8.626, 7.874, 8.749], "texture": "#texture"},
				"down": {"uv": [8.374, 8.749, 8.126, 8.626], "texture": "#texture"}
			}
		},
		{
			"from": [7.625, 14, 8.75],
			"to": [8.25, 14.25, 9],
			"faces": {
				"north": {"uv": [7.751, 1.751, 8.374, 1.999], "texture": "#texture"},
				"east": {"uv": [7.001, 1.751, 7.249, 1.999], "texture": "#texture"},
				"south": {"uv": [7.626, 1.751, 8.249, 1.999], "texture": "#texture"},
				"west": {"uv": [8.751, 1.751, 8.999, 1.999], "texture": "#texture"},
				"up": {"uv": [7.626, 8.751, 8.249, 8.999], "texture": "#texture"},
				"down": {"uv": [8.374, 8.999, 7.751, 8.751], "texture": "#texture"}
			}
		},
		{
			"from": [7.625, 14.25, 8.75],
			"to": [8.375, 14.5, 8.875],
			"faces": {
				"north": {"uv": [7.626, 1.501, 8.374, 1.749], "texture": "#texture"},
				"east": {"uv": [7.126, 1.501, 7.249, 1.749], "texture": "#texture"},
				"south": {"uv": [7.626, 1.501, 8.374, 1.749], "texture": "#texture"},
				"west": {"uv": [8.751, 1.501, 8.874, 1.749], "texture": "#texture"},
				"up": {"uv": [7.626, 8.751, 8.374, 8.874], "texture": "#texture"},
				"down": {"uv": [8.374, 8.874, 7.626, 8.751], "texture": "#texture"}
			}
		},
		{
			"from": [7.625, 14.75, 8.75],
			"to": [7.75, 14.875, 8.875],
			"faces": {
				"north": {"uv": [8.251, 1.126, 8.374, 1.249], "texture": "#texture"},
				"east": {"uv": [7.126, 1.126, 7.249, 1.249], "texture": "#texture"},
				"south": {"uv": [7.626, 1.126, 7.749, 1.249], "texture": "#texture"},
				"west": {"uv": [8.751, 1.126, 8.874, 1.249], "texture": "#texture"},
				"up": {"uv": [7.626, 8.751, 7.749, 8.874], "texture": "#texture"},
				"down": {"uv": [8.374, 8.874, 8.251, 8.751], "texture": "#texture"}
			}
		},
		{
			"from": [7.625, 13.875, 8.875],
			"to": [8.375, 14, 9.375],
			"faces": {
				"north": {"uv": [7.626, 2.001, 8.374, 2.124], "texture": "#texture"},
				"east": {"uv": [6.626, 2.001, 7.124, 2.124], "texture": "#texture"},
				"south": {"uv": [7.626, 2.001, 8.374, 2.124], "texture": "#texture"},
				"west": {"uv": [8.876, 2.001, 9.374, 2.124], "texture": "#texture"},
				"up": {"uv": [7.626, 8.876, 8.374, 9.374], "texture": "#texture"},
				"down": {"uv": [8.374, 9.374, 7.626, 8.876], "texture": "#texture"}
			}
		},
		{
			"from": [7.625, 14.5, 8.875],
			"to": [7.75, 14.625, 9],
			"faces": {
				"north": {"uv": [8.251, 1.376, 8.374, 1.499], "texture": "#texture"},
				"east": {"uv": [7.001, 1.376, 7.124, 1.499], "texture": "#texture"},
				"south": {"uv": [7.626, 1.376, 7.749, 1.499], "texture": "#texture"},
				"west": {"uv": [8.876, 1.376, 8.999, 1.499], "texture": "#texture"},
				"up": {"uv": [7.626, 8.876, 7.749, 8.999], "texture": "#texture"},
				"down": {"uv": [8.374, 8.999, 8.251, 8.876], "texture": "#texture"}
			}
		},
		{
			"from": [7.625, 13.375, 9],
			"to": [8.25, 13.875, 9.125],
			"faces": {
				"north": {"uv": [7.751, 2.126, 8.374, 2.624], "texture": "#texture"},
				"east": {"uv": [6.876, 2.126, 6.999, 2.624], "texture": "#texture"},
				"south": {"uv": [7.626, 2.126, 8.249, 2.624], "texture": "#texture"},
				"west": {"uv": [9.001, 2.126, 9.124, 2.624], "texture": "#texture"},
				"up": {"uv": [7.626, 9.001, 8.249, 9.124], "texture": "#texture"},
				"down": {"uv": [8.374, 9.124, 7.751, 9.001], "texture": "#texture"}
			}
		},
		{
			"from": [7.625, 14.375, 9],
			"to": [8.375, 14.5, 9.5],
			"faces": {
				"north": {"uv": [7.626, 1.501, 8.374, 1.624], "texture": "#texture"},
				"east": {"uv": [6.501, 1.501, 6.999, 1.624], "texture": "#texture"},
				"south": {"uv": [7.626, 1.501, 8.374, 1.624], "texture": "#texture"},
				"west": {"uv": [9.001, 1.501, 9.499, 1.624], "texture": "#texture"},
				"up": {"uv": [7.626, 9.001, 8.374, 9.499], "texture": "#texture"},
				"down": {"uv": [8.374, 9.499, 7.626, 9.001], "texture": "#texture"}
			}
		},
		{
			"from": [7.625, 15.125, 9],
			"to": [7.625, 15.25, 9.125],
			"faces": {
				"north": {"uv": [8.251, 0.501, 8.374, 0.624], "texture": "#texture"},
				"east": {"uv": [6.876, 0.501, 6.999, 0.624], "texture": "#texture"},
				"south": {"uv": [7.626, 0.501, 7.749, 0.624], "texture": "#texture"},
				"west": {"uv": [9.001, 0.501, 9.124, 0.624], "texture": "#texture"},
				"up": {"uv": [7.626, 9.001, 7.749, 9.124], "texture": "#texture"},
				"down": {"uv": [8.374, 9.124, 8.251, 9.001], "texture": "#texture"}
			}
		},
		{
			"from": [7.625, 13.25, 9.125],
			"to": [8.375, 13.375, 9.25],
			"faces": {
				"north": {"uv": [7.626, 2.626, 8.374, 2.749], "texture": "#texture"},
				"east": {"uv": [6.751, 2.626, 6.874, 2.749], "texture": "#texture"},
				"south": {"uv": [7.626, 2.626, 8.374, 2.749], "texture": "#texture"},
				"west": {"uv": [9.126, 2.626, 9.249, 2.749], "texture": "#texture"},
				"up": {"uv": [7.626, 9.126, 8.374, 9.249], "texture": "#texture"},
				"down": {"uv": [8.374, 9.249, 7.626, 9.126], "texture": "#texture"}
			}
		},
		{
			"from": [7.625, 13.75, 9.125],
			"to": [8.375, 13.875, 9.25],
			"faces": {
				"north": {"uv": [7.626, 2.126, 8.374, 2.249], "texture": "#texture"},
				"east": {"uv": [6.751, 2.126, 6.874, 2.249], "texture": "#texture"},
				"south": {"uv": [7.626, 2.126, 8.374, 2.249], "texture": "#texture"},
				"west": {"uv": [9.126, 2.126, 9.249, 2.249], "texture": "#texture"},
				"up": {"uv": [7.626, 9.126, 8.374, 9.249], "texture": "#texture"},
				"down": {"uv": [8.374, 9.249, 7.626, 9.126], "texture": "#texture"}
			}
		},
		{
			"from": [7.625, 14.25, 9.125],
			"to": [8.375, 14.375, 9.5],
			"faces": {
				"north": {"uv": [7.626, 1.626, 8.374, 1.749], "texture": "#texture"},
				"east": {"uv": [6.501, 1.626, 6.874, 1.749], "texture": "#texture"},
				"south": {"uv": [7.626, 1.626, 8.374, 1.749], "texture": "#texture"},
				"west": {"uv": [9.126, 1.626, 9.499, 1.749], "texture": "#texture"},
				"up": {"uv": [7.626, 9.126, 8.374, 9.499], "texture": "#texture"},
				"down": {"uv": [8.374, 9.499, 7.626, 9.126], "texture": "#texture"}
			}
		},
		{
			"from": [7.625, 14, 9.25],
			"to": [8.375, 14.25, 9.5],
			"faces": {
				"north": {"uv": [7.626, 1.751, 8.374, 1.999], "texture": "#texture"},
				"east": {"uv": [6.501, 1.751, 6.749, 1.999], "texture": "#texture"},
				"south": {"uv": [7.626, 1.751, 8.374, 1.999], "texture": "#texture"},
				"west": {"uv": [9.251, 1.751, 9.499, 1.999], "texture": "#texture"},
				"up": {"uv": [7.626, 9.251, 8.374, 9.499], "texture": "#texture"},
				"down": {"uv": [8.374, 9.499, 7.626, 9.251], "texture": "#texture"}
			}
		},
		{
			"from": [7.625, 14.5, 9.25],
			"to": [7.75, 14.625, 9.625],
			"faces": {
				"north": {"uv": [8.251, 1.376, 8.374, 1.499], "texture": "#texture"},
				"east": {"uv": [6.376, 1.376, 6.749, 1.499], "texture": "#texture"},
				"south": {"uv": [7.626, 1.376, 7.749, 1.499], "texture": "#texture"},
				"west": {"uv": [9.251, 1.376, 9.624, 1.499], "texture": "#texture"},
				"up": {"uv": [7.626, 9.251, 7.749, 9.624], "texture": "#texture"},
				"down": {"uv": [8.374, 9.624, 8.251, 9.251], "texture": "#texture"}
			}
		},
		{
			"from": [7.625, 14.625, 9.375],
			"to": [7.75, 14.75, 9.625],
			"faces": {
				"north": {"uv": [8.251, 1.251, 8.374, 1.374], "texture": "#texture"},
				"east": {"uv": [6.376, 1.251, 6.624, 1.374], "texture": "#texture"},
				"south": {"uv": [7.626, 1.251, 7.749, 1.374], "texture": "#texture"},
				"west": {"uv": [9.376, 1.251, 9.624, 1.374], "texture": "#texture"},
				"up": {"uv": [7.626, 9.376, 7.749, 9.624], "texture": "#texture"},
				"down": {"uv": [8.374, 9.624, 8.251, 9.376], "texture": "#texture"}
			}
		},
		{
			"from": [7.625, 14.75, 9.375],
			"to": [7.75, 14.875, 9.5],
			"faces": {
				"north": {"uv": [8.251, 1.126, 8.374, 1.249], "texture": "#texture"},
				"east": {"uv": [6.501, 1.126, 6.624, 1.249], "texture": "#texture"},
				"south": {"uv": [7.626, 1.126, 7.749, 1.249], "texture": "#texture"},
				"west": {"uv": [9.376, 1.126, 9.499, 1.249], "texture": "#texture"},
				"up": {"uv": [7.626, 9.376, 7.749, 9.499], "texture": "#texture"},
				"down": {"uv": [8.374, 9.499, 8.251, 9.376], "texture": "#texture"}
			}
		},
		{
			"from": [7.7625, 14.7125, 8.765],
			"to": [8.2375, 15.0688, 8.88375],
			"faces": {
				"north": {"uv": [0.001, 1.001, 0.499, 1.999], "texture": "#texture"},
				"east": {"uv": [0.001, 1.001, 0.499, 1.999], "texture": "#texture"},
				"south": {"uv": [0.001, 1.001, 0.499, 1.999], "texture": "#texture"},
				"west": {"uv": [0.001, 1.501, 0.499, 2.499], "texture": "#texture"},
				"up": {"uv": [0.001, 2.501, 0.499, 2.999], "texture": "#texture"},
				"down": {"uv": [0.001, 2.501, 0.499, 2.999], "texture": "#texture"}
			}
		},
		{
			"from": [7.7625, 14.5938, 8.88375],
			"to": [8.2375, 14.7125, 9.0025],
			"faces": {
				"north": {"uv": [0.001, 1.001, 0.499, 1.999], "texture": "#texture"},
				"east": {"uv": [0.001, 1.001, 0.499, 1.999], "texture": "#texture"},
				"south": {"uv": [0.001, 1.001, 0.499, 1.999], "texture": "#texture"},
				"west": {"uv": [0.001, 1.501, 0.499, 2.499], "texture": "#texture"},
				"up": {"uv": [0.001, 2.501, 0.499, 2.999], "texture": "#texture"},
				"down": {"uv": [0.001, 2.501, 0.499, 2.999], "texture": "#texture"}
			}
		},
		{
			"from": [7.7625, 15.0688, 8.88375],
			"to": [8.2375, 15.3063, 9.0025],
			"faces": {
				"north": {"uv": [0.001, 1.001, 0.499, 1.999], "texture": "#texture"},
				"east": {"uv": [0.001, 1.001, 0.499, 1.999], "texture": "#texture"},
				"south": {"uv": [0.001, 1.001, 0.499, 1.999], "texture": "#texture"},
				"west": {"uv": [0.001, 1.501, 0.499, 2.499], "texture": "#texture"},
				"up": {"uv": [0.001, 2.501, 0.499, 2.999], "texture": "#texture"},
				"down": {"uv": [0.001, 2.501, 0.499, 2.999], "texture": "#texture"}
			}
		},
		{
			"from": [7.7625, 14.475, 9.0025],
			"to": [8.2375, 14.5938, 9.35875],
			"faces": {
				"north": {"uv": [0.001, 1.001, 0.499, 1.999], "texture": "#texture"},
				"east": {"uv": [0.001, 1.001, 0.499, 1.999], "texture": "#texture"},
				"south": {"uv": [0.001, 1.001, 0.499, 1.999], "texture": "#texture"},
				"west": {"uv": [0.001, 1.501, 0.499, 2.499], "texture": "#texture"},
				"up": {"uv": [0.001, 2.501, 0.499, 2.999], "texture": "#texture"},
				"down": {"uv": [0.001, 2.501, 0.499, 2.999], "texture": "#texture"}
			}
		},
		{
			"from": [7.7625, 15.3063, 9.0025],
			"to": [8.2375, 15.425, 9.35875],
			"faces": {
				"north": {"uv": [0.001, 1.001, 0.499, 1.999], "texture": "#texture"},
				"east": {"uv": [0.001, 1.001, 0.499, 1.999], "texture": "#texture"},
				"south": {"uv": [0.001, 1.001, 0.499, 1.999], "texture": "#texture"},
				"west": {"uv": [0.001, 1.501, 0.499, 2.499], "texture": "#texture"},
				"up": {"uv": [0.501, 1.501, 1.499, 2.499], "texture": "#texture"},
				"down": {"uv": [0.001, 2.501, 0.499, 2.999], "texture": "#texture"}
			}
		},
		{
			"from": [7.7625, 14.3562, 9.12125],
			"to": [8.2375, 14.475, 9.24],
			"faces": {
				"north": {"uv": [0.001, 1.001, 0.499, 1.999], "texture": "#texture"},
				"east": {"uv": [0.001, 1.001, 0.499, 1.999], "texture": "#texture"},
				"south": {"uv": [0.001, 1.001, 0.499, 1.999], "texture": "#texture"},
				"west": {"uv": [0.001, 1.501, 0.499, 2.499], "texture": "#texture"},
				"up": {"uv": [0.001, 2.501, 0.499, 2.999], "texture": "#texture"},
				"down": {"uv": [0.001, 2.501, 0.499, 2.999], "texture": "#texture"}
			}
		},
		{
			"from": [7.7625, 15.1875, 9.24],
			"to": [8.2375, 15.3063, 9.4775],
			"faces": {
				"north": {"uv": [0.001, 1.001, 0.499, 1.999], "texture": "#texture"},
				"east": {"uv": [0.001, 1.001, 0.499, 1.999], "texture": "#texture"},
				"south": {"uv": [0.001, 1.001, 0.499, 1.999], "texture": "#texture"},
				"west": {"uv": [0.001, 1.501, 0.499, 2.499], "texture": "#texture"},
				"up": {"uv": [0.001, 2.501, 0.499, 2.999], "texture": "#texture"},
				"down": {"uv": [0.001, 2.501, 0.499, 2.999], "texture": "#texture"}
			}
		},
		{
			"from": [7.7625, 14.5938, 9.35875],
			"to": [8.2375, 14.8313, 9.4775],
			"faces": {
				"north": {"uv": [0.001, 1.001, 0.499, 1.999], "texture": "#texture"},
				"east": {"uv": [0.001, 1.001, 0.499, 1.999], "texture": "#texture"},
				"south": {"uv": [0.001, 1.001, 0.499, 1.999], "texture": "#texture"},
				"west": {"uv": [0.001, 1.501, 0.499, 2.499], "texture": "#texture"},
				"up": {"uv": [0.001, 2.501, 0.499, 2.999], "texture": "#texture"},
				"down": {"uv": [0.001, 2.501, 0.499, 2.999], "texture": "#texture"}
			}
		},
		{
			"from": [7.7625, 15.0688, 9.35875],
			"to": [8.2375, 15.1875, 9.4775],
			"faces": {
				"north": {"uv": [0.001, 1.001, 0.499, 1.999], "texture": "#texture"},
				"east": {"uv": [0.001, 1.001, 0.499, 1.999], "texture": "#texture"},
				"south": {"uv": [0.001, 1.001, 0.499, 1.999], "texture": "#texture"},
				"west": {"uv": [0.001, 1.501, 0.499, 2.499], "texture": "#texture"},
				"up": {"uv": [0.001, 2.501, 0.499, 2.999], "texture": "#texture"},
				"down": {"uv": [0.001, 2.501, 0.499, 2.999], "texture": "#texture"}
			}
		},
		{
			"from": [7.7625, 14.8312, 9.4775],
			"to": [8.2375, 14.95, 9.59625],
			"faces": {
				"north": {"uv": [0.001, 1.001, 0.499, 1.999], "texture": "#texture"},
				"east": {"uv": [0.001, 1.001, 0.499, 1.999], "texture": "#texture"},
				"south": {"uv": [0.001, 1.001, 0.499, 1.999], "texture": "#texture"},
				"west": {"uv": [0.001, 1.501, 0.499, 2.499], "texture": "#texture"},
				"up": {"uv": [0.001, 2.501, 0.499, 2.999], "texture": "#texture"},
				"down": {"uv": [0.001, 2.501, 0.499, 2.999], "texture": "#texture"}
			}
		},
		{
			"from": [7.75, 14.625, 8.5],
			"to": [7.875, 15.125, 8.625],
			"faces": {
				"north": {"uv": [8.126, 0.876, 8.249, 1.374], "texture": "#texture"},
				"east": {"uv": [7.376, 0.876, 7.499, 1.374], "texture": "#texture"},
				"south": {"uv": [7.751, 0.876, 7.874, 1.374], "texture": "#texture"},
				"west": {"uv": [8.501, 0.876, 8.624, 1.374], "texture": "#texture"},
				"up": {"uv": [7.751, 8.501, 7.874, 8.624], "texture": "#texture"},
				"down": {"uv": [8.249, 8.624, 8.126, 8.501], "texture": "#texture"}
			}
		},
		{
			"from": [7.75, 14.5, 8.625],
			"to": [7.875, 14.625, 8.875],
			"faces": {
				"north": {"uv": [8.126, 1.376, 8.249, 1.499], "texture": "#texture"},
				"east": {"uv": [7.126, 1.376, 7.374, 1.499], "texture": "#texture"},
				"south": {"uv": [7.751, 1.376, 7.874, 1.499], "texture": "#texture"},
				"west": {"uv": [8.626, 1.376, 8.874, 1.499], "texture": "#texture"},
				"up": {"uv": [7.751, 8.626, 7.874, 8.874], "texture": "#texture"},
				"down": {"uv": [8.249, 8.874, 8.126, 8.626], "texture": "#texture"}
			}
		},
		{
			"from": [7.75, 15, 8.625],
			"to": [8, 15.25, 8.75],
			"faces": {
				"north": {"uv": [8.001, 0.751, 8.249, 0.999], "texture": "#texture"},
				"east": {"uv": [7.251, 0.751, 7.374, 0.999], "texture": "#texture"},
				"south": {"uv": [7.751, 0.751, 7.999, 0.999], "texture": "#texture"},
				"west": {"uv": [8.626, 0.751, 8.749, 0.999], "texture": "#texture"},
				"up": {"uv": [7.751, 8.626, 7.999, 8.749], "texture": "#texture"},
				"down": {"uv": [8.249, 8.749, 8.001, 8.626], "texture": "#texture"}
			}
		},
		{
			"from": [7.75, 13.875, 8.75],
			"to": [8.25, 14, 8.875],
			"faces": {
				"north": {"uv": [7.751, 2.001, 8.249, 2.124], "texture": "#texture"},
				"east": {"uv": [7.126, 2.001, 7.249, 2.124], "texture": "#texture"},
				"south": {"uv": [7.751, 2.001, 8.249, 2.124], "texture": "#texture"},
				"west": {"uv": [8.751, 2.001, 8.874, 2.124], "texture": "#texture"},
				"up": {"uv": [7.751, 8.751, 8.249, 8.874], "texture": "#texture"},
				"down": {"uv": [8.249, 8.874, 7.751, 8.751], "texture": "#texture"}
			}
		},
		{
			"from": [7.75, 12.375, 8.875],
			"to": [8.25, 12.625, 9.375],
			"faces": {
				"north": {"uv": [7.751, 3.376, 8.249, 3.624], "texture": "#texture"},
				"east": {"uv": [6.626, 3.376, 7.124, 3.624], "texture": "#texture"},
				"south": {"uv": [7.751, 3.376, 8.249, 3.624], "texture": "#texture"},
				"west": {"uv": [8.876, 3.376, 9.374, 3.624], "texture": "#texture"},
				"up": {"uv": [7.751, 8.876, 8.249, 9.374], "texture": "#texture"},
				"down": {"uv": [8.249, 9.374, 7.751, 8.876], "texture": "#texture"}
			}
		},
		{
			"from": [7.75, 13.375, 8.875],
			"to": [8.25, 13.875, 9],
			"faces": {
				"north": {"uv": [7.751, 2.126, 8.249, 2.624], "texture": "#texture"},
				"east": {"uv": [7.001, 2.126, 7.124, 2.624], "texture": "#texture"},
				"south": {"uv": [7.751, 2.126, 8.249, 2.624], "texture": "#texture"},
				"west": {"uv": [8.876, 2.126, 8.999, 2.624], "texture": "#texture"},
				"up": {"uv": [7.751, 8.876, 8.249, 8.999], "texture": "#texture"},
				"down": {"uv": [8.249, 8.999, 7.751, 8.876], "texture": "#texture"}
			}
		},
		{
			"from": [7.75, 11.375, 9],
			"to": [8.125, 12.375, 9.25],
			"faces": {
				"north": {"uv": [7.876, 3.626, 8.249, 4.624], "texture": "#texture"},
				"east": {"uv": [6.751, 3.626, 6.999, 4.624], "texture": "#texture"},
				"south": {"uv": [7.751, 3.626, 8.124, 4.624], "texture": "#texture"},
				"west": {"uv": [9.001, 3.626, 9.249, 4.624], "texture": "#texture"},
				"up": {"uv": [7.751, 9.001, 8.124, 9.249], "texture": "#texture"},
				"down": {"uv": [8.249, 9.249, 7.876, 9.001], "texture": "#texture"}
			}
		},
		{
			"from": [7.75, 12.625, 9],
			"to": [8.125, 12.75, 9.375],
			"faces": {
				"north": {"uv": [7.876, 3.251, 8.249, 3.374], "texture": "#texture"},
				"east": {"uv": [6.626, 3.251, 6.999, 3.374], "texture": "#texture"},
				"south": {"uv": [7.751, 3.251, 8.124, 3.374], "texture": "#texture"},
				"west": {"uv": [9.001, 3.251, 9.374, 3.374], "texture": "#texture"},
				"up": {"uv": [7.751, 9.001, 8.124, 9.374], "texture": "#texture"},
				"down": {"uv": [8.249, 9.374, 7.876, 9.001], "texture": "#texture"}
			}
		},
		{
			"from": [7.75, 12.75, 9],
			"to": [8.25, 13.25, 9.25],
			"faces": {
				"north": {"uv": [7.751, 2.751, 8.249, 3.249], "texture": "#texture"},
				"east": {"uv": [6.751, 2.751, 6.999, 3.249], "texture": "#texture"},
				"south": {"uv": [7.751, 2.751, 8.249, 3.249], "texture": "#texture"},
				"west": {"uv": [9.001, 2.751, 9.249, 3.249], "texture": "#texture"},
				"up": {"uv": [7.751, 9.001, 8.249, 9.249], "texture": "#texture"},
				"down": {"uv": [8.249, 9.249, 7.751, 9.001], "texture": "#texture"}
			}
		},
		{
			"from": [7.75, 13.25, 9],
			"to": [8.375, 13.375, 9.125],
			"faces": {
				"north": {"uv": [7.626, 2.626, 8.249, 2.749], "texture": "#texture"},
				"east": {"uv": [6.876, 2.626, 6.999, 2.749], "texture": "#texture"},
				"south": {"uv": [7.751, 2.626, 8.374, 2.749], "texture": "#texture"},
				"west": {"uv": [9.001, 2.626, 9.124, 2.749], "texture": "#texture"},
				"up": {"uv": [7.751, 9.001, 8.374, 9.124], "texture": "#texture"},
				"down": {"uv": [8.249, 9.124, 7.626, 9.001], "texture": "#texture"}
			}
		},
		{
			"from": [7.75, 3.5, 9.125],
			"to": [8.125, 4, 9.25],
			"faces": {
				"north": {"uv": [7.876, 12.001, 8.249, 12.499], "texture": "#texture"},
				"east": {"uv": [6.751, 12.001, 6.874, 12.499], "texture": "#texture"},
				"south": {"uv": [7.751, 12.001, 8.124, 12.499], "texture": "#texture"},
				"west": {"uv": [9.126, 12.001, 9.249, 12.499], "texture": "#texture"},
				"up": {"uv": [7.751, 9.126, 8.124, 9.249], "texture": "#texture"},
				"down": {"uv": [8.249, 9.249, 7.876, 9.126], "texture": "#texture"}
			}
		},
		{
			"from": [7.75, 9.5, 9.125],
			"to": [8.125, 9.625, 9.25],
			"faces": {
				"north": {"uv": [7.876, 6.376, 8.249, 6.499], "texture": "#texture"},
				"east": {"uv": [6.751, 6.376, 6.874, 6.499], "texture": "#texture"},
				"south": {"uv": [7.751, 6.376, 8.124, 6.499], "texture": "#texture"},
				"west": {"uv": [9.126, 6.376, 9.249, 6.499], "texture": "#texture"},
				"up": {"uv": [7.751, 9.126, 8.124, 9.249], "texture": "#texture"},
				"down": {"uv": [8.249, 9.249, 7.876, 9.126], "texture": "#texture"}
			}
		},
		{
			"from": [7.75, 11, 9.125],
			"to": [8.125, 11.375, 9.25],
			"faces": {
				"north": {"uv": [7.876, 4.626, 8.249, 4.999], "texture": "#texture"},
				"east": {"uv": [6.751, 4.626, 6.874, 4.999], "texture": "#texture"},
				"south": {"uv": [7.751, 4.626, 8.124, 4.999], "texture": "#texture"},
				"west": {"uv": [9.126, 4.626, 9.249, 4.999], "texture": "#texture"},
				"up": {"uv": [7.751, 9.126, 8.124, 9.249], "texture": "#texture"},
				"down": {"uv": [8.249, 9.249, 7.876, 9.126], "texture": "#texture"}
			}
		},
		{
			"from": [7.75, 13.375, 9.125],
			"to": [8.25, 13.75, 9.375],
			"faces": {
				"north": {"uv": [7.751, 2.251, 8.249, 2.624], "texture": "#texture"},
				"east": {"uv": [6.626, 2.251, 6.874, 2.624], "texture": "#texture"},
				"south": {"uv": [7.751, 2.251, 8.249, 2.624], "texture": "#texture"},
				"west": {"uv": [9.126, 2.251, 9.374, 2.624], "texture": "#texture"},
				"up": {"uv": [7.751, 9.126, 8.249, 9.374], "texture": "#texture"},
				"down": {"uv": [8.249, 9.374, 7.751, 9.126], "texture": "#texture"}
			}
		},
		{
			"from": [7.75, 12.25, 9.25],
			"to": [8.25, 12.375, 9.375],
			"faces": {
				"north": {"uv": [7.751, 3.626, 8.249, 3.749], "texture": "#texture"},
				"east": {"uv": [6.626, 3.626, 6.749, 3.749], "texture": "#texture"},
				"south": {"uv": [7.751, 3.626, 8.249, 3.749], "texture": "#texture"},
				"west": {"uv": [9.251, 3.626, 9.374, 3.749], "texture": "#texture"},
				"up": {"uv": [7.751, 9.251, 8.249, 9.374], "texture": "#texture"},
				"down": {"uv": [8.249, 9.374, 7.751, 9.251], "texture": "#texture"}
			}
		},
		{
			"from": [7.75, 13.75, 9.25],
			"to": [8.25, 13.875, 9.375],
			"faces": {
				"north": {"uv": [7.751, 2.126, 8.249, 2.249], "texture": "#texture"},
				"east": {"uv": [6.626, 2.126, 6.749, 2.249], "texture": "#texture"},
				"south": {"uv": [7.751, 2.126, 8.249, 2.249], "texture": "#texture"},
				"west": {"uv": [9.251, 2.126, 9.374, 2.249], "texture": "#texture"},
				"up": {"uv": [7.751, 9.251, 8.249, 9.374], "texture": "#texture"},
				"down": {"uv": [8.249, 9.374, 7.751, 9.251], "texture": "#texture"}
			}
		},
		{
			"from": [7.75, 13.875, 9.375],
			"to": [8.25, 14, 9.5],
			"faces": {
				"north": {"uv": [7.751, 2.001, 8.249, 2.124], "texture": "#texture"},
				"east": {"uv": [6.501, 2.001, 6.624, 2.124], "texture": "#texture"},
				"south": {"uv": [7.751, 2.001, 8.249, 2.124], "texture": "#texture"},
				"west": {"uv": [9.376, 2.001, 9.499, 2.124], "texture": "#texture"},
				"up": {"uv": [7.751, 9.376, 8.249, 9.499], "texture": "#texture"},
				"down": {"uv": [8.249, 9.499, 7.751, 9.376], "texture": "#texture"}
			}
		},
		{
			"from": [7.75, 14.5, 9.375],
			"to": [7.875, 14.625, 9.625],
			"faces": {
				"north": {"uv": [8.126, 1.376, 8.249, 1.499], "texture": "#texture"},
				"east": {"uv": [6.376, 1.376, 6.624, 1.499], "texture": "#texture"},
				"south": {"uv": [7.751, 1.376, 7.874, 1.499], "texture": "#texture"},
				"west": {"uv": [9.376, 1.376, 9.624, 1.499], "texture": "#texture"},
				"up": {"uv": [7.751, 9.376, 7.874, 9.624], "texture": "#texture"},
				"down": {"uv": [8.249, 9.624, 8.126, 9.376], "texture": "#texture"}
			}
		},
		{
			"from": [7.75, 14.125, 9.5],
			"to": [7.875, 14.5, 9.625],
			"faces": {
				"north": {"uv": [8.126, 1.501, 8.249, 1.874], "texture": "#texture"},
				"east": {"uv": [6.376, 1.501, 6.499, 1.874], "texture": "#texture"},
				"south": {"uv": [7.751, 1.501, 7.874, 1.874], "texture": "#texture"},
				"west": {"uv": [9.501, 1.501, 9.624, 1.874], "texture": "#texture"},
				"up": {"uv": [7.751, 9.501, 7.874, 9.624], "texture": "#texture"},
				"down": {"uv": [8.249, 9.624, 8.126, 9.501], "texture": "#texture"}
			}
		},
		{
			"from": [7.88125, 14.5938, 8.765],
			"to": [8.11875, 14.7125, 8.88375],
			"faces": {
				"north": {"uv": [0.001, 1.001, 0.499, 1.999], "texture": "#texture"},
				"east": {"uv": [0.001, 1.001, 0.499, 1.999], "texture": "#texture"},
				"south": {"uv": [0.001, 1.001, 0.499, 1.999], "texture": "#texture"},
				"west": {"uv": [0.001, 1.501, 0.499, 2.499], "texture": "#texture"},
				"up": {"uv": [0.001, 2.501, 0.499, 2.999], "texture": "#texture"},
				"down": {"uv": [0.001, 2.501, 0.499, 2.999], "texture": "#texture"}
			}
		},
		{
			"from": [7.88125, 15.0688, 8.765],
			"to": [8.11875, 15.1875, 8.88375],
			"faces": {
				"north": {"uv": [0.001, 1.001, 0.499, 1.999], "texture": "#texture"},
				"east": {"uv": [0.001, 1.001, 0.499, 1.999], "texture": "#texture"},
				"south": {"uv": [0.001, 1.001, 0.499, 1.999], "texture": "#texture"},
				"west": {"uv": [0.001, 1.501, 0.499, 2.499], "texture": "#texture"},
				"up": {"uv": [0.001, 2.501, 0.499, 2.999], "texture": "#texture"},
				"down": {"uv": [0.001, 2.501, 0.499, 2.999], "texture": "#texture"}
			}
		},
		{
			"from": [7.88125, 14.475, 8.88375],
			"to": [8.11875, 14.5938, 9.0025],
			"faces": {
				"north": {"uv": [0.001, 1.001, 0.499, 1.999], "texture": "#texture"},
				"east": {"uv": [0.001, 1.001, 0.499, 1.999], "texture": "#texture"},
				"south": {"uv": [0.001, 1.001, 0.499, 1.999], "texture": "#texture"},
				"west": {"uv": [0.001, 1.501, 0.499, 2.499], "texture": "#texture"},
				"up": {"uv": [0.001, 2.501, 0.499, 2.999], "texture": "#texture"},
				"down": {"uv": [0.001, 2.501, 0.499, 2.999], "texture": "#texture"}
			}
		},
		{
			"from": [7.88125, 15.3063, 8.88375],
			"to": [8.11875, 15.425, 9.0025],
			"faces": {
				"north": {"uv": [0.001, 1.001, 0.499, 1.999], "texture": "#texture"},
				"east": {"uv": [0.001, 1.001, 0.499, 1.999], "texture": "#texture"},
				"south": {"uv": [0.001, 1.001, 0.499, 1.999], "texture": "#texture"},
				"west": {"uv": [0.001, 1.501, 0.499, 2.499], "texture": "#texture"},
				"up": {"uv": [0.001, 2.501, 0.499, 2.999], "texture": "#texture"},
				"down": {"uv": [0.001, 2.501, 0.499, 2.999], "texture": "#texture"}
			}
		},
		{
			"from": [7.88125, 14.3562, 9.0025],
			"to": [8.11875, 14.475, 9.12125],
			"faces": {
				"north": {"uv": [0.001, 1.001, 0.499, 1.999], "texture": "#texture"},
				"east": {"uv": [0.001, 1.001, 0.499, 1.999], "texture": "#texture"},
				"south": {"uv": [0.001, 1.001, 0.499, 1.999], "texture": "#texture"},
				"west": {"uv": [0.001, 1.501, 0.499, 2.499], "texture": "#texture"},
				"up": {"uv": [0.001, 2.501, 0.499, 2.999], "texture": "#texture"},
				"down": {"uv": [0.001, 2.501, 0.499, 2.999], "texture": "#texture"}
			}
		},
		{
			"from": [7.88125, 14.3562, 9.24],
			"to": [8.11875, 14.475, 9.35875],
			"faces": {
				"north": {"uv": [0.001, 1.001, 0.499, 1.999], "texture": "#texture"},
				"east": {"uv": [0.001, 1.001, 0.499, 1.999], "texture": "#texture"},
				"south": {"uv": [0.001, 1.001, 0.499, 1.999], "texture": "#texture"},
				"west": {"uv": [0.001, 1.501, 0.499, 2.499], "texture": "#texture"},
				"up": {"uv": [0.001, 2.501, 0.499, 2.999], "texture": "#texture"},
				"down": {"uv": [0.001, 2.501, 0.499, 2.999], "texture": "#texture"}
			}
		},
		{
			"from": [7.88125, 14.475, 9.35875],
			"to": [8.11875, 14.5938, 9.4775],
			"faces": {
				"north": {"uv": [0.001, 1.001, 0.499, 1.999], "texture": "#texture"},
				"east": {"uv": [0.001, 1.001, 0.499, 1.999], "texture": "#texture"},
				"south": {"uv": [0.001, 1.001, 0.499, 1.999], "texture": "#texture"},
				"west": {"uv": [0.001, 1.501, 0.499, 2.499], "texture": "#texture"},
				"up": {"uv": [0.001, 2.501, 0.499, 2.999], "texture": "#texture"},
				"down": {"uv": [0.001, 2.501, 0.499, 2.999], "texture": "#texture"}
			}
		},
		{
			"from": [7.88125, 14.7125, 9.4775],
			"to": [8.11875, 14.8313, 9.59625],
			"faces": {
				"north": {"uv": [0.001, 1.001, 0.499, 1.999], "texture": "#texture"},
				"east": {"uv": [0.001, 1.001, 0.499, 1.999], "texture": "#texture"},
				"south": {"uv": [0.001, 1.001, 0.499, 1.999], "texture": "#texture"},
				"west": {"uv": [0.001, 1.501, 0.499, 2.499], "texture": "#texture"},
				"up": {"uv": [0.001, 2.501, 0.499, 2.999], "texture": "#texture"},
				"down": {"uv": [0.001, 2.501, 0.499, 2.999], "texture": "#texture"}
			}
		},
		{
			"from": [7.88125, 14.95, 9.4775],
			"to": [8.11875, 15.1875, 9.59625],
			"faces": {
				"north": {"uv": [0.001, 1.001, 0.499, 1.999], "texture": "#texture"},
				"east": {"uv": [0.001, 1.001, 0.499, 1.999], "texture": "#texture"},
				"south": {"uv": [0.001, 1.001, 0.499, 1.999], "texture": "#texture"},
				"west": {"uv": [0.001, 1.501, 0.499, 2.499], "texture": "#texture"},
				"up": {"uv": [0.001, 2.501, 0.499, 2.999], "texture": "#texture"},
				"down": {"uv": [0.001, 2.501, 0.499, 2.999], "texture": "#texture"}
			}
		},
		{
			"from": [7.875, 14.875, 8.5],
			"to": [8, 15, 8.75],
			"faces": {
				"north": {"uv": [8.001, 1.001, 8.124, 1.124], "texture": "#texture"},
				"east": {"uv": [7.251, 1.001, 7.499, 1.124], "texture": "#texture"},
				"south": {"uv": [7.876, 1.001, 7.999, 1.124], "texture": "#texture"},
				"west": {"uv": [8.501, 1.001, 8.749, 1.124], "texture": "#texture"},
				"up": {"uv": [7.876, 8.501, 7.999, 8.749], "texture": "#texture"},
				"down": {"uv": [8.124, 8.749, 8.001, 8.501], "texture": "#texture"}
			}
		},
		{
			"from": [7.875, 15, 8.5],
			"to": [8, 15.125, 8.625],
			"faces": {
				"north": {"uv": [8.001, 0.876, 8.124, 0.999], "texture": "#texture"},
				"east": {"uv": [7.376, 0.876, 7.499, 0.999], "texture": "#texture"},
				"south": {"uv": [7.876, 0.876, 7.999, 0.999], "texture": "#texture"},
				"west": {"uv": [8.501, 0.876, 8.624, 0.999], "texture": "#texture"},
				"up": {"uv": [7.876, 8.501, 7.999, 8.624], "texture": "#texture"},
				"down": {"uv": [8.124, 8.624, 8.001, 8.501], "texture": "#texture"}
			}
		},
		{
			"from": [7.875, 14.375, 8.625],
			"to": [8.25, 14.5, 8.75],
			"faces": {
				"north": {"uv": [7.751, 1.501, 8.124, 1.624], "texture": "#texture"},
				"east": {"uv": [7.251, 1.501, 7.374, 1.624], "texture": "#texture"},
				"south": {"uv": [7.876, 1.501, 8.249, 1.624], "texture": "#texture"},
				"west": {"uv": [8.626, 1.501, 8.749, 1.624], "texture": "#texture"},
				"up": {"uv": [7.876, 8.626, 8.249, 8.749], "texture": "#texture"},
				"down": {"uv": [8.124, 8.749, 7.751, 8.626], "texture": "#texture"}
			}
		},
		{
			"from": [7.875, 14.75, 8.625],
			"to": [8, 14.875, 8.75],
			"faces": {
				"north": {"uv": [8.001, 1.126, 8.124, 1.249], "texture": "#texture"},
				"east": {"uv": [7.251, 1.126, 7.374, 1.249], "texture": "#texture"},
				"south": {"uv": [7.876, 1.126, 7.999, 1.249], "texture": "#texture"},
				"west": {"uv": [8.626, 1.126, 8.749, 1.249], "texture": "#texture"},
				"up": {"uv": [7.876, 8.626, 7.999, 8.749], "texture": "#texture"},
				"down": {"uv": [8.124, 8.749, 8.001, 8.626], "texture": "#texture"}
			}
		},
		{
			"from": [7.875, 13.25, 8.75],
			"to": [8, 13.375, 9],
			"faces": {
				"north": {"uv": [8.001, 2.626, 8.124, 2.749], "texture": "#texture"},
				"east": {"uv": [7.001, 2.626, 7.249, 2.749], "texture": "#texture"},
				"south": {"uv": [7.876, 2.626, 7.999, 2.749], "texture": "#texture"},
				"west": {"uv": [8.751, 2.626, 8.999, 2.749], "texture": "#texture"},
				"up": {"uv": [7.876, 8.751, 7.999, 8.999], "texture": "#texture"},
				"down": {"uv": [8.124, 8.999, 8.001, 8.751], "texture": "#texture"}
			}
		},
		{
			"from": [7.875, 13.75, 8.75],
			"to": [8.125, 13.875, 8.875],
			"faces": {
				"north": {"uv": [7.876, 2.126, 8.124, 2.249], "texture": "#texture"},
				"east": {"uv": [7.126, 2.126, 7.249, 2.249], "texture": "#texture"},
				"south": {"uv": [7.876, 2.126, 8.124, 2.249], "texture": "#texture"},
				"west": {"uv": [8.751, 2.126, 8.874, 2.249], "texture": "#texture"},
				"up": {"uv": [7.876, 8.751, 8.124, 8.874], "texture": "#texture"},
				"down": {"uv": [8.124, 8.874, 7.876, 8.751], "texture": "#texture"}
			}
		},
		{
			"from": [7.875, 11.75, 8.875],
			"to": [8, 12.375, 9],
			"faces": {
				"north": {"uv": [8.001, 3.626, 8.124, 4.249], "texture": "#texture"},
				"east": {"uv": [7.001, 3.626, 7.124, 4.249], "texture": "#texture"},
				"south": {"uv": [7.876, 3.626, 7.999, 4.249], "texture": "#texture"},
				"west": {"uv": [8.876, 3.626, 8.999, 4.249], "texture": "#texture"},
				"up": {"uv": [7.876, 8.876, 7.999, 8.999], "texture": "#texture"},
				"down": {"uv": [8.124, 8.999, 8.001, 8.876], "texture": "#texture"}
			}
		},
		{
			"from": [7.875, 12.625, 8.875],
			"to": [8.125, 13.25, 9],
			"faces": {
				"north": {"uv": [7.876, 2.751, 8.124, 3.374], "texture": "#texture"},
				"east": {"uv": [7.001, 2.751, 7.124, 3.374], "texture": "#texture"},
				"south": {"uv": [7.876, 2.751, 8.124, 3.374], "texture": "#texture"},
				"west": {"uv": [8.876, 2.751, 8.999, 3.374], "texture": "#texture"},
				"up": {"uv": [7.876, 8.876, 8.124, 8.999], "texture": "#texture"},
				"down": {"uv": [8.124, 8.999, 7.876, 8.876], "texture": "#texture"}
			}
		},
		{
			"from": [7.875, 1.25, 9.125],
			"to": [8.125, 1.75, 9.375],
			"faces": {
				"north": {"uv": [7.876, 14.251, 8.124, 14.749], "texture": "#texture"},
				"east": {"uv": [6.626, 14.251, 6.874, 14.749], "texture": "#texture"},
				"south": {"uv": [7.876, 14.251, 8.124, 14.749], "texture": "#texture"},
				"west": {"uv": [9.126, 14.251, 9.374, 14.749], "texture": "#texture"},
				"up": {"uv": [7.876, 9.126, 8.124, 9.374], "texture": "#texture"},
				"down": {"uv": [8.124, 9.374, 7.876, 9.126], "texture": "#texture"}
			}
		},
		{
			"from": [7.875, 2, 9],
			"to": [8, 3.5, 9.25],
			"faces": {
				"north": {"uv": [8.001, 12.501, 8.124, 13.999], "texture": "#texture"},
				"east": {"uv": [6.751, 12.501, 6.999, 13.999], "texture": "#texture"},
				"south": {"uv": [7.876, 12.501, 7.999, 13.999], "texture": "#texture"},
				"west": {"uv": [9.001, 12.501, 9.249, 13.999], "texture": "#texture"},
				"up": {"uv": [7.876, 9.001, 7.999, 9.249], "texture": "#texture"},
				"down": {"uv": [8.124, 9.249, 8.001, 9.001], "texture": "#texture"}
			}
		},
		{
			"from": [7.875, 3.5, 9],
			"to": [8.125, 5.125, 9.125],
			"faces": {
				"north": {"uv": [7.876, 10.876, 8.124, 12.499], "texture": "#texture"},
				"east": {"uv": [6.876, 10.876, 6.999, 12.499], "texture": "#texture"},
				"south": {"uv": [7.876, 10.876, 8.124, 12.499], "texture": "#texture"},
				"west": {"uv": [9.001, 10.876, 9.124, 12.499], "texture": "#texture"},
				"up": {"uv": [7.876, 9.001, 8.124, 9.124], "texture": "#texture"},
				"down": {"uv": [8.124, 9.124, 7.876, 9.001], "texture": "#texture"}
			}
		},
		{
			"from": [7.875, 5.375, 9],
			"to": [8, 9.5, 9.25],
			"faces": {
				"north": {"uv": [8.001, 6.501, 8.124, 10.624], "texture": "#texture"},
				"east": {"uv": [6.751, 6.501, 6.999, 10.624], "texture": "#texture"},
				"south": {"uv": [7.876, 6.501, 7.999, 10.624], "texture": "#texture"},
				"west": {"uv": [9.001, 6.501, 9.249, 10.624], "texture": "#texture"},
				"up": {"uv": [7.876, 9.001, 7.999, 9.249], "texture": "#texture"},
				"down": {"uv": [8.124, 9.249, 8.001, 9.001], "texture": "#texture"}
			}
		},
		{
			"from": [7.875, 9.5, 9],
			"to": [8.125, 11.375, 9.125],
			"faces": {
				"north": {"uv": [7.876, 4.626, 8.124, 6.499], "texture": "#texture"},
				"east": {"uv": [6.876, 4.626, 6.999, 6.499], "texture": "#texture"},
				"south": {"uv": [7.876, 4.626, 8.124, 6.499], "texture": "#texture"},
				"west": {"uv": [9.001, 4.626, 9.124, 6.499], "texture": "#texture"},
				"up": {"uv": [7.876, 9.001, 8.124, 9.124], "texture": "#texture"},
				"down": {"uv": [8.124, 9.124, 7.876, 9.001], "texture": "#texture"}
			}
		},
		{
			"from": [7.875, 0.625, 9.125],
			"to": [8.125, 2, 9.25],
			"faces": {
				"north": {"uv": [7.876, 14.001, 8.124, 15.374], "texture": "#texture"},
				"east": {"uv": [6.751, 14.001, 6.874, 15.374], "texture": "#texture"},
				"south": {"uv": [7.876, 14.001, 8.124, 15.374], "texture": "#texture"},
				"west": {"uv": [9.126, 14.001, 9.249, 15.374], "texture": "#texture"},
				"up": {"uv": [7.876, 9.126, 8.124, 9.249], "texture": "#texture"},
				"down": {"uv": [8.124, 9.249, 7.876, 9.126], "texture": "#texture"}
			}
		},
		{
			"from": [7.875, 4, 9.125],
			"to": [8.125, 5.375, 9.25],
			"faces": {
				"north": {"uv": [7.876, 10.626, 8.124, 11.999], "texture": "#texture"},
				"east": {"uv": [6.751, 10.626, 6.874, 11.999], "texture": "#texture"},
				"south": {"uv": [7.876, 10.626, 8.124, 11.999], "texture": "#texture"},
				"west": {"uv": [9.126, 10.626, 9.249, 11.999], "texture": "#texture"},
				"up": {"uv": [7.876, 9.126, 8.124, 9.249], "texture": "#texture"},
				"down": {"uv": [8.124, 9.249, 7.876, 9.126], "texture": "#texture"}
			}
		},
		{
			"from": [7.875, 9.625, 9.125],
			"to": [8.125, 11, 9.25],
			"faces": {
				"north": {"uv": [7.876, 5.001, 8.124, 6.374], "texture": "#texture"},
				"east": {"uv": [6.751, 5.001, 6.874, 6.374], "texture": "#texture"},
				"south": {"uv": [7.876, 5.001, 8.124, 6.374], "texture": "#texture"},
				"west": {"uv": [9.126, 5.001, 9.249, 6.374], "texture": "#texture"},
				"up": {"uv": [7.876, 9.126, 8.124, 9.249], "texture": "#texture"},
				"down": {"uv": [8.124, 9.249, 7.876, 9.126], "texture": "#texture"}
			}
		},
		{
			"from": [7.875, 10.875, 9.25],
			"to": [8.125, 12.25, 9.375],
			"faces": {
				"north": {"uv": [7.876, 3.751, 8.124, 5.124], "texture": "#texture"},
				"east": {"uv": [6.626, 3.751, 6.749, 5.124], "texture": "#texture"},
				"south": {"uv": [7.876, 3.751, 8.124, 5.124], "texture": "#texture"},
				"west": {"uv": [9.251, 3.751, 9.374, 5.124], "texture": "#texture"},
				"up": {"uv": [7.876, 9.251, 8.124, 9.374], "texture": "#texture"},
				"down": {"uv": [8.124, 9.374, 7.876, 9.251], "texture": "#texture"}
			}
		},
		{
			"from": [7.875, 12.75, 9.25],
			"to": [8.125, 13.375, 9.375],
			"faces": {
				"north": {"uv": [7.876, 2.626, 8.124, 3.249], "texture": "#texture"},
				"east": {"uv": [6.626, 2.626, 6.749, 3.249], "texture": "#texture"},
				"south": {"uv": [7.876, 2.626, 8.124, 3.249], "texture": "#texture"},
				"west": {"uv": [9.251, 2.626, 9.374, 3.249], "texture": "#texture"},
				"up": {"uv": [7.876, 9.251, 8.124, 9.374], "texture": "#texture"},
				"down": {"uv": [8.124, 9.374, 7.876, 9.251], "texture": "#texture"}
			}
		},
		{
			"from": [7.875, 13.25, 9.375],
			"to": [8, 13.875, 9.5],
			"faces": {
				"north": {"uv": [8.001, 2.126, 8.124, 2.749], "texture": "#texture"},
				"east": {"uv": [6.501, 2.126, 6.624, 2.749], "texture": "#texture"},
				"south": {"uv": [7.876, 2.126, 7.999, 2.749], "texture": "#texture"},
				"west": {"uv": [9.376, 2.126, 9.499, 2.749], "texture": "#texture"},
				"up": {"uv": [7.876, 9.376, 7.999, 9.499], "texture": "#texture"},
				"down": {"uv": [8.124, 9.499, 8.001, 9.376], "texture": "#texture"}
			}
		},
		{
			"from": [7.875, 15.25, 9.375],
			"to": [8.125, 15.375, 9.625],
			"faces": {
				"north": {"uv": [7.876, 0.626, 8.124, 0.749], "texture": "#texture"},
				"east": {"uv": [6.376, 0.626, 6.624, 0.749], "texture": "#texture"},
				"south": {"uv": [7.876, 0.626, 8.124, 0.749], "texture": "#texture"},
				"west": {"uv": [9.376, 0.626, 9.624, 0.749], "texture": "#texture"},
				"up": {"uv": [7.876, 9.376, 8.124, 9.624], "texture": "#texture"},
				"down": {"uv": [8.124, 9.624, 7.876, 9.376], "texture": "#texture"}
			}
		},
		{
			"from": [7.875, 14, 9.5],
			"to": [8, 14.375, 9.625],
			"faces": {
				"north": {"uv": [8.001, 1.626, 8.124, 1.999], "texture": "#texture"},
				"east": {"uv": [6.376, 1.626, 6.499, 1.999], "texture": "#texture"},
				"south": {"uv": [7.876, 1.626, 7.999, 1.999], "texture": "#texture"},
				"west": {"uv": [9.501, 1.626, 9.624, 1.999], "texture": "#texture"},
				"up": {"uv": [7.876, 9.501, 7.999, 9.624], "texture": "#texture"},
				"down": {"uv": [8.124, 9.624, 8.001, 9.501], "texture": "#texture"}
			}
		},
		{
			"from": [8, 14, 8.625],
			"to": [8.125, 14.25, 8.75],
			"faces": {
				"north": {"uv": [7.876, 1.751, 7.999, 1.999], "texture": "#texture"},
				"east": {"uv": [7.251, 1.751, 7.374, 1.999], "texture": "#texture"},
				"south": {"uv": [8.001, 1.751, 8.124, 1.999], "texture": "#texture"},
				"west": {"uv": [8.626, 1.751, 8.749, 1.999], "texture": "#texture"},
				"up": {"uv": [8.001, 8.626, 8.124, 8.749], "texture": "#texture"},
				"down": {"uv": [7.999, 8.749, 7.876, 8.626], "texture": "#texture"}
			}
		},
		{
			"from": [8, 14.5, 8.625],
			"to": [8.125, 14.625, 9],
			"faces": {
				"north": {"uv": [7.876, 1.376, 7.999, 1.499], "texture": "#texture"},
				"east": {"uv": [7.001, 1.376, 7.374, 1.499], "texture": "#texture"},
				"south": {"uv": [8.001, 1.376, 8.124, 1.499], "texture": "#texture"},
				"west": {"uv": [8.626, 1.376, 8.999, 1.499], "texture": "#texture"},
				"up": {"uv": [8.001, 8.626, 8.124, 8.999], "texture": "#texture"},
				"down": {"uv": [7.999, 8.999, 7.876, 8.626], "texture": "#texture"}
			}
		},
		{
			"from": [8, 13.375, 8.75],
			"to": [8.125, 13.75, 8.875],
			"faces": {
				"north": {"uv": [7.876, 2.251, 7.999, 2.624], "texture": "#texture"},
				"east": {"uv": [7.126, 2.251, 7.249, 2.624], "texture": "#texture"},
				"south": {"uv": [8.001, 2.251, 8.124, 2.624], "texture": "#texture"},
				"west": {"uv": [8.751, 2.251, 8.874, 2.624], "texture": "#texture"},
				"up": {"uv": [8.001, 8.751, 8.124, 8.874], "texture": "#texture"},
				"down": {"uv": [7.999, 8.874, 7.876, 8.751], "texture": "#texture"}
			}
		},
		{
			"from": [8, 14.75, 8.75],
			"to": [8.125, 15, 8.875],
			"faces": {
				"north": {"uv": [7.876, 1.001, 7.999, 1.249], "texture": "#texture"},
				"east": {"uv": [7.126, 1.001, 7.249, 1.249], "texture": "#texture"},
				"south": {"uv": [8.001, 1.001, 8.124, 1.249], "texture": "#texture"},
				"west": {"uv": [8.751, 1.001, 8.874, 1.249], "texture": "#texture"},
				"up": {"uv": [8.001, 8.751, 8.124, 8.874], "texture": "#texture"},
				"down": {"uv": [7.999, 8.874, 7.876, 8.751], "texture": "#texture"}
			}
		},
		{
			"from": [8, 9, 8.875],
			"to": [8.125, 9.5, 9.125],
			"faces": {
				"north": {"uv": [7.876, 6.501, 7.999, 6.999], "texture": "#texture"},
				"east": {"uv": [6.876, 6.501, 7.124, 6.999], "texture": "#texture"},
				"south": {"uv": [8.001, 6.501, 8.124, 6.999], "texture": "#texture"},
				"west": {"uv": [8.876, 6.501, 9.124, 6.999], "texture": "#texture"},
				"up": {"uv": [8.001, 8.876, 8.124, 9.124], "texture": "#texture"},
				"down": {"uv": [7.999, 9.124, 7.876, 8.876], "texture": "#texture"}
			}
		},
		{
			"from": [8, 11.625, 8.875],
			"to": [8.125, 12, 9],
			"faces": {
				"north": {"uv": [7.876, 4.001, 7.999, 4.374], "texture": "#texture"},
				"east": {"uv": [7.001, 4.001, 7.124, 4.374], "texture": "#texture"},
				"south": {"uv": [8.001, 4.001, 8.124, 4.374], "texture": "#texture"},
				"west": {"uv": [8.876, 4.001, 8.999, 4.374], "texture": "#texture"},
				"up": {"uv": [8.001, 8.876, 8.124, 8.999], "texture": "#texture"},
				"down": {"uv": [7.999, 8.999, 7.876, 8.876], "texture": "#texture"}
			}
		},
		{
			"from": [8, 12.25, 8.875],
			"to": [8.125, 12.375, 9],
			"faces": {
				"north": {"uv": [7.876, 3.626, 7.999, 3.749], "texture": "#texture"},
				"east": {"uv": [7.001, 3.626, 7.124, 3.749], "texture": "#texture"},
				"south": {"uv": [8.001, 3.626, 8.124, 3.749], "texture": "#texture"},
				"west": {"uv": [8.876, 3.626, 8.999, 3.749], "texture": "#texture"},
				"up": {"uv": [8.001, 8.876, 8.124, 8.999], "texture": "#texture"},
				"down": {"uv": [7.999, 8.999, 7.876, 8.876], "texture": "#texture"}
			}
		},
		{
			"from": [8, 13.25, 8.875],
			"to": [8.125, 13.375, 9],
			"faces": {
				"north": {"uv": [7.876, 2.626, 7.999, 2.749], "texture": "#texture"},
				"east": {"uv": [7.001, 2.626, 7.124, 2.749], "texture": "#texture"},
				"south": {"uv": [8.001, 2.626, 8.124, 2.749], "texture": "#texture"},
				"west": {"uv": [8.876, 2.626, 8.999, 2.749], "texture": "#texture"},
				"up": {"uv": [8.001, 8.876, 8.124, 8.999], "texture": "#texture"},
				"down": {"uv": [7.999, 8.999, 7.876, 8.876], "texture": "#texture"}
			}
		},
		{
			"from": [8, 0.625, 9],
			"to": [8.125, 1.125, 9.125],
			"faces": {
				"north": {"uv": [7.876, 14.876, 7.999, 15.374], "texture": "#texture"},
				"east": {"uv": [6.876, 14.876, 6.999, 15.374], "texture": "#texture"},
				"south": {"uv": [8.001, 14.876, 8.124, 15.374], "texture": "#texture"},
				"west": {"uv": [9.001, 14.876, 9.124, 15.374], "texture": "#texture"},
				"up": {"uv": [8.001, 9.001, 8.124, 9.124], "texture": "#texture"},
				"down": {"uv": [7.999, 9.124, 7.876, 9.001], "texture": "#texture"}
			}
		},
		{
			"from": [8, 1.875, 9],
			"to": [8.125, 3.5, 9.125],
			"faces": {
				"north": {"uv": [7.876, 12.501, 7.999, 14.124], "texture": "#texture"},
				"east": {"uv": [6.876, 12.501, 6.999, 14.124], "texture": "#texture"},
				"south": {"uv": [8.001, 12.501, 8.124, 14.124], "texture": "#texture"},
				"west": {"uv": [9.001, 12.501, 9.124, 14.124], "texture": "#texture"},
				"up": {"uv": [8.001, 9.001, 8.124, 9.124], "texture": "#texture"},
				"down": {"uv": [7.999, 9.124, 7.876, 9.001], "texture": "#texture"}
			}
		},
		{
			"from": [8, 5.125, 9],
			"to": [8.125, 9, 9.125],
			"faces": {
				"north": {"uv": [7.876, 7.001, 7.999, 10.874], "texture": "#texture"},
				"east": {"uv": [6.876, 7.001, 6.999, 10.874], "texture": "#texture"},
				"south": {"uv": [8.001, 7.001, 8.124, 10.874], "texture": "#texture"},
				"west": {"uv": [9.001, 7.001, 9.124, 10.874], "texture": "#texture"},
				"up": {"uv": [8.001, 9.001, 8.124, 9.124], "texture": "#texture"},
				"down": {"uv": [7.999, 9.124, 7.876, 9.001], "texture": "#texture"}
			}
		},
		{
			"from": [8, 15.25, 9],
			"to": [8.125, 15.375, 9.25],
			"faces": {
				"north": {"uv": [7.876, 0.626, 7.999, 0.749], "texture": "#texture"},
				"east": {"uv": [6.751, 0.626, 6.999, 0.749], "texture": "#texture"},
				"south": {"uv": [8.001, 0.626, 8.124, 0.749], "texture": "#texture"},
				"west": {"uv": [9.001, 0.626, 9.249, 0.749], "texture": "#texture"},
				"up": {"uv": [8.001, 9.001, 8.124, 9.249], "texture": "#texture"},
				"down": {"uv": [7.999, 9.249, 7.876, 9.001], "texture": "#texture"}
			}
		},
		{
			"from": [8, 2, 9.125],
			"to": [8.125, 2.625, 9.25],
			"faces": {
				"north": {"uv": [7.876, 13.376, 7.999, 13.999], "texture": "#texture"},
				"east": {"uv": [6.751, 13.376, 6.874, 13.999], "texture": "#texture"},
				"south": {"uv": [8.001, 13.376, 8.124, 13.999], "texture": "#texture"},
				"west": {"uv": [9.126, 13.376, 9.249, 13.999], "texture": "#texture"},
				"up": {"uv": [8.001, 9.126, 8.124, 9.249], "texture": "#texture"},
				"down": {"uv": [7.999, 9.249, 7.876, 9.126], "texture": "#texture"}
			}
		},
		{
			"from": [8, 2.75, 9.125],
			"to": [8.125, 3.5, 9.25],
			"faces": {
				"north": {"uv": [7.876, 12.501, 7.999, 13.249], "texture": "#texture"},
				"east": {"uv": [6.751, 12.501, 6.874, 13.249], "texture": "#texture"},
				"south": {"uv": [8.001, 12.501, 8.124, 13.249], "texture": "#texture"},
				"west": {"uv": [9.126, 12.501, 9.249, 13.249], "texture": "#texture"},
				"up": {"uv": [8.001, 9.126, 8.124, 9.249], "texture": "#texture"},
				"down": {"uv": [7.999, 9.249, 7.876, 9.126], "texture": "#texture"}
			}
		},
		{
			"from": [8, 5.375, 9.125],
			"to": [8.125, 9, 9.25],
			"faces": {
				"north": {"uv": [7.876, 7.001, 7.999, 10.624], "texture": "#texture"},
				"east": {"uv": [6.751, 7.001, 6.874, 10.624], "texture": "#texture"},
				"south": {"uv": [8.001, 7.001, 8.124, 10.624], "texture": "#texture"},
				"west": {"uv": [9.126, 7.001, 9.249, 10.624], "texture": "#texture"},
				"up": {"uv": [8.001, 9.126, 8.124, 9.249], "texture": "#texture"},
				"down": {"uv": [7.999, 9.249, 7.876, 9.126], "texture": "#texture"}
			}
		},
		{
			"from": [8, 9.25, 9.125],
			"to": [8.125, 9.5, 9.25],
			"faces": {
				"north": {"uv": [7.876, 6.501, 7.999, 6.749], "texture": "#texture"},
				"east": {"uv": [6.751, 6.501, 6.874, 6.749], "texture": "#texture"},
				"south": {"uv": [8.001, 6.501, 8.124, 6.749], "texture": "#texture"},
				"west": {"uv": [9.126, 6.501, 9.249, 6.749], "texture": "#texture"},
				"up": {"uv": [8.001, 9.126, 8.124, 9.249], "texture": "#texture"},
				"down": {"uv": [7.999, 9.249, 7.876, 9.126], "texture": "#texture"}
			}
		},
		{
			"from": [8, 10.75, 9.25],
			"to": [8.125, 10.875, 9.375],
			"faces": {
				"north": {"uv": [7.876, 5.126, 7.999, 5.249], "texture": "#texture"},
				"east": {"uv": [6.626, 5.126, 6.749, 5.249], "texture": "#texture"},
				"south": {"uv": [8.001, 5.126, 8.124, 5.249], "texture": "#texture"},
				"west": {"uv": [9.251, 5.126, 9.374, 5.249], "texture": "#texture"},
				"up": {"uv": [8.001, 9.251, 8.124, 9.374], "texture": "#texture"},
				"down": {"uv": [7.999, 9.374, 7.876, 9.251], "texture": "#texture"}
			}
		},
		{
			"from": [8, 12.875, 9.375],
			"to": [8.125, 13.375, 9.5],
			"faces": {
				"north": {"uv": [7.876, 2.626, 7.999, 3.124], "texture": "#texture"},
				"east": {"uv": [6.501, 2.626, 6.624, 3.124], "texture": "#texture"},
				"south": {"uv": [8.001, 2.626, 8.124, 3.124], "texture": "#texture"},
				"west": {"uv": [9.376, 2.626, 9.499, 3.124], "texture": "#texture"},
				"up": {"uv": [8.001, 9.376, 8.124, 9.499], "texture": "#texture"},
				"down": {"uv": [7.999, 9.499, 7.876, 9.376], "texture": "#texture"}
			}
		},
		{
			"from": [8, 13.75, 9.375],
			"to": [8.25, 13.875, 9.5],
			"faces": {
				"north": {"uv": [7.751, 2.126, 7.999, 2.249], "texture": "#texture"},
				"east": {"uv": [6.501, 2.126, 6.624, 2.249], "texture": "#texture"},
				"south": {"uv": [8.001, 2.126, 8.249, 2.249], "texture": "#texture"},
				"west": {"uv": [9.376, 2.126, 9.499, 2.249], "texture": "#texture"},
				"up": {"uv": [8.001, 9.376, 8.249, 9.499], "texture": "#texture"},
				"down": {"uv": [7.999, 9.499, 7.751, 9.376], "texture": "#texture"}
			}
		},
		{
			"from": [8, 14.5, 9.375],
			"to": [8.5, 14.625, 9.5],
			"faces": {
				"north": {"uv": [7.501, 1.376, 7.999, 1.499], "texture": "#texture"},
				"east": {"uv": [6.501, 1.376, 6.624, 1.499], "texture": "#texture"},
				"south": {"uv": [8.001, 1.376, 8.499, 1.499], "texture": "#texture"},
				"west": {"uv": [9.376, 1.376, 9.499, 1.499], "texture": "#texture"},
				"up": {"uv": [8.001, 9.376, 8.499, 9.499], "texture": "#texture"},
				"down": {"uv": [7.999, 9.499, 7.501, 9.376], "texture": "#texture"}
			}
		},
		{
			"from": [8, 14.75, 9.375],
			"to": [8.125, 14.875, 9.625],
			"faces": {
				"north": {"uv": [7.876, 1.126, 7.999, 1.249], "texture": "#texture"},
				"east": {"uv": [6.376, 1.126, 6.624, 1.249], "texture": "#texture"},
				"south": {"uv": [8.001, 1.126, 8.124, 1.249], "texture": "#texture"},
				"west": {"uv": [9.376, 1.126, 9.624, 1.249], "texture": "#texture"},
				"up": {"uv": [8.001, 9.376, 8.124, 9.624], "texture": "#texture"},
				"down": {"uv": [7.999, 9.624, 7.876, 9.376], "texture": "#texture"}
			}
		},
		{
			"from": [8, 14, 9.5],
			"to": [8.125, 14.25, 9.625],
			"faces": {
				"north": {"uv": [7.876, 1.751, 7.999, 1.999], "texture": "#texture"},
				"east": {"uv": [6.376, 1.751, 6.499, 1.999], "texture": "#texture"},
				"south": {"uv": [8.001, 1.751, 8.124, 1.999], "texture": "#texture"},
				"west": {"uv": [9.501, 1.751, 9.624, 1.999], "texture": "#texture"},
				"up": {"uv": [8.001, 9.501, 8.124, 9.624], "texture": "#texture"},
				"down": {"uv": [7.999, 9.624, 7.876, 9.501], "texture": "#texture"}
			}
		},
		{
			"from": [8, 14.875, 9.5],
			"to": [8.25, 15.125, 9.75],
			"faces": {
				"north": {"uv": [7.751, 0.876, 7.999, 1.124], "texture": "#texture"},
				"east": {"uv": [6.251, 0.876, 6.499, 1.124], "texture": "#texture"},
				"south": {"uv": [8.001, 0.876, 8.249, 1.124], "texture": "#texture"},
				"west": {"uv": [9.501, 0.876, 9.749, 1.124], "texture": "#texture"},
				"up": {"uv": [8.001, 9.501, 8.249, 9.749], "texture": "#texture"},
				"down": {"uv": [7.999, 9.749, 7.751, 9.501], "texture": "#texture"}
			}
		},
		{
			"from": [8, 15.125, 9.5],
			"to": [8.25, 15.25, 9.625],
			"faces": {
				"north": {"uv": [7.751, 0.751, 7.999, 0.874], "texture": "#texture"},
				"east": {"uv": [6.376, 0.751, 6.499, 0.874], "texture": "#texture"},
				"south": {"uv": [8.001, 0.751, 8.249, 0.874], "texture": "#texture"},
				"west": {"uv": [9.501, 0.751, 9.624, 0.874], "texture": "#texture"},
				"up": {"uv": [8.001, 9.501, 8.249, 9.624], "texture": "#texture"},
				"down": {"uv": [7.999, 9.624, 7.751, 9.501], "texture": "#texture"}
			}
		},
		{
			"from": [8.125, 14.25, 8.625],
			"to": [8.25, 14.375, 8.75],
			"faces": {
				"north": {"uv": [7.751, 1.626, 7.874, 1.749], "texture": "#texture"},
				"east": {"uv": [7.251, 1.626, 7.374, 1.749], "texture": "#texture"},
				"south": {"uv": [8.126, 1.626, 8.249, 1.749], "texture": "#texture"},
				"west": {"uv": [8.626, 1.626, 8.749, 1.749], "texture": "#texture"},
				"up": {"uv": [8.126, 8.626, 8.249, 8.749], "texture": "#texture"},
				"down": {"uv": [7.874, 8.749, 7.751, 8.626], "texture": "#texture"}
			}
		},
		{
			"from": [8.125, 14.5, 8.75],
			"to": [8.375, 14.625, 8.875],
			"faces": {
				"north": {"uv": [7.626, 1.376, 7.874, 1.499], "texture": "#texture"},
				"east": {"uv": [7.126, 1.376, 7.249, 1.499], "texture": "#texture"},
				"south": {"uv": [8.126, 1.376, 8.374, 1.499], "texture": "#texture"},
				"west": {"uv": [8.751, 1.376, 8.874, 1.499], "texture": "#texture"},
				"up": {"uv": [8.126, 8.751, 8.374, 8.874], "texture": "#texture"},
				"down": {"uv": [7.874, 8.874, 7.626, 8.751], "texture": "#texture"}
			}
		},
		{
			"from": [8.125, 11.75, 9],
			"to": [8.25, 12.375, 9.25],
			"faces": {
				"north": {"uv": [7.751, 3.626, 7.874, 4.249], "texture": "#texture"},
				"east": {"uv": [6.751, 3.626, 6.999, 4.249], "texture": "#texture"},
				"south": {"uv": [8.126, 3.626, 8.249, 4.249], "texture": "#texture"},
				"west": {"uv": [9.001, 3.626, 9.249, 4.249], "texture": "#texture"},
				"up": {"uv": [8.126, 9.001, 8.249, 9.249], "texture": "#texture"},
				"down": {"uv": [7.874, 9.249, 7.751, 9.001], "texture": "#texture"}
			}
		},
		{
			"from": [8.125, 12.625, 9],
			"to": [8.25, 12.75, 9.25],
			"faces": {
				"north": {"uv": [7.751, 3.251, 7.874, 3.374], "texture": "#texture"},
				"east": {"uv": [6.751, 3.251, 6.999, 3.374], "texture": "#texture"},
				"south": {"uv": [8.126, 3.251, 8.249, 3.374], "texture": "#texture"},
				"west": {"uv": [9.001, 3.251, 9.249, 3.374], "texture": "#texture"},
				"up": {"uv": [8.126, 9.001, 8.249, 9.249], "texture": "#texture"},
				"down": {"uv": [7.874, 9.249, 7.751, 9.001], "texture": "#texture"}
			}
		},
		{
			"from": [8.125, 11.125, 9.125],
			"to": [8.25, 11.75, 9.25],
			"faces": {
				"north": {"uv": [7.751, 4.251, 7.874, 4.874], "texture": "#texture"},
				"east": {"uv": [6.751, 4.251, 6.874, 4.874], "texture": "#texture"},
				"south": {"uv": [8.126, 4.251, 8.249, 4.874], "texture": "#texture"},
				"west": {"uv": [9.126, 4.251, 9.249, 4.874], "texture": "#texture"},
				"up": {"uv": [8.126, 9.126, 8.249, 9.249], "texture": "#texture"},
				"down": {"uv": [7.874, 9.249, 7.751, 9.126], "texture": "#texture"}
			}
		},
		{
			"from": [8.125, 15.5, 9.125],
			"to": [8.25, 15.625, 9.25],
			"faces": {
				"north": {"uv": [7.751, 0.376, 7.874, 0.499], "texture": "#texture"},
				"east": {"uv": [6.751, 0.376, 6.874, 0.499], "texture": "#texture"},
				"south": {"uv": [8.126, 0.376, 8.249, 0.499], "texture": "#texture"},
				"west": {"uv": [9.126, 0.376, 9.249, 0.499], "texture": "#texture"},
				"up": {"uv": [8.126, 9.126, 8.249, 9.249], "texture": "#texture"},
				"down": {"uv": [7.874, 9.249, 7.751, 9.126], "texture": "#texture"}
			}
		},
		{
			"from": [8.125, 13.25, 9.25],
			"to": [8.25, 13.375, 9.375],
			"faces": {
				"north": {"uv": [7.751, 2.626, 7.874, 2.749], "texture": "#texture"},
				"east": {"uv": [6.626, 2.626, 6.749, 2.749], "texture": "#texture"},
				"south": {"uv": [8.126, 2.626, 8.249, 2.749], "texture": "#texture"},
				"west": {"uv": [9.251, 2.626, 9.374, 2.749], "texture": "#texture"},
				"up": {"uv": [8.126, 9.251, 8.249, 9.374], "texture": "#texture"},
				"down": {"uv": [7.874, 9.374, 7.751, 9.251], "texture": "#texture"}
			}
		},
		{
			"from": [8.125, 14.5, 9.5],
			"to": [8.375, 14.875, 9.625],
			"faces": {
				"north": {"uv": [7.626, 1.126, 7.874, 1.499], "texture": "#texture"},
				"east": {"uv": [6.376, 1.126, 6.499, 1.499], "texture": "#texture"},
				"south": {"uv": [8.126, 1.126, 8.374, 1.499], "texture": "#texture"},
				"west": {"uv": [9.501, 1.126, 9.624, 1.499], "texture": "#texture"},
				"up": {"uv": [8.126, 9.501, 8.374, 9.624], "texture": "#texture"},
				"down": {"uv": [7.874, 9.624, 7.626, 9.501], "texture": "#texture"}
			}
		},
		{
			"from": [8.125, 14.625, 9.625],
			"to": [8.25, 14.875, 9.75],
			"faces": {
				"north": {"uv": [7.751, 1.126, 7.874, 1.374], "texture": "#texture"},
				"east": {"uv": [6.251, 1.126, 6.374, 1.374], "texture": "#texture"},
				"south": {"uv": [8.126, 1.126, 8.249, 1.374], "texture": "#texture"},
				"west": {"uv": [9.626, 1.126, 9.749, 1.374], "texture": "#texture"},
				"up": {"uv": [8.126, 9.626, 8.249, 9.749], "texture": "#texture"},
				"down": {"uv": [7.874, 9.749, 7.751, 9.626], "texture": "#texture"}
			}
		},
		{
			"from": [8.25, 14.5, 8.625],
			"to": [8.375, 14.625, 8.75],
			"faces": {
				"north": {"uv": [7.626, 1.376, 7.749, 1.499], "texture": "#texture"},
				"east": {"uv": [7.251, 1.376, 7.374, 1.499], "texture": "#texture"},
				"south": {"uv": [8.251, 1.376, 8.374, 1.499], "texture": "#texture"},
				"west": {"uv": [8.626, 1.376, 8.749, 1.499], "texture": "#texture"},
				"up": {"uv": [8.251, 8.626, 8.374, 8.749], "texture": "#texture"},
				"down": {"uv": [7.749, 8.749, 7.626, 8.626], "texture": "#texture"}
			}
		},
		{
			"from": [8.25, 14.125, 8.75],
			"to": [8.375, 14.25, 9],
			"faces": {
				"north": {"uv": [7.626, 1.751, 7.749, 1.874], "texture": "#texture"},
				"east": {"uv": [7.001, 1.751, 7.249, 1.874], "texture": "#texture"},
				"south": {"uv": [8.251, 1.751, 8.374, 1.874], "texture": "#texture"},
				"west": {"uv": [8.751, 1.751, 8.999, 1.874], "texture": "#texture"},
				"up": {"uv": [8.251, 8.751, 8.374, 8.999], "texture": "#texture"},
				"down": {"uv": [7.749, 8.999, 7.626, 8.751], "texture": "#texture"}
			}
		},
		{
			"from": [8.25, 14.625, 8.75],
			"to": [8.5, 14.875, 8.875],
			"faces": {
				"north": {"uv": [7.501, 1.126, 7.749, 1.374], "texture": "#texture"},
				"east": {"uv": [7.126, 1.126, 7.249, 1.374], "texture": "#texture"},
				"south": {"uv": [8.251, 1.126, 8.499, 1.374], "texture": "#texture"},
				"west": {"uv": [8.751, 1.126, 8.874, 1.374], "texture": "#texture"},
				"up": {"uv": [8.251, 8.751, 8.499, 8.874], "texture": "#texture"},
				"down": {"uv": [7.749, 8.874, 7.501, 8.751], "texture": "#texture"}
			}
		},
		{
			"from": [8.25, 14, 8.875],
			"to": [8.375, 14.125, 9],
			"faces": {
				"north": {"uv": [7.626, 1.876, 7.749, 1.999], "texture": "#texture"},
				"east": {"uv": [7.001, 1.876, 7.124, 1.999], "texture": "#texture"},
				"south": {"uv": [8.251, 1.876, 8.374, 1.999], "texture": "#texture"},
				"west": {"uv": [8.876, 1.876, 8.999, 1.999], "texture": "#texture"},
				"up": {"uv": [8.251, 8.876, 8.374, 8.999], "texture": "#texture"},
				"down": {"uv": [7.749, 8.999, 7.626, 8.876], "texture": "#texture"}
			}
		},
		{
			"from": [8.25, 14.5, 8.875],
			"to": [8.5, 14.625, 9],
			"faces": {
				"north": {"uv": [7.501, 1.376, 7.749, 1.499], "texture": "#texture"},
				"east": {"uv": [7.001, 1.376, 7.124, 1.499], "texture": "#texture"},
				"south": {"uv": [8.251, 1.376, 8.499, 1.499], "texture": "#texture"},
				"west": {"uv": [8.876, 1.376, 8.999, 1.499], "texture": "#texture"},
				"up": {"uv": [8.251, 8.876, 8.499, 8.999], "texture": "#texture"},
				"down": {"uv": [7.749, 8.999, 7.501, 8.876], "texture": "#texture"}
			}
		},
		{
			"from": [8.25, 13.125, 9],
			"to": [8.375, 13.25, 9.125],
			"faces": {
				"north": {"uv": [7.626, 2.751, 7.749, 2.874], "texture": "#texture"},
				"east": {"uv": [6.876, 2.751, 6.999, 2.874], "texture": "#texture"},
				"south": {"uv": [8.251, 2.751, 8.374, 2.874], "texture": "#texture"},
				"west": {"uv": [9.001, 2.751, 9.124, 2.874], "texture": "#texture"},
				"up": {"uv": [8.251, 9.001, 8.374, 9.124], "texture": "#texture"},
				"down": {"uv": [7.749, 9.124, 7.626, 9.001], "texture": "#texture"}
			}
		},
		{
			"from": [8.25, 13.75, 9],
			"to": [8.375, 13.875, 9.125],
			"faces": {
				"north": {"uv": [7.626, 2.126, 7.749, 2.249], "texture": "#texture"},
				"east": {"uv": [6.876, 2.126, 6.999, 2.249], "texture": "#texture"},
				"south": {"uv": [8.251, 2.126, 8.374, 2.249], "texture": "#texture"},
				"west": {"uv": [9.001, 2.126, 9.124, 2.249], "texture": "#texture"},
				"up": {"uv": [8.251, 9.001, 8.374, 9.124], "texture": "#texture"},
				"down": {"uv": [7.749, 9.124, 7.626, 9.001], "texture": "#texture"}
			}
		},
		{
			"from": [8.25, 15.25, 9],
			"to": [8.5, 15.375, 9.25],
			"faces": {
				"north": {"uv": [7.501, 0.626, 7.749, 0.749], "texture": "#texture"},
				"east": {"uv": [6.751, 0.626, 6.999, 0.749], "texture": "#texture"},
				"south": {"uv": [8.251, 0.626, 8.499, 0.749], "texture": "#texture"},
				"west": {"uv": [9.001, 0.626, 9.249, 0.749], "texture": "#texture"},
				"up": {"uv": [8.251, 9.001, 8.499, 9.249], "texture": "#texture"},
				"down": {"uv": [7.749, 9.249, 7.501, 9.001], "texture": "#texture"}
			}
		},
		{
			"from": [8.25, 13.375, 9.125],
			"to": [8.375, 13.75, 9.25],
			"faces": {
				"north": {"uv": [7.626, 2.251, 7.749, 2.624], "texture": "#texture"},
				"east": {"uv": [6.751, 2.251, 6.874, 2.624], "texture": "#texture"},
				"south": {"uv": [8.251, 2.251, 8.374, 2.624], "texture": "#texture"},
				"west": {"uv": [9.126, 2.251, 9.249, 2.624], "texture": "#texture"},
				"up": {"uv": [8.251, 9.126, 8.374, 9.249], "texture": "#texture"},
				"down": {"uv": [7.749, 9.249, 7.626, 9.126], "texture": "#texture"}
			}
		},
		{
			"from": [8.25, 15.375, 9.125],
			"to": [8.375, 15.5, 9.25],
			"faces": {
				"north": {"uv": [7.626, 0.501, 7.749, 0.624], "texture": "#texture"},
				"east": {"uv": [6.751, 0.501, 6.874, 0.624], "texture": "#texture"},
				"south": {"uv": [8.251, 0.501, 8.374, 0.624], "texture": "#texture"},
				"west": {"uv": [9.126, 0.501, 9.249, 0.624], "texture": "#texture"},
				"up": {"uv": [8.251, 9.126, 8.374, 9.249], "texture": "#texture"},
				"down": {"uv": [7.749, 9.249, 7.626, 9.126], "texture": "#texture"}
			}
		},
		{
			"from": [8.25, 14.5, 9.25],
			"to": [8.375, 14.625, 9.375],
			"faces": {
				"north": {"uv": [7.626, 1.376, 7.749, 1.499], "texture": "#texture"},
				"east": {"uv": [6.626, 1.376, 6.749, 1.499], "texture": "#texture"},
				"south": {"uv": [8.251, 1.376, 8.374, 1.499], "texture": "#texture"},
				"west": {"uv": [9.251, 1.376, 9.374, 1.499], "texture": "#texture"},
				"up": {"uv": [8.251, 9.251, 8.374, 9.374], "texture": "#texture"},
				"down": {"uv": [7.749, 9.374, 7.626, 9.251], "texture": "#texture"}
			}
		},
		{
			"from": [8.25, 14.625, 9.375],
			"to": [8.375, 14.875, 9.5],
			"faces": {
				"north": {"uv": [7.626, 1.126, 7.749, 1.374], "texture": "#texture"},
				"east": {"uv": [6.501, 1.126, 6.624, 1.374], "texture": "#texture"},
				"south": {"uv": [8.251, 1.126, 8.374, 1.374], "texture": "#texture"},
				"west": {"uv": [9.376, 1.126, 9.499, 1.374], "texture": "#texture"},
				"up": {"uv": [8.251, 9.376, 8.374, 9.499], "texture": "#texture"},
				"down": {"uv": [7.749, 9.499, 7.626, 9.376], "texture": "#texture"}
			}
		},
		{
			"from": [8.25, 14.875, 9.5],
			"to": [8.375, 15, 9.625],
			"faces": {
				"north": {"uv": [7.626, 1.001, 7.749, 1.124], "texture": "#texture"},
				"east": {"uv": [6.376, 1.001, 6.499, 1.124], "texture": "#texture"},
				"south": {"uv": [8.251, 1.001, 8.374, 1.124], "texture": "#texture"},
				"west": {"uv": [9.501, 1.001, 9.624, 1.124], "texture": "#texture"},
				"up": {"uv": [8.251, 9.501, 8.374, 9.624], "texture": "#texture"},
				"down": {"uv": [7.749, 9.624, 7.626, 9.501], "texture": "#texture"}
			}
		},
		{
			"from": [8.25, 15, 9.625],
			"to": [8.375, 15.125, 9.75],
			"faces": {
				"north": {"uv": [7.626, 0.876, 7.749, 0.999], "texture": "#texture"},
				"east": {"uv": [6.251, 0.876, 6.374, 0.999], "texture": "#texture"},
				"south": {"uv": [8.251, 0.876, 8.374, 0.999], "texture": "#texture"},
				"west": {"uv": [9.626, 0.876, 9.749, 0.999], "texture": "#texture"},
				"up": {"uv": [8.251, 9.626, 8.374, 9.749], "texture": "#texture"},
				"down": {"uv": [7.749, 9.749, 7.626, 9.626], "texture": "#texture"}
			}
		},
		{
			"from": [8.375, 14.875, 8.75],
			"to": [8.5, 15, 9.125],
			"faces": {
				"north": {"uv": [7.501, 1.001, 7.624, 1.124], "texture": "#texture"},
				"east": {"uv": [6.876, 1.001, 7.249, 1.124], "texture": "#texture"},
				"south": {"uv": [8.376, 1.001, 8.499, 1.124], "texture": "#texture"},
				"west": {"uv": [8.751, 1.001, 9.124, 1.124], "texture": "#texture"},
				"up": {"uv": [8.376, 8.751, 8.499, 9.124], "texture": "#texture"},
				"down": {"uv": [7.624, 9.124, 7.501, 8.751], "texture": "#texture"}
			}
		},
		{
			"from": [8.375, 14.625, 8.875],
			"to": [8.625, 14.875, 9],
			"faces": {
				"north": {"uv": [7.376, 1.126, 7.624, 1.374], "texture": "#texture"},
				"east": {"uv": [7.001, 1.126, 7.124, 1.374], "texture": "#texture"},
				"south": {"uv": [8.376, 1.126, 8.624, 1.374], "texture": "#texture"},
				"west": {"uv": [8.876, 1.126, 8.999, 1.374], "texture": "#texture"},
				"up": {"uv": [8.376, 8.876, 8.624, 8.999], "texture": "#texture"},
				"down": {"uv": [7.624, 8.999, 7.376, 8.876], "texture": "#texture"}
			}
		},
		{
			"from": [8.375, 15, 8.875],
			"to": [8.5, 15.25, 9.125],
			"faces": {
				"north": {"uv": [7.501, 0.751, 7.624, 0.999], "texture": "#texture"},
				"east": {"uv": [6.876, 0.751, 7.124, 0.999], "texture": "#texture"},
				"south": {"uv": [8.376, 0.751, 8.499, 0.999], "texture": "#texture"},
				"west": {"uv": [8.876, 0.751, 9.124, 0.999], "texture": "#texture"},
				"up": {"uv": [8.376, 8.876, 8.499, 9.124], "texture": "#texture"},
				"down": {"uv": [7.624, 9.124, 7.501, 8.876], "texture": "#texture"}
			}
		},
		{
			"from": [8.375, 14.125, 9],
			"to": [8.5, 14.25, 9.25],
			"faces": {
				"north": {"uv": [7.501, 1.751, 7.624, 1.874], "texture": "#texture"},
				"east": {"uv": [6.751, 1.751, 6.999, 1.874], "texture": "#texture"},
				"south": {"uv": [8.376, 1.751, 8.499, 1.874], "texture": "#texture"},
				"west": {"uv": [9.001, 1.751, 9.249, 1.874], "texture": "#texture"},
				"up": {"uv": [8.376, 9.001, 8.499, 9.249], "texture": "#texture"},
				"down": {"uv": [7.624, 9.249, 7.501, 9.001], "texture": "#texture"}
			}
		},
		{
			"from": [8.375, 14.75, 9],
			"to": [8.5, 14.875, 9.125],
			"faces": {
				"north": {"uv": [7.501, 1.126, 7.624, 1.249], "texture": "#texture"},
				"east": {"uv": [6.876, 1.126, 6.999, 1.249], "texture": "#texture"},
				"south": {"uv": [8.376, 1.126, 8.499, 1.249], "texture": "#texture"},
				"west": {"uv": [9.001, 1.126, 9.124, 1.249], "texture": "#texture"},
				"up": {"uv": [8.376, 9.001, 8.499, 9.124], "texture": "#texture"},
				"down": {"uv": [7.624, 9.124, 7.501, 9.001], "texture": "#texture"}
			}
		},
		{
			"from": [8.375, 14, 9.125],
			"to": [8.5, 14.125, 9.25],
			"faces": {
				"north": {"uv": [7.501, 1.876, 7.624, 1.999], "texture": "#texture"},
				"east": {"uv": [6.751, 1.876, 6.874, 1.999], "texture": "#texture"},
				"south": {"uv": [8.376, 1.876, 8.499, 1.999], "texture": "#texture"},
				"west": {"uv": [9.126, 1.876, 9.249, 1.999], "texture": "#texture"},
				"up": {"uv": [8.376, 9.126, 8.499, 9.249], "texture": "#texture"},
				"down": {"uv": [7.624, 9.249, 7.501, 9.126], "texture": "#texture"}
			}
		},
		{
			"from": [8.375, 14.25, 9.125],
			"to": [8.5, 14.375, 9.375],
			"faces": {
				"north": {"uv": [7.501, 1.626, 7.624, 1.749], "texture": "#texture"},
				"east": {"uv": [6.626, 1.626, 6.874, 1.749], "texture": "#texture"},
				"south": {"uv": [8.376, 1.626, 8.499, 1.749], "texture": "#texture"},
				"west": {"uv": [9.126, 1.626, 9.374, 1.749], "texture": "#texture"},
				"up": {"uv": [8.376, 9.126, 8.499, 9.374], "texture": "#texture"},
				"down": {"uv": [7.624, 9.374, 7.501, 9.126], "texture": "#texture"}
			}
		},
		{
			"from": [8.375, 14.375, 9.25],
			"to": [8.5, 14.5, 9.375],
			"faces": {
				"north": {"uv": [7.501, 1.501, 7.624, 1.624], "texture": "#texture"},
				"east": {"uv": [6.626, 1.501, 6.749, 1.624], "texture": "#texture"},
				"south": {"uv": [8.376, 1.501, 8.499, 1.624], "texture": "#texture"},
				"west": {"uv": [9.251, 1.501, 9.374, 1.624], "texture": "#texture"},
				"up": {"uv": [8.376, 9.251, 8.499, 9.374], "texture": "#texture"},
				"down": {"uv": [7.624, 9.374, 7.501, 9.251], "texture": "#texture"}
			}
		},
		{
			"from": [8.5, 14.875, 8.875],
			"to": [8.625, 15.125, 9.125],
			"faces": {
				"north": {"uv": [7.376, 0.876, 7.499, 1.124], "texture": "#texture"},
				"east": {"uv": [6.876, 0.876, 7.124, 1.124], "texture": "#texture"},
				"south": {"uv": [8.501, 0.876, 8.624, 1.124], "texture": "#texture"},
				"west": {"uv": [8.876, 0.876, 9.124, 1.124], "texture": "#texture"},
				"up": {"uv": [8.501, 8.876, 8.624, 9.124], "texture": "#texture"},
				"down": {"uv": [7.499, 9.124, 7.376, 8.876], "texture": "#texture"}
			}
		},
		{
			"from": [8, 6.25, 9.25],
			"to": [8.125, 6.75, 9.375],
			"faces": {
				"north": {"uv": [7.876, 9.251, 7.999, 9.749], "texture": "#texture"},
				"east": {"uv": [6.626, 9.251, 6.749, 9.749], "texture": "#texture"},
				"south": {"uv": [8.001, 9.251, 8.124, 9.749], "texture": "#texture"},
				"west": {"uv": [9.251, 9.251, 9.374, 9.749], "texture": "#texture"},
				"up": {"uv": [8.001, 9.251, 8.124, 9.374], "texture": "#texture"},
				"down": {"uv": [7.999, 9.374, 7.876, 9.251], "texture": "#texture"}
			}
		},
		{
			"from": [7.875, 2.5, 8.875],
			"to": [8, 3, 9],
			"faces": {
				"north": {"uv": [7.876, 13.001, 7.999, 13.499], "texture": "#texture"},
				"east": {"uv": [7.001, 13.001, 7.124, 13.499], "texture": "#texture"},
				"south": {"uv": [8.001, 13.001, 8.124, 13.499], "texture": "#texture"},
				"west": {"uv": [8.876, 13.001, 8.999, 13.499], "texture": "#texture"},
				"up": {"uv": [8.001, 8.876, 8.124, 8.999], "texture": "#texture"},
				"down": {"uv": [7.999, 8.999, 7.876, 8.876], "texture": "#texture"}
			}
		},
		{
			"from": [8.125, 7, 9.125],
			"to": [8.25, 8.25, 9.25],
			"faces": {
				"north": {"uv": [7.751, 7.751, 7.874, 8.999], "texture": "#texture"},
				"east": {"uv": [6.751, 7.751, 6.874, 8.999], "texture": "#texture"},
				"south": {"uv": [8.126, 7.751, 8.249, 8.999], "texture": "#texture"},
				"west": {"uv": [9.126, 7.751, 9.249, 8.999], "texture": "#texture"},
				"up": {"uv": [8.126, 9.126, 8.249, 9.249], "texture": "#texture"},
				"down": {"uv": [7.874, 9.249, 7.751, 9.126], "texture": "#texture"}
			}
		},
		{
			"from": [7.875, 4.625, 8.875],
			"to": [8.125, 5.5, 9],
			"faces": {
				"north": {"uv": [7.876, 10.501, 8.124, 11.374], "texture": "#texture"},
				"east": {"uv": [7.001, 10.501, 7.124, 11.374], "texture": "#texture"},
				"south": {"uv": [7.876, 10.501, 8.124, 11.374], "texture": "#texture"},
				"west": {"uv": [8.876, 10.501, 8.999, 11.374], "texture": "#texture"},
				"up": {"uv": [7.876, 8.876, 8.124, 8.999], "texture": "#texture"},
				"down": {"uv": [8.124, 8.999, 7.876, 8.876], "texture": "#texture"}
			}
		}
	],
	"display": {
		"thirdperson_righthand": {
			"translation": [0, -5.67, -2.27],
			"scale": [3, 3, 3]
		},
		"thirdperson_lefthand": {
			"translation": [0, -5.67, -2.27],
			"scale": [3, 3, 3]
		},
		"firstperson_righthand": {
			"rotation": [6, -77, 0],
			"translation": [1.13, -2.65, 0],
			"scale": [2, 2, 2]
		},
		"firstperson_lefthand": {
			"rotation": [6, -77, 0],
			"translation": [1.13, -2.65, 0],
			"scale": [2, 2, 2]
		},
		"ground": {
			"rotation": [-90, 0, 0],
			"translation": [0, -4.5, 0],
			"scale": [1.5, 1.5, 1.5]
		},
		"gui": {
			"rotation": [-31, -31, -55],
			"translation": [0.57, -0.94, 0],
			"scale": [1.4, 1.4, 1.4]
		},
		"head": {
			"rotation": [0, 0, -48],
			"translation": [0, -14.55, 0],
			"scale": [4, 4, 4]
		},
		"fixed": {
			"rotation": [0, 0, 48],
			"translation": [0, 0, -4],
			"scale": [2, 2, 2]
		}
	}
}