{
	"credit": "Made with Blockbench",
	"ambientocclusion": false,
	"textures": {
		"texture": "block/diamond_sword/103",
		"particle": "block/diamond_sword/103"
	},
	"elements": [
		{
			"from": [-0.875, 7.25, 7.75],
			"to": [5.5, 7.5, 8.25],
			"faces": {
				"north": {"uv": [5.5, 8.5, 0, 8.75], "texture": "#texture"},
				"east": {"uv": [6.5, 8.5, 7, 8.75], "texture": "#texture"},
				"south": {"uv": [0, 8.5, 5.5, 8.75], "texture": "#texture"},
				"west": {"uv": [4.5, 8, 5, 8.25], "texture": "#texture", "cullface": "west"},
				"up": {"uv": [0, 7.75, 5.5, 8.25], "texture": "#texture"},
				"down": {"uv": [0, 7.75, 5.5, 8.25], "texture": "#texture"}
			}
		},
		{
			"from": [-0.5625, 7.5, 7.75],
			"to": [6, 8, 8.25],
			"faces": {
				"north": {"uv": [6, 8, 0.25, 8.5], "texture": "#texture"},
				"east": {"uv": [6.5, 8, 7, 8.5], "texture": "#texture"},
				"south": {"uv": [0.25, 8, 6, 8.5], "texture": "#texture"},
				"west": {"uv": [3, 8, 3.5, 8.5], "texture": "#texture"},
				"up": {"uv": [0.25, 7.75, 6, 8.25], "texture": "#texture"},
				"down": {"uv": [0.25, 7.75, 6, 8.25], "texture": "#texture"}
			}
		},
		{
			"from": [0.1875, 8, 7.75],
			"to": [9.75, 8.25, 8.25],
			"faces": {
				"north": {"uv": [9.75, 7.75, 0.5, 8], "texture": "#texture"},
				"east": {"uv": [7.75, 7.75, 8.25, 8], "texture": "#texture"},
				"south": {"uv": [0.5, 7.75, 9.75, 8], "texture": "#texture"},
				"west": {"uv": [4, 8, 4.5, 8.25], "texture": "#texture"},
				"up": {"uv": [0.5, 7.75, 9.75, 8.25], "texture": "#texture"},
				"down": {"uv": [0.5, 7.75, 9.75, 8.25], "texture": "#texture"}
			}
		},
		{
			"from": [0.75, 7.5, 7.5],
			"to": [5.75, 8, 7.75],
			"faces": {
				"north": {"uv": [0.75, 7.5, 5.75, 7.75], "texture": "#texture"},
				"east": {"uv": [0.75, 7.5, 5.75, 7.75], "texture": "#texture"},
				"south": {"uv": [0.75, 7.5, 5.75, 7.75], "texture": "#texture"},
				"west": {"uv": [0.75, 7.5, 5.75, 7.75], "texture": "#texture"},
				"up": {"uv": [0.75, 7.5, 5.75, 7.75], "texture": "#texture"},
				"down": {"uv": [0.75, 7.5, 5.75, 7.75], "texture": "#texture"}
			}
		},
		{
			"from": [0.25, 7.5, 8.25],
			"to": [5.75, 8, 8.5],
			"faces": {
				"east": {"uv": [3.5, 4, 3.75, 4.5], "texture": "#texture"},
				"south": {"uv": [0.75, 8, 5.75, 8.5], "texture": "#texture"},
				"west": {"uv": [2.5, 7.5, 2.75, 8], "texture": "#texture"},
				"up": {"uv": [0.75, 8.25, 5.75, 8.5], "texture": "#texture"},
				"down": {"uv": [0.75, 8.25, 5.75, 8.5], "texture": "#texture"}
			}
		},
		{
			"from": [1, 8, 7.5],
			"to": [6.5, 8.25, 7.75],
			"faces": {
				"north": {"uv": [6.5, 7.75, 1, 8], "texture": "#texture"},
				"east": {"uv": [7, 7.5, 6.75, 7.75], "texture": "#texture"},
				"west": {"uv": [4.5, 8, 4.75, 8.25], "texture": "#texture"},
				"up": {"uv": [1, 7.5, 6.5, 7.75], "texture": "#texture"},
				"down": {"uv": [15, 7.75, 9.5, 7.5], "texture": "#texture"}
			}
		},
		{
			"from": [1, 8.25, 7.75],
			"to": [8, 8.5, 8.25],
			"faces": {
				"north": {"uv": [8, 7.5, 1, 7.75], "texture": "#texture"},
				"east": {"uv": [8.25, 7.5, 7.75, 7.75], "texture": "#texture"},
				"south": {"uv": [1, 7.5, 8, 7.75], "texture": "#texture"},
				"west": {"uv": [3.5, 8.5, 4, 8.75], "texture": "#texture"},
				"up": {"uv": [1, 7.75, 8, 8.25], "texture": "#texture"}
			}
		},
		{
			"from": [1, 8, 8.25],
			"to": [6.5, 8.25, 8.5],
			"faces": {
				"east": {"uv": [7, 7.5, 6.75, 7.75], "texture": "#texture"},
				"south": {"uv": [1, 7.75, 6.5, 8], "texture": "#texture"},
				"west": {"uv": [3, 7, 3.25, 7.25], "texture": "#texture"},
				"up": {"uv": [1, 8.25, 6.5, 8.5], "texture": "#texture"},
				"down": {"uv": [15, 8.5, 9.5, 8.25], "texture": "#texture"}
			}
		},
		{
			"from": [1.25, 8.25, 7.5],
			"to": [6, 8.5, 7.75],
			"faces": {
				"north": {"uv": [6, 7.5, 1.25, 7.75], "texture": "#texture"},
				"east": {"uv": [4, 6, 3.75, 6.25], "texture": "#texture"},
				"west": {"uv": [2.5, 7, 2.75, 7.25], "texture": "#texture"},
				"up": {"uv": [1.25, 7.5, 6, 7.75], "texture": "#texture"}
			}
		},
		{
			"from": [1.5, 8.25, 8.25],
			"to": [6.25, 8.5, 8.5],
			"faces": {
				"north": {"uv": [1.49961, 7.49949, 6.24897, 8.24893], "texture": "#texture"},
				"east": {"uv": [5.99985, 6.99972, 6.24759, 7.74909], "texture": "#texture"},
				"south": {"uv": [1.49961, 7.49949, 6.24897, 8.24893], "texture": "#texture"},
				"west": {"uv": [1.49961, 7.49949, 6.24897, 8.24893], "texture": "#texture"},
				"up": {"uv": [1.49961, 7.49949, 6.24897, 8.24893], "texture": "#texture"},
				"down": {"uv": [1.49961, 7.49949, 6.24897, 8.24893], "texture": "#texture"}
			}
		},
		{
			"from": [2, 8.5, 7.75],
			"to": [5.75, 8.75, 8.25],
			"faces": {
				"north": {"uv": [5.75, 7.25, 2, 7.5], "texture": "#texture"},
				"east": {"uv": [4.5, 6, 4, 6.25], "texture": "#texture"},
				"south": {"uv": [2, 7.25, 5.75, 7.5], "texture": "#texture"},
				"west": {"uv": [3.5, 8, 4, 8.25], "texture": "#texture"},
				"up": {"uv": [2, 7.75, 5.75, 8.25], "texture": "#texture"}
			}
		},
		{
			"from": [2.625, 7.5, 7.25],
			"to": [5.5, 8.5, 7.5],
			"faces": {
				"north": {"uv": [5.5, 7.5, 2.25, 8.5], "texture": "#texture"},
				"east": {"uv": [5.5, 7.5, 2.25, 8.5], "texture": "#texture"},
				"south": {"uv": [5.5, 7.5, 2.25, 8.5], "texture": "#texture"},
				"west": {"uv": [5.5, 7.5, 2.25, 8.5], "texture": "#texture"},
				"up": {"uv": [5.5, 7.5, 2.25, 8.5], "texture": "#texture"},
				"down": {"uv": [5.5, 7.5, 2.25, 8.5], "texture": "#texture"}
			}
		},
		{
			"from": [1.1875, 7.5, 8.5],
			"to": [5.5, 8.5, 8.75],
			"faces": {
				"north": {"uv": [2.25, 7.5, 5.5, 8.5], "texture": "#texture"},
				"east": {"uv": [2.25, 7.5, 5.5, 8.5], "rotation": 270, "texture": "#texture"},
				"south": {"uv": [2.25, 7.5, 5.5, 8.5], "texture": "#texture"},
				"west": {"uv": [2.25, 7.5, 5.5, 8.5], "texture": "#texture"},
				"up": {"uv": [2.25, 7.5, 5.5, 8.5], "texture": "#texture"},
				"down": {"uv": [2.25, 7.5, 5.5, 8.5], "texture": "#texture"}
			}
		},
		{
			"from": [2.5, 8.5, 7.5],
			"to": [5.5, 8.75, 7.75],
			"faces": {
				"north": {"uv": [5.5, 7.25, 2.5, 7.5], "texture": "#texture"},
				"east": {"uv": [7, 7, 6.75, 7.25], "texture": "#texture"},
				"west": {"uv": [3, 8, 3.25, 8.25], "texture": "#texture"},
				"up": {"uv": [2.5, 7.5, 5.5, 7.75], "texture": "#texture"}
			}
		},
		{
			"from": [2.5, 8.5, 8.25],
			"to": [5.5, 8.75, 8.5],
			"faces": {
				"north": {"uv": [2.5, 8.25, 5.5, 8.5], "texture": "#texture"},
				"east": {"uv": [2.5, 8.25, 5.5, 8.5], "rotation": 90, "texture": "#texture"},
				"south": {"uv": [2.5, 8.25, 5.5, 8.5], "texture": "#texture"},
				"west": {"uv": [2.5, 8.25, 5.5, 8.5], "texture": "#texture"},
				"up": {"uv": [2.5, 8.25, 5.5, 8.5], "rotation": 180, "texture": "#texture"},
				"down": {"uv": [2.5, 8.25, 5.5, 8.5], "texture": "#texture"}
			}
		},
		{
			"from": [2.75, 7.25, 7.5],
			"to": [5, 7.5, 7.75],
			"faces": {
				"north": {"uv": [2.75, 8.5, 5, 8.75], "texture": "#texture"},
				"east": {"uv": [2.75, 8.5, 5, 8.75], "texture": "#texture"},
				"south": {"uv": [2.75, 8.5, 5, 8.75], "texture": "#texture"},
				"west": {"uv": [2.75, 8.5, 5, 8.75], "texture": "#texture"},
				"up": {"uv": [2.75, 8.5, 5, 8.75], "texture": "#texture"},
				"down": {"uv": [2.75, 8.5, 5, 8.75], "texture": "#texture"}
			}
		},
		{
			"from": [2.75, 7.25, 8.25],
			"to": [5, 7.5, 8.5],
			"faces": {
				"east": {"uv": [3, 8, 3.25, 8.25], "texture": "#texture"},
				"south": {"uv": [2.75, 8.5, 5, 8.75], "texture": "#texture"},
				"west": {"uv": [4, 8.5, 4.25, 8.75], "texture": "#texture"},
				"down": {"uv": [2.75, 8.25, 5, 8.5], "texture": "#texture"}
			}
		},
		{
			"from": [3, 8.5, 7.25],
			"to": [5, 8.75, 7.5],
			"faces": {
				"north": {"uv": [5, 7.25, 3, 7.5], "texture": "#texture"},
				"east": {"uv": [5, 7.25, 3, 7.5], "texture": "#texture"},
				"south": {"uv": [5, 7.25, 3, 7.5], "texture": "#texture"},
				"west": {"uv": [5, 7.25, 3, 7.5], "texture": "#texture"},
				"up": {"uv": [5, 7.25, 3, 7.5], "texture": "#texture"},
				"down": {"uv": [5, 7.25, 3, 7.5], "texture": "#texture"}
			}
		},
		{
			"from": [2.0625, 8.75, 7.75],
			"to": [5, 9, 8.25],
			"faces": {
				"north": {"uv": [3, 7, 5, 7.25], "texture": "#texture"},
				"east": {"uv": [3, 7, 5, 7.25], "texture": "#texture"},
				"south": {"uv": [3, 7, 5, 7.25], "texture": "#texture"},
				"west": {"uv": [3, 7, 5, 7.25], "texture": "#texture"},
				"up": {"uv": [3, 7, 5, 7.25], "texture": "#texture"},
				"down": {"uv": [3, 7, 5, 7.25], "texture": "#texture"}
			}
		},
		{
			"from": [1.9375, 8.5, 8.5],
			"to": [5, 8.75, 8.75],
			"faces": {
				"east": {"uv": [4, 7, 3.75, 7.25], "texture": "#texture"},
				"south": {"uv": [3, 7.25, 5, 7.5], "texture": "#texture"},
				"west": {"uv": [2.5, 8, 2.75, 8.25], "texture": "#texture"},
				"up": {"uv": [3, 8.5, 5, 8.75], "texture": "#texture"}
			}
		},
		{
			"from": [3.25, 7, 7.75],
			"to": [4.75, 7.25, 8.25],
			"faces": {
				"north": {"uv": [3.25, 7.75, 4.75, 8.25], "texture": "#texture"},
				"east": {"uv": [3.25, 7.75, 4.75, 8.25], "texture": "#texture"},
				"south": {"uv": [3.25, 7.75, 4.75, 8.25], "texture": "#texture"},
				"west": {"uv": [3.25, 7.75, 4.75, 8.25], "texture": "#texture"},
				"up": {"uv": [3.25, 7.75, 4.75, 8.25], "texture": "#texture"},
				"down": {"uv": [3.25, 7.75, 4.75, 8.25], "texture": "#texture"}
			}
		},
		{
			"from": [3.5, 7.5, 7],
			"to": [4.5, 8.5, 7.25],
			"faces": {
				"north": {"uv": [4.5, 7.5, 3.5, 8.5], "texture": "#texture"},
				"east": {"uv": [4.5, 7.5, 3.5, 8.5], "texture": "#texture"},
				"south": {"uv": [4.5, 7.5, 3.5, 8.5], "texture": "#texture"},
				"west": {"uv": [4.5, 7.5, 3.5, 8.5], "texture": "#texture"},
				"up": {"uv": [4.5, 7.5, 3.5, 8.5], "texture": "#texture"},
				"down": {"uv": [4.5, 7.5, 3.5, 8.5], "texture": "#texture"}
			}
		},
		{
			"from": [3.5625, 7.25, 7.25],
			"to": [4.75, 7.5, 7.5],
			"faces": {
				"north": {"uv": [3.5, 8.5, 4.75, 8.75], "texture": "#texture"},
				"east": {"uv": [3.5, 8.5, 4.75, 8.75], "texture": "#texture"},
				"south": {"uv": [3.5, 8.5, 4.75, 8.75], "texture": "#texture"},
				"west": {"uv": [3.5, 8.5, 4.75, 8.75], "texture": "#texture"},
				"up": {"uv": [3.5, 8.5, 4.75, 8.75], "texture": "#texture"},
				"down": {"uv": [3.5, 8.5, 4.75, 8.75], "texture": "#texture"}
			}
		},
		{
			"from": [3.5, 7.25, 8.5],
			"to": [4.75, 7.5, 8.75],
			"faces": {
				"north": {"uv": [3.5, 8.5, 4.75, 8.75], "texture": "#texture"},
				"east": {"uv": [3.5, 8.5, 4.75, 8.75], "texture": "#texture"},
				"south": {"uv": [3.5, 8.5, 4.75, 8.75], "texture": "#texture"},
				"west": {"uv": [3.5, 8.5, 4.75, 8.75], "texture": "#texture"},
				"up": {"uv": [3.5, 8.5, 4.75, 8.75], "texture": "#texture"},
				"down": {"uv": [3.5, 8.5, 4.75, 8.75], "texture": "#texture"}
			}
		},
		{
			"from": [2.625, 7.5, 8.75],
			"to": [4.5, 8.5, 9],
			"faces": {
				"north": {"uv": [3.5, 7.5, 4.5, 8.5], "texture": "#texture"},
				"east": {"uv": [3.5, 7.5, 4.5, 8.5], "texture": "#texture"},
				"south": {"uv": [3.5, 7.5, 4.5, 8.5], "texture": "#texture"},
				"west": {"uv": [3.5, 7.5, 4.5, 8.5], "texture": "#texture"},
				"up": {"uv": [3.5, 7.5, 4.5, 8.5], "texture": "#texture"},
				"down": {"uv": [3.5, 7.5, 4.5, 8.5], "texture": "#texture"}
			}
		},
		{
			"from": [3.75, 7, 7.5],
			"to": [4.25, 7.25, 7.75],
			"faces": {
				"north": {"uv": [3.75, 8.75, 4.25, 9], "texture": "#texture"},
				"east": {"uv": [3.75, 8.75, 4.25, 9], "texture": "#texture"},
				"south": {"uv": [3.75, 8.75, 4.25, 9], "texture": "#texture"},
				"west": {"uv": [3.75, 8.75, 4.25, 9], "texture": "#texture"},
				"up": {"uv": [3.75, 8.75, 4.25, 9], "texture": "#texture"},
				"down": {"uv": [3.75, 8.75, 4.25, 9], "texture": "#texture"}
			}
		},
		{
			"from": [2.75, 8.75, 7.5],
			"to": [4.5, 9, 7.75],
			"faces": {
				"north": {"uv": [3.75, 7.5, 4.5, 7.75], "texture": "#texture"},
				"east": {"uv": [3.75, 7.5, 4.5, 7.75], "texture": "#texture"},
				"south": {"uv": [3.75, 7.5, 4.5, 7.75], "texture": "#texture"},
				"west": {"uv": [3.75, 7.5, 4.5, 7.75], "texture": "#texture"},
				"up": {"uv": [3.75, 7.5, 4.5, 7.75], "texture": "#texture"},
				"down": {"uv": [3.75, 7.5, 4.5, 7.75], "texture": "#texture"}
			}
		},
		{
			"from": [3.75, 7, 8.25],
			"to": [4.25, 7.25, 8.5],
			"faces": {
				"east": {"uv": [4.5, 8.5, 4.75, 8.75], "texture": "#texture"},
				"south": {"uv": [3.75, 8.75, 4.25, 9], "texture": "#texture"},
				"west": {"uv": [4.5, 9, 4.75, 9.25], "texture": "#texture"},
				"down": {"uv": [3.75, 8.25, 4.25, 8.5], "texture": "#texture"}
			}
		},
		{
			"from": [3.75, 8.75, 8.25],
			"to": [4.5, 9, 8.5],
			"faces": {
				"north": {"uv": [3.75, 7, 4.5, 7.25], "texture": "#texture"},
				"east": {"uv": [3.75, 7, 4.5, 7.25], "texture": "#texture"},
				"south": {"uv": [3.75, 7, 4.5, 7.25], "texture": "#texture"},
				"west": {"uv": [3.75, 7, 4.5, 7.25], "texture": "#texture"},
				"up": {"uv": [3.75, 7, 4.5, 7.25], "texture": "#texture"},
				"down": {"uv": [3.75, 7, 4.5, 7.25], "texture": "#texture"}
			}
		},
		{
			"from": [4, 7.25, 7],
			"to": [4.25, 7.5, 7.25],
			"faces": {
				"north": {"uv": [4, 8.5, 4.25, 8.75], "texture": "#texture"},
				"east": {"uv": [4, 8.5, 4.25, 8.75], "texture": "#texture"},
				"south": {"uv": [4, 8.5, 4.25, 8.75], "texture": "#texture"},
				"west": {"uv": [4, 8.5, 4.25, 8.75], "texture": "#texture"},
				"up": {"uv": [4, 8.5, 4.25, 8.75], "texture": "#texture"},
				"down": {"uv": [4, 8.5, 4.25, 8.75], "texture": "#texture"}
			}
		},
		{
			"from": [4, 8.5, 7],
			"to": [4.25, 8.75, 7.25],
			"faces": {
				"north": {"uv": [4.25, 7.25, 4, 7.5], "texture": "#texture"},
				"east": {"uv": [4.25, 7.25, 4, 7.5], "texture": "#texture"},
				"south": {"uv": [4.25, 7.25, 4, 7.5], "texture": "#texture"},
				"west": {"uv": [4.25, 7.25, 4, 7.5], "texture": "#texture"},
				"up": {"uv": [4.25, 7.25, 4, 7.5], "texture": "#texture"},
				"down": {"uv": [4.25, 7.25, 4, 7.5], "texture": "#texture"}
			}
		},
		{
			"from": [4, 7.25, 8.75],
			"to": [4.25, 7.5, 9],
			"faces": {
				"north": {"uv": [4, 8.5, 4.25, 8.75], "texture": "#texture"},
				"east": {"uv": [4, 8.5, 4.25, 8.75], "texture": "#texture"},
				"south": {"uv": [4, 8.5, 4.25, 8.75], "texture": "#texture"},
				"west": {"uv": [4, 8.5, 4.25, 8.75], "texture": "#texture"},
				"up": {"uv": [4, 8.5, 4.25, 8.75], "texture": "#texture"},
				"down": {"uv": [4, 8.5, 4.25, 8.75], "texture": "#texture"}
			}
		},
		{
			"from": [4, 8.5, 8.75],
			"to": [4.25, 8.75, 9],
			"faces": {
				"east": {"uv": [4, 7, 3.75, 7.25], "texture": "#texture"},
				"south": {"uv": [4, 7.25, 4.25, 7.5], "texture": "#texture"},
				"west": {"uv": [2.5, 7.5, 2.75, 7.75], "texture": "#texture"},
				"up": {"uv": [4, 8.75, 4.25, 9], "texture": "#texture"}
			}
		},
		{
			"from": [5.75, 7.75, 7.5],
			"to": [6.5, 8, 7.75],
			"faces": {
				"north": {"uv": [6.5, 8, 5.75, 8.25], "texture": "#texture"},
				"east": {"uv": [6.5, 8, 6.75, 8.25], "texture": "#texture"},
				"south": {"uv": [5.75, 8, 6.5, 8.25], "texture": "#texture"},
				"down": {"uv": [5.75, 7.5, 6.5, 7.75], "texture": "#texture"}
			}
		},
		{
			"from": [5.75, 7.75, 8.25],
			"to": [6.5, 8, 8.5],
			"faces": {
				"north": {"uv": [5.75, 8, 6.5, 8.25], "texture": "#texture"},
				"east": {"uv": [6.5, 8, 6.75, 8.25], "texture": "#texture"},
				"south": {"uv": [5.75, 8, 6.5, 8.25], "texture": "#texture"},
				"down": {"uv": [5.75, 8.25, 6.5, 8.5], "texture": "#texture"}
			}
		},
		{
			"from": [6, 7.75, 7.75],
			"to": [9.25, 8, 8.25],
			"faces": {
				"north": {"uv": [9.25, 8, 6, 8.25], "texture": "#texture"},
				"east": {"uv": [7.75, 8, 8.25, 8.25], "texture": "#texture"},
				"south": {"uv": [6, 8, 9.25, 8.25], "texture": "#texture"},
				"down": {"uv": [6, 7.75, 9.25, 8.25], "texture": "#texture"}
			}
		},
		{
			"from": [6.75, 7.75, 7.5],
			"to": [7.5, 8.25, 7.75],
			"faces": {
				"north": {"uv": [7.5, 7.75, 6.75, 8.25], "texture": "#texture"},
				"east": {"uv": [7, 7.5, 7.25, 8], "texture": "#texture"},
				"south": {"uv": [6.75, 7.75, 7.5, 8.25], "texture": "#texture"},
				"west": {"uv": [6.5, 7.5, 6.75, 8], "texture": "#texture"},
				"up": {"uv": [6.75, 7.5, 7.5, 7.75], "texture": "#texture"},
				"down": {"uv": [6.75, 7.5, 7.5, 7.75], "texture": "#texture"}
			}
		},
		{
			"from": [6.75, 7.5, 7.75],
			"to": [7.5, 7.75, 8.25],
			"faces": {
				"north": {"uv": [7.5, 8.25, 6.75, 8.5], "texture": "#texture"},
				"east": {"uv": [7, 8, 7.5, 8.25], "texture": "#texture"},
				"south": {"uv": [6.75, 8.25, 7.5, 8.5], "texture": "#texture"},
				"west": {"uv": [6.5, 8, 7, 8.25], "texture": "#texture"},
				"down": {"uv": [6.75, 7.75, 7.5, 8.25], "texture": "#texture"}
			}
		},
		{
			"from": [6.75, 7.75, 8.25],
			"to": [7.5, 8.25, 8.5],
			"faces": {
				"north": {"uv": [6.75, 7.75, 7.5, 8.25], "texture": "#texture"},
				"east": {"uv": [7, 7.5, 7.25, 8], "texture": "#texture"},
				"south": {"uv": [6.75, 7.75, 7.5, 8.25], "texture": "#texture"},
				"west": {"uv": [6.5, 7.5, 6.75, 8], "texture": "#texture"},
				"up": {"uv": [6.75, 8.25, 7.5, 8.5], "texture": "#texture"},
				"down": {"uv": [6.75, 8.25, 7.5, 8.5], "texture": "#texture"}
			}
		},
		{
			"from": [9, 8.25, 7.75],
			"to": [12.5, 8.5, 8.25],
			"faces": {
				"north": {"uv": [12.5, 7.5, 9, 7.75], "texture": "#texture"},
				"east": {"uv": [12.5, 7.5, 13, 7.75], "texture": "#texture"},
				"south": {"uv": [9, 7.5, 12.5, 7.75], "texture": "#texture"},
				"west": {"uv": [7.75, 7.5, 8.25, 7.75], "texture": "#texture"},
				"up": {"uv": [9, 7.75, 12.5, 8.25], "texture": "#texture"},
				"down": {"uv": [9, 8.5, 14.5, 9], "texture": "#texture"}
			}
		},
		{
			"from": [9.75, 8.5, 7.75],
			"to": [16.5625, 8.75, 8.25],
			"faces": {
				"north": {"uv": [9.75, 7.25, 16, 7.5], "texture": "#texture"},
				"east": {"uv": [11.5, 7, 12, 7.25], "texture": "#texture", "cullface": "east"},
				"south": {"uv": [9.75, 7.25, 16, 7.5], "texture": "#texture"},
				"west": {"uv": [10, 7, 10.5, 7.25], "texture": "#texture"},
				"up": {"uv": [11.5, 7.5, 16, 8], "texture": "#texture"},
				"down": {"uv": [9.75, 7.75, 16, 8.25], "texture": "#texture"}
			}
		},
		{
			"from": [15.5625, 8.25, 7.75],
			"to": [16.3125, 8.5, 8.25],
			"faces": {
				"north": {"uv": [15, 7.5, 15.75, 7.75], "texture": "#texture"},
				"east": {"uv": [12, 7, 12.5, 7.25], "texture": "#texture"},
				"south": {"uv": [15, 7.5, 15.75, 7.75], "texture": "#texture"},
				"west": {"uv": [13, 7.5, 13.5, 7.75], "texture": "#texture"},
				"down": {"uv": [15, 7.75, 15.75, 8.25], "texture": "#texture"}
			}
		},
		{
			"from": [16.25, 8.75, 8],
			"to": [16.6875, 9, 8.25],
			"faces": {
				"north": {"uv": [15.25, 7, 15.75, 7.25], "texture": "#texture"},
				"east": {"uv": [11.5, 7, 11.75, 7.25], "texture": "#texture"},
				"south": {"uv": [15.25, 7, 15.75, 7.25], "texture": "#texture"},
				"west": {"uv": [10.5, 7, 10.75, 7.25], "texture": "#texture"},
				"up": {"uv": [15.25, 8, 15.75, 8.25], "texture": "#texture"}
			}
		},
		{
			"from": [16.4375, 8.75, 7.75],
			"to": [16.6875, 9, 8],
			"faces": {
				"north": {"uv": [15.75, 7, 15.5, 7.25], "texture": "#texture"},
				"east": {"uv": [11.5, 7, 11.25, 7.25], "texture": "#texture"},
				"west": {"uv": [10.5, 7, 10.75, 7.25], "texture": "#texture"},
				"up": {"uv": [15.5, 7.75, 15.75, 8], "texture": "#texture"}
			}
		}
	],
	"display": {
		"thirdperson_righthand": {
			"rotation": [90, 90, 0],
			"translation": [0, -6.43, 0],
			"scale": [2.7, 2.7, 2.7]
		},
		"thirdperson_lefthand": {
			"rotation": [90, -90, 0],
			"translation": [0, -6.43, 0],
			"scale": [2.7, 2.7, 2.7]
		},
		"firstperson_righthand": {
			"rotation": [0, 90, 75],
			"translation": [0, 2, 2],
			"scale": [1.7, 1.7, 1.7]
		},
		"firstperson_lefthand": {
			"rotation": [0, -90, -75],
			"translation": [0, 2, 2],
			"scale": [1.7, 1.7, 1.7]
		},
		"ground": {
			"translation": [0, -4, 0],
			"scale": [2, 2, 2]
		},
		"gui": {
			"rotation": [26, 16, 41],
			"scale": [1.3, 1.3, 1.3]
		},
		"head": {
			"rotation": [0, 90, 18],
			"translation": [0, -31, 3.5],
			"scale": [4, 4, 4]
		},
		"fixed": {
			"rotation": [0, 0, 134],
			"translation": [0, 0, -1.5],
			"scale": [1.5, 1.5, 1.5]
		}
	}
}