{
	"credit": "Made by Ara using Blockbench",
	"ambientocclusion": false,
	"textures": {
		"texture": "block/diamond_sword/108"
	},
	"elements": [
		{
			"name": "cube",
			"from": [7.875, 1.5, 8.125],
			"to": [8.125, 6, 8.25],
			"faces": {
				"north": {"uv": [15, 0, 15.125, 2.25], "texture": "#texture"},
				"east": {"uv": [15, 0, 15.0625, 2.25], "texture": "#texture"},
				"south": {"uv": [15, 0, 15.125, 2.25], "texture": "#texture"},
				"west": {"uv": [15, 0, 15.0625, 2.25], "texture": "#texture"},
				"up": {"uv": [10, 5, 10.125, 5.0625], "texture": "#texture"},
				"down": {"uv": [10, 5, 10.125, 5.0625], "texture": "#texture"}
			}
		},
		{
			"name": "cube",
			"from": [8.125, 1.5, 7.875],
			"to": [8.25, 6, 8.125],
			"faces": {
				"north": {"uv": [15, 0, 15.0625, 2.25], "texture": "#texture"},
				"east": {"uv": [15, 0, 15.125, 2.25], "texture": "#texture"},
				"south": {"uv": [15, 0, 15.0625, 2.25], "texture": "#texture"},
				"west": {"uv": [15, 0, 15.125, 2.25], "texture": "#texture"},
				"up": {"uv": [10, 5, 10.0625, 5.125], "texture": "#texture"},
				"down": {"uv": [10, 5, 10.0625, 5.125], "texture": "#texture"}
			}
		},
		{
			"name": "cube",
			"from": [7.75, 1.5, 7.875],
			"to": [7.875, 6, 8.125],
			"faces": {
				"north": {"uv": [15, 0, 15.0625, 2.25], "texture": "#texture"},
				"east": {"uv": [15, 0, 15.125, 2.25], "texture": "#texture"},
				"south": {"uv": [15, 0, 15.0625, 2.25], "texture": "#texture"},
				"west": {"uv": [15, 0, 15.125, 2.25], "texture": "#texture"},
				"up": {"uv": [10, 5, 10.0625, 5.125], "texture": "#texture"},
				"down": {"uv": [10, 5, 10.0625, 5.125], "texture": "#texture"}
			}
		},
		{
			"name": "cube",
			"from": [7.875, 1.5, 7.75],
			"to": [8.125, 6, 7.875],
			"faces": {
				"north": {"uv": [15, 0, 15.125, 2.25], "texture": "#texture"},
				"east": {"uv": [15, 0, 15.0625, 2.25], "texture": "#texture"},
				"south": {"uv": [15, 0, 15.125, 2.25], "texture": "#texture"},
				"west": {"uv": [15, 0, 15.0625, 2.25], "texture": "#texture"},
				"up": {"uv": [10, 5, 10.125, 5.0625], "texture": "#texture"},
				"down": {"uv": [10, 5, 10.125, 5.0625], "texture": "#texture"}
			}
		},
		{
			"name": "cube",
			"from": [7.875, 1, 7.875],
			"to": [8.125, 6, 8.125],
			"faces": {
				"north": {"uv": [15, 0, 15.5, 16], "texture": "#texture"},
				"east": {"uv": [15, 0, 15.5, 16], "texture": "#texture"},
				"south": {"uv": [15, 0, 15.5, 16], "texture": "#texture"},
				"west": {"uv": [15, 0, 15.5, 16], "texture": "#texture"},
				"up": {"uv": [10, 5, 10.5, 6.5], "texture": "#texture"},
				"down": {"uv": [10, 5, 10.5, 6.5], "texture": "#texture"}
			}
		},
		{
			"name": "cube",
			"from": [7.9375, 0.75, 7.6875],
			"to": [8.0625, 1.375, 7.8125],
			"faces": {
				"north": {"uv": [12.99975, 2.49959, 14.06127, 4.68492], "texture": "#texture"},
				"east": {"uv": [12.99975, 2.49959, 14.06127, 4.68492], "texture": "#texture"},
				"south": {"uv": [12.99975, 2.49959, 14.06127, 4.68492], "texture": "#texture"},
				"west": {"uv": [12.99975, 2.49959, 14.06127, 4.68492], "texture": "#texture"},
				"up": {"uv": [12.99975, 2.49959, 14.06127, 4.68492], "texture": "#texture"},
				"down": {"uv": [12.99975, 2.49959, 14.06127, 4.68492], "texture": "#texture"}
			}
		},
		{
			"name": "cube",
			"from": [7.6875, 0.75, 7.9375],
			"to": [7.8125, 1.375, 8.0625],
			"faces": {
				"north": {"uv": [12.99975, 2.49959, 14.06127, 4.68492], "texture": "#texture"},
				"east": {"uv": [12.99975, 2.49959, 14.06127, 4.68492], "texture": "#texture"},
				"south": {"uv": [12.99975, 2.49959, 14.06127, 4.68492], "texture": "#texture"},
				"west": {"uv": [12.99975, 2.49959, 14.06127, 4.68492], "texture": "#texture"},
				"up": {"uv": [12.99975, 2.49959, 14.06127, 4.68492], "texture": "#texture"},
				"down": {"uv": [12.99975, 2.49959, 14.06127, 4.68492], "texture": "#texture"}
			}
		},
		{
			"name": "cube",
			"from": [7.9375, 0.75, 8.1875],
			"to": [8.0625, 1.375, 8.3125],
			"faces": {
				"north": {"uv": [12.99975, 2.49959, 14.06127, 4.68492], "texture": "#texture"},
				"east": {"uv": [12.99975, 2.49959, 14.06127, 4.68492], "texture": "#texture"},
				"south": {"uv": [12.99975, 2.49959, 14.06127, 4.68492], "texture": "#texture"},
				"west": {"uv": [12.99975, 2.49959, 14.06127, 4.68492], "texture": "#texture"},
				"up": {"uv": [12.99975, 2.49959, 14.06127, 4.68492], "texture": "#texture"},
				"down": {"uv": [12.99975, 2.49959, 14.06127, 4.68492], "texture": "#texture"}
			}
		},
		{
			"name": "cube",
			"from": [8.1875, 0.75, 7.9375],
			"to": [8.3125, 1.375, 8.0625],
			"faces": {
				"north": {"uv": [12.99975, 2.49959, 14.06127, 4.68492], "texture": "#texture"},
				"east": {"uv": [12.99975, 2.49959, 14.06127, 4.68492], "texture": "#texture"},
				"south": {"uv": [12.99975, 2.49959, 14.06127, 4.68492], "texture": "#texture"},
				"west": {"uv": [12.99975, 2.49959, 14.06127, 4.68492], "texture": "#texture"},
				"up": {"uv": [12.99975, 2.49959, 14.06127, 4.68492], "texture": "#texture"},
				"down": {"uv": [12.99975, 2.49959, 14.06127, 4.68492], "texture": "#texture"}
			}
		},
		{
			"name": "cube",
			"from": [7.9375, -0.25, 7.9375],
			"to": [8.0625, -0.125, 8.0625],
			"faces": {
				"north": {"uv": [12.49939, 2.99994, 14.06128, 4.06147], "texture": "#texture"},
				"east": {"uv": [12.49939, 2.99994, 14.06128, 4.06147], "texture": "#texture"},
				"south": {"uv": [12.49939, 2.99994, 14.06128, 4.06147], "texture": "#texture"},
				"west": {"uv": [12.49939, 2.99994, 14.06128, 4.06147], "texture": "#texture"},
				"up": {"uv": [12.49939, 2.99994, 14.06128, 4.06147], "texture": "#texture"},
				"down": {"uv": [12.49939, 2.99994, 14.06128, 4.06147], "texture": "#texture"}
			}
		},
		{
			"name": "cube",
			"from": [7.9375, 0, 7.9375],
			"to": [8.0625, 0.125, 8.0625],
			"faces": {
				"north": {"uv": [12.5, 0, 12.5625, 0.0625], "texture": "#texture"},
				"east": {"uv": [12.5, 0, 12.5625, 0.0625], "texture": "#texture"},
				"south": {"uv": [12.5, 0, 12.5625, 0.0625], "texture": "#texture"},
				"west": {"uv": [12.5, 0, 12.5625, 0.0625], "texture": "#texture"},
				"up": {"uv": [12.5, 0, 12.5625, 0.0625], "texture": "#texture"},
				"down": {"uv": [12.5, 0, 12.5625, 0.0625], "texture": "#texture"}
			}
		},
		{
			"name": "cube",
			"from": [7.875, 0.125, 7.875],
			"to": [8.125, 1, 8.125],
			"faces": {
				"north": {"uv": [12.5, 0, 12.625, 0.4375], "texture": "#texture"},
				"east": {"uv": [12.5, 0, 12.625, 0.4375], "texture": "#texture"},
				"south": {"uv": [12.5, 0, 12.625, 0.4375], "texture": "#texture"},
				"west": {"uv": [12.5, 0, 12.625, 0.4375], "texture": "#texture"},
				"up": {"uv": [12.5, 0, 12.625, 0.125], "texture": "#texture"},
				"down": {"uv": [12.5, 0, 12.625, 0.125], "texture": "#texture"}
			}
		},
		{
			"name": "cube",
			"from": [7.75, 1.125, 7.75],
			"to": [8.25, 1.375, 8.25],
			"faces": {
				"north": {"uv": [12.49939, 1.99996, 14.24737, 3.12376], "texture": "#texture"},
				"east": {"uv": [12.49939, 1.99996, 14.24737, 3.12376], "texture": "#texture"},
				"south": {"uv": [12.49939, 1.99996, 14.24737, 3.12376], "texture": "#texture"},
				"west": {"uv": [12.49939, 1.99996, 14.24737, 3.12376], "texture": "#texture"},
				"up": {"uv": [12.49939, 0.99998, 14.24737, 2.12378], "texture": "#texture"},
				"down": {"uv": [12.49939, 2.99994, 14.24737, 4.12374], "texture": "#texture"}
			}
		},
		{
			"name": "cube",
			"from": [7.75, 6.75, 7.75],
			"to": [8.25, 7, 8.25],
			"faces": {
				"north": {"uv": [12, 2.5, 14.5, 5], "texture": "#texture"},
				"east": {"uv": [12, 2.5, 14.5, 5], "texture": "#texture"},
				"south": {"uv": [12, 2.5, 14.5, 5], "texture": "#texture"},
				"west": {"uv": [12, 2.5, 14.5, 5], "texture": "#texture"},
				"up": {"uv": [12, 2.5, 12.5, 3], "texture": "#texture"},
				"down": {"uv": [12, 2.5, 12.5, 3], "texture": "#texture"}
			}
		},
		{
			"name": "cube",
			"from": [8.25, 6.75, 7.875],
			"to": [8.375, 7, 8.125],
			"faces": {
				"north": {"uv": [12, 2.5, 14.5, 5], "texture": "#texture"},
				"east": {"uv": [12, 2.5, 14.5, 5], "texture": "#texture"},
				"south": {"uv": [12, 2.5, 14.5, 5], "texture": "#texture"},
				"west": {"uv": [12, 2.5, 14.5, 5], "texture": "#texture"},
				"up": {"uv": [12, 2.5, 12.5, 3], "texture": "#texture"},
				"down": {"uv": [12, 2.5, 12.5, 3], "texture": "#texture"}
			}
		},
		{
			"name": "cube",
			"from": [7.875, 6.75, 8.25],
			"to": [8.125, 7, 8.375],
			"faces": {
				"north": {"uv": [12, 2.5, 14.5, 5], "texture": "#texture"},
				"east": {"uv": [12, 2.5, 14.5, 5], "texture": "#texture"},
				"south": {"uv": [12, 2.5, 14.5, 5], "texture": "#texture"},
				"west": {"uv": [12, 2.5, 14.5, 5], "texture": "#texture"},
				"up": {"uv": [12, 2.5, 12.5, 3], "texture": "#texture"},
				"down": {"uv": [12, 2.5, 12.5, 3], "texture": "#texture"}
			}
		},
		{
			"name": "cube",
			"from": [7.875, 6.75, 7.625],
			"to": [8.125, 7, 7.75],
			"faces": {
				"north": {"uv": [12, 2.5, 14.5, 5], "texture": "#texture"},
				"east": {"uv": [12, 2.5, 14.5, 5], "texture": "#texture"},
				"south": {"uv": [12, 2.5, 14.5, 5], "texture": "#texture"},
				"west": {"uv": [12, 2.5, 14.5, 5], "texture": "#texture"},
				"up": {"uv": [12, 2.5, 12.5, 3], "texture": "#texture"},
				"down": {"uv": [12, 2.5, 12.5, 3], "texture": "#texture"}
			}
		},
		{
			"name": "cube",
			"from": [7.75, 6.5, 7.75],
			"to": [8.25, 6.75, 8.25],
			"faces": {
				"north": {"uv": [12, 5, 10, 3.5], "texture": "#texture"},
				"east": {"uv": [12, 5, 10, 3.5], "texture": "#texture"},
				"south": {"uv": [12, 5, 10, 3.5], "texture": "#texture"},
				"west": {"uv": [12, 5, 10, 3.5], "texture": "#texture"},
				"up": {"uv": [10, 2, 12, 3], "texture": "#texture"},
				"down": {"uv": [10, 2, 12, 3], "texture": "#texture"}
			}
		},
		{
			"name": "cube",
			"from": [8.25, 6.5, 7.875],
			"to": [8.375, 6.75, 8.125],
			"faces": {
				"north": {"uv": [12, 5, 10, 3.5], "texture": "#texture"},
				"east": {"uv": [12, 5, 10, 3.5], "texture": "#texture"},
				"south": {"uv": [12, 5, 10, 3.5], "texture": "#texture"},
				"west": {"uv": [12, 5, 10, 3.5], "texture": "#texture"},
				"up": {"uv": [10, 2, 12, 3], "texture": "#texture"},
				"down": {"uv": [10, 2, 12, 3], "texture": "#texture"}
			}
		},
		{
			"name": "cube",
			"from": [7.875, 6.5, 8.25],
			"to": [8.125, 6.75, 8.375],
			"faces": {
				"north": {"uv": [12, 5, 10, 3.5], "texture": "#texture"},
				"east": {"uv": [12, 5, 10, 3.5], "texture": "#texture"},
				"south": {"uv": [12, 5, 10, 3.5], "texture": "#texture"},
				"west": {"uv": [12, 5, 10, 3.5], "texture": "#texture"},
				"up": {"uv": [10, 2, 12, 3], "texture": "#texture"},
				"down": {"uv": [10, 2, 12, 3], "texture": "#texture"}
			}
		},
		{
			"name": "cube",
			"from": [7.875, 6.5, 7.625],
			"to": [8.125, 6.75, 7.75],
			"faces": {
				"north": {"uv": [12, 5, 10, 3.5], "texture": "#texture"},
				"east": {"uv": [12, 5, 10, 3.5], "texture": "#texture"},
				"south": {"uv": [12, 5, 10, 3.5], "texture": "#texture"},
				"west": {"uv": [12, 5, 10, 3.5], "texture": "#texture"},
				"up": {"uv": [10, 2, 12, 3], "texture": "#texture"},
				"down": {"uv": [10, 2, 12, 3], "texture": "#texture"}
			}
		},
		{
			"name": "cube",
			"from": [7.625, 6.75, 7.875],
			"to": [7.75, 7, 8.125],
			"faces": {
				"north": {"uv": [12, 2.5, 14.5, 5], "texture": "#texture"},
				"east": {"uv": [12, 2.5, 14.5, 5], "texture": "#texture"},
				"south": {"uv": [12, 2.5, 14.5, 5], "texture": "#texture"},
				"west": {"uv": [12, 2.5, 14.5, 5], "texture": "#texture"},
				"up": {"uv": [12, 2.5, 12.5, 3], "texture": "#texture"},
				"down": {"uv": [12, 2.5, 12.5, 3], "texture": "#texture"}
			}
		},
		{
			"name": "cube",
			"from": [7.875, 7, 8.3125],
			"to": [8.125, 7.125, 8.6875],
			"faces": {
				"north": {"uv": [13.5, 2.5, 13.625, 2.5625], "texture": "#texture"},
				"east": {"uv": [13.5, 2.5, 13.6875, 2.5625], "texture": "#texture"},
				"south": {"uv": [13.5, 2.5, 13.625, 2.5625], "texture": "#texture"},
				"west": {"uv": [13.5, 2.5, 13.6875, 2.5625], "texture": "#texture"},
				"up": {"uv": [12, 2.5, 12.1875, 2.625], "texture": "#texture", "rotation": 270},
				"down": {"uv": [12, 2.5, 12.1875, 2.625], "texture": "#texture", "rotation": 90}
			}
		},
		{
			"name": "cube",
			"from": [7.3125, 7, 7.875],
			"to": [7.6875, 7.125, 8.125],
			"faces": {
				"north": {"uv": [13.5, 2.5, 13.6875, 2.5625], "texture": "#texture"},
				"east": {"uv": [13.5, 2.5, 13.625, 2.5625], "texture": "#texture"},
				"south": {"uv": [13.5, 2.5, 13.6875, 2.5625], "texture": "#texture"},
				"west": {"uv": [13.5, 2.5, 13.625, 2.5625], "texture": "#texture"},
				"up": {"uv": [12, 2.5, 12.1875, 2.625], "texture": "#texture"},
				"down": {"uv": [12, 2.5, 12.1875, 2.625], "texture": "#texture"}
			}
		},
		{
			"name": "cube",
			"from": [8.3125, 7, 7.875],
			"to": [8.6875, 7.125, 8.125],
			"faces": {
				"north": {"uv": [13.5, 2.5, 13.6875, 2.5625], "texture": "#texture"},
				"east": {"uv": [13.5, 2.5, 13.625, 2.5625], "texture": "#texture"},
				"south": {"uv": [13.5, 2.5, 13.6875, 2.5625], "texture": "#texture"},
				"west": {"uv": [13.5, 2.5, 13.625, 2.5625], "texture": "#texture"},
				"up": {"uv": [12, 2.5, 12.1875, 2.625], "texture": "#texture", "rotation": 180},
				"down": {"uv": [12, 2.5, 12.1875, 2.625], "texture": "#texture", "rotation": 180}
			}
		},
		{
			"name": "cube",
			"from": [7.875, 7, 7.3125],
			"to": [8.125, 7.125, 7.6875],
			"faces": {
				"north": {"uv": [13.5, 2.5, 13.625, 2.5625], "texture": "#texture"},
				"east": {"uv": [13.5, 2.5, 13.6875, 2.5625], "texture": "#texture"},
				"south": {"uv": [13.5, 2.5, 13.625, 2.5625], "texture": "#texture"},
				"west": {"uv": [13.5, 2.5, 13.6875, 2.5625], "texture": "#texture"},
				"up": {"uv": [12, 2.5, 12.1875, 2.625], "texture": "#texture", "rotation": 90},
				"down": {"uv": [12, 2.5, 12.1875, 2.625], "texture": "#texture", "rotation": 270}
			}
		},
		{
			"name": "cube",
			"from": [7.625, 6.5, 7.875],
			"to": [7.75, 6.75, 8.125],
			"faces": {
				"north": {"uv": [12, 5, 10, 3.5], "texture": "#texture"},
				"east": {"uv": [12, 5, 10, 3.5], "texture": "#texture"},
				"south": {"uv": [12, 5, 10, 3.5], "texture": "#texture"},
				"west": {"uv": [12, 5, 10, 3.5], "texture": "#texture"},
				"up": {"uv": [10, 2, 12, 3], "texture": "#texture"},
				"down": {"uv": [10, 2, 12, 3], "texture": "#texture"}
			}
		},
		{
			"name": "cube",
			"from": [7.75, 6, 7.75],
			"to": [8.25, 6.25, 8.25],
			"faces": {
				"north": {"uv": [12, 5, 10, 3.5], "texture": "#texture"},
				"east": {"uv": [12, 5, 10, 3.5], "texture": "#texture"},
				"south": {"uv": [12, 5, 10, 3.5], "texture": "#texture"},
				"west": {"uv": [12, 5, 10, 3.5], "texture": "#texture"},
				"up": {"uv": [10, 2, 12, 3], "texture": "#texture"},
				"down": {"uv": [10, 2, 12, 3], "texture": "#texture"}
			}
		},
		{
			"name": "cube",
			"from": [7.625, 6, 7.875],
			"to": [7.75, 6.25, 8.125],
			"faces": {
				"north": {"uv": [12, 5, 10, 3.5], "texture": "#texture"},
				"east": {"uv": [12, 5, 10, 3.5], "texture": "#texture"},
				"south": {"uv": [12, 5, 10, 3.5], "texture": "#texture"},
				"west": {"uv": [12, 5, 10, 3.5], "texture": "#texture"},
				"up": {"uv": [10, 2, 12, 3], "texture": "#texture"},
				"down": {"uv": [10, 2, 12, 3], "texture": "#texture"}
			}
		},
		{
			"name": "cube",
			"from": [8.25, 6, 7.875],
			"to": [8.375, 6.25, 8.125],
			"faces": {
				"north": {"uv": [12, 5, 10, 3.5], "texture": "#texture"},
				"east": {"uv": [12, 5, 10, 3.5], "texture": "#texture"},
				"south": {"uv": [12, 5, 10, 3.5], "texture": "#texture"},
				"west": {"uv": [12, 5, 10, 3.5], "texture": "#texture"},
				"up": {"uv": [10, 2, 12, 3], "texture": "#texture"},
				"down": {"uv": [10, 2, 12, 3], "texture": "#texture"}
			}
		},
		{
			"name": "cube",
			"from": [7.875, 6, 7.625],
			"to": [8.125, 6.25, 7.75],
			"faces": {
				"north": {"uv": [12, 5, 10, 3.5], "texture": "#texture"},
				"east": {"uv": [12, 5, 10, 3.5], "texture": "#texture"},
				"south": {"uv": [12, 5, 10, 3.5], "texture": "#texture"},
				"west": {"uv": [12, 5, 10, 3.5], "texture": "#texture"},
				"up": {"uv": [10, 2, 12, 3], "texture": "#texture"},
				"down": {"uv": [10, 2, 12, 3], "texture": "#texture"}
			}
		},
		{
			"name": "cube",
			"from": [7.875, 6, 8.25],
			"to": [8.125, 6.25, 8.375],
			"faces": {
				"north": {"uv": [12, 5, 10, 3.5], "texture": "#texture"},
				"east": {"uv": [12, 5, 10, 3.5], "texture": "#texture"},
				"south": {"uv": [12, 5, 10, 3.5], "texture": "#texture"},
				"west": {"uv": [12, 5, 10, 3.5], "texture": "#texture"},
				"up": {"uv": [10, 2, 12, 3], "texture": "#texture"},
				"down": {"uv": [10, 2, 12, 3], "texture": "#texture"}
			}
		},
		{
			"name": "cube",
			"from": [7.75, 6.25, 7.625],
			"to": [8.25, 6.5, 8.375],
			"faces": {
				"north": {"uv": [10, 1, 12, 4], "texture": "#texture"},
				"east": {"uv": [10, 1, 12, 4], "texture": "#texture"},
				"south": {"uv": [10, 1, 12, 4], "texture": "#texture"},
				"west": {"uv": [10, 1, 12, 4], "texture": "#texture"},
				"up": {"uv": [10, 2, 12, 3], "texture": "#texture"},
				"down": {"uv": [10, 2, 12, 3], "texture": "#texture"}
			}
		},
		{
			"name": "cube",
			"from": [8.25, 6.25, 7.75],
			"to": [8.375, 6.5, 7.875],
			"faces": {
				"north": {"uv": [10, 1, 12, 4], "texture": "#texture"},
				"east": {"uv": [10, 1, 12, 4], "texture": "#texture"},
				"south": {"uv": [10, 1, 12, 4], "texture": "#texture"},
				"west": {"uv": [10, 1, 12, 4], "texture": "#texture"},
				"up": {"uv": [10, 2, 12, 3], "texture": "#texture"},
				"down": {"uv": [10, 2, 12, 3], "texture": "#texture"}
			}
		},
		{
			"name": "cube",
			"from": [8.25, 6.25, 7.875],
			"to": [8.5, 6.5, 8.125],
			"faces": {
				"north": {"uv": [10, 1, 12, 4], "texture": "#texture"},
				"east": {"uv": [10, 1, 12, 4], "texture": "#texture"},
				"south": {"uv": [10, 1, 12, 4], "texture": "#texture"},
				"west": {"uv": [10, 1, 12, 4], "texture": "#texture"},
				"up": {"uv": [10, 2, 12, 3], "texture": "#texture"},
				"down": {"uv": [10, 2, 12, 3], "texture": "#texture"}
			}
		},
		{
			"name": "cube",
			"from": [7.875, 6.25, 7.5],
			"to": [8.125, 6.5, 7.625],
			"faces": {
				"north": {"uv": [10, 1, 12, 4], "texture": "#texture"},
				"east": {"uv": [10, 1, 12, 4], "texture": "#texture"},
				"south": {"uv": [10, 1, 12, 4], "texture": "#texture"},
				"west": {"uv": [10, 1, 12, 4], "texture": "#texture"},
				"up": {"uv": [10, 2, 12, 3], "texture": "#texture"},
				"down": {"uv": [10, 2, 12, 3], "texture": "#texture"}
			}
		},
		{
			"name": "cube",
			"from": [7.625, 6.25, 7.75],
			"to": [7.75, 6.5, 7.875],
			"faces": {
				"north": {"uv": [10, 1, 12, 4], "texture": "#texture"},
				"east": {"uv": [10, 1, 12, 4], "texture": "#texture"},
				"south": {"uv": [10, 1, 12, 4], "texture": "#texture"},
				"west": {"uv": [10, 1, 12, 4], "texture": "#texture"},
				"up": {"uv": [10, 2, 12, 3], "texture": "#texture"},
				"down": {"uv": [10, 2, 12, 3], "texture": "#texture"}
			}
		},
		{
			"name": "cube",
			"from": [7.5, 6.25, 7.875],
			"to": [7.75, 6.5, 8.125],
			"faces": {
				"north": {"uv": [10, 1, 12, 4], "texture": "#texture"},
				"east": {"uv": [10, 1, 12, 4], "texture": "#texture"},
				"south": {"uv": [10, 1, 12, 4], "texture": "#texture"},
				"west": {"uv": [10, 1, 12, 4], "texture": "#texture"},
				"up": {"uv": [10, 2, 12, 3], "texture": "#texture"},
				"down": {"uv": [10, 2, 12, 3], "texture": "#texture"}
			}
		},
		{
			"name": "cube",
			"from": [7.625, 6.25, 8.125],
			"to": [7.75, 6.5, 8.25],
			"faces": {
				"north": {"uv": [10, 1, 12, 4], "texture": "#texture"},
				"east": {"uv": [10, 1, 12, 4], "texture": "#texture"},
				"south": {"uv": [10, 1, 12, 4], "texture": "#texture"},
				"west": {"uv": [10, 1, 12, 4], "texture": "#texture"},
				"up": {"uv": [10, 2, 12, 3], "texture": "#texture"},
				"down": {"uv": [10, 2, 12, 3], "texture": "#texture"}
			}
		},
		{
			"name": "cube",
			"from": [8.25, 6.25, 8.125],
			"to": [8.375, 6.5, 8.25],
			"faces": {
				"north": {"uv": [10, 1, 12, 4], "texture": "#texture"},
				"east": {"uv": [10, 1, 12, 4], "texture": "#texture"},
				"south": {"uv": [10, 1, 12, 4], "texture": "#texture"},
				"west": {"uv": [10, 1, 12, 4], "texture": "#texture"},
				"up": {"uv": [10, 2, 12, 3], "texture": "#texture"},
				"down": {"uv": [10, 2, 12, 3], "texture": "#texture"}
			}
		},
		{
			"name": "cube",
			"from": [7.875, 6.25, 8.375],
			"to": [8.125, 6.5, 8.5],
			"faces": {
				"north": {"uv": [10, 1, 12, 4], "texture": "#texture"},
				"east": {"uv": [10, 1, 12, 4], "texture": "#texture"},
				"south": {"uv": [10, 1, 12, 4], "texture": "#texture"},
				"west": {"uv": [10, 1, 12, 4], "texture": "#texture"},
				"up": {"uv": [10, 2, 12, 3], "texture": "#texture"},
				"down": {"uv": [10, 2, 12, 3], "texture": "#texture"}
			}
		},
		{
			"name": "cube",
			"from": [7.875, 1.25, 7.625],
			"to": [8.125, 1.5, 8.375],
			"faces": {
				"north": {"uv": [12.99975, 0, 14.74917, 0.74944], "texture": "#texture"},
				"east": {"uv": [12.99975, 0, 14.74917, 0.74944], "texture": "#texture"},
				"south": {"uv": [12.99975, 0, 14.74917, 0.74944], "texture": "#texture"},
				"west": {"uv": [12.99975, 0, 14.74917, 0.74944], "texture": "#texture"},
				"up": {"uv": [12.99975, 0, 14.74917, 0.74944], "texture": "#texture"},
				"down": {"uv": [12.99975, 0, 14.74917, 0.74944], "texture": "#texture"}
			}
		},
		{
			"name": "cube",
			"from": [7.625, 1.25, 7.875],
			"to": [8.375, 1.5, 8.125],
			"faces": {
				"north": {"uv": [12.49939, 0, 14.24882, 0.74944], "texture": "#texture"},
				"east": {"uv": [12.49939, 0, 14.24882, 0.74944], "texture": "#texture"},
				"south": {"uv": [12.49939, 0, 14.24882, 0.74944], "texture": "#texture"},
				"west": {"uv": [12.49939, 0, 14.24882, 0.74944], "texture": "#texture"},
				"up": {"uv": [12.49939, 0, 14.24882, 0.74944], "texture": "#texture"},
				"down": {"uv": [12.49939, 0, 14.24882, 0.74944], "texture": "#texture"}
			}
		},
		{
			"name": "cube",
			"from": [7.9375, 6.875, 7.5],
			"to": [8.0625, 7, 7.625],
			"faces": {
				"north": {"uv": [13.5, 2.5, 13.5625, 2.5625], "texture": "#texture"},
				"east": {"uv": [13.5, 2.5, 13.5625, 2.5625], "texture": "#texture"},
				"south": {"uv": [13.5, 2.5, 13.5625, 2.5625], "texture": "#texture"},
				"west": {"uv": [13.5, 2.5, 13.5625, 2.5625], "texture": "#texture"},
				"up": {"uv": [12, 2.5, 12.0625, 2.5625], "texture": "#texture", "rotation": 90},
				"down": {"uv": [12, 2.5, 12.0625, 2.5625], "texture": "#texture", "rotation": 270}
			}
		},
		{
			"name": "cube",
			"from": [7.9375, 7.125, 7.25],
			"to": [8.0625, 7.25, 7.375],
			"faces": {
				"north": {"uv": [13.5, 2.5, 13.5625, 2.5625], "texture": "#texture"},
				"east": {"uv": [13.5, 2.5, 13.5625, 2.5625], "texture": "#texture"},
				"south": {"uv": [13.5, 2.5, 13.5625, 2.5625], "texture": "#texture"},
				"west": {"uv": [13.5, 2.5, 13.5625, 2.5625], "texture": "#texture"},
				"up": {"uv": [12, 2.5, 12.0625, 2.5625], "texture": "#texture", "rotation": 90},
				"down": {"uv": [12, 2.5, 12.0625, 2.5625], "texture": "#texture", "rotation": 270}
			}
		},
		{
			"name": "cube",
			"from": [7.9375, 7.1875, 7.1875],
			"to": [8.0625, 7.25, 7.25],
			"faces": {
				"north": {"uv": [13.5, 2.5, 13.5625, 2.53125], "texture": "#texture"},
				"east": {"uv": [13.5, 2.5, 13.53125, 2.53125], "texture": "#texture"},
				"south": {"uv": [13.5, 2.5, 13.5625, 2.53125], "texture": "#texture"},
				"west": {"uv": [13.5, 2.5, 13.53125, 2.53125], "texture": "#texture"},
				"up": {"uv": [12, 2.5, 12.03125, 2.5625], "texture": "#texture", "rotation": 90},
				"down": {"uv": [12, 2.5, 12.03125, 2.5625], "texture": "#texture", "rotation": 270}
			}
		},
		{
			"name": "cube",
			"from": [7.875, 7.25, 7.1875],
			"to": [8.125, 7.5, 7.3125],
			"faces": {
				"north": {"uv": [13.5, 2.5, 13.625, 2.625], "texture": "#texture"},
				"east": {"uv": [13.5, 2.5, 13.5625, 2.625], "texture": "#texture"},
				"south": {"uv": [13.5, 2.5, 13.625, 2.625], "texture": "#texture"},
				"west": {"uv": [13.5, 2.5, 13.5625, 2.625], "texture": "#texture"},
				"up": {"uv": [12, 2.5, 12.0625, 2.625], "texture": "#texture", "rotation": 90},
				"down": {"uv": [12, 2.5, 12.0625, 2.625], "texture": "#texture", "rotation": 270}
			}
		},
		{
			"name": "cube",
			"from": [7.8125, 7.3125, 7.1875],
			"to": [7.875, 7.375, 7.25],
			"faces": {
				"north": {"uv": [13.5, 2.5, 13.53125, 2.53125], "texture": "#texture"},
				"east": {"uv": [13.5, 2.5, 13.53125, 2.53125], "texture": "#texture"},
				"south": {"uv": [13.5, 2.5, 13.53125, 2.53125], "texture": "#texture"},
				"west": {"uv": [13.5, 2.5, 13.53125, 2.53125], "texture": "#texture"},
				"up": {"uv": [12, 2.5, 12.03125, 2.53125], "texture": "#texture", "rotation": 90},
				"down": {"uv": [12, 2.5, 12.03125, 2.53125], "texture": "#texture", "rotation": 270}
			}
		},
		{
			"name": "cube",
			"from": [7.9375, 7.5, 7.1875],
			"to": [8.0625, 7.625, 7.25],
			"faces": {
				"north": {"uv": [13.5, 2.5, 13.5625, 2.5625], "texture": "#texture"},
				"east": {"uv": [13.5, 2.5, 13.53125, 2.5625], "texture": "#texture"},
				"south": {"uv": [13.5, 2.5, 13.5625, 2.5625], "texture": "#texture"},
				"west": {"uv": [13.5, 2.5, 13.53125, 2.5625], "texture": "#texture"},
				"up": {"uv": [12, 2.5, 12.03125, 2.5625], "texture": "#texture", "rotation": 90},
				"down": {"uv": [12, 2.5, 12.03125, 2.5625], "texture": "#texture", "rotation": 270}
			}
		},
		{
			"name": "cube",
			"from": [7.9688, 7.625, 7.1875],
			"to": [8.0313, 7.75, 7.25],
			"faces": {
				"north": {"uv": [13.5, 2.5, 13.53125, 2.5625], "texture": "#texture"},
				"east": {"uv": [13.5, 2.5, 13.53125, 2.5625], "texture": "#texture"},
				"south": {"uv": [13.5, 2.5, 13.53125, 2.5625], "texture": "#texture"},
				"west": {"uv": [13.5, 2.5, 13.53125, 2.5625], "texture": "#texture"},
				"up": {"uv": [12, 2.5, 12.03125, 2.53125], "texture": "#texture", "rotation": 90},
				"down": {"uv": [12, 2.5, 12.03125, 2.53125], "texture": "#texture", "rotation": 270}
			}
		},
		{
			"name": "cube",
			"from": [8.125, 7.3125, 7.1875],
			"to": [8.1875, 7.375, 7.25],
			"faces": {
				"north": {"uv": [13.5, 2.5, 13.53125, 2.53125], "texture": "#texture"},
				"east": {"uv": [13.5, 2.5, 13.53125, 2.53125], "texture": "#texture"},
				"south": {"uv": [13.5, 2.5, 13.53125, 2.53125], "texture": "#texture"},
				"west": {"uv": [13.5, 2.5, 13.53125, 2.53125], "texture": "#texture"},
				"up": {"uv": [12, 2.5, 12.03125, 2.53125], "texture": "#texture", "rotation": 90},
				"down": {"uv": [12, 2.5, 12.03125, 2.53125], "texture": "#texture", "rotation": 270}
			}
		},
		{
			"name": "cube",
			"from": [7.5, 6.875, 7.9375],
			"to": [7.625, 7, 8.0625],
			"faces": {
				"north": {"uv": [13.5, 2.5, 13.5625, 2.5625], "texture": "#texture"},
				"east": {"uv": [13.5, 2.5, 13.5625, 2.5625], "texture": "#texture"},
				"south": {"uv": [13.5, 2.5, 13.5625, 2.5625], "texture": "#texture"},
				"west": {"uv": [13.5, 2.5, 13.5625, 2.5625], "texture": "#texture"},
				"up": {"uv": [12, 2.5, 12.0625, 2.5625], "texture": "#texture"},
				"down": {"uv": [12, 2.5, 12.0625, 2.5625], "texture": "#texture"}
			}
		},
		{
			"name": "cube",
			"from": [7.25, 7.125, 7.9375],
			"to": [7.375, 7.25, 8.0625],
			"faces": {
				"north": {"uv": [13.5, 2.5, 13.5625, 2.5625], "texture": "#texture"},
				"east": {"uv": [13.5, 2.5, 13.5625, 2.5625], "texture": "#texture"},
				"south": {"uv": [13.5, 2.5, 13.5625, 2.5625], "texture": "#texture"},
				"west": {"uv": [13.5, 2.5, 13.5625, 2.5625], "texture": "#texture"},
				"up": {"uv": [12, 2.5, 12.0625, 2.5625], "texture": "#texture"},
				"down": {"uv": [12, 2.5, 12.0625, 2.5625], "texture": "#texture"}
			}
		},
		{
			"name": "cube",
			"from": [7.1875, 7.1875, 7.9375],
			"to": [7.25, 7.25, 8.0625],
			"faces": {
				"north": {"uv": [13.5, 2.5, 13.53125, 2.53125], "texture": "#texture"},
				"east": {"uv": [13.5, 2.5, 13.5625, 2.53125], "texture": "#texture"},
				"south": {"uv": [13.5, 2.5, 13.53125, 2.53125], "texture": "#texture"},
				"west": {"uv": [13.5, 2.5, 13.5625, 2.53125], "texture": "#texture"},
				"up": {"uv": [12, 2.5, 12.03125, 2.5625], "texture": "#texture"},
				"down": {"uv": [12, 2.5, 12.03125, 2.5625], "texture": "#texture"}
			}
		},
		{
			"name": "cube",
			"from": [7.1875, 7.25, 7.875],
			"to": [7.3125, 7.5, 8.125],
			"faces": {
				"north": {"uv": [13.5, 2.5, 13.5625, 2.625], "texture": "#texture"},
				"east": {"uv": [13.5, 2.5, 13.625, 2.625], "texture": "#texture"},
				"south": {"uv": [13.5, 2.5, 13.5625, 2.625], "texture": "#texture"},
				"west": {"uv": [13.5, 2.5, 13.625, 2.625], "texture": "#texture"},
				"up": {"uv": [12, 2.5, 12.0625, 2.625], "texture": "#texture"},
				"down": {"uv": [12, 2.5, 12.0625, 2.625], "texture": "#texture"}
			}
		},
		{
			"name": "cube",
			"from": [7.1875, 7.3125, 7.8125],
			"to": [7.25, 7.375, 7.875],
			"faces": {
				"north": {"uv": [13.5, 2.5, 13.53125, 2.53125], "texture": "#texture"},
				"east": {"uv": [13.5, 2.5, 13.53125, 2.53125], "texture": "#texture"},
				"south": {"uv": [13.5, 2.5, 13.53125, 2.53125], "texture": "#texture"},
				"west": {"uv": [13.5, 2.5, 13.53125, 2.53125], "texture": "#texture"},
				"up": {"uv": [12, 2.5, 12.03125, 2.53125], "texture": "#texture"},
				"down": {"uv": [12, 2.5, 12.03125, 2.53125], "texture": "#texture"}
			}
		},
		{
			"name": "cube",
			"from": [7.1875, 7.625, 7.9688],
			"to": [7.25, 7.75, 8.0313],
			"faces": {
				"north": {"uv": [13.5, 2.5, 13.53125, 2.5625], "texture": "#texture"},
				"east": {"uv": [13.5, 2.5, 13.53125, 2.5625], "texture": "#texture"},
				"south": {"uv": [13.5, 2.5, 13.53125, 2.5625], "texture": "#texture"},
				"west": {"uv": [13.5, 2.5, 13.53125, 2.5625], "texture": "#texture"},
				"up": {"uv": [12, 2.5, 12.03125, 2.53125], "texture": "#texture"},
				"down": {"uv": [12, 2.5, 12.03125, 2.53125], "texture": "#texture"}
			}
		},
		{
			"name": "cube",
			"from": [7.1875, 7.5, 7.9375],
			"to": [7.25, 7.625, 8.0625],
			"faces": {
				"north": {"uv": [13.5, 2.5, 13.53125, 2.5625], "texture": "#texture"},
				"east": {"uv": [13.5, 2.5, 13.5625, 2.5625], "texture": "#texture"},
				"south": {"uv": [13.5, 2.5, 13.53125, 2.5625], "texture": "#texture"},
				"west": {"uv": [13.5, 2.5, 13.5625, 2.5625], "texture": "#texture"},
				"up": {"uv": [12, 2.5, 12.03125, 2.5625], "texture": "#texture"},
				"down": {"uv": [12, 2.5, 12.03125, 2.5625], "texture": "#texture"}
			}
		},
		{
			"name": "cube",
			"from": [7.1875, 7.3125, 8.125],
			"to": [7.25, 7.375, 8.1875],
			"faces": {
				"north": {"uv": [13.5, 2.5, 13.53125, 2.53125], "texture": "#texture"},
				"east": {"uv": [13.5, 2.5, 13.53125, 2.53125], "texture": "#texture"},
				"south": {"uv": [13.5, 2.5, 13.53125, 2.53125], "texture": "#texture"},
				"west": {"uv": [13.5, 2.5, 13.53125, 2.53125], "texture": "#texture"},
				"up": {"uv": [12, 2.5, 12.03125, 2.53125], "texture": "#texture"},
				"down": {"uv": [12, 2.5, 12.03125, 2.53125], "texture": "#texture"}
			}
		},
		{
			"name": "cube",
			"from": [7.9375, 7.1875, 8.75],
			"to": [8.0625, 7.25, 8.8125],
			"faces": {
				"north": {"uv": [13.5, 2.5, 13.5625, 2.53125], "texture": "#texture"},
				"east": {"uv": [13.5, 2.5, 13.53125, 2.53125], "texture": "#texture"},
				"south": {"uv": [13.5, 2.5, 13.5625, 2.53125], "texture": "#texture"},
				"west": {"uv": [13.5, 2.5, 13.53125, 2.53125], "texture": "#texture"},
				"up": {"uv": [12, 2.5, 12.03125, 2.5625], "texture": "#texture", "rotation": 270},
				"down": {"uv": [12, 2.5, 12.03125, 2.5625], "texture": "#texture", "rotation": 90}
			}
		},
		{
			"name": "cube",
			"from": [7.875, 7.25, 8.6875],
			"to": [8.125, 7.5, 8.8125],
			"faces": {
				"north": {"uv": [13.5, 2.5, 13.625, 2.625], "texture": "#texture"},
				"east": {"uv": [13.5, 2.5, 13.5625, 2.625], "texture": "#texture"},
				"south": {"uv": [13.5, 2.5, 13.625, 2.625], "texture": "#texture"},
				"west": {"uv": [13.5, 2.5, 13.5625, 2.625], "texture": "#texture"},
				"up": {"uv": [12, 2.5, 12.0625, 2.625], "texture": "#texture", "rotation": 270},
				"down": {"uv": [12, 2.5, 12.0625, 2.625], "texture": "#texture", "rotation": 90}
			}
		},
		{
			"name": "cube",
			"from": [7.8125, 7.3125, 8.75],
			"to": [7.875, 7.375, 8.8125],
			"faces": {
				"north": {"uv": [13.5, 2.5, 13.53125, 2.53125], "texture": "#texture"},
				"east": {"uv": [13.5, 2.5, 13.53125, 2.53125], "texture": "#texture"},
				"south": {"uv": [13.5, 2.5, 13.53125, 2.53125], "texture": "#texture"},
				"west": {"uv": [13.5, 2.5, 13.53125, 2.53125], "texture": "#texture"},
				"up": {"uv": [12, 2.5, 12.03125, 2.53125], "texture": "#texture", "rotation": 270},
				"down": {"uv": [12, 2.5, 12.03125, 2.53125], "texture": "#texture", "rotation": 90}
			}
		},
		{
			"name": "cube",
			"from": [7.9375, 7.5, 8.75],
			"to": [8.0625, 7.625, 8.8125],
			"faces": {
				"north": {"uv": [13.5, 2.5, 13.5625, 2.5625], "texture": "#texture"},
				"east": {"uv": [13.5, 2.5, 13.53125, 2.5625], "texture": "#texture"},
				"south": {"uv": [13.5, 2.5, 13.5625, 2.5625], "texture": "#texture"},
				"west": {"uv": [13.5, 2.5, 13.53125, 2.5625], "texture": "#texture"},
				"up": {"uv": [12, 2.5, 12.03125, 2.5625], "texture": "#texture", "rotation": 270},
				"down": {"uv": [12, 2.5, 12.03125, 2.5625], "texture": "#texture", "rotation": 90}
			}
		},
		{
			"name": "cube",
			"from": [7.9688, 7.625, 8.75],
			"to": [8.0313, 7.75, 8.8125],
			"faces": {
				"north": {"uv": [13.5, 2.5, 13.53125, 2.5625], "texture": "#texture"},
				"east": {"uv": [13.5, 2.5, 13.53125, 2.5625], "texture": "#texture"},
				"south": {"uv": [13.5, 2.5, 13.53125, 2.5625], "texture": "#texture"},
				"west": {"uv": [13.5, 2.5, 13.53125, 2.5625], "texture": "#texture"},
				"up": {"uv": [12, 2.5, 12.03125, 2.53125], "texture": "#texture", "rotation": 270},
				"down": {"uv": [12, 2.5, 12.03125, 2.53125], "texture": "#texture", "rotation": 90}
			}
		},
		{
			"name": "cube",
			"from": [8.125, 7.3125, 8.75],
			"to": [8.1875, 7.375, 8.8125],
			"faces": {
				"north": {"uv": [13.5, 2.5, 13.53125, 2.53125], "texture": "#texture"},
				"east": {"uv": [13.5, 2.5, 13.53125, 2.53125], "texture": "#texture"},
				"south": {"uv": [13.5, 2.5, 13.53125, 2.53125], "texture": "#texture"},
				"west": {"uv": [13.5, 2.5, 13.53125, 2.53125], "texture": "#texture"},
				"up": {"uv": [12, 2.5, 12.03125, 2.53125], "texture": "#texture", "rotation": 270},
				"down": {"uv": [12, 2.5, 12.03125, 2.53125], "texture": "#texture", "rotation": 90}
			}
		},
		{
			"name": "cube",
			"from": [7.9375, 6.875, 8.375],
			"to": [8.0625, 7, 8.5],
			"faces": {
				"north": {"uv": [13.5, 2.5, 13.5625, 2.5625], "texture": "#texture"},
				"east": {"uv": [13.5, 2.5, 13.5625, 2.5625], "texture": "#texture"},
				"south": {"uv": [13.5, 2.5, 13.5625, 2.5625], "texture": "#texture"},
				"west": {"uv": [13.5, 2.5, 13.5625, 2.5625], "texture": "#texture"},
				"up": {"uv": [12, 2.5, 12.0625, 2.5625], "texture": "#texture", "rotation": 270},
				"down": {"uv": [12, 2.5, 12.0625, 2.5625], "texture": "#texture", "rotation": 90}
			}
		},
		{
			"name": "cube",
			"from": [7.9375, 7.125, 8.625],
			"to": [8.0625, 7.25, 8.75],
			"faces": {
				"north": {"uv": [13.5, 2.5, 13.5625, 2.5625], "texture": "#texture"},
				"east": {"uv": [13.5, 2.5, 13.5625, 2.5625], "texture": "#texture"},
				"south": {"uv": [13.5, 2.5, 13.5625, 2.5625], "texture": "#texture"},
				"west": {"uv": [13.5, 2.5, 13.5625, 2.5625], "texture": "#texture"},
				"up": {"uv": [12, 2.5, 12.0625, 2.5625], "texture": "#texture", "rotation": 270},
				"down": {"uv": [12, 2.5, 12.0625, 2.5625], "texture": "#texture", "rotation": 90}
			}
		},
		{
			"name": "cube",
			"from": [8.375, 6.875, 7.9375],
			"to": [8.5, 7, 8.0625],
			"faces": {
				"north": {"uv": [13.5, 2.5, 13.5625, 2.5625], "texture": "#texture"},
				"east": {"uv": [13.5, 2.5, 13.5625, 2.5625], "texture": "#texture"},
				"south": {"uv": [13.5, 2.5, 13.5625, 2.5625], "texture": "#texture"},
				"west": {"uv": [13.5, 2.5, 13.5625, 2.5625], "texture": "#texture"},
				"up": {"uv": [12, 2.5, 12.0625, 2.5625], "texture": "#texture", "rotation": 180},
				"down": {"uv": [12, 2.5, 12.0625, 2.5625], "texture": "#texture", "rotation": 180}
			}
		},
		{
			"name": "cube",
			"from": [8.625, 7.125, 7.9375],
			"to": [8.75, 7.25, 8.0625],
			"faces": {
				"north": {"uv": [13.5, 2.5, 13.5625, 2.5625], "texture": "#texture"},
				"east": {"uv": [13.5, 2.5, 13.5625, 2.5625], "texture": "#texture"},
				"south": {"uv": [13.5, 2.5, 13.5625, 2.5625], "texture": "#texture"},
				"west": {"uv": [13.5, 2.5, 13.5625, 2.5625], "texture": "#texture"},
				"up": {"uv": [12, 2.5, 12.0625, 2.5625], "texture": "#texture", "rotation": 180},
				"down": {"uv": [12, 2.5, 12.0625, 2.5625], "texture": "#texture", "rotation": 180}
			}
		},
		{
			"name": "cube",
			"from": [8.75, 7.1875, 7.9375],
			"to": [8.8125, 7.25, 8.0625],
			"faces": {
				"north": {"uv": [13.5, 2.5, 13.53125, 2.53125], "texture": "#texture"},
				"east": {"uv": [13.5, 2.5, 13.5625, 2.53125], "texture": "#texture"},
				"south": {"uv": [13.5, 2.5, 13.53125, 2.53125], "texture": "#texture"},
				"west": {"uv": [13.5, 2.5, 13.5625, 2.53125], "texture": "#texture"},
				"up": {"uv": [12, 2.5, 12.03125, 2.5625], "texture": "#texture", "rotation": 180},
				"down": {"uv": [12, 2.5, 12.03125, 2.5625], "texture": "#texture", "rotation": 180}
			}
		},
		{
			"name": "cube",
			"from": [8.6875, 7.25, 7.875],
			"to": [8.8125, 7.5, 8.125],
			"faces": {
				"north": {"uv": [13.5, 2.5, 13.5625, 2.625], "texture": "#texture"},
				"east": {"uv": [13.5, 2.5, 13.625, 2.625], "texture": "#texture"},
				"south": {"uv": [13.5, 2.5, 13.5625, 2.625], "texture": "#texture"},
				"west": {"uv": [13.5, 2.5, 13.625, 2.625], "texture": "#texture"},
				"up": {"uv": [12, 2.5, 12.0625, 2.625], "texture": "#texture", "rotation": 180},
				"down": {"uv": [12, 2.5, 12.0625, 2.625], "texture": "#texture", "rotation": 180}
			}
		},
		{
			"name": "cube",
			"from": [8.75, 7.3125, 8.125],
			"to": [8.8125, 7.375, 8.1875],
			"faces": {
				"north": {"uv": [13.5, 2.5, 13.53125, 2.53125], "texture": "#texture"},
				"east": {"uv": [13.5, 2.5, 13.53125, 2.53125], "texture": "#texture"},
				"south": {"uv": [13.5, 2.5, 13.53125, 2.53125], "texture": "#texture"},
				"west": {"uv": [13.5, 2.5, 13.53125, 2.53125], "texture": "#texture"},
				"up": {"uv": [12, 2.5, 12.03125, 2.53125], "texture": "#texture", "rotation": 180},
				"down": {"uv": [12, 2.5, 12.03125, 2.53125], "texture": "#texture", "rotation": 180}
			}
		},
		{
			"name": "cube",
			"from": [8.75, 7.5, 7.9375],
			"to": [8.8125, 7.625, 8.0625],
			"faces": {
				"north": {"uv": [13.5, 2.5, 13.53125, 2.5625], "texture": "#texture"},
				"east": {"uv": [13.5, 2.5, 13.5625, 2.5625], "texture": "#texture"},
				"south": {"uv": [13.5, 2.5, 13.53125, 2.5625], "texture": "#texture"},
				"west": {"uv": [13.5, 2.5, 13.5625, 2.5625], "texture": "#texture"},
				"up": {"uv": [12, 2.5, 12.03125, 2.5625], "texture": "#texture", "rotation": 180},
				"down": {"uv": [12, 2.5, 12.03125, 2.5625], "texture": "#texture", "rotation": 180}
			}
		},
		{
			"name": "cube",
			"from": [8.75, 7.625, 7.9688],
			"to": [8.8125, 7.75, 8.0313],
			"faces": {
				"north": {"uv": [13.5, 2.5, 13.53125, 2.5625], "texture": "#texture"},
				"east": {"uv": [13.5, 2.5, 13.53125, 2.5625], "texture": "#texture"},
				"south": {"uv": [13.5, 2.5, 13.53125, 2.5625], "texture": "#texture"},
				"west": {"uv": [13.5, 2.5, 13.53125, 2.5625], "texture": "#texture"},
				"up": {"uv": [12, 2.5, 12.03125, 2.53125], "texture": "#texture", "rotation": 180},
				"down": {"uv": [12, 2.5, 12.03125, 2.53125], "texture": "#texture", "rotation": 180}
			}
		},
		{
			"name": "cube",
			"from": [8.75, 7.3125, 7.8125],
			"to": [8.8125, 7.375, 7.875],
			"faces": {
				"north": {"uv": [13.5, 2.5, 13.53125, 2.53125], "texture": "#texture"},
				"east": {"uv": [13.5, 2.5, 13.53125, 2.53125], "texture": "#texture"},
				"south": {"uv": [13.5, 2.5, 13.53125, 2.53125], "texture": "#texture"},
				"west": {"uv": [13.5, 2.5, 13.53125, 2.53125], "texture": "#texture"},
				"up": {"uv": [12, 2.5, 12.03125, 2.53125], "texture": "#texture", "rotation": 180},
				"down": {"uv": [12, 2.5, 12.03125, 2.53125], "texture": "#texture", "rotation": 180}
			}
		},
		{
			"name": "cube",
			"from": [7.625, 0.375, 7.625],
			"to": [8.375, 0.625, 8.375],
			"faces": {
				"north": {"uv": [4.49955, 7.99984, 7.24823, 10.62398], "texture": "#texture"},
				"east": {"uv": [4.49955, 7.99984, 7.24823, 10.62398], "texture": "#texture"},
				"south": {"uv": [4.49955, 7.99984, 7.24823, 10.62398], "texture": "#texture"},
				"west": {"uv": [4.49955, 7.99984, 7.24823, 10.62398], "texture": "#texture"},
				"up": {"uv": [4.49955, 7.99984, 7.24823, 10.62398], "texture": "#texture"},
				"down": {"uv": [4.49955, 7.99984, 7.24823, 10.62398], "texture": "#texture"}
			}
		},
		{
			"name": "cube",
			"from": [7.75, 0.125, 7.75],
			"to": [8.25, 0.375, 8.25],
			"faces": {
				"north": {"uv": [4.49955, 7.99984, 7.24823, 10.62398], "texture": "#texture"},
				"east": {"uv": [4.49955, 7.99984, 7.24823, 10.62398], "texture": "#texture"},
				"south": {"uv": [4.49955, 7.99984, 7.24823, 10.62398], "texture": "#texture"},
				"west": {"uv": [4.49955, 7.99984, 7.24823, 10.62398], "texture": "#texture"},
				"up": {"uv": [4.49955, 7.99984, 7.24823, 10.62398], "texture": "#texture"},
				"down": {"uv": [4.49955, 7.99984, 7.24823, 10.62398], "texture": "#texture"}
			}
		},
		{
			"name": "cube",
			"from": [7.875, -0.125, 7.875],
			"to": [8.125, 0.125, 8.125],
			"faces": {
				"north": {"uv": [4.49955, 7.99984, 7.24823, 10.62398], "texture": "#texture"},
				"east": {"uv": [4.49955, 7.99984, 7.24823, 10.62398], "texture": "#texture"},
				"south": {"uv": [4.49955, 7.99984, 7.24823, 10.62398], "texture": "#texture"},
				"west": {"uv": [4.49955, 7.99984, 7.24823, 10.62398], "texture": "#texture"},
				"up": {"uv": [4.49955, 7.99984, 7.24823, 10.62398], "texture": "#texture"},
				"down": {"uv": [4.49955, 7.99984, 7.24823, 10.62398], "texture": "#texture"}
			}
		},
		{
			"name": "cube",
			"from": [7.75, 0.625, 7.75],
			"to": [8.25, 0.875, 8.25],
			"faces": {
				"north": {"uv": [4.49955, 7.99984, 7.24823, 10.62398], "texture": "#texture"},
				"east": {"uv": [4.49955, 7.99984, 7.24823, 10.62398], "texture": "#texture"},
				"south": {"uv": [4.49955, 7.99984, 7.24823, 10.62398], "texture": "#texture"},
				"west": {"uv": [4.49955, 7.99984, 7.24823, 10.62398], "texture": "#texture"},
				"up": {"uv": [4.49955, 7.99984, 7.24823, 10.62398], "texture": "#texture"},
				"down": {"uv": [4.49955, 7.99984, 7.24823, 10.62398], "texture": "#texture"}
			}
		},
		{
			"name": "cube",
			"from": [7.625, 7.375, 7.375],
			"to": [8.375, 8.125, 8.625],
			"faces": {
				"north": {"uv": [4.49955, 7.99984, 7.24823, 10.7478], "texture": "#texture"},
				"east": {"uv": [4.49955, 7.99984, 7.24823, 10.7478], "texture": "#texture"},
				"south": {"uv": [4.49955, 7.99984, 7.24823, 10.7478], "texture": "#texture"},
				"west": {"uv": [4.49955, 7.99984, 7.24823, 10.7478], "texture": "#texture"},
				"up": {"uv": [4.49955, 7.99984, 7.24823, 10.7478], "texture": "#texture"},
				"down": {"uv": [4.49955, 7.99984, 7.24823, 10.7478], "texture": "#texture"}
			}
		},
		{
			"name": "cube",
			"from": [7.375, 7.375, 7.625],
			"to": [8.625, 8.125, 8.375],
			"faces": {
				"north": {"uv": [4.49955, 7.99984, 7.24823, 10.7478], "texture": "#texture"},
				"east": {"uv": [4.49955, 7.99984, 7.24823, 10.7478], "texture": "#texture"},
				"south": {"uv": [4.49955, 7.99984, 7.24823, 10.7478], "texture": "#texture"},
				"west": {"uv": [4.49955, 7.99984, 7.24823, 10.7478], "texture": "#texture"},
				"up": {"uv": [4.49955, 7.99984, 7.24823, 10.7478], "texture": "#texture"},
				"down": {"uv": [4.49955, 7.99984, 7.24823, 10.7478], "texture": "#texture"}
			}
		},
		{
			"name": "cube",
			"from": [7.625, 7.125, 7.625],
			"to": [8.375, 8.375, 8.375],
			"faces": {
				"north": {"uv": [4.49955, 7.99984, 7.24823, 10.7478], "texture": "#texture"},
				"east": {"uv": [4.49955, 7.99984, 7.24823, 10.7478], "texture": "#texture"},
				"south": {"uv": [4.49955, 7.99984, 7.24823, 10.7478], "texture": "#texture"},
				"west": {"uv": [4.49955, 7.99984, 7.24823, 10.7478], "texture": "#texture"},
				"up": {"uv": [4.49955, 7.99984, 7.24823, 10.7478], "texture": "#texture"},
				"down": {"uv": [4.49955, 7.99984, 7.24823, 10.7478], "texture": "#texture"}
			}
		},
		{
			"name": "cube",
			"from": [7.75, 7, 7.75],
			"to": [8.25, 8.5, 8.25],
			"faces": {
				"north": {"uv": [4.49955, 7.99984, 7.24823, 10.7478], "texture": "#texture"},
				"east": {"uv": [4.49955, 7.99984, 7.24823, 10.7478], "texture": "#texture"},
				"south": {"uv": [4.49955, 7.99984, 7.24823, 10.7478], "texture": "#texture"},
				"west": {"uv": [4.49955, 7.99984, 7.24823, 10.7478], "texture": "#texture"},
				"up": {"uv": [4.49955, 7.99984, 7.24823, 10.7478], "texture": "#texture"},
				"down": {"uv": [4.49955, 7.99984, 7.24823, 10.7478], "texture": "#texture"}
			}
		},
		{
			"name": "cube",
			"from": [7.75, 7.25, 7.5],
			"to": [8.25, 8.25, 8.5],
			"faces": {
				"north": {"uv": [4.49955, 7.99984, 7.24823, 10.7478], "texture": "#texture"},
				"east": {"uv": [4.49955, 7.99984, 7.24823, 10.7478], "texture": "#texture"},
				"south": {"uv": [4.49955, 7.99984, 7.24823, 10.7478], "texture": "#texture"},
				"west": {"uv": [4.49955, 7.99984, 7.24823, 10.7478], "texture": "#texture"},
				"up": {"uv": [4.49955, 7.99984, 7.24823, 10.7478], "texture": "#texture"},
				"down": {"uv": [4.49955, 7.99984, 7.24823, 10.7478], "texture": "#texture"}
			}
		},
		{
			"name": "cube",
			"from": [7.5, 7.5, 7.5],
			"to": [8.5, 8, 8.5],
			"faces": {
				"north": {"uv": [4.49955, 7.99984, 7.24823, 10.7478], "texture": "#texture"},
				"east": {"uv": [4.49955, 7.99984, 7.24823, 10.7478], "texture": "#texture"},
				"south": {"uv": [4.49955, 7.99984, 7.24823, 10.7478], "texture": "#texture"},
				"west": {"uv": [4.49955, 7.99984, 7.24823, 10.7478], "texture": "#texture"},
				"up": {"uv": [4.49955, 7.99984, 7.24823, 10.7478], "texture": "#texture"},
				"down": {"uv": [4.49955, 7.99984, 7.24823, 10.7478], "texture": "#texture"}
			}
		},
		{
			"name": "cube",
			"from": [7.75, 7.5, 7.25],
			"to": [8.25, 8, 8.75],
			"faces": {
				"north": {"uv": [4.49955, 7.99984, 7.24823, 10.7478], "texture": "#texture"},
				"east": {"uv": [4.49955, 7.99984, 7.24823, 10.7478], "texture": "#texture"},
				"south": {"uv": [4.49955, 7.99984, 7.24823, 10.7478], "texture": "#texture"},
				"west": {"uv": [4.49955, 7.99984, 7.24823, 10.7478], "texture": "#texture"},
				"up": {"uv": [4.49955, 7.99984, 7.24823, 10.7478], "texture": "#texture"},
				"down": {"uv": [4.49955, 7.99984, 7.24823, 10.7478], "texture": "#texture"}
			}
		},
		{
			"name": "cube",
			"from": [7.25, 7.5, 7.75],
			"to": [8.75, 8, 8.25],
			"faces": {
				"north": {"uv": [4.49955, 7.99984, 7.24823, 10.7478], "texture": "#texture"},
				"east": {"uv": [4.49955, 7.99984, 7.24823, 10.7478], "texture": "#texture"},
				"south": {"uv": [4.49955, 7.99984, 7.24823, 10.7478], "texture": "#texture"},
				"west": {"uv": [4.49955, 7.99984, 7.24823, 10.7478], "texture": "#texture"},
				"up": {"uv": [4.49955, 7.99984, 7.24823, 10.7478], "texture": "#texture"},
				"down": {"uv": [4.49955, 7.99984, 7.24823, 10.7478], "texture": "#texture"}
			}
		},
		{
			"name": "cube",
			"from": [7.5, 7.25, 7.75],
			"to": [8.5, 8.25, 8.25],
			"faces": {
				"north": {"uv": [4.49955, 7.99984, 7.24823, 10.7478], "texture": "#texture"},
				"east": {"uv": [4.49955, 7.99984, 7.24823, 10.7478], "texture": "#texture"},
				"south": {"uv": [4.49955, 7.99984, 7.24823, 10.7478], "texture": "#texture"},
				"west": {"uv": [4.49955, 7.99984, 7.24823, 10.7478], "texture": "#texture"},
				"up": {"uv": [4.49955, 7.99984, 7.24823, 10.7478], "texture": "#texture"},
				"down": {"uv": [4.49955, 7.99984, 7.24823, 10.7478], "texture": "#texture"}
			}
		}
	],
	"display": {
		"thirdperson_righthand": {
			"rotation": [0, 41, 0],
			"scale": [2, 2, 2],
			"translation": [0, 7, 0.75]
		},
		"thirdperson_lefthand": {
			"rotation": [0, 41, 0],
			"scale": [2, 2, 2],
			"translation": [0, 7, 0.75]
		},
		"firstperson_righthand": {
			"rotation": [-10, 150, 10],
			"translation": [1.5, 5, 1.5],
			"scale": [1.25, 1.25, 1.25]
		},
		"firstperson_lefthand": {
			"rotation": [-10, -50, -10],
			"translation": [1.5, 5, 1.5],
			"scale": [1.25, 1.25, 1.25]
		},
		"gui": {
			"rotation": [0, 0, -45],
			"translation": [5, 5, 0],
			"scale": [2, 2, 2]
		},
		"head": {
			"rotation": [133, -154, 0],
			"translation": [8.5, -32, 8],
			"scale": [2.5, 2.5, 2.5]
		},
		"ground": {
			"translation": [-7, -3, 0],
			"scale": [2, 2, 2],
			"rotation": [0, 0, 90]
		},
		"fixed": {
			"rotation": [0, 0, 45],
			"translation": [-7, 7, -2],
			"scale": [2.5, 2.5, 2.5]
		}
	},
	"groups": [
		{
			"name": "group",
			"isOpen": true,
			"export": true,
			"visibility": true,
			"children": [0, 1, 2, 3, 4, 5, 6, 7, 8, 9, 10, 11, 12, 13, 14, 15, 16, 17, 18, 19, 20, 21, 22, 23, 24, 25, 26, 27, 28, 29, 30, 31, 32, 33, 34, 35, 36, 37, 38, 39, 40]
		}, 41, 42,
		{
			"name": "group",
			"isOpen": false,
			"export": true,
			"visibility": true,
			"children": [43, 44, 45, 46, 47, 48, 49, 50]
		},
		{
			"name": "group",
			"isOpen": false,
			"export": true,
			"visibility": true,
			"children": [51, 52, 53, 54, 55, 56, 57, 58]
		},
		{
			"name": "group",
			"isOpen": false,
			"export": true,
			"visibility": true,
			"children": [59, 60, 61, 62, 63, 64, 65, 66]
		},
		{
			"name": "group",
			"isOpen": false,
			"export": true,
			"visibility": true,
			"children": [67, 68, 69, 70, 71, 72, 73, 74]
		},
		{
			"name": "group",
			"isOpen": false,
			"export": true,
			"visibility": true,
			"children": [75, 76, 77, 78]
		},
		{
			"name": "group",
			"isOpen": false,
			"export": true,
			"visibility": true,
			"children": [79, 80, 81, 82, 83, 84, 85, 86, 87]
		}
	]
}