{
	"credit": "Made with Blockbench",
	"textures": {
		"texture": "block/diamond_sword/126"
	},
	"elements": [
		{
			"from": [2, 7.5, 5],
			"to": [14.5, 8, 5.5],
			"faces": {
				"north": {"uv": [0, 0, 4, 16], "texture": "#texture"},
				"east": {"uv": [4, 0, 4.5, 0.5], "texture": "#texture"},
				"south": {"uv": [0, 0, 4, 16], "texture": "#texture"},
				"west": {"uv": [3.5, 0, 4, 0.5], "texture": "#texture"},
				"up": {"uv": [0, 0, 4, 16], "texture": "#texture"},
				"down": {"uv": [0, 0, 4, 16], "texture": "#texture"}
			}
		},
		{
			"from": [2, 7.5, 15.5],
			"to": [14.5, 8, 16],
			"faces": {
				"north": {"uv": [0, 0, 4, 16], "texture": "#texture"},
				"east": {"uv": [0, 8, 0.5, 8.5], "texture": "#texture"},
				"south": {"uv": [0, 0, 4, 16], "texture": "#texture"},
				"west": {"uv": [0, 7.5, 0.5, 8], "texture": "#texture"},
				"up": {"uv": [0, 0, 4, 16], "texture": "#texture"},
				"down": {"uv": [0, 0, 4, 16], "texture": "#texture"}
			}
		},
		{
			"from": [2, 7.5, 5.5],
			"to": [2.5, 8, 15.5],
			"faces": {
				"north": {"uv": [0, 7, 0.5, 7.5], "texture": "#texture"},
				"east": {"uv": [0, 0, 4, 16], "texture": "#texture"},
				"south": {"uv": [0, 8, 0.5, 8.5], "texture": "#texture"},
				"west": {"uv": [0, 0, 4, 16], "texture": "#texture"},
				"up": {"uv": [0, 0, 4, 16], "texture": "#texture"},
				"down": {"uv": [0, 0, 4, 16], "texture": "#texture"}
			}
		},
		{
			"from": [14, 7.5, 5],
			"to": [14.5, 8, 16],
			"faces": {
				"north": {"uv": [1.5, 8, 2, 8.5], "texture": "#texture"},
				"east": {"uv": [0, 0, 4, 16], "texture": "#texture"},
				"south": {"uv": [0, 0, 0.5, 0.5], "texture": "#texture"},
				"west": {"uv": [0, 0, 4, 16], "texture": "#texture"},
				"up": {"uv": [0, 0, 4, 16], "texture": "#texture"},
				"down": {"uv": [0, 0, 4, 16], "texture": "#texture"}
			}
		},
		{
			"from": [2.5, 9.5, 5],
			"to": [3, 10, 16.5],
			"rotation": {"angle": 22.5, "axis": "x", "origin": [2.5, 9.5, 5]},
			"faces": {
				"north": {"uv": [0, 0, 1, 0.5], "texture": "#texture"},
				"east": {"uv": [0, 0, 4, 16], "texture": "#texture"},
				"south": {"uv": [0, 0, 1, 0.5], "texture": "#texture"},
				"west": {"uv": [0, 0, 4, 16], "texture": "#texture"},
				"up": {"uv": [0, 0, 4, 16], "texture": "#texture"},
				"down": {"uv": [0, 0, 4, 16], "texture": "#texture"}
			}
		},
		{
			"from": [3, 9.5, 5],
			"to": [14, 10, 5.5],
			"faces": {
				"north": {"uv": [0, 0, 4, 16], "texture": "#texture"},
				"east": {"uv": [0, 1.5, 0.5, 2], "texture": "#texture"},
				"south": {"uv": [0, 0, 4, 16], "texture": "#texture"},
				"west": {"uv": [0, 1, 0.5, 1.5], "texture": "#texture"},
				"up": {"uv": [0, 0, 4, 16], "texture": "#texture"},
				"down": {"uv": [0, 0, 4, 16], "texture": "#texture"}
			}
		},
		{
			"from": [14, 9.5, 5],
			"to": [14.5, 10, 16],
			"faces": {
				"north": {"uv": [0, 1, 0.5, 1.5], "texture": "#texture"},
				"east": {"uv": [0, 0, 4, 16], "texture": "#texture"},
				"south": {"uv": [0, 1, 0.5, 1.5], "texture": "#texture"},
				"west": {"uv": [0, 0, 4, 16], "texture": "#texture"},
				"up": {"uv": [0, 0, 4, 16], "texture": "#texture"},
				"down": {"uv": [0, 0, 4, 16], "texture": "#texture"}
			}
		},
		{
			"from": [9.5, 7.5, 16],
			"to": [15, 8, 16.5],
			"rotation": {"angle": 22.5, "axis": "z", "origin": [9.5, 7.5, 16]},
			"faces": {
				"north": {"uv": [0, 0, 4, 16], "texture": "#texture"},
				"east": {"uv": [0, 0, 1, 0.5], "texture": "#texture"},
				"south": {"uv": [0, 0, 4, 16], "texture": "#texture"},
				"west": {"uv": [0, 0, 1, 0.5], "texture": "#texture"},
				"up": {"uv": [0, 0, 4, 16], "texture": "#texture"},
				"down": {"uv": [0, 0, 4, 16], "texture": "#texture"}
			}
		},
		{
			"from": [3, 5.5, 15],
			"to": [8.375, 6, 15.5],
			"rotation": {"angle": 22.5, "axis": "z", "origin": [3, 5.5, 15]},
			"faces": {
				"north": {"uv": [0, 0, 4, 16], "texture": "#texture"},
				"east": {"uv": [0, 1, 0.5, 1.5], "texture": "#texture"},
				"south": {"uv": [0, 0, 4, 16], "texture": "#texture"},
				"west": {"uv": [0, 0.5, 0.5, 1], "texture": "#texture"},
				"up": {"uv": [0, 0, 4, 16], "texture": "#texture"},
				"down": {"uv": [0, 0, 4, 16], "texture": "#texture"}
			}
		},
		{
			"from": [9.5, 7.5, 16],
			"to": [10, 8, 17],
			"faces": {
				"north": {"uv": [0, 0, 0.5, 0.5], "texture": "#texture"},
				"east": {"uv": [0, 0, 0.5, 0.5], "texture": "#texture"},
				"south": {"uv": [0, 0, 0.5, 0.5], "texture": "#texture"},
				"west": {"uv": [0, 0, 0.5, 0.5], "texture": "#texture"},
				"up": {"uv": [0, 0, 0.5, 0.5], "texture": "#texture"},
				"down": {"uv": [0, 0, 0.5, 0.5], "texture": "#texture"}
			}
		},
		{
			"from": [2, 8, 13.5],
			"to": [2.5, 8.5, 14],
			"faces": {
				"north": {"uv": [0.5, 5, 1.5, 5.5], "texture": "#texture"},
				"east": {"uv": [0, 1.5, 0.5, 2], "texture": "#texture"},
				"south": {"uv": [0, 2.5, 1, 3], "texture": "#texture"},
				"west": {"uv": [0, 2.5, 0.5, 3], "texture": "#texture"},
				"up": {"uv": [0, 5, 1, 5.5], "texture": "#texture"},
				"down": {"uv": [0, 6, 1, 6.5], "texture": "#texture"}
			}
		},
		{
			"from": [14.5, 7.5, 10.5],
			"to": [15, 8, 11],
			"faces": {
				"north": {"uv": [1, 0, 2, 0.5], "texture": "#texture"},
				"east": {"uv": [1, 0, 1.5, 0.5], "texture": "#texture"},
				"south": {"uv": [1, 0, 2, 0.5], "texture": "#texture"},
				"west": {"uv": [1, 0, 1.5, 0.5], "texture": "#texture"},
				"up": {"uv": [1, 0, 2, 0.5], "texture": "#texture"},
				"down": {"uv": [0.5, 0, 1.5, 0.5], "texture": "#texture"}
			}
		},
		{
			"from": [10.5, 9.5, 4.5],
			"to": [11, 10, 5],
			"faces": {
				"north": {"uv": [0, 0, 0.5, 0.5], "texture": "#texture"},
				"east": {"uv": [0, 0, 1, 0.5], "texture": "#texture"},
				"south": {"uv": [0, 0, 0.5, 0.5], "texture": "#texture"},
				"west": {"uv": [0, 0, 1, 0.5], "texture": "#texture"},
				"up": {"uv": [0, 0, 0.5, 1], "texture": "#texture"},
				"down": {"uv": [0, 0, 0.5, 1], "texture": "#texture"}
			}
		},
		{
			"from": [13, 7.5, 4.5],
			"to": [13.5, 8, 5],
			"faces": {
				"north": {"uv": [0.5, 0, 1.5, 0.5], "texture": "#texture"},
				"east": {"uv": [2, 6, 2.5, 6.5], "texture": "#texture"},
				"south": {"uv": [0, 0, 1, 0.5], "texture": "#texture"},
				"west": {"uv": [1, 0, 1.5, 0.5], "texture": "#texture"},
				"up": {"uv": [0.5, 0, 1.5, 0.5], "texture": "#texture"},
				"down": {"uv": [0.5, 0, 1.5, 0.5], "texture": "#texture"}
			}
		},
		{
			"from": [12, 8.5, 16.5],
			"to": [12.5, 9, 16.625],
			"faces": {
				"north": {"uv": [0, 6, 0.5, 6.5], "texture": "#texture"},
				"east": {"uv": [0, 4.5, 1, 5], "texture": "#texture"},
				"south": {"uv": [0, 6, 0.5, 6.5], "texture": "#texture"},
				"west": {"uv": [0.5, 7, 1.5, 7.5], "texture": "#texture"},
				"up": {"uv": [0, 3.5, 0.5, 4.5], "texture": "#texture"},
				"down": {"uv": [0, 6, 0.5, 7], "texture": "#texture"}
			}
		},
		{
			"from": [1.6875, 6.3125, 6.75],
			"to": [2, 6.5, 7.75],
			"faces": {
				"north": {"uv": [11, 13, 12, 15], "texture": "#texture"},
				"east": {"uv": [11, 12.5, 12.5, 13.5], "texture": "#texture"},
				"south": {"uv": [11.5, 14.681, 12, 15.681], "texture": "#texture"},
				"west": {"uv": [9.5, 14.22222, 11, 15.22222], "texture": "#texture"},
				"up": {"uv": [8.5, 13, 9, 14.5], "texture": "#texture"},
				"down": {"uv": [11.5, 13, 12, 14.5], "texture": "#texture"}
			}
		},
		{
			"from": [1.6875, 6.5, 6.5],
			"to": [2, 7, 8],
			"faces": {
				"north": {"uv": [10.5, 12.3871, 11.5, 14.3871], "texture": "#texture"},
				"east": {"uv": [10.5, 12.3871, 12, 13.3871], "texture": "#texture"},
				"south": {"uv": [11, 12.3871, 11.5, 13.3871], "texture": "#texture"},
				"west": {"uv": [9.5, 12.3871, 11, 13.3871], "texture": "#texture"},
				"up": {"uv": [11, 12.3871, 11.5, 13.8871], "texture": "#texture"},
				"down": {"uv": [8.5, 12.3871, 9, 13.8871], "texture": "#texture"}
			}
		},
		{
			"from": [1.6875, 7, 6],
			"to": [2, 8.5, 7],
			"faces": {
				"north": {"uv": [11, 13, 12, 14.5], "texture": "#texture"},
				"east": {"uv": [9, 13.30466, 10, 14.80466], "texture": "#texture"},
				"south": {"uv": [10.5, 13.5, 11.5, 15], "texture": "#texture"},
				"west": {"uv": [8.5, 12.5, 9.5, 14], "texture": "#texture"},
				"up": {"uv": [11, 13, 12, 14], "texture": "#texture"},
				"down": {"uv": [11, 13, 12, 14], "texture": "#texture"}
			}
		},
		{
			"from": [1.6875, 7.1875, 5.75],
			"to": [2, 8.1875, 6],
			"faces": {
				"north": {"uv": [11, 12.5, 12, 14], "texture": "#texture"},
				"east": {"uv": [11, 13, 12, 14.5], "texture": "#texture"},
				"south": {"uv": [8.5, 14.22222, 9.5, 15.72222], "texture": "#texture"},
				"west": {"uv": [8.5, 12.5, 9.5, 14], "texture": "#texture"},
				"up": {"uv": [10.5, 12.5, 11.5, 13.5], "texture": "#texture"},
				"down": {"uv": [8.5, 12.5, 9.5, 13.5], "texture": "#texture"}
			}
		},
		{
			"from": [1.5, 7, 7],
			"to": [2, 8.5, 7.5],
			"faces": {
				"north": {"uv": [10.5, 13.30466, 11, 14.30466], "texture": "#texture"},
				"east": {"uv": [11.5, 12.5, 12, 13.5], "texture": "#texture"},
				"south": {"uv": [11, 13.30466, 11.5, 14.30466], "texture": "#texture"},
				"west": {"uv": [11.5, 12.5, 12, 13.5], "texture": "#texture"},
				"up": {"uv": [10, 12.84588, 11, 13.34588], "texture": "#texture"},
				"down": {"uv": [10.5, 12.5, 11.5, 13], "texture": "#texture"}
			}
		},
		{
			"from": [1.6875, 7, 7.5],
			"to": [2, 8.5, 8.5],
			"faces": {
				"north": {"uv": [11, 12.5, 12, 14], "texture": "#texture"},
				"east": {"uv": [11, 13, 12, 14.5], "texture": "#texture"},
				"south": {"uv": [8.5, 14.22222, 9.5, 15.72222], "texture": "#texture"},
				"west": {"uv": [9.5, 13.76344, 10.5, 15.26344], "texture": "#texture"},
				"up": {"uv": [10.5, 12.5, 11.5, 13.5], "texture": "#texture"},
				"down": {"uv": [8.5, 12.5, 9.5, 13.5], "texture": "#texture"}
			}
		},
		{
			"from": [1.6875, 8.5, 6.5],
			"to": [2, 9, 8],
			"faces": {
				"north": {"uv": [11, 13, 12, 15], "texture": "#texture"},
				"east": {"uv": [11, 12.5, 12.5, 13.5], "texture": "#texture"},
				"south": {"uv": [11.5, 14.681, 12, 15.681], "texture": "#texture"},
				"west": {"uv": [9.5, 14.22222, 11, 15.22222], "texture": "#texture"},
				"up": {"uv": [8.5, 13, 9, 14.5], "texture": "#texture"},
				"down": {"uv": [11.5, 13, 12, 14.5], "texture": "#texture"}
			}
		},
		{
			"from": [1.6875, 9, 6.75],
			"to": [2, 9.1875, 7.75],
			"faces": {
				"north": {"uv": [11, 13, 12, 15], "texture": "#texture"},
				"east": {"uv": [11, 12.5, 12.5, 13.5], "texture": "#texture"},
				"south": {"uv": [11.5, 14.681, 12, 15.681], "texture": "#texture"},
				"west": {"uv": [9.5, 14.22222, 11, 15.22222], "texture": "#texture"},
				"up": {"uv": [8.5, 13, 9, 14.5], "texture": "#texture"},
				"down": {"uv": [11.5, 13, 12, 14.5], "texture": "#texture"}
			}
		},
		{
			"from": [1.6875, 7.1875, 8.5],
			"to": [2, 8.1875, 8.75],
			"faces": {
				"north": {"uv": [11, 12.5, 12, 14], "texture": "#texture"},
				"east": {"uv": [11, 13, 12, 14.5], "texture": "#texture"},
				"south": {"uv": [8.5, 14.22222, 9.5, 15.72222], "texture": "#texture"},
				"west": {"uv": [9.5, 13.76344, 10.5, 15.26344], "texture": "#texture"},
				"up": {"uv": [10.5, 12.5, 11.5, 13.5], "texture": "#texture"},
				"down": {"uv": [8.5, 12.5, 9.5, 13.5], "texture": "#texture"}
			}
		},
		{
			"from": [2.5, 7.5, 4.5],
			"to": [3, 8, 5],
			"rotation": {"angle": 45, "axis": "z", "origin": [2.75, 7.75, 4.75]},
			"faces": {
				"north": {"uv": [10, 5.96416, 10.5, 6.46416], "texture": "#texture"},
				"east": {"uv": [11.5, 5, 12, 6], "texture": "#texture"},
				"south": {"uv": [11.5, 5, 12, 6], "texture": "#texture"},
				"west": {"uv": [11.5, 5, 12, 6], "texture": "#texture"},
				"up": {"uv": [11.5, 5, 12, 6], "texture": "#texture"},
				"down": {"uv": [11.5, 5, 12, 6], "texture": "#texture"}
			}
		},
		{
			"from": [3, 8, 4.5],
			"to": [3.5, 8.5, 5],
			"rotation": {"angle": 45, "axis": "z", "origin": [3.25, 8.25, 4.75]},
			"faces": {
				"north": {"uv": [10, 4.58781, 10.5, 5.08781], "texture": "#texture"},
				"east": {"uv": [11.5, 5, 12, 6], "texture": "#texture"},
				"south": {"uv": [11.5, 5, 12, 6], "texture": "#texture"},
				"west": {"uv": [11.5, 5, 12, 6], "texture": "#texture"},
				"up": {"uv": [11.5, 5, 12, 6], "texture": "#texture"},
				"down": {"uv": [11.5, 5, 12, 6], "texture": "#texture"}
			}
		},
		{
			"from": [3.1875, 7.1875, 4.8125],
			"to": [4.0625, 8.0625, 5],
			"rotation": {"angle": 45, "axis": "z", "origin": [3.25, 7.25, 4.75]},
			"faces": {
				"north": {"uv": [10, 5.50538, 10.5, 6.00538], "texture": "#texture"},
				"east": {"uv": [11.5, 5, 12, 6], "texture": "#texture"},
				"south": {"uv": [11.5, 5, 12, 6], "texture": "#texture"},
				"west": {"uv": [11.5, 5, 12, 6], "texture": "#texture"},
				"up": {"uv": [11.5, 5, 12, 6], "texture": "#texture"},
				"down": {"uv": [11.5, 5, 12, 6], "texture": "#texture"}
			}
		},
		{
			"from": [3.5, 7.5, 4.5],
			"to": [4, 8, 5],
			"rotation": {"angle": 45, "axis": "z", "origin": [3.75, 7.75, 4.75]},
			"faces": {
				"north": {"uv": [10, 5.50538, 10.5, 6.00538], "texture": "#texture"},
				"east": {"uv": [9, 6.42294, 9.5, 7.42294], "texture": "#texture"},
				"south": {"uv": [10.5, 5.0466, 11, 6.0466], "texture": "#texture"},
				"west": {"uv": [10.5, 4.58781, 11, 5.58781], "texture": "#texture"},
				"up": {"uv": [11.5, 4.12903, 12, 5.12903], "texture": "#texture"},
				"down": {"uv": [11, 4.12903, 11.5, 5.12903], "texture": "#texture"}
			}
		},
		{
			"from": [3, 7, 4.5],
			"to": [3.5, 7.5, 5],
			"rotation": {"angle": 45, "axis": "z", "origin": [3.25, 7.25, 4.75]},
			"faces": {
				"north": {"uv": [10, 5.50538, 10.5, 6.00538], "texture": "#texture"},
				"east": {"uv": [11.5, 5, 12, 6], "texture": "#texture"},
				"south": {"uv": [11.5, 5, 12, 6], "texture": "#texture"},
				"west": {"uv": [11.5, 5, 12, 6], "texture": "#texture"},
				"up": {"uv": [11.5, 5, 12, 6], "texture": "#texture"},
				"down": {"uv": [11.5, 5, 12, 6], "texture": "#texture"}
			}
		},
		{
			"from": [3.4375, 7.375, 4.6875],
			"to": [3.8125, 7.8125, 4.875],
			"rotation": {"angle": 45, "axis": "z", "origin": [3.25, 7.25, 4.75]},
			"faces": {
				"north": {"uv": [13.5, 2, 14, 2.5], "texture": "#texture"},
				"east": {"uv": [13.5, 2, 14, 2.5], "texture": "#texture"},
				"south": {"uv": [13.5, 2, 14, 2.5], "texture": "#texture"},
				"west": {"uv": [13.5, 2, 14, 2.5], "texture": "#texture"},
				"up": {"uv": [13.5, 2, 14, 2.5], "texture": "#texture"},
				"down": {"uv": [13.5, 2, 14, 2.5], "texture": "#texture"}
			}
		},
		{
			"from": [3.5, 9, 4],
			"to": [4.5, 10.5, 5.1875],
			"faces": {
				"north": {"uv": [10.5, 4.58781, 12, 6.08781], "texture": "#texture"},
				"east": {"uv": [11, 4.12903, 12, 4.62903], "texture": "#texture"},
				"south": {"uv": [10, 4.12903, 12, 4.62903], "texture": "#texture"},
				"west": {"uv": [11, 4.58781, 12, 5.08781], "texture": "#texture"},
				"up": {"uv": [9.5, 6.88172, 11.5, 7.88172], "texture": "#texture"},
				"down": {"uv": [10, 4.58781, 12, 5.58781], "texture": "#texture"}
			}
		},
		{
			"from": [4.5, 10, 4.5],
			"to": [5, 10.5, 5.1875],
			"faces": {
				"north": {"uv": [11, 4.12903, 12, 4.79928], "texture": "#texture"},
				"east": {"uv": [11, 6.88172, 12, 7.38172], "texture": "#texture"},
				"south": {"uv": [10, 4.12903, 12, 4.62903], "texture": "#texture"},
				"west": {"uv": [11, 4.12903, 12, 4.62903], "texture": "#texture"},
				"up": {"uv": [8.5, 6.42294, 10.5, 7.42294], "texture": "#texture"},
				"down": {"uv": [8.5, 4.58781, 10.5, 5.58781], "texture": "#texture"}
			}
		},
		{
			"from": [4, 10.5, 4],
			"to": [5.5, 11, 5],
			"faces": {
				"north": {"uv": [9, 4.12903, 11, 5.50538], "texture": "#texture"},
				"east": {"uv": [10, 4.58781, 11, 5.08781], "texture": "#texture"},
				"south": {"uv": [8.5, 6.42294, 10.5, 7.92294], "texture": "#texture"},
				"west": {"uv": [10.5, 4.12903, 11.5, 4.62903], "texture": "#texture"},
				"up": {"uv": [10, 4.12903, 12, 5.12903], "texture": "#texture"},
				"down": {"uv": [8.5, 6.42294, 10.5, 7.42294], "texture": "#texture"}
			}
		},
		{
			"from": [5, 9, 4],
			"to": [6, 10.5, 5],
			"faces": {
				"north": {"uv": [8.5, 4.58781, 10, 5.96416], "texture": "#texture"},
				"east": {"uv": [9, 4.58781, 10, 5.08781], "texture": "#texture"},
				"south": {"uv": [9.5, 4.58781, 11.5, 5.08781], "texture": "#texture"},
				"west": {"uv": [10, 4.58781, 11, 5.08781], "texture": "#texture"},
				"up": {"uv": [9.5, 4.12903, 11.5, 5.12903], "texture": "#texture"},
				"down": {"uv": [9.5, 4.58781, 11.5, 5.58781], "texture": "#texture"}
			}
		},
		{
			"from": [4.5, 9, 4.5],
			"to": [5, 9.5, 5],
			"faces": {
				"north": {"uv": [11, 4.12903, 12, 5.0466], "texture": "#texture"},
				"east": {"uv": [10.5, 4.12903, 11.5, 4.62903], "texture": "#texture"},
				"south": {"uv": [10, 4.12903, 12, 4.62903], "texture": "#texture"},
				"west": {"uv": [10.5, 4.58781, 11.5, 5.08781], "texture": "#texture"},
				"up": {"uv": [10, 4.12903, 12, 5.12903], "texture": "#texture"},
				"down": {"uv": [8.5, 6.42294, 10.5, 7.42294], "texture": "#texture"}
			}
		},
		{
			"from": [4, 8.5, 4],
			"to": [5.5, 9, 5],
			"faces": {
				"north": {"uv": [9.5, 6.42294, 11, 7.3405], "texture": "#texture"},
				"east": {"uv": [11, 4.12903, 12, 4.62903], "texture": "#texture"},
				"south": {"uv": [9.5, 4.58781, 11.5, 5.08781], "texture": "#texture"},
				"west": {"uv": [11, 4.58781, 12, 5.08781], "texture": "#texture"},
				"up": {"uv": [10, 4.12903, 12, 5.12903], "texture": "#texture"},
				"down": {"uv": [9.5, 4.12903, 11.5, 5.12903], "texture": "#texture"}
			}
		},
		{
			"from": [6.3125, 6.6875, 4.375],
			"to": [6.6875, 7.0625, 5],
			"faces": {
				"north": {"uv": [9, 6.923, 9.5, 7.923], "texture": "#texture"},
				"east": {"uv": [9, 6.923, 9.5, 7.923], "texture": "#texture"},
				"south": {"uv": [9, 6.923, 9.5, 7.923], "texture": "#texture"},
				"west": {"uv": [9, 6.923, 9.5, 7.923], "texture": "#texture"},
				"up": {"uv": [9, 6.923, 9.5, 7.923], "texture": "#texture"},
				"down": {"uv": [9, 6.923, 9.5, 7.923], "texture": "#texture"}
			}
		},
		{
			"from": [6.5, 7, 4.4375],
			"to": [7.5, 8, 5],
			"faces": {
				"north": {"uv": [10, 5.96416, 12, 7.96416], "texture": "#texture"},
				"east": {"uv": [12, 2, 13, 3], "texture": "#texture"},
				"south": {"uv": [11, 4.5, 12, 5.5], "texture": "#texture"},
				"west": {"uv": [11, 4, 12, 5], "texture": "#texture"},
				"up": {"uv": [11, 4.58781, 11.5, 5.08781], "texture": "#texture"},
				"down": {"uv": [10, 5.0466, 11, 6.0466], "texture": "#texture"}
			}
		},
		{
			"from": [7, 8, 4.375],
			"to": [8, 9, 5],
			"faces": {
				"north": {"uv": [9, 4.12903, 11, 5.62903], "texture": "#texture"},
				"east": {"uv": [10.5, 4.58781, 11.5, 5.58781], "texture": "#texture"},
				"south": {"uv": [9, 6.42294, 10, 7.42294], "texture": "#texture"},
				"west": {"uv": [11, 6.42294, 12, 7.42294], "texture": "#texture"},
				"up": {"uv": [11.5, 4.58781, 12, 5.58781], "texture": "#texture"},
				"down": {"uv": [10.5, 4.58781, 11.5, 5.58781], "texture": "#texture"}
			}
		},
		{
			"from": [6.75, 8.75, 4.375],
			"to": [7.125, 9.125, 5],
			"faces": {
				"north": {"uv": [10, 5.5, 10.5, 6.5], "texture": "#texture"},
				"east": {"uv": [10, 5.5, 10.5, 6.5], "texture": "#texture"},
				"south": {"uv": [10, 5.5, 10.5, 6.5], "texture": "#texture"},
				"west": {"uv": [10, 5.5, 10.5, 6.5], "texture": "#texture"},
				"up": {"uv": [10, 5.5, 10.5, 6.5], "texture": "#texture"},
				"down": {"uv": [10, 5.5, 10.5, 6.5], "texture": "#texture"}
			}
		},
		{
			"from": [8, 7.5, 4.375],
			"to": [9, 8.5, 5],
			"faces": {
				"north": {"uv": [8.5, 4.58781, 9.5, 5.58781], "texture": "#texture"},
				"east": {"uv": [10, 5.0466, 11, 6.0466], "texture": "#texture"},
				"south": {"uv": [10.5, 5.0466, 11.5, 6.0466], "texture": "#texture"},
				"west": {"uv": [11, 6.42294, 12, 7.42294], "texture": "#texture"},
				"up": {"uv": [9, 4.58781, 9.5, 5.58781], "texture": "#texture"},
				"down": {"uv": [8.5, 6.88172, 9.5, 7.88172], "texture": "#texture"}
			}
		},
		{
			"from": [8.8125, 8.4375, 4.375],
			"to": [9.1875, 8.8125, 5],
			"faces": {
				"north": {"uv": [9, 6.923, 9.5, 7.923], "texture": "#texture"},
				"east": {"uv": [9, 6.923, 9.5, 7.923], "texture": "#texture"},
				"south": {"uv": [9, 6.923, 9.5, 7.923], "texture": "#texture"},
				"west": {"uv": [9, 6.923, 9.5, 7.923], "texture": "#texture"},
				"up": {"uv": [9, 6.923, 9.5, 7.923], "texture": "#texture"},
				"down": {"uv": [9, 6.923, 9.5, 7.923], "texture": "#texture"}
			}
		},
		{
			"from": [7.5, 6.5, 4.375],
			"to": [8.5, 7.5, 5],
			"faces": {
				"north": {"uv": [9, 6.42294, 10.5, 7.92294], "texture": "#texture"},
				"east": {"uv": [11, 4.12903, 12, 5.12903], "texture": "#texture"},
				"south": {"uv": [11, 4.12903, 12, 5.12903], "texture": "#texture"},
				"west": {"uv": [11, 4.12903, 12, 5.12903], "texture": "#texture"},
				"up": {"uv": [8.5, 4.12903, 9, 4.62903], "texture": "#texture"},
				"down": {"uv": [8.5, 4.58781, 9.5, 5.58781], "texture": "#texture"}
			}
		},
		{
			"from": [8.375, 6.125, 4.375],
			"to": [8.75, 6.5, 5],
			"faces": {
				"north": {"uv": [9, 6.923, 9.5, 7.923], "texture": "#texture"},
				"east": {"uv": [9, 6.923, 9.5, 7.923], "texture": "#texture"},
				"south": {"uv": [9, 6.923, 9.5, 7.923], "texture": "#texture"},
				"west": {"uv": [9, 6.923, 9.5, 7.923], "texture": "#texture"},
				"up": {"uv": [9, 6.923, 9.5, 7.923], "texture": "#texture"},
				"down": {"uv": [9, 6.923, 9.5, 7.923], "texture": "#texture"}
			}
		},
		{
			"from": [7.5, 7.5, 4.5],
			"to": [8, 8, 5],
			"faces": {
				"north": {"uv": [0, 0, 0.5, 0.5], "texture": "#texture"},
				"east": {"uv": [0, 0, 1, 0.5], "texture": "#texture"},
				"south": {"uv": [8.5, 8, 9, 8.5], "texture": "#texture"},
				"west": {"uv": [0, 0, 1, 0.5], "texture": "#texture"},
				"up": {"uv": [0, 0, 0.5, 1], "texture": "#texture"},
				"down": {"uv": [0, 0, 0.5, 1], "texture": "#texture"}
			}
		},
		{
			"from": [10, 9.5, 4.5],
			"to": [10.5, 10, 5],
			"faces": {
				"north": {"uv": [12.5, 5.50538, 13, 6.50538], "texture": "#texture"},
				"east": {"uv": [14.5, 4.58781, 15, 5.58781], "texture": "#texture"},
				"south": {"uv": [15.5, 4.58781, 16, 5.58781], "texture": "#texture"},
				"west": {"uv": [13, 5.50538, 13.5, 6.50538], "texture": "#texture"},
				"up": {"uv": [14, 5.50538, 14.5, 6.50538], "texture": "#texture"},
				"down": {"uv": [13.5, 5.0466, 14, 6.0466], "texture": "#texture"}
			}
		},
		{
			"from": [9.875, 9.625, 4.5],
			"to": [10, 9.9375, 5],
			"faces": {
				"north": {"uv": [12.5, 5.50538, 13, 6.50538], "texture": "#texture"},
				"east": {"uv": [14.5, 4.58781, 15, 5.58781], "texture": "#texture"},
				"south": {"uv": [15.5, 4.58781, 16, 5.58781], "texture": "#texture"},
				"west": {"uv": [13, 5.50538, 13.5, 6.50538], "texture": "#texture"},
				"up": {"uv": [14, 5.50538, 14.5, 6.50538], "texture": "#texture"},
				"down": {"uv": [13.5, 5.0466, 14, 6.0466], "texture": "#texture"}
			}
		},
		{
			"from": [10.5, 10, 4.5],
			"to": [11, 10.5, 5],
			"faces": {
				"north": {"uv": [14, 5.50538, 14.5, 6.50538], "texture": "#texture"},
				"east": {"uv": [14.5, 5.0466, 15, 6.0466], "texture": "#texture"},
				"south": {"uv": [12.5, 5.50538, 13, 6.50538], "texture": "#texture"},
				"west": {"uv": [12.5, 5.0466, 13, 6.0466], "texture": "#texture"},
				"up": {"uv": [12.5, 5.0466, 13, 6.0466], "texture": "#texture"},
				"down": {"uv": [12, 5.0466, 12.5, 6.0466], "texture": "#texture"}
			}
		},
		{
			"from": [10.625, 10.5, 4.5],
			"to": [10.875, 10.625, 5],
			"faces": {
				"north": {"uv": [13.5, 4.5, 14, 5.5], "texture": "#texture"},
				"east": {"uv": [12.5, 5.0466, 13, 6.0466], "texture": "#texture"},
				"south": {"uv": [12.5, 4.58781, 13, 5.58781], "texture": "#texture"},
				"west": {"uv": [15, 5.0466, 15.5, 6.0466], "texture": "#texture"},
				"up": {"uv": [14.5, 4.58781, 15, 5.58781], "texture": "#texture"},
				"down": {"uv": [13.5, 5.0466, 14, 6.0466], "texture": "#texture"}
			}
		},
		{
			"from": [11.5, 9.5625, 4.5],
			"to": [11.625, 9.875, 5],
			"faces": {
				"north": {"uv": [12.5, 5.50538, 13, 6.50538], "texture": "#texture"},
				"east": {"uv": [14.5, 4.58781, 15, 5.58781], "texture": "#texture"},
				"south": {"uv": [15.5, 4.58781, 16, 5.58781], "texture": "#texture"},
				"west": {"uv": [13, 5.50538, 13.5, 6.50538], "texture": "#texture"},
				"up": {"uv": [14, 5.50538, 14.5, 6.50538], "texture": "#texture"},
				"down": {"uv": [13.5, 5.0466, 14, 6.0466], "texture": "#texture"}
			}
		},
		{
			"from": [10.625, 8.875, 4.5],
			"to": [10.875, 9, 5],
			"faces": {
				"north": {"uv": [12.5, 4.58781, 13, 5.58781], "texture": "#texture"},
				"east": {"uv": [12.5, 5.0466, 13, 6.0466], "texture": "#texture"},
				"south": {"uv": [12.5, 4.58781, 13, 5.58781], "texture": "#texture"},
				"west": {"uv": [15, 5.0466, 15.5, 6.0466], "texture": "#texture"},
				"up": {"uv": [14.5, 4.58781, 15, 5.58781], "texture": "#texture"},
				"down": {"uv": [13.5, 5.0466, 14, 6.0466], "texture": "#texture"}
			}
		},
		{
			"from": [10.5, 9, 4.5],
			"to": [11, 9.5, 5],
			"faces": {
				"north": {"uv": [12.5, 4.58781, 13, 5.58781], "texture": "#texture"},
				"east": {"uv": [12.5, 5.0466, 13, 6.0466], "texture": "#texture"},
				"south": {"uv": [12.5, 4.58781, 13, 5.58781], "texture": "#texture"},
				"west": {"uv": [15, 5.0466, 15.5, 6.0466], "texture": "#texture"},
				"up": {"uv": [14.5, 4.58781, 15, 5.58781], "texture": "#texture"},
				"down": {"uv": [13.5, 5.0466, 14, 6.0466], "texture": "#texture"}
			}
		},
		{
			"from": [11, 9.5, 4.5],
			"to": [11.5, 10, 5],
			"faces": {
				"north": {"uv": [13, 5.50538, 13.5, 6.50538], "texture": "#texture"},
				"east": {"uv": [13, 6.42294, 13.5, 7.42294], "texture": "#texture"},
				"south": {"uv": [14.5, 5.96416, 15, 6.96416], "texture": "#texture"},
				"west": {"uv": [13.5, 5.96416, 14, 6.96416], "texture": "#texture"},
				"up": {"uv": [14, 5.0466, 14.5, 6.0466], "texture": "#texture"},
				"down": {"uv": [12.5, 5.0466, 13, 6.0466], "texture": "#texture"}
			}
		},
		{
			"from": [12, 7, 4],
			"to": [13, 8.5, 5],
			"faces": {
				"north": {"uv": [14, 5.0466, 15, 6.5466], "texture": "#texture"},
				"east": {"uv": [13.5, 5.50538, 14.5, 7.00538], "texture": "#texture"},
				"south": {"uv": [12.5, 5.96416, 13.5, 7.46416], "texture": "#texture"},
				"west": {"uv": [15, 5.96416, 16, 7.46416], "texture": "#texture"},
				"up": {"uv": [13, 5.96416, 14, 6.96416], "texture": "#texture"},
				"down": {"uv": [12.5, 4.58781, 13.5, 5.58781], "texture": "#texture"}
			}
		},
		{
			"from": [11.8125, 7.125, 4],
			"to": [12, 8.3125, 5],
			"faces": {
				"north": {"uv": [14, 5.0466, 15, 6.5466], "texture": "#texture"},
				"east": {"uv": [13.5, 5.50538, 14.5, 7.00538], "texture": "#texture"},
				"south": {"uv": [12.5, 5.96416, 13.5, 7.46416], "texture": "#texture"},
				"west": {"uv": [15, 5.96416, 16, 7.46416], "texture": "#texture"},
				"up": {"uv": [13, 5.96416, 14, 6.96416], "texture": "#texture"},
				"down": {"uv": [12.5, 4.58781, 13.5, 5.58781], "texture": "#texture"}
			}
		},
		{
			"from": [12.75, 6.1875, 4],
			"to": [13.6875, 6.5, 5],
			"faces": {
				"north": {"uv": [12.5, 4.58781, 13.5, 5.08781], "texture": "#texture"},
				"east": {"uv": [12.5, 4.58781, 14.5, 5.08781], "texture": "#texture"},
				"south": {"uv": [14.5, 4.58781, 15.5, 5.08781], "texture": "#texture"},
				"west": {"uv": [13, 4.58781, 15, 5.08781], "texture": "#texture"},
				"up": {"uv": [14.5, 5.0466, 15.5, 7.0466], "texture": "#texture"},
				"down": {"uv": [12.5, 5.50538, 13.5, 7.50538], "texture": "#texture"}
			}
		},
		{
			"from": [12.5, 6.5, 4],
			"to": [14, 7, 5],
			"faces": {
				"north": {"uv": [13, 4.5, 14.5, 5.5], "texture": "#texture"},
				"east": {"uv": [14.5, 5.0466, 15.5, 6.0466], "texture": "#texture"},
				"south": {"uv": [13.5, 4.58781, 15, 5.58781], "texture": "#texture"},
				"west": {"uv": [13, 5.50538, 14, 6.50538], "texture": "#texture"},
				"up": {"uv": [14, 5.50538, 15.5, 6.50538], "texture": "#texture"},
				"down": {"uv": [13, 4.58781, 14.5, 5.58781], "texture": "#texture"}
			}
		},
		{
			"from": [13, 7, 4.5],
			"to": [13.5, 7.5, 5],
			"faces": {
				"north": {"uv": [15, 4.58781, 15.5, 5.58781], "texture": "#texture"},
				"east": {"uv": [13.5, 6.42294, 14, 7.42294], "texture": "#texture"},
				"south": {"uv": [15, 5.0466, 15.5, 6.0466], "texture": "#texture"},
				"west": {"uv": [14.5, 5.0466, 15, 6.0466], "texture": "#texture"},
				"up": {"uv": [15, 4.58781, 15.5, 5.58781], "texture": "#texture"},
				"down": {"uv": [12.5, 5.0466, 13, 6.0466], "texture": "#texture"}
			}
		},
		{
			"from": [13, 8, 4.5],
			"to": [13.5, 8.5, 5],
			"faces": {
				"north": {"uv": [12.5, 4.58781, 13, 5.58781], "texture": "#texture"},
				"east": {"uv": [12.5, 5.0466, 13, 6.0466], "texture": "#texture"},
				"south": {"uv": [14.5, 5.0466, 15, 6.0466], "texture": "#texture"},
				"west": {"uv": [12.5, 4.58781, 13, 5.58781], "texture": "#texture"},
				"up": {"uv": [12, 5.0466, 12.5, 6.0466], "texture": "#texture"},
				"down": {"uv": [14.5, 4.58781, 15, 5.58781], "texture": "#texture"}
			}
		},
		{
			"from": [12.5, 8.5, 4],
			"to": [14, 9, 5],
			"faces": {
				"north": {"uv": [12.5, 4.58781, 13.5, 5.08781], "texture": "#texture"},
				"east": {"uv": [12.5, 4.58781, 14.5, 5.08781], "texture": "#texture"},
				"south": {"uv": [14.5, 4.58781, 15.5, 5.08781], "texture": "#texture"},
				"west": {"uv": [13, 4.58781, 15, 5.08781], "texture": "#texture"},
				"up": {"uv": [14.5, 5.0466, 15.5, 7.0466], "texture": "#texture"},
				"down": {"uv": [12.5, 5.50538, 13.5, 7.50538], "texture": "#texture"}
			}
		},
		{
			"from": [12.75, 9, 4],
			"to": [13.6875, 9.3125, 5],
			"faces": {
				"north": {"uv": [12.5, 4.58781, 13.5, 5.08781], "texture": "#texture"},
				"east": {"uv": [12.5, 4.58781, 14.5, 5.08781], "texture": "#texture"},
				"south": {"uv": [14.5, 4.58781, 15.5, 5.08781], "texture": "#texture"},
				"west": {"uv": [13, 4.58781, 15, 5.08781], "texture": "#texture"},
				"up": {"uv": [14.5, 5.0466, 15.5, 7.0466], "texture": "#texture"},
				"down": {"uv": [12.5, 5.50538, 13.5, 7.50538], "texture": "#texture"}
			}
		},
		{
			"from": [13.5, 7, 4],
			"to": [14.5, 8.5, 5],
			"faces": {
				"north": {"uv": [13, 5.0466, 14, 6.5466], "texture": "#texture"},
				"east": {"uv": [13, 5.50538, 14, 7.00538], "texture": "#texture"},
				"south": {"uv": [14, 4.58781, 15, 6.08781], "texture": "#texture"},
				"west": {"uv": [14.5, 5.50538, 15.5, 7.00538], "texture": "#texture"},
				"up": {"uv": [14, 5.0466, 15, 6.0466], "texture": "#texture"},
				"down": {"uv": [13, 5.50538, 14, 6.50538], "texture": "#texture"}
			}
		},
		{
			"from": [14.5, 7.125, 4],
			"to": [14.6875, 8.3125, 5],
			"faces": {
				"north": {"uv": [14, 5.0466, 15, 6.5466], "texture": "#texture"},
				"east": {"uv": [13.5, 5.50538, 14.5, 7.00538], "texture": "#texture"},
				"south": {"uv": [12.5, 5.96416, 13.5, 7.46416], "texture": "#texture"},
				"west": {"uv": [15, 5.96416, 16, 7.46416], "texture": "#texture"},
				"up": {"uv": [13, 5.96416, 14, 6.96416], "texture": "#texture"},
				"down": {"uv": [12.5, 4.58781, 13.5, 5.58781], "texture": "#texture"}
			}
		},
		{
			"from": [14.5, 9, 4.8125],
			"to": [15, 9.5, 5.3125],
			"rotation": {"angle": 22.5, "axis": "y", "origin": [15, 10, 6]},
			"faces": {
				"north": {"uv": [7, 0.91756, 7.5, 1.91756], "texture": "#texture"},
				"east": {"uv": [5, 2.5, 5.5, 3.5], "texture": "#texture"},
				"south": {"uv": [7.5, 0.45878, 8, 1.45878], "texture": "#texture"},
				"west": {"uv": [7.5, 2.29391, 8, 3.29391], "texture": "#texture"},
				"up": {"uv": [6.5, 0.91756, 7, 1.41756], "texture": "#texture"},
				"down": {"uv": [6, 0.91756, 6.5, 1.41756], "texture": "#texture"}
			}
		},
		{
			"from": [14.5, 9.5, 5.3125],
			"to": [15, 10, 5.8125],
			"rotation": {"angle": 22.5, "axis": "y", "origin": [15, 10, 6]},
			"faces": {
				"north": {"uv": [7.5, 1.83513, 8, 2.83513], "texture": "#texture"},
				"east": {"uv": [6.5, 1.37634, 7, 2.37634], "texture": "#texture"},
				"south": {"uv": [5, 0.91756, 5.5, 1.91756], "texture": "#texture"},
				"west": {"uv": [7, 0.91756, 7.5, 1.91756], "texture": "#texture"},
				"up": {"uv": [7.5, 2.5, 8, 3], "texture": "#texture"},
				"down": {"uv": [7.5, 3, 8, 3.5], "texture": "#texture"}
			}
		},
		{
			"from": [14.5, 10, 4.8125],
			"to": [15, 10.5, 5.3125],
			"rotation": {"angle": 22.5, "axis": "y", "origin": [15, 10, 6]},
			"faces": {
				"north": {"uv": [6.5, 2.29391, 7, 3.29391], "texture": "#texture"},
				"east": {"uv": [7, 1.83513, 7.5, 2.83513], "texture": "#texture"},
				"south": {"uv": [5.5, 1.37634, 6, 2.37634], "texture": "#texture"},
				"west": {"uv": [7, 0.45878, 7.5, 1.45878], "texture": "#texture"},
				"up": {"uv": [7, 2.29391, 7.5, 2.79391], "texture": "#texture"},
				"down": {"uv": [7.5, 3, 8, 3.5], "texture": "#texture"}
			}
		},
		{
			"from": [14.5, 9.5, 4.3125],
			"to": [15, 10, 4.8125],
			"rotation": {"angle": 22.5, "axis": "y", "origin": [15, 10, 6]},
			"faces": {
				"north": {"uv": [7.5, 2.29391, 8, 3.29391], "texture": "#texture"},
				"east": {"uv": [7, 1.83513, 7.5, 2.83513], "texture": "#texture"},
				"south": {"uv": [7, 0.45878, 7.5, 1.45878], "texture": "#texture"},
				"west": {"uv": [5.5, 0.91756, 6, 1.91756], "texture": "#texture"},
				"up": {"uv": [6, 1.83513, 6.5, 2.33513], "texture": "#texture"},
				"down": {"uv": [7, 0.45878, 7.5, 0.95878], "texture": "#texture"}
			}
		},
		{
			"from": [14.5, 8.1875, 6.4375],
			"to": [15.5, 9.6875, 7.4375],
			"faces": {
				"north": {"uv": [7, 0, 8, 1], "texture": "#texture"},
				"east": {"uv": [6.5, 0.45878, 7.5, 1.45878], "texture": "#texture"},
				"south": {"uv": [6.5, 2.29391, 7.5, 3.29391], "texture": "#texture"},
				"west": {"uv": [6, 1.83513, 7, 2.83513], "texture": "#texture"},
				"up": {"uv": [4.5, 2.75269, 5.5, 3.75269], "texture": "#texture"},
				"down": {"uv": [7, 0, 8, 1], "texture": "#texture"}
			}
		},
		{
			"from": [14.5, 7.6875, 6.9375],
			"to": [15.5, 8.1875, 8.4375],
			"faces": {
				"north": {"uv": [5, 2.29391, 6, 3.29391], "texture": "#texture"},
				"east": {"uv": [6.5, 0.45878, 7.5, 1.45878], "texture": "#texture"},
				"south": {"uv": [7, 2.29391, 8, 3.29391], "texture": "#texture"},
				"west": {"uv": [5, 0.45878, 6, 1.45878], "texture": "#texture"},
				"up": {"uv": [5, 0.45878, 6, 1.45878], "texture": "#texture"},
				"down": {"uv": [6.5, 1.83513, 7.5, 2.83513], "texture": "#texture"}
			}
		},
		{
			"from": [14.5, 8.1875, 7.4375],
			"to": [15, 9.6875, 7.9375],
			"faces": {
				"north": {"uv": [6, 2.29391, 6.5, 2.79391], "texture": "#texture"},
				"east": {"uv": [5.5, 2, 6, 3.37634], "texture": "#texture"},
				"south": {"uv": [7, 0.45878, 7.5, 0.95878], "texture": "#texture"},
				"west": {"uv": [7, 2.75269, 7.5, 3.25269], "texture": "#texture"},
				"up": {"uv": [7, 1.37634, 7.5, 1.87634], "texture": "#texture"},
				"down": {"uv": [7, 0.91756, 7.5, 1.91756], "texture": "#texture"}
			}
		},
		{
			"from": [14.5, 8.1875, 7.9375],
			"to": [15.5, 9.6875, 8.9375],
			"faces": {
				"north": {"uv": [5, 0.91756, 6, 1.91756], "texture": "#texture"},
				"east": {"uv": [5, 0.45878, 6, 1.45878], "texture": "#texture"},
				"south": {"uv": [7, 0.45878, 8, 1.45878], "texture": "#texture"},
				"west": {"uv": [5.5, 1.83513, 6.5, 2.83513], "texture": "#texture"},
				"up": {"uv": [5, 1.83513, 6, 2.83513], "texture": "#texture"},
				"down": {"uv": [7, 0.91756, 8, 1.91756], "texture": "#texture"}
			}
		},
		{
			"from": [14.5, 9.6875, 6.9375],
			"to": [15.5, 10.1875, 8.4375],
			"faces": {
				"north": {"uv": [4.5, 0.45878, 5.5, 0.95878], "texture": "#texture"},
				"east": {"uv": [5, 0.45878, 7, 0.95878], "texture": "#texture"},
				"south": {"uv": [4.5, 2, 5.5, 3], "texture": "#texture"},
				"west": {"uv": [6, 0.45878, 8, 0.95878], "texture": "#texture"},
				"up": {"uv": [7, 1, 8, 3], "texture": "#texture"},
				"down": {"uv": [7, 0.45878, 8, 2.45878], "texture": "#texture"}
			}
		},
		{
			"from": [14.5, 7.5, 9.5],
			"to": [15.1875, 8.5, 10.5],
			"faces": {
				"north": {"uv": [15, 0, 16, 1], "texture": "#texture"},
				"east": {"uv": [13, 2.5, 14, 3.5], "texture": "#texture"},
				"south": {"uv": [15, 2.29391, 16, 3.29391], "texture": "#texture"},
				"west": {"uv": [12.5, 2.29391, 13.5, 3.29391], "texture": "#texture"},
				"up": {"uv": [14, 1.83513, 15, 2.83513], "texture": "#texture"},
				"down": {"uv": [14, 0.91756, 15, 1.91756], "texture": "#texture"}
			}
		},
		{
			"from": [14.5, 6.5, 10],
			"to": [15.1875, 7.5, 11],
			"faces": {
				"north": {"uv": [12.5, 2.29391, 13.5, 3.29391], "texture": "#texture"},
				"east": {"uv": [14, 2.29391, 15, 3.29391], "texture": "#texture"},
				"south": {"uv": [12.5, 0.45878, 13.5, 1.45878], "texture": "#texture"},
				"west": {"uv": [14, 0.91756, 15, 1.91756], "texture": "#texture"},
				"up": {"uv": [14.5, 0.45878, 15.5, 1.45878], "texture": "#texture"},
				"down": {"uv": [15, 2.29391, 16, 3.29391], "texture": "#texture"}
			}
		},
		{
			"from": [14.5, 8, 10.5],
			"to": [15.0625, 9, 11.5],
			"faces": {
				"north": {"uv": [13, 2.5, 14, 3.5], "texture": "#texture"},
				"east": {"uv": [13, 2.5, 14, 3.5], "texture": "#texture"},
				"south": {"uv": [13, 2.5, 14, 3.5], "texture": "#texture"},
				"west": {"uv": [13, 2.5, 14, 3.5], "texture": "#texture"},
				"up": {"uv": [13, 2.5, 14, 3.5], "texture": "#texture"},
				"down": {"uv": [13.5, 2.5, 14.5, 3.5], "texture": "#texture"}
			}
		},
		{
			"from": [14.5, 7, 11],
			"to": [15.0625, 8, 12],
			"faces": {
				"north": {"uv": [13, 2.5, 14, 3.5], "texture": "#texture"},
				"east": {"uv": [13, 1.5, 14, 2.5], "texture": "#texture"},
				"south": {"uv": [13, 2.5, 14, 3.5], "texture": "#texture"},
				"west": {"uv": [13, 2.5, 14, 3.5], "texture": "#texture"},
				"up": {"uv": [13, 2, 14, 3], "texture": "#texture"},
				"down": {"uv": [13, 2, 14, 3], "texture": "#texture"}
			}
		},
		{
			"from": [14.5, 6.875, 11.1875],
			"to": [14.8125, 7.875, 12.1875],
			"rotation": {"angle": 45, "axis": "x", "origin": [15, 8, 11]},
			"faces": {
				"north": {"uv": [13, 2.5, 14, 3.5], "texture": "#texture"},
				"east": {"uv": [13, 1.5, 14, 2.5], "texture": "#texture"},
				"south": {"uv": [13, 2.5, 14, 3.5], "texture": "#texture"},
				"west": {"uv": [13, 2.5, 14, 3.5], "texture": "#texture"},
				"up": {"uv": [13, 2, 14, 3], "texture": "#texture"},
				"down": {"uv": [13, 2, 14, 3], "texture": "#texture"}
			}
		},
		{
			"from": [14.5, 7.875, 10.6875],
			"to": [14.8125, 8.875, 11.6875],
			"rotation": {"angle": 45, "axis": "x", "origin": [15, 8, 11]},
			"faces": {
				"north": {"uv": [13, 2.5, 14, 3.5], "texture": "#texture"},
				"east": {"uv": [13, 2.5, 14, 3.5], "texture": "#texture"},
				"south": {"uv": [13, 2.5, 14, 3.5], "texture": "#texture"},
				"west": {"uv": [13, 2.5, 14, 3.5], "texture": "#texture"},
				"up": {"uv": [13, 2.5, 14, 3.5], "texture": "#texture"},
				"down": {"uv": [13.5, 2.5, 14.5, 3.5], "texture": "#texture"}
			}
		},
		{
			"from": [14.5, 7.375, 9.6875],
			"to": [14.9375, 8.375, 10.6875],
			"rotation": {"angle": 45, "axis": "x", "origin": [15, 8, 11]},
			"faces": {
				"north": {"uv": [15, 0, 16, 1], "texture": "#texture"},
				"east": {"uv": [13, 2.5, 14, 3.5], "texture": "#texture"},
				"south": {"uv": [15, 2.29391, 16, 3.29391], "texture": "#texture"},
				"west": {"uv": [12.5, 2.29391, 13.5, 3.29391], "texture": "#texture"},
				"up": {"uv": [14, 1.83513, 15, 2.83513], "texture": "#texture"},
				"down": {"uv": [14, 0.91756, 15, 1.91756], "texture": "#texture"}
			}
		},
		{
			"from": [14.5, 6.375, 10.1875],
			"to": [14.9375, 7.375, 11.1875],
			"rotation": {"angle": 45, "axis": "x", "origin": [15, 8, 11]},
			"faces": {
				"north": {"uv": [12.5, 2.29391, 13.5, 3.29391], "texture": "#texture"},
				"east": {"uv": [14, 2.29391, 15, 3.29391], "texture": "#texture"},
				"south": {"uv": [12.5, 0.45878, 13.5, 1.45878], "texture": "#texture"},
				"west": {"uv": [14, 0.91756, 15, 1.91756], "texture": "#texture"},
				"up": {"uv": [14.5, 0.45878, 15.5, 1.45878], "texture": "#texture"},
				"down": {"uv": [15, 2.29391, 16, 3.29391], "texture": "#texture"}
			}
		},
		{
			"from": [14.5, 9.5, 12.75],
			"to": [15, 10, 13.25],
			"rotation": {"angle": -22.5, "axis": "x", "origin": [15, 10, 14]},
			"faces": {
				"north": {"uv": [13, 1.37634, 13.5, 1.87634], "texture": "#texture"},
				"east": {"uv": [14, 1.83513, 14.5, 2.33513], "texture": "#texture"},
				"south": {"uv": [15, 0.91756, 15.5, 1.41756], "texture": "#texture"},
				"west": {"uv": [15.5, 0.45878, 16, 0.95878], "texture": "#texture"},
				"up": {"uv": [15.5, 2.75269, 16, 3.25269], "texture": "#texture"},
				"down": {"uv": [15, 0.91756, 15.5, 1.41756], "texture": "#texture"}
			}
		},
		{
			"from": [14.5, 10, 12.25],
			"to": [15, 10.5, 12.75],
			"rotation": {"angle": -22.5, "axis": "x", "origin": [15, 10, 14]},
			"faces": {
				"north": {"uv": [14, 1.83513, 14.5, 2.33513], "texture": "#texture"},
				"east": {"uv": [14, 2.29391, 14.5, 2.79391], "texture": "#texture"},
				"south": {"uv": [13.5, 3, 14, 3.5], "texture": "#texture"},
				"west": {"uv": [13, 3, 13.5, 3.5], "texture": "#texture"},
				"up": {"uv": [13.5, 2.29391, 14, 2.79391], "texture": "#texture"},
				"down": {"uv": [13, 2.5, 13.5, 3], "texture": "#texture"}
			}
		},
		{
			"from": [14.5, 10.5, 12.75],
			"to": [15, 11, 13.25],
			"rotation": {"angle": -22.5, "axis": "x", "origin": [15, 10, 14]},
			"faces": {
				"north": {"uv": [15, 1.83513, 15.5, 2.33513], "texture": "#texture"},
				"east": {"uv": [14, 2.29391, 14.5, 2.79391], "texture": "#texture"},
				"south": {"uv": [14, 2.75269, 14.5, 3.25269], "texture": "#texture"},
				"west": {"uv": [13.5, 1.83513, 14, 2.33513], "texture": "#texture"},
				"up": {"uv": [13.5, 2.29391, 14, 2.79391], "texture": "#texture"},
				"down": {"uv": [14, 2.29391, 14.5, 2.79391], "texture": "#texture"}
			}
		},
		{
			"from": [14.5, 10, 13.25],
			"to": [15, 10.5, 13.75],
			"rotation": {"angle": -22.5, "axis": "x", "origin": [15, 10, 14]},
			"faces": {
				"north": {"uv": [12.5, 0, 13, 0.5], "texture": "#texture"},
				"east": {"uv": [14, 1.83513, 14.5, 2.33513], "texture": "#texture"},
				"south": {"uv": [13.5, 2.5, 14, 3], "texture": "#texture"},
				"west": {"uv": [14, 3, 14.5, 3.5], "texture": "#texture"},
				"up": {"uv": [13.5, 1.83513, 14, 2.33513], "texture": "#texture"},
				"down": {"uv": [13, 2.5, 13.5, 3], "texture": "#texture"}
			}
		},
		{
			"from": [14.5, 6.125, 14.0625],
			"to": [15.5, 7.125, 15.5625],
			"rotation": {"angle": -45, "axis": "x", "origin": [15, 8, 15.25]},
			"faces": {
				"north": {"uv": [13.5, 10.09319, 14, 10.59319], "rotation": 180, "texture": "#texture"},
				"east": {"uv": [14, 8.71685, 15.5, 10.21685], "rotation": 90, "texture": "#texture"},
				"south": {"uv": [14.5, 11.46953, 15, 11.96953], "texture": "#texture"},
				"west": {"uv": [14.5, 9.17563, 15.5, 10.17563], "rotation": 270, "texture": "#texture"},
				"up": {"uv": [13, 8.71685, 14, 10.21685], "texture": "#texture"},
				"down": {"uv": [14.5, 8.71685, 15.5, 10.21685], "rotation": 180, "texture": "#texture"}
			}
		},
		{
			"from": [14.5, 6.625, 13.5625],
			"to": [15.5, 8.125, 14.0625],
			"rotation": {"angle": -45, "axis": "x", "origin": [15, 8, 15.25]},
			"faces": {
				"north": {"uv": [14.5, 8.71685, 15.5, 11.21685], "rotation": 180, "texture": "#texture"},
				"east": {"uv": [13.5, 8.71685, 14.5, 9.71685], "rotation": 90, "texture": "#texture"},
				"south": {"uv": [13.5, 8.71685, 14.5, 11.21685], "texture": "#texture"},
				"west": {"uv": [13, 8.25806, 14.5, 8.75806], "rotation": 270, "texture": "#texture"},
				"up": {"uv": [13.5, 9.63441, 14, 10.13441], "texture": "#texture"},
				"down": {"uv": [13, 9.17563, 14, 11.67563], "rotation": 180, "texture": "#texture"}
			}
		},
		{
			"from": [14.5, 7.625, 14.0625],
			"to": [15.5, 8.625, 15.5625],
			"rotation": {"angle": -45, "axis": "x", "origin": [15, 8, 15.25]},
			"faces": {
				"north": {"uv": [13, 10.09319, 14, 11.09319], "rotation": 180, "texture": "#texture"},
				"east": {"uv": [13, 9.17563, 14, 10.17563], "rotation": 90, "texture": "#texture"},
				"south": {"uv": [15, 10.09319, 16, 11.09319], "texture": "#texture"},
				"west": {"uv": [14.5, 9.17563, 15.5, 10.17563], "rotation": 270, "texture": "#texture"},
				"up": {"uv": [14, 9.63441, 15, 10.63441], "texture": "#texture"},
				"down": {"uv": [14.5, 9.63441, 15.5, 10.63441], "rotation": 180, "texture": "#texture"}
			}
		},
		{
			"from": [14.5, 6.625, 15.5625],
			"to": [15.5, 8.125, 16.0625],
			"rotation": {"angle": -45, "axis": "x", "origin": [15, 8, 15.25]},
			"faces": {
				"north": {"uv": [13.5, 11.01075, 14.5, 12.01075], "rotation": 180, "texture": "#texture"},
				"east": {"uv": [13.5, 9.17563, 14.5, 10.17563], "rotation": 90, "texture": "#texture"},
				"south": {"uv": [15, 11.01075, 16, 12.01075], "texture": "#texture"},
				"west": {"uv": [12.5, 8.71685, 13.5, 9.71685], "rotation": 270, "texture": "#texture"},
				"up": {"uv": [13, 8.71685, 14, 9.71685], "texture": "#texture"},
				"down": {"uv": [15, 10.55197, 16, 11.55197], "rotation": 180, "texture": "#texture"}
			}
		},
		{
			"from": [14.5, 7.125, 15.0625],
			"to": [15, 7.625, 15.5625],
			"rotation": {"angle": -45, "axis": "x", "origin": [15, 8, 15.25]},
			"faces": {
				"north": {"uv": [15, 8.71685, 16, 9.71685], "rotation": 180, "texture": "#texture"},
				"east": {"uv": [15, 11.46953, 16, 11.96953], "rotation": 90, "texture": "#texture"},
				"south": {"uv": [12.5, 10.55197, 13.5, 11.55197], "texture": "#texture"},
				"west": {"uv": [13.5, 8.71685, 14.5, 9.21685], "rotation": 270, "texture": "#texture"},
				"up": {"uv": [14.5, 9.17563, 15.5, 9.67563], "texture": "#texture"},
				"down": {"uv": [13, 9.63441, 14, 10.13441], "rotation": 180, "texture": "#texture"}
			}
		},
		{
			"from": [14.5, 7.125, 14.0625],
			"to": [15, 7.625, 14.5625],
			"rotation": {"angle": -45, "axis": "x", "origin": [15, 8, 15.25]},
			"faces": {
				"north": {"uv": [15, 9.17563, 15.5, 9.67563], "rotation": 180, "texture": "#texture"},
				"east": {"uv": [12.5, 10.55197, 13, 11.05197], "rotation": 90, "texture": "#texture"},
				"south": {"uv": [14, 9.63441, 14.5, 10.13441], "texture": "#texture"},
				"west": {"uv": [15, 8.25806, 15.5, 8.75806], "rotation": 270, "texture": "#texture"},
				"up": {"uv": [15, 11.46953, 15.5, 11.96953], "texture": "#texture"},
				"down": {"uv": [13, 10.55197, 13.5, 11.05197], "rotation": 180, "texture": "#texture"}
			}
		},
		{
			"from": [14.5, 7.125, 14.5625],
			"to": [15.5, 7.625, 15.0625],
			"rotation": {"angle": -45, "axis": "x", "origin": [15, 8, 15.25]},
			"faces": {
				"north": {"uv": [1, 8, 1.5, 8.5], "texture": "#texture"},
				"east": {"uv": [0.5, 8, 1, 8.5], "texture": "#texture"},
				"south": {"uv": [0, 6, 0.5, 6.5], "texture": "#texture"},
				"west": {"uv": [1, 5.5, 1.5, 6], "texture": "#texture"},
				"up": {"uv": [0, 5.5, 0.5, 6], "texture": "#texture"},
				"down": {"uv": [0, 3, 0.5, 3.5], "texture": "#texture"}
			}
		},
		{
			"from": [11.5, 7.5, 16.5],
			"to": [13, 8, 16.75],
			"faces": {
				"north": {"uv": [14, 10.09319, 15, 11.09319], "texture": "#texture"},
				"east": {"uv": [14.5, 8.71685, 15.5, 9.71685], "texture": "#texture"},
				"south": {"uv": [14, 10.09319, 15, 11.09319], "texture": "#texture"},
				"west": {"uv": [14, 10.55197, 15, 11.55197], "texture": "#texture"},
				"up": {"uv": [13, 9.17563, 14, 10.17563], "texture": "#texture"},
				"down": {"uv": [14, 10.55197, 15, 11.55197], "texture": "#texture"}
			}
		},
		{
			"from": [12, 8, 16.5],
			"to": [12.5, 8.5, 16.3125],
			"faces": {
				"north": {"uv": [15, 9.63441, 15.5, 10.13441], "texture": "#texture"},
				"east": {"uv": [14, 10.09319, 14.5, 10.59319], "texture": "#texture"},
				"south": {"uv": [15, 8.71685, 15.5, 9.21685], "texture": "#texture"},
				"west": {"uv": [13, 10.09319, 13.5, 10.59319], "texture": "#texture"},
				"up": {"uv": [13.5, 9.63441, 14, 10.13441], "texture": "#texture"},
				"down": {"uv": [13.5, 9.17563, 14, 9.67563], "texture": "#texture"}
			}
		},
		{
			"from": [12, 9, 16.5],
			"to": [12.5, 9.5, 16.3125],
			"faces": {
				"north": {"uv": [13, 8.71685, 13.5, 9.21685], "texture": "#texture"},
				"east": {"uv": [11.5, 4.5, 12, 5], "texture": "#texture"},
				"south": {"uv": [13.5, 8.71685, 14, 9.21685], "texture": "#texture"},
				"west": {"uv": [14.5, 9.63441, 15, 10.13441], "texture": "#texture"},
				"up": {"uv": [13, 8.71685, 13.5, 9.21685], "texture": "#texture"},
				"down": {"uv": [15, 11.01075, 15.5, 11.51075], "texture": "#texture"}
			}
		},
		{
			"from": [11.5, 9.5, 16.5],
			"to": [13, 10, 16.8125],
			"faces": {
				"north": {"uv": [13, 10.09319, 14, 11.09319], "texture": "#texture"},
				"east": {"uv": [13.5, 8.71685, 14.5, 9.71685], "texture": "#texture"},
				"south": {"uv": [15, 8.71685, 16, 9.71685], "texture": "#texture"},
				"west": {"uv": [14, 10.09319, 15, 11.09319], "texture": "#texture"},
				"up": {"uv": [15, 9.17563, 16, 10.17563], "texture": "#texture"},
				"down": {"uv": [15, 10.55197, 16, 11.55197], "texture": "#texture"}
			}
		},
		{
			"from": [12.5, 8, 16.5],
			"to": [13.5, 9.5, 16.8125],
			"faces": {
				"north": {"uv": [13, 9.17563, 14, 10.17563], "texture": "#texture"},
				"east": {"uv": [14, 9.63441, 15, 10.63441], "texture": "#texture"},
				"south": {"uv": [14.5, 8.71685, 15.5, 9.71685], "texture": "#texture"},
				"west": {"uv": [14, 10.09319, 15, 11.09319], "texture": "#texture"},
				"up": {"uv": [13.5, 9.63441, 14.5, 10.63441], "texture": "#texture"},
				"down": {"uv": [14, 10.55197, 15, 11.55197], "texture": "#texture"}
			}
		},
		{
			"from": [11, 8, 16.5],
			"to": [12, 9.5, 16.8125],
			"faces": {
				"north": {"uv": [13.5, 10.09319, 14.5, 11.09319], "texture": "#texture"},
				"east": {"uv": [14.5, 9.63441, 15.5, 10.63441], "texture": "#texture"},
				"south": {"uv": [14.5, 10.09319, 15.5, 11.09319], "texture": "#texture"},
				"west": {"uv": [15, 11.01075, 16, 12.01075], "texture": "#texture"},
				"up": {"uv": [14, 8.71685, 15, 9.71685], "texture": "#texture"},
				"down": {"uv": [13.5, 8.71685, 14.5, 9.71685], "texture": "#texture"}
			}
		},
		{
			"from": [10, 7.5, 16.5],
			"to": [10.5, 8, 17],
			"faces": {
				"north": {"uv": [10, 1.37634, 11, 2.37634], "texture": "#texture"},
				"east": {"uv": [10.5, 2.29391, 11.5, 3.29391], "texture": "#texture"},
				"south": {"uv": [9, 2.29391, 10, 3.29391], "texture": "#texture"},
				"west": {"uv": [9, 0.91756, 10, 1.91756], "texture": "#texture"},
				"up": {"uv": [10, 0.45878, 11, 1.45878], "texture": "#texture"},
				"down": {"uv": [11, 2.5, 12, 3.5], "texture": "#texture"}
			}
		},
		{
			"from": [9.5, 8, 16.5],
			"to": [10, 8.5, 17],
			"faces": {
				"north": {"uv": [10.5, 0.91756, 11.5, 1.91756], "texture": "#texture"},
				"east": {"uv": [10, 1.83513, 11, 2.83513], "texture": "#texture"},
				"south": {"uv": [10.5, 0.45878, 11.5, 1.45878], "texture": "#texture"},
				"west": {"uv": [10.5, 2.5, 11.5, 3.5], "texture": "#texture"},
				"up": {"uv": [10, 1.83513, 11, 2.83513], "texture": "#texture"},
				"down": {"uv": [11, 2.5, 12, 3.5], "texture": "#texture"}
			}
		},
		{
			"from": [9, 7.5, 16.5],
			"to": [9.5, 8, 17],
			"faces": {
				"north": {"uv": [11, 2.29391, 12, 3.29391], "texture": "#texture"},
				"east": {"uv": [10, 2.29391, 11, 3.29391], "texture": "#texture"},
				"south": {"uv": [10, 2.29391, 11, 3.29391], "texture": "#texture"},
				"west": {"uv": [9.5, 2.29391, 10.5, 3.29391], "texture": "#texture"},
				"up": {"uv": [9, 2.29391, 10, 3.29391], "texture": "#texture"},
				"down": {"uv": [10, 2.29391, 11, 3.29391], "texture": "#texture"}
			}
		},
		{
			"from": [9.5, 7, 16.5],
			"to": [10, 7.5, 17],
			"faces": {
				"north": {"uv": [10, 1.83513, 11.5, 3.33513], "texture": "#texture"},
				"east": {"uv": [11, 1.83513, 11.5, 3.33513], "texture": "#texture"},
				"south": {"uv": [8.5, 1.83513, 10, 3.33513], "texture": "#texture"},
				"west": {"uv": [11, 1.83513, 11.5, 3.33513], "texture": "#texture"},
				"up": {"uv": [9.5, 0, 11, 0.5], "texture": "#texture"},
				"down": {"uv": [10, 0.91756, 12, 1.41756], "texture": "#texture"}
			}
		},
		{
			"from": [6, 6.5, 16],
			"to": [7, 7.5, 16.5],
			"rotation": {"angle": -45, "axis": "z", "origin": [6.5, 8, 16.5]},
			"faces": {
				"north": {"uv": [9, 0.91756, 10, 1.91756], "texture": "#texture"},
				"east": {"uv": [10, 2, 11.5, 3.5], "texture": "#texture"},
				"south": {"uv": [10, 0.45878, 11.5, 1.95878], "texture": "#texture"},
				"west": {"uv": [10, 0.91756, 12, 2.41756], "texture": "#texture"},
				"up": {"uv": [9, 2, 10.5, 3], "texture": "#texture"},
				"down": {"uv": [9, 2.29391, 10.5, 3.29391], "texture": "#texture"}
			}
		},
		{
			"from": [6.5, 7.5, 16],
			"to": [7.5, 8.5, 16.5],
			"rotation": {"angle": -45, "axis": "z", "origin": [6.5, 8, 16.5]},
			"faces": {
				"north": {"uv": [10.5, 2.29391, 12, 3.79391], "texture": "#texture"},
				"east": {"uv": [10, 1.83513, 11.5, 3.33513], "texture": "#texture"},
				"south": {"uv": [9.5, 1.37634, 11, 2.87634], "texture": "#texture"},
				"west": {"uv": [10, 2.29391, 12, 3.79391], "texture": "#texture"},
				"up": {"uv": [9, 2.29391, 10.5, 3.29391], "texture": "#texture"},
				"down": {"uv": [11.5, 3, 12, 3.5], "texture": "#texture"}
			}
		},
		{
			"from": [5.5, 8, 16],
			"to": [6.5, 9, 16.5],
			"rotation": {"angle": -45, "axis": "z", "origin": [6.5, 8, 16.5]},
			"faces": {
				"north": {"uv": [10, 0.45878, 11, 1.95878], "texture": "#texture"},
				"east": {"uv": [9.5, 1.37634, 11, 3.37634], "texture": "#texture"},
				"south": {"uv": [8.5, 1.37634, 10, 2.37634], "texture": "#texture"},
				"west": {"uv": [10, 1.83513, 11.5, 2.83513], "texture": "#texture"},
				"up": {"uv": [9.5, 2.5, 11, 3.5], "texture": "#texture"},
				"down": {"uv": [11, 1.83513, 12, 3.33513], "texture": "#texture"}
			}
		},
		{
			"from": [6, 7.5, 16],
			"to": [6.5, 8, 16.5],
			"rotation": {"angle": -45, "axis": "z", "origin": [6.5, 8, 16.5]},
			"faces": {
				"north": {"uv": [3, 7.79928, 3.5, 8.29928], "texture": "#texture"},
				"east": {"uv": [0, 4, 0.5, 4.5], "texture": "#texture"},
				"south": {"uv": [2, 8.71685, 2.5, 9.21685], "texture": "#texture"},
				"west": {"uv": [0, 8, 0.5, 8.5], "texture": "#texture"},
				"up": {"uv": [3, 5.96416, 3.5, 6.46416], "texture": "#texture"},
				"down": {"uv": [6.5, 13.5, 7, 14], "texture": "#texture"}
			}
		},
		{
			"from": [5, 7, 16],
			"to": [6, 8, 16.5],
			"rotation": {"angle": -45, "axis": "z", "origin": [6.5, 8, 16.5]},
			"faces": {
				"north": {"uv": [11, 3, 12, 4], "texture": "#texture"},
				"east": {"uv": [10.5, 0, 11.5, 1.5], "texture": "#texture"},
				"south": {"uv": [9.5, 1.83513, 10.5, 2.83513], "texture": "#texture"},
				"west": {"uv": [11, 0.45878, 12, 1.45878], "texture": "#texture"},
				"up": {"uv": [11, 1.83513, 12, 2.83513], "texture": "#texture"},
				"down": {"uv": [9, 1.83513, 10, 2.83513], "texture": "#texture"}
			}
		},
		{
			"from": [1.5625, 4.25, 16],
			"to": [3.0625, 4.8125, 17],
			"rotation": {"angle": -45, "axis": "y", "origin": [2.75, 8.32292, 16.41667]},
			"faces": {
				"north": {"uv": [10, 8.25806, 12, 10.25806], "texture": "#texture"},
				"east": {"uv": [10, 8.25806, 12, 10.25806], "texture": "#texture"},
				"south": {"uv": [10, 8.71685, 11.5, 9.71685], "texture": "#texture"},
				"west": {"uv": [10.5, 10.09319, 12, 12.09319], "texture": "#texture"},
				"up": {"uv": [9, 9.63441, 11, 11.13441], "texture": "#texture"},
				"down": {"uv": [10, 9.63441, 11, 10.63441], "texture": "#texture"}
			}
		},
		{
			"from": [2.0625, 4.75, 16],
			"to": [2.5625, 5.3125, 16.5],
			"rotation": {"angle": -45, "axis": "y", "origin": [2.75, 8.32292, 16.41667]},
			"faces": {
				"north": {"uv": [10, 9.17563, 11, 10.17563], "texture": "#texture"},
				"east": {"uv": [9.5, 8.71685, 10.5, 9.71685], "texture": "#texture"},
				"south": {"uv": [11, 8.25806, 12, 9.17563], "texture": "#texture"},
				"west": {"uv": [11, 8.25806, 12, 9.25806], "texture": "#texture"},
				"up": {"uv": [11, 10.09319, 12, 11.09319], "texture": "#texture"},
				"down": {"uv": [11, 11.01075, 12, 12.01075], "texture": "#texture"}
			}
		},
		{
			"from": [2.0625, 5.75, 16],
			"to": [2.5625, 6.25, 16.5],
			"rotation": {"angle": -45, "axis": "y", "origin": [2.75, 8.32292, 16.41667]},
			"faces": {
				"north": {"uv": [10, 10.55197, 11, 11.55197], "texture": "#texture"},
				"east": {"uv": [11, 7.79928, 12, 8.79928], "texture": "#texture"},
				"south": {"uv": [11, 11.01075, 12, 11.92832], "texture": "#texture"},
				"west": {"uv": [11, 8.25806, 12, 9.25806], "texture": "#texture"},
				"up": {"uv": [8.5, 8.25806, 9.5, 9.25806], "texture": "#texture"},
				"down": {"uv": [11, 8, 12, 9], "texture": "#texture"}
			}
		},
		{
			"from": [1.5625, 6.25, 16],
			"to": [3.0625, 6.75, 17],
			"rotation": {"angle": -45, "axis": "y", "origin": [2.75, 8.32292, 16.41667]},
			"faces": {
				"north": {"uv": [9, 8.71685, 11, 10.71685], "texture": "#texture"},
				"east": {"uv": [9, 9.17563, 10, 10.17563], "texture": "#texture"},
				"south": {"uv": [10.5, 8.71685, 12, 10.71685], "texture": "#texture"},
				"west": {"uv": [11, 8.25806, 12, 9.25806], "texture": "#texture"},
				"up": {"uv": [10.5, 9.17563, 11.5, 10.17563], "texture": "#texture"},
				"down": {"uv": [9.5, 9.17563, 10.5, 10.17563], "texture": "#texture"}
			}
		},
		{
			"from": [1.0625, 4.75, 16],
			"to": [2.0625, 6.25, 17],
			"rotation": {"angle": -45, "axis": "y", "origin": [2.75, 8.32292, 16.41667]},
			"faces": {
				"north": {"uv": [8.5, 8.71685, 9.5, 9.71685], "texture": "#texture"},
				"east": {"uv": [9.5, 8.71685, 10.5, 9.71685], "texture": "#texture"},
				"south": {"uv": [10, 8.71685, 11.5, 10.21685], "texture": "#texture"},
				"west": {"uv": [10.5, 8.71685, 11.5, 9.71685], "texture": "#texture"},
				"up": {"uv": [10, 8.71685, 11, 9.71685], "texture": "#texture"},
				"down": {"uv": [9, 9.63441, 10, 10.63441], "texture": "#texture"}
			}
		},
		{
			"from": [2.5625, 4.75, 16],
			"to": [3.5625, 6.25, 17],
			"rotation": {"angle": -45, "axis": "y", "origin": [2.75, 8.32292, 16.41667]},
			"faces": {
				"north": {"uv": [8.5, 9.63441, 10.5, 11.63441], "texture": "#texture"},
				"east": {"uv": [8.5, 9.63441, 10.5, 11.63441], "texture": "#texture"},
				"south": {"uv": [8.5, 8.25806, 10, 9.25806], "texture": "#texture"},
				"west": {"uv": [10, 8.25806, 11.5, 10.25806], "texture": "#texture"},
				"up": {"uv": [9.5, 8.25806, 11.5, 9.75806], "texture": "#texture"},
				"down": {"uv": [9.5, 8.71685, 10.5, 9.71685], "texture": "#texture"}
			}
		},
		{
			"from": [2.6875, 8.6875, 16],
			"to": [3.1875, 9.1875, 16.5],
			"faces": {
				"north": {"uv": [10.5, 8.71685, 11, 9.21685], "texture": "#texture"},
				"east": {"uv": [11.5, 11.46953, 12, 11.96953], "texture": "#texture"},
				"south": {"uv": [11, 8.71685, 12, 10.21685], "texture": "#texture"},
				"west": {"uv": [11.5, 8.71685, 12, 9.21685], "texture": "#texture"},
				"up": {"uv": [11, 8.71685, 11.5, 9.21685], "texture": "#texture"},
				"down": {"uv": [8.5, 8.25806, 9.5, 9.75806], "texture": "#texture"}
			}
		},
		{
			"from": [3.1875, 8.1875, 16],
			"to": [3.6875, 8.6875, 16.5],
			"faces": {
				"north": {"uv": [11, 10.55197, 11.5, 11.05197], "texture": "#texture"},
				"east": {"uv": [10.5, 9.63441, 11, 10.13441], "texture": "#texture"},
				"south": {"uv": [10.5, 8.25806, 12, 8.75806], "texture": "#texture"},
				"west": {"uv": [10.5, 9.17563, 11, 9.67563], "texture": "#texture"},
				"up": {"uv": [9, 10.09319, 9.5, 10.59319], "texture": "#texture"},
				"down": {"uv": [9.5, 9.17563, 10, 9.67563], "texture": "#texture"}
			}
		},
		{
			"from": [2.6875, 7.6875, 16],
			"to": [3.1875, 8.1875, 16.5],
			"faces": {
				"north": {"uv": [11, 10.55197, 11.5, 11.05197], "texture": "#texture"},
				"east": {"uv": [9, 10.55197, 9.5, 11.05197], "texture": "#texture"},
				"south": {"uv": [10, 9.17563, 11.5, 10.67563], "texture": "#texture"},
				"west": {"uv": [9, 9.63441, 9.5, 10.13441], "texture": "#texture"},
				"up": {"uv": [9, 9.17563, 10, 10.67563], "texture": "#texture"},
				"down": {"uv": [9.5, 9.17563, 10.5, 10.17563], "texture": "#texture"}
			}
		},
		{
			"from": [2.1875, 8.1875, 16],
			"to": [2.6875, 8.6875, 16.5],
			"faces": {
				"north": {"uv": [11, 8.71685, 11.5, 9.21685], "texture": "#texture"},
				"east": {"uv": [10, 9.17563, 10.5, 9.67563], "texture": "#texture"},
				"south": {"uv": [8.5, 10.55197, 9.5, 11.55197], "texture": "#texture"},
				"west": {"uv": [11, 10.55197, 11.5, 11.05197], "texture": "#texture"},
				"up": {"uv": [10, 9.63441, 10.5, 10.13441], "texture": "#texture"},
				"down": {"uv": [10, 9.17563, 10.5, 9.67563], "texture": "#texture"}
			}
		},
		{
			"from": [1.6875, 7.25, 12.125],
			"to": [1.875, 7.75, 12.625],
			"rotation": {"angle": 45, "axis": "x", "origin": [1.625, 8, 12.375]},
			"faces": {
				"north": {"uv": [11, 12.5, 11.5, 13], "texture": "#texture"},
				"east": {"uv": [10.5, 13.30466, 11, 13.80466], "texture": "#texture"},
				"south": {"uv": [11.5, 13, 12, 13.5], "texture": "#texture"},
				"west": {"uv": [11.5, 12.5, 12, 13], "texture": "#texture"},
				"up": {"uv": [9, 12.5, 9.5, 13], "texture": "#texture"},
				"down": {"uv": [9.5, 13.30466, 10, 13.80466], "texture": "#texture"}
			}
		},
		{
			"from": [1.6875, 7.75, 12.625],
			"to": [1.875, 8.25, 13.125],
			"rotation": {"angle": 45, "axis": "x", "origin": [1.625, 8, 12.375]},
			"faces": {
				"north": {"uv": [10.5, 12.84588, 11, 13.34588], "texture": "#texture"},
				"east": {"uv": [10, 13, 10.5, 13.5], "texture": "#texture"},
				"south": {"uv": [9.5, 12.84588, 10, 13.34588], "texture": "#texture"},
				"west": {"uv": [12, 13, 12.5, 13.5], "texture": "#texture"},
				"up": {"uv": [10, 13.30466, 10.5, 13.80466], "texture": "#texture"},
				"down": {"uv": [11, 13.76344, 11.5, 14.26344], "texture": "#texture"}
			}
		},
		{
			"from": [1.6875, 8.25, 12.125],
			"to": [1.875, 8.75, 12.625],
			"rotation": {"angle": 45, "axis": "x", "origin": [1.625, 8, 12.375]},
			"faces": {
				"north": {"uv": [11, 13, 11.5, 13.5], "texture": "#texture"},
				"east": {"uv": [11, 13.5, 11.5, 14], "texture": "#texture"},
				"south": {"uv": [11.5, 13, 12, 13.5], "texture": "#texture"},
				"west": {"uv": [11.5, 13, 12, 13.5], "texture": "#texture"},
				"up": {"uv": [11.5, 13, 12, 13.5], "texture": "#texture"},
				"down": {"uv": [11, 12.5, 11.5, 13], "texture": "#texture"}
			}
		},
		{
			"from": [1.6875, 7.75, 11.625],
			"to": [1.875, 8.25, 12.125],
			"rotation": {"angle": 45, "axis": "x", "origin": [1.625, 8, 12.375]},
			"faces": {
				"north": {"uv": [10.5, 13.30466, 11, 13.80466], "texture": "#texture"},
				"east": {"uv": [11, 13.30466, 11.5, 13.80466], "texture": "#texture"},
				"south": {"uv": [10, 12.84588, 10.5, 13.34588], "texture": "#texture"},
				"west": {"uv": [11, 12.5, 11.5, 13], "texture": "#texture"},
				"up": {"uv": [9.5, 12.84588, 10, 13.34588], "texture": "#texture"},
				"down": {"uv": [10.5, 13.30466, 11, 13.80466], "texture": "#texture"}
			}
		},
		{
			"from": [1.5, 7.25, 12.125],
			"to": [2, 7.75, 12.625],
			"faces": {
				"north": {"uv": [11, 12.5, 11.5, 13], "texture": "#texture"},
				"east": {"uv": [10.5, 13.30466, 11, 13.80466], "texture": "#texture"},
				"south": {"uv": [11.5, 13, 12, 13.5], "texture": "#texture"},
				"west": {"uv": [11.5, 12.5, 12, 13], "texture": "#texture"},
				"up": {"uv": [9, 12.5, 9.5, 13], "texture": "#texture"},
				"down": {"uv": [9.5, 13.30466, 10, 13.80466], "texture": "#texture"}
			}
		},
		{
			"from": [1.5, 7.75, 12.625],
			"to": [2, 8.25, 13.125],
			"faces": {
				"north": {"uv": [10.5, 12.84588, 11, 13.34588], "texture": "#texture"},
				"east": {"uv": [10, 13, 10.5, 13.5], "texture": "#texture"},
				"south": {"uv": [9.5, 12.84588, 10, 13.34588], "texture": "#texture"},
				"west": {"uv": [12, 13, 12.5, 13.5], "texture": "#texture"},
				"up": {"uv": [10, 13.30466, 10.5, 13.80466], "texture": "#texture"},
				"down": {"uv": [11, 13.76344, 11.5, 14.26344], "texture": "#texture"}
			}
		},
		{
			"from": [1.5, 8.25, 12.125],
			"to": [2, 8.75, 12.625],
			"faces": {
				"north": {"uv": [11, 13, 11.5, 13.5], "texture": "#texture"},
				"east": {"uv": [11, 13.5, 11.5, 14], "texture": "#texture"},
				"south": {"uv": [11.5, 13, 12, 13.5], "texture": "#texture"},
				"west": {"uv": [11.5, 13, 12, 13.5], "texture": "#texture"},
				"up": {"uv": [11.5, 13, 12, 13.5], "texture": "#texture"},
				"down": {"uv": [11, 12.5, 11.5, 13], "texture": "#texture"}
			}
		},
		{
			"from": [1.5, 7.75, 11.625],
			"to": [2, 8.25, 12.125],
			"faces": {
				"north": {"uv": [10.5, 13.30466, 11, 13.80466], "texture": "#texture"},
				"east": {"uv": [11, 13.30466, 11.5, 13.80466], "texture": "#texture"},
				"south": {"uv": [10, 12.84588, 10.5, 13.34588], "texture": "#texture"},
				"west": {"uv": [11, 12.5, 11.5, 13], "texture": "#texture"},
				"up": {"uv": [9.5, 12.84588, 10, 13.34588], "texture": "#texture"},
				"down": {"uv": [10.5, 13.30466, 11, 13.80466], "texture": "#texture"}
			}
		}
	],
	"display": {
		"thirdperson_righthand": {
			"rotation": [97, 0, 0],
			"translation": [0.0969, -0.695, 2.0869],
			"scale": [0.3825, 0.3608, 0.4651]
		},
		"thirdperson_lefthand": {
			"rotation": [97, 0, 0],
			"translation": [0.0969, -0.695, 2.0869],
			"scale": [0.3825, 0.3608, 0.4651]
		},
		"ground": {
			"scale": [0.5, 0.5, 0.5]
		},
		"gui": {
			"rotation": [21, -140, -3],
			"translation": [1.7929, -0.694, 7.6521],
			"scale": [0.8694, 0.9651, 0.7563]
		},
		"head": {
			"rotation": [-5, 91, 0],
			"translation": [-3.709, 3.4782, 0.6983],
			"scale": [1.3258, 1.5694, 1.3954]
		},
		"fixed": {
			"rotation": [-90, 0, 0],
			"translation": [0, -2.782, 0]
		}
	},
	"groups": [0, 1, 2, 3, 4, 5, 6, 7, 8, 9, 10, 11, 12, 13, 14,
		{
			"name": "pink",
			"children": [15, 16, 17, 18, 19, 20, 21, 22, 23]
		},
		{
			"name": "purple",
			"children": [24, 25, 26, 27, 28, 29]
		},
		{
			"name": "purple",
			"children": [30, 31, 32, 33, 34, 35]
		},
		{
			"name": "purple",
			"children": [36, 37, 38, 39, 40, 41, 42, 43, 44]
		},
		{
			"name": "blue",
			"children": [45, 46, 47, 48, 49, 50, 51, 52]
		},
		{
			"name": "blue",
			"children": [53, 54, 55, 56, 57, 58, 59, 60, 61, 62]
		},
		{
			"name": "cyan",
			"children": [63, 64, 65, 66]
		},
		{
			"name": "cyan",
			"children": [67, 68, 69, 70, 71]
		},
		{
			"name": "green",
			"children": [72, 73, 74, 75, 76, 77, 78, 79]
		},
		{
			"name": "green",
			"children": [80, 81, 82, 83]
		},
		{
			"name": "yellow",
			"children": [84, 85, 86, 87, 88, 89, 90]
		},
		{
			"name": "yellow",
			"children": [91, 92, 93, 94, 95, 96]
		},
		{
			"name": "orange",
			"children": [97, 98, 99, 100]
		},
		{
			"name": "orange",
			"children": [101, 102, 103, 104, 105]
		},
		{
			"name": "red",
			"children": [106, 107, 108, 109, 110, 111]
		},
		{
			"name": "red",
			"children": [112, 113, 114, 115]
		},
		{
			"name": "pink",
			"children": [116, 117, 118, 119, 120, 121, 122, 123]
		}
	]
}