{
	"credit": "Made using Blockbench ~",
	"textures": {
		"1": "block/weapons/blood2"
	},
	"elements": [
		{
			"from": [7.375, 21.375, 7.875],
			"to": [7.875, 21.625, 8.375],
			"faces": {
				"north": {"uv": [7.06249, 2.74989, 7.77985, 4.76289], "texture": "#1"},
				"east": {"uv": [7.06249, 2.74989, 7.77985, 4.76289], "texture": "#1"},
				"south": {"uv": [7.06249, 2.74989, 7.77985, 4.76289], "texture": "#1"},
				"west": {"uv": [7.06249, 2.74989, 7.77985, 4.76289], "texture": "#1"},
				"up": {"uv": [7.06249, 2.74989, 7.77985, 4.76289], "texture": "#1"},
				"down": {"uv": [7.06249, 2.74989, 7.77985, 4.76289], "texture": "#1"}
			}
		},
		{
			"from": [7, 21.5, 8],
			"to": [7.5, 22, 8.25],
			"faces": {
				"north": {"uv": [13.937, 3.62431, 14.55896, 4.4978], "rotation": 180, "texture": "#1"},
				"east": {"uv": [13.937, 3.62431, 14.55896, 4.4978], "rotation": 180, "texture": "#1"},
				"south": {"uv": [13.937, 3.62431, 14.55896, 4.4978], "rotation": 180, "texture": "#1"},
				"west": {"uv": [13.937, 3.62431, 14.55896, 4.4978], "rotation": 180, "texture": "#1"},
				"up": {"uv": [13.937, 3.62431, 14.55896, 4.4978], "rotation": 180, "texture": "#1"},
				"down": {"uv": [13.937, 3.62431, 14.55896, 4.4978], "rotation": 180, "texture": "#1"}
			}
		},
		{
			"from": [7.125, 21.625, 7.875],
			"to": [7.375, 22.125, 8.375],
			"faces": {
				"north": {"uv": [7.06249, 2.74989, 7.77985, 4.76289], "texture": "#1"},
				"east": {"uv": [7.06249, 2.74989, 7.77985, 4.76289], "texture": "#1"},
				"south": {"uv": [7.06249, 2.74989, 7.77985, 4.76289], "texture": "#1"},
				"west": {"uv": [7.06249, 2.74989, 7.77985, 4.76289], "texture": "#1"},
				"up": {"uv": [7.06249, 2.74989, 7.77985, 4.76289], "texture": "#1"},
				"down": {"uv": [7.06249, 2.74989, 7.77985, 4.76289], "texture": "#1"}
			}
		},
		{
			"from": [7.75, 21.5, 8],
			"to": [8.25, 22, 8.25],
			"faces": {
				"north": {"uv": [13.937, 3.62431, 14.55896, 4.4978], "rotation": 180, "texture": "#1"},
				"east": {"uv": [13.937, 3.62431, 14.55896, 4.4978], "rotation": 180, "texture": "#1"},
				"south": {"uv": [13.937, 3.62431, 14.55896, 4.4978], "rotation": 180, "texture": "#1"},
				"west": {"uv": [13.937, 3.62431, 14.55896, 4.4978], "rotation": 180, "texture": "#1"},
				"up": {"uv": [13.937, 3.62431, 14.55896, 4.4978], "rotation": 180, "texture": "#1"},
				"down": {"uv": [13.937, 3.62431, 14.55896, 4.4978], "rotation": 180, "texture": "#1"}
			}
		},
		{
			"from": [7.875, 21.625, 7.875],
			"to": [8.125, 22.125, 8.375],
			"faces": {
				"north": {"uv": [7.06249, 2.74989, 7.77985, 4.76289], "texture": "#1"},
				"east": {"uv": [7.06249, 2.74989, 7.77985, 4.76289], "texture": "#1"},
				"south": {"uv": [7.06249, 2.74989, 7.77985, 4.76289], "texture": "#1"},
				"west": {"uv": [7.06249, 2.74989, 7.77985, 4.76289], "texture": "#1"},
				"up": {"uv": [7.06249, 2.74989, 7.77985, 4.76289], "texture": "#1"},
				"down": {"uv": [7.06249, 2.74989, 7.77985, 4.76289], "texture": "#1"}
			}
		},
		{
			"from": [8.125, 22.125, 7.875],
			"to": [8.375, 23.125, 8.375],
			"faces": {
				"north": {"uv": [7.06249, 2.74989, 7.77985, 4.76289], "texture": "#1"},
				"east": {"uv": [7.06249, 2.74989, 7.77985, 4.76289], "texture": "#1"},
				"south": {"uv": [7.06249, 2.74989, 7.77985, 4.76289], "texture": "#1"},
				"west": {"uv": [7.06249, 2.74989, 7.77985, 4.76289], "texture": "#1"},
				"up": {"uv": [7.06249, 2.74989, 7.77985, 4.76289], "texture": "#1"},
				"down": {"uv": [7.06249, 2.74989, 7.77985, 4.76289], "texture": "#1"}
			}
		},
		{
			"from": [8.25, 22.25, 8],
			"to": [8.5, 23.5, 8.25],
			"faces": {
				"north": {"uv": [13.937, 3.62431, 14.55896, 4.4978], "rotation": 180, "texture": "#1"},
				"east": {"uv": [13.937, 3.62431, 14.55896, 4.4978], "rotation": 180, "texture": "#1"},
				"south": {"uv": [13.937, 3.62431, 14.55896, 4.4978], "rotation": 180, "texture": "#1"},
				"west": {"uv": [13.937, 3.62431, 14.55896, 4.4978], "rotation": 180, "texture": "#1"},
				"up": {"uv": [13.937, 3.62431, 14.55896, 4.4978], "rotation": 180, "texture": "#1"},
				"down": {"uv": [13.937, 3.62431, 14.55896, 4.4978], "rotation": 180, "texture": "#1"}
			}
		},
		{
			"from": [8, 22, 8],
			"to": [8.5, 22.25, 8.25],
			"faces": {
				"north": {"uv": [13.937, 3.62431, 14.55896, 4.4978], "rotation": 180, "texture": "#1"},
				"east": {"uv": [13.937, 3.62431, 14.55896, 4.4978], "rotation": 180, "texture": "#1"},
				"south": {"uv": [13.937, 3.62431, 14.55896, 4.4978], "rotation": 180, "texture": "#1"},
				"west": {"uv": [13.937, 3.62431, 14.55896, 4.4978], "rotation": 180, "texture": "#1"},
				"up": {"uv": [13.937, 3.62431, 14.55896, 4.4978], "rotation": 180, "texture": "#1"},
				"down": {"uv": [13.937, 3.62431, 14.55896, 4.4978], "rotation": 180, "texture": "#1"}
			}
		},
		{
			"from": [6.75, 22, 8],
			"to": [7.25, 22.25, 8.25],
			"faces": {
				"north": {"uv": [13.937, 3.62431, 14.55896, 4.4978], "rotation": 180, "texture": "#1"},
				"east": {"uv": [13.937, 3.62431, 14.55896, 4.4978], "rotation": 180, "texture": "#1"},
				"south": {"uv": [13.937, 3.62431, 14.55896, 4.4978], "rotation": 180, "texture": "#1"},
				"west": {"uv": [13.937, 3.62431, 14.55896, 4.4978], "rotation": 180, "texture": "#1"},
				"up": {"uv": [13.937, 3.62431, 14.55896, 4.4978], "rotation": 180, "texture": "#1"},
				"down": {"uv": [13.937, 3.62431, 14.55896, 4.4978], "rotation": 180, "texture": "#1"}
			}
		},
		{
			"from": [6.75, 22.25, 8],
			"to": [7, 23.5, 8.25],
			"faces": {
				"north": {"uv": [13.937, 3.62431, 14.55896, 4.4978], "rotation": 180, "texture": "#1"},
				"east": {"uv": [13.937, 3.62431, 14.55896, 4.4978], "rotation": 180, "texture": "#1"},
				"south": {"uv": [13.937, 3.62431, 14.55896, 4.4978], "rotation": 180, "texture": "#1"},
				"west": {"uv": [13.937, 3.62431, 14.55896, 4.4978], "rotation": 180, "texture": "#1"},
				"up": {"uv": [13.937, 3.62431, 14.55896, 4.4978], "rotation": 180, "texture": "#1"},
				"down": {"uv": [13.937, 3.62431, 14.55896, 4.4978], "rotation": 180, "texture": "#1"}
			}
		},
		{
			"from": [6.875, 22.125, 7.875],
			"to": [7.125, 23.125, 8.375],
			"faces": {
				"north": {"uv": [7.06249, 2.74989, 7.77985, 4.76289], "texture": "#1"},
				"east": {"uv": [7.06249, 2.74989, 7.77985, 4.76289], "texture": "#1"},
				"south": {"uv": [7.06249, 2.74989, 7.77985, 4.76289], "texture": "#1"},
				"west": {"uv": [7.06249, 2.74989, 7.77985, 4.76289], "texture": "#1"},
				"up": {"uv": [7.06249, 2.74989, 7.77985, 4.76289], "texture": "#1"},
				"down": {"uv": [7.06249, 2.74989, 7.77985, 4.76289], "texture": "#1"}
			}
		},
		{
			"from": [7.125, 23.125, 7.875],
			"to": [7.375, 24.625, 8.375],
			"faces": {
				"north": {"uv": [7.06249, 2.74989, 7.77985, 4.76289], "texture": "#1"},
				"east": {"uv": [7.06249, 2.74989, 7.77985, 4.76289], "texture": "#1"},
				"south": {"uv": [7.06249, 2.74989, 7.77985, 4.76289], "texture": "#1"},
				"west": {"uv": [7.06249, 2.74989, 7.77985, 4.76289], "texture": "#1"},
				"up": {"uv": [7.06249, 2.74989, 7.77985, 4.76289], "texture": "#1"},
				"down": {"uv": [7.06249, 2.74989, 7.77985, 4.76289], "texture": "#1"}
			}
		},
		{
			"from": [7, 23, 8],
			"to": [7.25, 24.75, 8.25],
			"faces": {
				"north": {"uv": [13.937, 3.62431, 14.55896, 4.4978], "rotation": 180, "texture": "#1"},
				"east": {"uv": [13.937, 3.62431, 14.55896, 4.4978], "rotation": 180, "texture": "#1"},
				"south": {"uv": [13.937, 3.62431, 14.55896, 4.4978], "rotation": 180, "texture": "#1"},
				"west": {"uv": [13.937, 3.62431, 14.55896, 4.4978], "rotation": 180, "texture": "#1"},
				"up": {"uv": [13.937, 3.62431, 14.55896, 4.4978], "rotation": 180, "texture": "#1"},
				"down": {"uv": [13.937, 3.62431, 14.55896, 4.4978], "rotation": 180, "texture": "#1"}
			}
		},
		{
			"from": [8, 23, 8],
			"to": [8.25, 24.75, 8.25],
			"faces": {
				"north": {"uv": [13.937, 3.62431, 14.55896, 4.4978], "rotation": 180, "texture": "#1"},
				"east": {"uv": [13.937, 3.62431, 14.55896, 4.4978], "rotation": 180, "texture": "#1"},
				"south": {"uv": [13.937, 3.62431, 14.55896, 4.4978], "rotation": 180, "texture": "#1"},
				"west": {"uv": [13.937, 3.62431, 14.55896, 4.4978], "rotation": 180, "texture": "#1"},
				"up": {"uv": [13.937, 3.62431, 14.55896, 4.4978], "rotation": 180, "texture": "#1"},
				"down": {"uv": [13.937, 3.62431, 14.55896, 4.4978], "rotation": 180, "texture": "#1"}
			}
		},
		{
			"from": [7.875, 23.125, 7.875],
			"to": [8.125, 24.625, 8.375],
			"faces": {
				"north": {"uv": [7.06249, 2.74989, 7.77985, 4.76289], "texture": "#1"},
				"east": {"uv": [7.06249, 2.74989, 7.77985, 4.76289], "texture": "#1"},
				"south": {"uv": [7.06249, 2.74989, 7.77985, 4.76289], "texture": "#1"},
				"west": {"uv": [7.06249, 2.74989, 7.77985, 4.76289], "texture": "#1"},
				"up": {"uv": [7.06249, 2.74989, 7.77985, 4.76289], "texture": "#1"},
				"down": {"uv": [7.06249, 2.74989, 7.77985, 4.76289], "texture": "#1"}
			}
		},
		{
			"from": [7.75, 24.25, 8],
			"to": [8, 26.25, 8.25],
			"faces": {
				"north": {"uv": [13.937, 3.62431, 14.55896, 4.4978], "rotation": 180, "texture": "#1"},
				"east": {"uv": [13.937, 3.62431, 14.55896, 4.4978], "rotation": 180, "texture": "#1"},
				"south": {"uv": [13.937, 3.62431, 14.55896, 4.4978], "rotation": 180, "texture": "#1"},
				"west": {"uv": [13.937, 3.62431, 14.55896, 4.4978], "rotation": 180, "texture": "#1"},
				"up": {"uv": [13.937, 3.62431, 14.55896, 4.4978], "rotation": 180, "texture": "#1"},
				"down": {"uv": [13.937, 3.62431, 14.55896, 4.4978], "rotation": 180, "texture": "#1"}
			}
		},
		{
			"from": [7.25, 24.25, 8],
			"to": [7.5, 26.25, 8.25],
			"faces": {
				"north": {"uv": [13.937, 3.62431, 14.55896, 4.4978], "rotation": 180, "texture": "#1"},
				"east": {"uv": [13.937, 3.62431, 14.55896, 4.4978], "rotation": 180, "texture": "#1"},
				"south": {"uv": [13.937, 3.62431, 14.55896, 4.4978], "rotation": 180, "texture": "#1"},
				"west": {"uv": [13.937, 3.62431, 14.55896, 4.4978], "rotation": 180, "texture": "#1"},
				"up": {"uv": [13.937, 3.62431, 14.55896, 4.4978], "rotation": 180, "texture": "#1"},
				"down": {"uv": [13.937, 3.62431, 14.55896, 4.4978], "rotation": 180, "texture": "#1"}
			}
		},
		{
			"from": [7.375, 24.625, 7.875],
			"to": [7.875, 25.875, 8.375],
			"faces": {
				"north": {"uv": [7.06249, 2.74989, 7.77985, 4.76289], "texture": "#1"},
				"east": {"uv": [7.06249, 2.74989, 7.77985, 4.76289], "texture": "#1"},
				"south": {"uv": [7.06249, 2.74989, 7.77985, 4.76289], "texture": "#1"},
				"west": {"uv": [7.06249, 2.74989, 7.77985, 4.76289], "texture": "#1"},
				"up": {"uv": [7.06249, 2.74989, 7.77985, 4.76289], "texture": "#1"},
				"down": {"uv": [7.06249, 2.74989, 7.77985, 4.76289], "texture": "#1"}
			}
		},
		{
			"from": [7.5, 25.25, 8],
			"to": [7.75, 27.25, 8.25],
			"faces": {
				"north": {"uv": [13.937, 3.62431, 14.55896, 4.4978], "rotation": 180, "texture": "#1"},
				"east": {"uv": [13.937, 3.62431, 14.55896, 4.4978], "rotation": 180, "texture": "#1"},
				"south": {"uv": [13.937, 3.62431, 14.55896, 4.4978], "rotation": 180, "texture": "#1"},
				"west": {"uv": [13.937, 3.62431, 14.55896, 4.4978], "rotation": 180, "texture": "#1"},
				"up": {"uv": [13.937, 3.62431, 14.55896, 4.4978], "rotation": 180, "texture": "#1"},
				"down": {"uv": [13.937, 3.62431, 14.55896, 4.4978], "rotation": 180, "texture": "#1"}
			}
		},
		{
			"from": [7.5, 3.75, 8],
			"to": [7.75, 21.75, 8.25],
			"faces": {
				"north": {"uv": [13.937, 3.62431, 14.55896, 4.4978], "rotation": 180, "texture": "#1"},
				"east": {"uv": [13.937, 3.62431, 14.55896, 4.4978], "rotation": 180, "texture": "#1"},
				"south": {"uv": [13.937, 3.62431, 14.55896, 4.4978], "rotation": 180, "texture": "#1"},
				"west": {"uv": [13.937, 3.62431, 14.55896, 4.4978], "rotation": 180, "texture": "#1"},
				"up": {"uv": [13.937, 3.62431, 14.55896, 4.4978], "rotation": 180, "texture": "#1"},
				"down": {"uv": [13.937, 3.62431, 14.55896, 4.4978], "rotation": 180, "texture": "#1"}
			}
		},
		{
			"from": [7.5, 3.75, 8],
			"to": [7.75, 21.75, 8.25],
			"rotation": {"angle": 45, "axis": "y", "origin": [7.625, 12.75, 8.125]},
			"faces": {
				"north": {"uv": [13.937, 3.62431, 14.55896, 4.4978], "rotation": 180, "texture": "#1"},
				"east": {"uv": [13.937, 3.62431, 14.55896, 4.4978], "rotation": 180, "texture": "#1"},
				"south": {"uv": [13.937, 3.62431, 14.55896, 4.4978], "rotation": 180, "texture": "#1"},
				"west": {"uv": [13.937, 3.62431, 14.55896, 4.4978], "rotation": 180, "texture": "#1"},
				"up": {"uv": [13.937, 3.62431, 14.55896, 4.4978], "rotation": 180, "texture": "#1"},
				"down": {"uv": [13.937, 3.62431, 14.55896, 4.4978], "rotation": 180, "texture": "#1"}
			}
		},
		{
			"from": [7.5, 3.75, 8],
			"to": [7.75, 21.75, 8.25],
			"rotation": {"angle": -22.5, "axis": "y", "origin": [7.625, 12.75, 8.125]},
			"faces": {
				"north": {"uv": [13.937, 3.62431, 14.55896, 4.4978], "rotation": 180, "texture": "#1"},
				"east": {"uv": [13.937, 3.62431, 14.55896, 4.4978], "rotation": 180, "texture": "#1"},
				"south": {"uv": [13.937, 3.62431, 14.55896, 4.4978], "rotation": 180, "texture": "#1"},
				"west": {"uv": [13.937, 3.62431, 14.55896, 4.4978], "rotation": 180, "texture": "#1"},
				"up": {"uv": [13.937, 3.62431, 14.55896, 4.4978], "rotation": 90, "texture": "#1"},
				"down": {"uv": [13.937, 3.62431, 14.55896, 4.4978], "rotation": 270, "texture": "#1"}
			}
		},
		{
			"from": [7.5, 3.75, 8],
			"to": [7.75, 21.75, 8.25],
			"rotation": {"angle": 22.5, "axis": "y", "origin": [7.625, 12.75, 8.125]},
			"faces": {
				"north": {"uv": [13.937, 3.62431, 14.55896, 4.4978], "rotation": 180, "texture": "#1"},
				"east": {"uv": [13.937, 3.62431, 14.55896, 4.4978], "rotation": 180, "texture": "#1"},
				"south": {"uv": [13.937, 3.62431, 14.55896, 4.4978], "rotation": 180, "texture": "#1"},
				"west": {"uv": [13.937, 3.62431, 14.55896, 4.4978], "rotation": 180, "texture": "#1"},
				"up": {"uv": [13.937, 3.62431, 14.55896, 4.4978], "rotation": 180, "texture": "#1"},
				"down": {"uv": [13.937, 3.62431, 14.55896, 4.4978], "rotation": 180, "texture": "#1"}
			}
		},
		{
			"from": [7.375, 3.625, 7.875],
			"to": [7.875, 4.125, 8.375],
			"faces": {
				"north": {"uv": [7.06249, 2.74989, 7.77985, 4.76289], "texture": "#1"},
				"east": {"uv": [7.06249, 2.74989, 7.77985, 4.76289], "texture": "#1"},
				"south": {"uv": [7.06249, 2.74989, 7.77985, 4.76289], "texture": "#1"},
				"west": {"uv": [7.06249, 2.74989, 7.77985, 4.76289], "texture": "#1"},
				"up": {"uv": [7.06249, 2.74989, 7.77985, 4.76289], "texture": "#1"},
				"down": {"uv": [7.06249, 2.74989, 7.77985, 4.76289], "texture": "#1"}
			}
		},
		{
			"from": [7.375, 3.625, 7.875],
			"to": [7.875, 4.125, 8.375],
			"rotation": {"angle": 22.5, "axis": "y", "origin": [7.625, 3.875, 8.125]},
			"faces": {
				"north": {"uv": [7.06249, 2.74989, 7.77985, 4.76289], "texture": "#1"},
				"east": {"uv": [7.06249, 2.74989, 7.77985, 4.76289], "texture": "#1"},
				"south": {"uv": [7.06249, 2.74989, 7.77985, 4.76289], "texture": "#1"},
				"west": {"uv": [7.06249, 2.74989, 7.77985, 4.76289], "texture": "#1"},
				"up": {"uv": [7.06249, 2.74989, 7.77985, 4.76289], "texture": "#1"},
				"down": {"uv": [7.06249, 2.74989, 7.77985, 4.76289], "texture": "#1"}
			}
		},
		{
			"from": [7.375, 3.625, 7.875],
			"to": [7.875, 4.125, 8.375],
			"rotation": {"angle": 45, "axis": "y", "origin": [7.625, 3.875, 8.125]},
			"faces": {
				"north": {"uv": [7.06249, 2.74989, 7.77985, 4.76289], "texture": "#1"},
				"east": {"uv": [7.06249, 2.74989, 7.77985, 4.76289], "texture": "#1"},
				"south": {"uv": [7.06249, 2.74989, 7.77985, 4.76289], "texture": "#1"},
				"west": {"uv": [7.06249, 2.74989, 7.77985, 4.76289], "texture": "#1"},
				"up": {"uv": [7.06249, 2.74989, 7.77985, 4.76289], "texture": "#1"},
				"down": {"uv": [7.06249, 2.74989, 7.77985, 4.76289], "texture": "#1"}
			}
		},
		{
			"from": [7.375, 3.625, 7.875],
			"to": [7.875, 4.125, 8.375],
			"rotation": {"angle": -22.5, "axis": "y", "origin": [7.625, 3.875, 8.125]},
			"faces": {
				"north": {"uv": [7.06249, 2.74989, 7.77985, 4.76289], "texture": "#1"},
				"east": {"uv": [7.06249, 2.74989, 7.77985, 4.76289], "texture": "#1"},
				"south": {"uv": [7.06249, 2.74989, 7.77985, 4.76289], "texture": "#1"},
				"west": {"uv": [7.06249, 2.74989, 7.77985, 4.76289], "texture": "#1"},
				"up": {"uv": [7.06249, 2.74989, 7.77985, 4.76289], "rotation": 270, "texture": "#1"},
				"down": {"uv": [7.06249, 2.74989, 7.77985, 4.76289], "rotation": 90, "texture": "#1"}
			}
		},
		{
			"from": [7.375, 3.625, 7.875],
			"to": [7.875, 4.125, 8.375],
			"rotation": {"angle": 22.5, "axis": "x", "origin": [7.625, 3.875, 8.125]},
			"faces": {
				"north": {"uv": [7.06249, 2.74989, 7.77985, 4.76289], "texture": "#1"},
				"east": {"uv": [7.06249, 2.74989, 7.77985, 4.76289], "texture": "#1"},
				"south": {"uv": [7.06249, 2.74989, 7.77985, 4.76289], "texture": "#1"},
				"west": {"uv": [7.06249, 2.74989, 7.77985, 4.76289], "texture": "#1"},
				"up": {"uv": [7.06249, 2.74989, 7.77985, 4.76289], "texture": "#1"},
				"down": {"uv": [7.06249, 2.74989, 7.77985, 4.76289], "texture": "#1"}
			}
		},
		{
			"from": [7.375, 3.625, 7.875],
			"to": [7.875, 4.125, 8.375],
			"rotation": {"angle": 45, "axis": "x", "origin": [7.625, 3.875, 8.125]},
			"faces": {
				"north": {"uv": [7.06249, 2.74989, 7.77985, 4.76289], "texture": "#1"},
				"east": {"uv": [7.06249, 2.74989, 7.77985, 4.76289], "texture": "#1"},
				"south": {"uv": [7.06249, 2.74989, 7.77985, 4.76289], "texture": "#1"},
				"west": {"uv": [7.06249, 2.74989, 7.77985, 4.76289], "texture": "#1"},
				"up": {"uv": [7.06249, 2.74989, 7.77985, 4.76289], "texture": "#1"},
				"down": {"uv": [7.06249, 2.74989, 7.77985, 4.76289], "texture": "#1"}
			}
		},
		{
			"from": [7.375, 3.625, 7.875],
			"to": [7.875, 4.125, 8.375],
			"rotation": {"angle": -22.5, "axis": "x", "origin": [7.625, 3.875, 8.125]},
			"faces": {
				"north": {"uv": [7.06249, 2.74989, 7.77985, 4.76289], "rotation": 180, "texture": "#1"},
				"east": {"uv": [7.06249, 2.74989, 7.77985, 4.76289], "rotation": 270, "texture": "#1"},
				"south": {"uv": [7.06249, 2.74989, 7.77985, 4.76289], "texture": "#1"},
				"west": {"uv": [7.06249, 2.74989, 7.77985, 4.76289], "rotation": 90, "texture": "#1"},
				"up": {"uv": [7.06249, 2.74989, 7.77985, 4.76289], "rotation": 180, "texture": "#1"},
				"down": {"uv": [7.06249, 2.74989, 7.77985, 4.76289], "texture": "#1"}
			}
		},
		{
			"from": [7.375, 3.625, 7.875],
			"to": [7.875, 4.125, 8.375],
			"rotation": {"angle": 22.5, "axis": "z", "origin": [7.625, 3.875, 8.125]},
			"faces": {
				"north": {"uv": [7.06249, 2.74989, 7.77985, 4.76289], "rotation": 180, "texture": "#1"},
				"east": {"uv": [7.06249, 2.74989, 7.77985, 4.76289], "rotation": 270, "texture": "#1"},
				"south": {"uv": [7.06249, 2.74989, 7.77985, 4.76289], "texture": "#1"},
				"west": {"uv": [7.06249, 2.74989, 7.77985, 4.76289], "rotation": 90, "texture": "#1"},
				"up": {"uv": [7.06249, 2.74989, 7.77985, 4.76289], "rotation": 180, "texture": "#1"},
				"down": {"uv": [7.06249, 2.74989, 7.77985, 4.76289], "texture": "#1"}
			}
		},
		{
			"from": [7.375, 3.625, 7.875],
			"to": [7.875, 4.125, 8.375],
			"rotation": {"angle": 45, "axis": "z", "origin": [7.625, 3.875, 8.125]},
			"faces": {
				"north": {"uv": [7.06249, 2.74989, 7.77985, 4.76289], "rotation": 180, "texture": "#1"},
				"east": {"uv": [7.06249, 2.74989, 7.77985, 4.76289], "rotation": 270, "texture": "#1"},
				"south": {"uv": [7.06249, 2.74989, 7.77985, 4.76289], "texture": "#1"},
				"west": {"uv": [7.06249, 2.74989, 7.77985, 4.76289], "rotation": 90, "texture": "#1"},
				"up": {"uv": [7.06249, 2.74989, 7.77985, 4.76289], "rotation": 180, "texture": "#1"},
				"down": {"uv": [7.06249, 2.74989, 7.77985, 4.76289], "texture": "#1"}
			}
		},
		{
			"from": [7.375, 3.625, 7.875],
			"to": [7.875, 4.125, 8.375],
			"rotation": {"angle": -22.5, "axis": "z", "origin": [7.625, 3.875, 8.125]},
			"faces": {
				"north": {"uv": [7.06249, 2.74989, 7.77985, 4.76289], "rotation": 270, "texture": "#1"},
				"east": {"uv": [7.06249, 2.74989, 7.77985, 4.76289], "rotation": 270, "texture": "#1"},
				"south": {"uv": [7.06249, 2.74989, 7.77985, 4.76289], "rotation": 270, "texture": "#1"},
				"west": {"uv": [7.06249, 2.74989, 7.77985, 4.76289], "rotation": 270, "texture": "#1"},
				"up": {"uv": [7.06249, 2.74989, 7.77985, 4.76289], "rotation": 180, "texture": "#1"},
				"down": {"uv": [7.06249, 2.74989, 7.77985, 4.76289], "texture": "#1"}
			}
		}
	],
	"display": {
		"thirdperson_righthand": {
			"scale": [1.75, 1.75, 1.75],
			"rotation": [0, -90, 0],
			"translation": [0, -7, 1.5]
		},
		"thirdperson_lefthand": {
			"rotation": [0, 89, 0],
			"translation": [0, -7, 1.5],
			"scale": [1.75, 1.75, 1.75]
		},
		"firstperson_righthand": {
			"rotation": [0, 96, -19],
			"translation": [-1.5, -2.5, 5]
		},
		"firstperson_lefthand": {
			"rotation": [0, 96, -19],
			"translation": [-1.5, -2.5, 6.5]
		},
		"head": {
			"translation": [7, -29, 2],
			"rotation": [-49, 89, 180]
		},
		"ground": {
			"translation": [1, -3.5, -6],
			"rotation": [90, 180, 0]
		},
		"fixed": {
			"translation": [7, -6, -2.5],
			"rotation": [0, 0, 45],
			"scale": [1.5, 1.5, 1.5]
		},
		"gui": {
			"scale": [0.725, 0.725, 0.725],
			"translation": [-4, -4, -6.5],
			"rotation": [0, 0, -45]
		}
	},
	"groups": [
		{
			"name": "group",
			"isOpen": true,
			"export": true,
			"visibility": true,
			"children": [
				{
					"name": "group",
					"isOpen": true,
					"export": true,
					"visibility": true,
					"children": [0, 1, 2, 3, 4, 5, 6, 7, 8, 9, 10, 11, 12, 13, 14, 15, 16, 17, 18, 19, 20, 21, 22, 23, 24, 25, 26, 27, 28, 29, 30, 31, 32]
				}
			]
		}
	]
}