{
	"credit": "Made with Blockbench",
	"textures": {
		"1": "block/diamond_sword/138_2",
		"2": "block/diamond_sword/138",
		"3": "block/diamond_sword/138_3",
		"particle": "block/diamond_sword/138"
	},
	"elements": [
		{
			"from": [6.5, -2.75, 7.75],
			"to": [8.75, -2.5, 8],
			"faces": {
				"north": {"uv": [9.24976, 14.74989, 12.56191, 15.93621], "texture": "#1"},
				"east": {"uv": [9.24976, 14.74989, 12.56191, 15.93621], "texture": "#1"},
				"south": {"uv": [9.24976, 14.74989, 12.56191, 15.93621], "texture": "#1"},
				"west": {"uv": [9.24976, 14.74989, 12.56191, 15.93621], "texture": "#1"},
				"up": {"uv": [9.24976, 14.74989, 12.56191, 15.93621], "texture": "#1"},
				"down": {"uv": [9.24976, 14.74989, 12.56191, 15.93621], "texture": "#1"}
			}
		},
		{
			"from": [6, -2.25, 7.75],
			"to": [9.25, 18.25, 8],
			"faces": {
				"north": {"uv": [2.5621, 6.99962, 10.74685, 15.93321], "texture": "#1"},
				"east": {"uv": [0, 6.56215, 8.18475, 15.93381], "texture": "#1"},
				"south": {"uv": [0, 6.56215, 8.18475, 15.93381], "texture": "#1"},
				"west": {"uv": [0, 6.56215, 8.18475, 15.93381], "texture": "#1"},
				"up": {"uv": [0, 6.56215, 8.18475, 15.93381], "texture": "#1"},
				"down": {"uv": [0, 6.56215, 8.18475, 15.93381], "texture": "#1"}
			}
		},
		{
			"from": [6.5, 22.5, 7.75],
			"to": [8.75, 26, 8],
			"faces": {
				"north": {"uv": [0, 0, 2.25, 3.5], "texture": "#1"},
				"east": {"uv": [0, 0, 0.25, 3.5], "texture": "#1"},
				"south": {"uv": [4.49967, 0, 6.7492, 3.06173], "texture": "#1"},
				"west": {"uv": [0, 0, 0.25, 3.5], "texture": "#1"},
				"up": {"uv": [0, 0, 2.25, 0.25], "texture": "#1"},
				"down": {"uv": [0, 0, 2.25, 0.25], "texture": "#1"}
			}
		},
		{
			"from": [6.75, 26, 7.75],
			"to": [8.5, 28.25, 8],
			"faces": {
				"north": {"uv": [0, 0, 2.43539, 1.7493], "texture": "#1"},
				"east": {"uv": [0, 0, 2.43539, 1.7493], "texture": "#1"},
				"south": {"uv": [0, 0, 2.43539, 1.7493], "texture": "#1"},
				"west": {"uv": [0, 0, 2.43539, 1.7493], "texture": "#1"},
				"up": {"uv": [0, 0, 2.43539, 1.7493], "texture": "#1"},
				"down": {"uv": [0, 0, 2.43539, 1.7493], "texture": "#1"}
			}
		},
		{
			"from": [7, 28.25, 7.75],
			"to": [8.25, 30, 8],
			"faces": {
				"north": {"uv": [0, 0, 2.43539, 1.7493], "texture": "#1"},
				"east": {"uv": [0, 0, 2.43539, 1.7493], "texture": "#1"},
				"south": {"uv": [0, 0, 2.43539, 1.7493], "texture": "#1"},
				"west": {"uv": [0, 0, 2.43539, 1.7493], "texture": "#1"},
				"up": {"uv": [0, 0, 2.43539, 1.7493], "texture": "#1"},
				"down": {"uv": [0, 0, 2.43539, 1.7493], "texture": "#1"}
			}
		},
		{
			"from": [7.25, 30, 7.75],
			"to": [8, 31, 8],
			"faces": {
				"north": {"uv": [0, 0, 2.43539, 1.7493], "texture": "#1"},
				"east": {"uv": [0, 0, 2.43539, 1.7493], "texture": "#1"},
				"south": {"uv": [0, 0, 2.43539, 1.7493], "texture": "#1"},
				"west": {"uv": [0, 0, 2.43539, 1.7493], "texture": "#1"},
				"up": {"uv": [0, 0, 2.43539, 1.7493], "texture": "#1"},
				"down": {"uv": [0, 0, 2.43539, 1.7493], "texture": "#1"}
			}
		},
		{
			"from": [7.5, 31, 7.75],
			"to": [7.75, 31.75, 8],
			"faces": {
				"north": {"uv": [0, 0, 2.43539, 1.7493], "texture": "#1"},
				"east": {"uv": [0, 0, 2.43539, 1.7493], "texture": "#1"},
				"south": {"uv": [0, 0, 2.43539, 1.7493], "texture": "#1"},
				"west": {"uv": [0, 0, 2.43539, 1.7493], "texture": "#1"},
				"up": {"uv": [0, 0, 2.43539, 1.7493], "texture": "#1"},
				"down": {"uv": [0, 0, 2.43539, 1.7493], "texture": "#1"}
			}
		},
		{
			"from": [6.25, 18.25, 7.75],
			"to": [9, 22.5, 8],
			"faces": {
				"north": {"uv": [8.37481, 0, 13.18643, 8.62463], "texture": "#1"},
				"east": {"uv": [8.37481, 0, 13.18643, 8.62463], "texture": "#1"},
				"south": {"uv": [8.37481, 0, 13.18643, 8.62463], "texture": "#1"},
				"west": {"uv": [8.37481, 0, 13.18643, 8.62463], "texture": "#1"},
				"up": {"uv": [8.37481, 0, 13.18643, 8.62463], "texture": "#1"},
				"down": {"uv": [8.37481, 0, 13.18643, 8.62463], "texture": "#1"}
			}
		},
		{
			"from": [6.25, -2.5, 7.75],
			"to": [9, -2.25, 8],
			"faces": {
				"north": {"uv": [9.24976, 14.74989, 12.56191, 15.93621], "texture": "#1"},
				"east": {"uv": [9.24976, 14.74989, 12.56191, 15.93621], "texture": "#1"},
				"south": {"uv": [9.24976, 14.74989, 12.56191, 15.93621], "texture": "#1"},
				"west": {"uv": [9.24976, 14.74989, 12.56191, 15.93621], "texture": "#1"},
				"up": {"uv": [9.24976, 14.74989, 12.56191, 15.93621], "texture": "#1"},
				"down": {"uv": [9.24976, 14.74989, 12.56191, 15.93621], "texture": "#1"}
			}
		},
		{
			"from": [6.75, -3.25, 7.75],
			"to": [8.5, -2.75, 8],
			"faces": {
				"north": {"uv": [9.24976, 14.74989, 12.56191, 15.93621], "texture": "#1"},
				"east": {"uv": [9.24976, 14.74989, 12.56191, 15.93621], "texture": "#1"},
				"south": {"uv": [9.24976, 14.74989, 12.56191, 15.93621], "texture": "#1"},
				"west": {"uv": [9.24976, 14.74989, 12.56191, 15.93621], "texture": "#1"},
				"up": {"uv": [9.24976, 14.74989, 12.56191, 15.93621], "texture": "#1"},
				"down": {"uv": [9.24976, 14.74989, 12.56191, 15.93621], "texture": "#1"}
			}
		},
		{
			"from": [6.75, 17.75, 7.625],
			"to": [8.5, 22, 8.125],
			"faces": {
				"north": {"uv": [8.37481, 0, 13.18643, 8.62463], "texture": "#1"},
				"east": {"uv": [8.37481, 0, 13.18643, 8.62463], "texture": "#1"},
				"south": {"uv": [8.37481, 0, 13.18643, 8.62463], "texture": "#1"},
				"west": {"uv": [8.37481, 0, 13.18643, 8.62463], "texture": "#1"},
				"up": {"uv": [8.37481, 0, 13.18643, 8.62463], "texture": "#1"},
				"down": {"uv": [8.37481, 0, 13.18643, 8.62463], "texture": "#1"}
			}
		},
		{
			"from": [6.5, -2, 7.625],
			"to": [8.75, 17.75, 8.125],
			"faces": {
				"north": {"uv": [0, 7.12453, 8.18533, 15.93499], "texture": "#1"},
				"east": {"uv": [0, 6.43724, 8.18592, 15.93561], "texture": "#1"},
				"south": {"uv": [0, 6.43724, 8.18592, 15.93561], "texture": "#1"},
				"west": {"uv": [0, 6.43724, 8.18592, 15.93561], "texture": "#1"},
				"up": {"uv": [0, 6.43724, 8.18592, 15.93561], "texture": "#1"},
				"down": {"uv": [0, 6.43724, 8.18592, 15.93561], "texture": "#1"}
			}
		},
		{
			"from": [7, 22, 7.625],
			"to": [8.25, 25.5, 8.125],
			"faces": {
				"north": {"uv": [0, 0, 1.25, 3.5], "texture": "#1"},
				"east": {"uv": [0, 0, 1.25, 3.5], "texture": "#1"},
				"south": {"uv": [4.49967, 0, 6.7492, 3.06173], "texture": "#1"},
				"west": {"uv": [0, 0, 1.25, 3.5], "texture": "#1"},
				"up": {"uv": [0, 0, 1.25, 3.5], "texture": "#1"},
				"down": {"uv": [0, 0, 1.25, 3.5], "texture": "#1"}
			}
		},
		{
			"from": [7.25, 25.5, 7.625],
			"to": [8, 27.75, 8.125],
			"faces": {
				"north": {"uv": [0, 0, 2.43539, 1.7493], "texture": "#1"},
				"east": {"uv": [0, 0, 2.43539, 1.7493], "texture": "#1"},
				"south": {"uv": [0, 0, 2.43539, 1.7493], "texture": "#1"},
				"west": {"uv": [0, 0, 2.43539, 1.7493], "texture": "#1"},
				"up": {"uv": [0, 0, 2.43539, 1.7493], "texture": "#1"},
				"down": {"uv": [0, 0, 2.43539, 1.7493], "texture": "#1"}
			}
		},
		{
			"from": [7.5, 27.75, 7.625],
			"to": [7.75, 29.75, 8.125],
			"faces": {
				"north": {"uv": [0, 0, 2.43539, 1.7493], "texture": "#1"},
				"east": {"uv": [0, 0, 2.43539, 1.7493], "texture": "#1"},
				"south": {"uv": [0, 0, 2.43539, 1.7493], "texture": "#1"},
				"west": {"uv": [0, 0, 2.43539, 1.7493], "texture": "#1"},
				"up": {"uv": [0, 0, 2.43539, 1.7493], "texture": "#1"},
				"down": {"uv": [0, 0, 2.43539, 1.7493], "texture": "#1"}
			}
		},
		{
			"from": [7, -3.25, 7.625],
			"to": [8.25, -2.5, 8.125],
			"faces": {
				"north": {"uv": [9.24976, 14.74989, 12.56191, 15.93621], "texture": "#1"},
				"east": {"uv": [9.24976, 14.74989, 12.56191, 15.93621], "texture": "#1"},
				"south": {"uv": [9.24976, 14.74989, 12.56191, 15.93621], "texture": "#1"},
				"west": {"uv": [9.24976, 14.74989, 12.56191, 15.93621], "texture": "#1"},
				"up": {"uv": [9.24976, 14.74989, 12.56191, 15.93621], "texture": "#1"},
				"down": {"uv": [9.24976, 14.74989, 12.56191, 15.93621], "texture": "#1"}
			}
		},
		{
			"from": [6.75, -2.5, 7.625],
			"to": [8.5, -2, 8.125],
			"faces": {
				"north": {"uv": [9.24976, 14.74989, 12.56191, 15.93621], "texture": "#1"},
				"east": {"uv": [9.24976, 14.74989, 12.56191, 15.93621], "texture": "#1"},
				"south": {"uv": [9.24976, 14.74989, 12.56191, 15.93621], "texture": "#1"},
				"west": {"uv": [9.24976, 14.74989, 12.56191, 15.93621], "texture": "#1"},
				"up": {"uv": [9.24976, 14.74989, 12.56191, 15.93621], "texture": "#1"},
				"down": {"uv": [9.24976, 14.74989, 12.56191, 15.93621], "texture": "#1"}
			}
		},
		{
			"from": [6.75, -1.75, 7.5],
			"to": [8.5, -1.25, 8.25],
			"faces": {
				"north": {"uv": [4.43692, 13.43746, 6.68584, 14.43672], "texture": "#1"},
				"east": {"uv": [4.43692, 13.43746, 6.68584, 14.43672], "texture": "#1"},
				"south": {"uv": [5.18696, 14.49948, 7.43529, 15.49873], "texture": "#1"},
				"west": {"uv": [4.43692, 13.43746, 6.68584, 14.43672], "texture": "#1"},
				"up": {"uv": [4.43692, 13.43746, 6.68584, 14.43672], "texture": "#1"},
				"down": {"uv": [4.43692, 13.43746, 6.68584, 14.43672], "texture": "#1"}
			}
		},
		{
			"from": [6.75, -1.25, 7.5],
			"to": [7.5, 17.25, 8.25],
			"faces": {
				"north": {"uv": [0, 6.43724, 8.18592, 15.93561], "texture": "#1"},
				"east": {"uv": [0, 6.43724, 8.18592, 15.93561], "texture": "#1"},
				"south": {"uv": [0, 6.43724, 8.18592, 15.93561], "texture": "#1"},
				"west": {"uv": [0, 6.43724, 8.18592, 15.93561], "texture": "#1"},
				"up": {"uv": [0, 6.43724, 8.18592, 15.93561], "texture": "#1"},
				"down": {"uv": [0, 6.43724, 8.18592, 15.93561], "texture": "#1"}
			}
		},
		{
			"from": [7.5, 24.5, 7.5],
			"to": [7.75, 27, 8.25],
			"faces": {
				"north": {"uv": [0, 0, 2.43539, 1.7493], "texture": "#1"},
				"east": {"uv": [0, 0, 2.43539, 1.7493], "texture": "#1"},
				"south": {"uv": [0, 0, 2.43539, 1.7493], "texture": "#1"},
				"west": {"uv": [0, 0, 2.43539, 1.7493], "texture": "#1"},
				"up": {"uv": [0, 0, 2.43539, 1.7493], "texture": "#1"},
				"down": {"uv": [0, 0, 2.43539, 1.7493], "texture": "#1"}
			}
		},
		{
			"from": [7, 17.25, 7.5],
			"to": [7.5, 21.5, 8.25],
			"faces": {
				"north": {"uv": [8.37481, 0, 13.18643, 8.62463], "texture": "#1"},
				"east": {"uv": [8.37481, 0, 13.18643, 8.62463], "texture": "#1"},
				"south": {"uv": [8.37481, 0, 13.18643, 8.62463], "texture": "#1"},
				"west": {"uv": [8.37481, 0, 13.18643, 8.62463], "texture": "#1"},
				"up": {"uv": [8.37481, 0, 13.18643, 8.62463], "texture": "#1"},
				"down": {"uv": [8.37481, 0, 13.18643, 8.62463], "texture": "#1"}
			}
		},
		{
			"from": [7.25, 21.5, 7.5],
			"to": [7.5, 24.75, 8.25],
			"faces": {
				"north": {"uv": [0, 0, 0.25, 3.25], "texture": "#1"},
				"east": {"uv": [0, 0, 0.25, 3.25], "texture": "#1"},
				"south": {"uv": [4.49967, 0, 6.7492, 3.06173], "texture": "#1"},
				"west": {"uv": [0, 0, 0.25, 3.25], "texture": "#1"},
				"up": {"uv": [0, 0, 0.25, 3.25], "texture": "#1"},
				"down": {"uv": [0, 0, 0.25, 3.25], "texture": "#1"}
			}
		},
		{
			"from": [7.75, 17.25, 7.5],
			"to": [8.25, 21.5, 8.25],
			"faces": {
				"north": {"uv": [8.37481, 0, 13.18643, 8.62463], "texture": "#1"},
				"east": {"uv": [8.37481, 0, 13.18643, 8.62463], "texture": "#1"},
				"south": {"uv": [8.37481, 0, 13.18643, 8.62463], "texture": "#1"},
				"west": {"uv": [8.37481, 0, 13.18643, 8.62463], "texture": "#1"},
				"up": {"uv": [8.37481, 0, 13.18643, 8.62463], "texture": "#1"},
				"down": {"uv": [8.37481, 0, 13.18643, 8.62463], "texture": "#1"}
			}
		},
		{
			"from": [7.75, 21.5, 7.5],
			"to": [8, 24.75, 8.25],
			"faces": {
				"north": {"uv": [0, 0, 0.25, 3.25], "texture": "#1"},
				"east": {"uv": [0, 0, 0.75, 3.25], "texture": "#1"},
				"south": {"uv": [4.49967, 0, 6.7492, 3.06173], "texture": "#1"},
				"west": {"uv": [0, 0, 0.75, 3.25], "texture": "#1"},
				"up": {"uv": [0, 0, 0.25, 0.75], "texture": "#1"},
				"down": {"uv": [0, 0, 0.25, 0.75], "texture": "#1"}
			}
		},
		{
			"from": [7.75, -1.25, 7.5],
			"to": [8.5, 17.25, 8.25],
			"faces": {
				"north": {"uv": [0, 6.43724, 8.18592, 15.93561], "texture": "#1"},
				"east": {"uv": [0, 6.43724, 8.18592, 15.93561], "texture": "#1"},
				"south": {"uv": [0, 6.43724, 8.18592, 15.93561], "texture": "#1"},
				"west": {"uv": [0, 6.43724, 8.18592, 15.93561], "texture": "#1"},
				"up": {"uv": [0, 6.43724, 8.18592, 15.93561], "texture": "#1"},
				"down": {"uv": [0, 6.43724, 8.18592, 15.93561], "texture": "#1"}
			}
		},
		{
			"from": [7, -2.25, 7.5],
			"to": [8.25, -1.75, 8.25],
			"faces": {
				"north": {"uv": [9.24976, 14.74989, 12.56191, 15.93621], "texture": "#1"},
				"east": {"uv": [9.24976, 14.74989, 12.56191, 15.93621], "texture": "#1"},
				"south": {"uv": [9.24976, 14.74989, 12.56191, 15.93621], "texture": "#1"},
				"west": {"uv": [9.24976, 14.74989, 12.56191, 15.93621], "texture": "#1"},
				"up": {"uv": [9.24976, 14.74989, 12.56191, 15.93621], "texture": "#1"},
				"down": {"uv": [9.24976, 14.74989, 12.56191, 15.93621], "texture": "#1"}
			}
		},
		{
			"from": [7.25, -3.25, 7.5],
			"to": [8, -2.25, 8.25],
			"faces": {
				"north": {"uv": [3.93729, 14.12475, 4.68673, 15.12461], "texture": "#1"},
				"east": {"uv": [3.93729, 14.12475, 4.68673, 15.12461], "texture": "#1"},
				"south": {"uv": [3.93729, 14.12475, 4.68673, 15.12461], "texture": "#1"},
				"west": {"uv": [3.93729, 14.12475, 4.68673, 15.12461], "texture": "#1"},
				"up": {"uv": [3.93729, 14.12475, 4.68673, 15.12461], "texture": "#1"},
				"down": {"uv": [3.93729, 14.12475, 4.68673, 15.12461], "texture": "#1"}
			}
		},
		{
			"from": [7.25, -13.75, 7.5],
			"to": [8, -5, 8.25],
			"faces": {
				"north": {"uv": [0.37472, 0.37472, 4.99568, 1.36975], "texture": "#3"},
				"east": {"uv": [0.37472, 0.37472, 4.99568, 1.36975], "texture": "#3"},
				"south": {"uv": [0.37472, 0.37472, 4.99568, 1.36975], "texture": "#3"},
				"west": {"uv": [0.37472, 0.37472, 4.99568, 1.36975], "texture": "#3"},
				"up": {"uv": [0.37472, 0.37472, 4.99568, 1.36975], "texture": "#3"},
				"down": {"uv": [0.37472, 0.37472, 4.99568, 1.36975], "texture": "#3"}
			}
		},
		{
			"from": [3.25, -3.25, 7.375],
			"to": [11.75, 31.75, 7.375],
			"faces": {
				"north": {"uv": [5.16584, 0, 9.74759, 11.66525], "texture": "#2"},
				"east": {"uv": [0, 0, 0.5, 16], "texture": "#2"},
				"south": {"uv": [9.74759, 0, 5.16584, 11.66525], "texture": "#2"},
				"west": {"uv": [0, 0, 0.5, 16], "texture": "#2"},
				"up": {"uv": [0, 0, 2.25, 0.5], "texture": "#2"},
				"down": {"uv": [0, 0, 2.25, 0.5], "texture": "#2"}
			}
		},
		{
			"from": [3.25, -3.25, 8.375],
			"to": [11.75, 31.75, 8.375],
			"faces": {
				"north": {"uv": [5.16584, 0, 9.74759, 11.66525], "texture": "#2"},
				"east": {"uv": [0, 0, 0.5, 16], "texture": "#2"},
				"south": {"uv": [9.74759, 0, 5.16584, 11.66525], "texture": "#2"},
				"west": {"uv": [0, 0, 0.5, 16], "texture": "#2"},
				"up": {"uv": [0, 0, 2.25, 0.5], "texture": "#2"},
				"down": {"uv": [0, 0, 2.25, 0.5], "texture": "#2"}
			}
		},
		{
			"from": [8.75, -3.75, 7.375],
			"to": [10.75, -3, 8.375],
			"rotation": {"angle": 22.5, "axis": "z", "origin": [9.375, -4.125, 7.875]},
			"faces": {
				"north": {"uv": [5.62444, 2.4372, 6.55853, 3.68325], "texture": "#3"},
				"east": {"uv": [5.62444, 2.4372, 6.55853, 3.68325], "texture": "#3"},
				"south": {"uv": [5.62444, 2.4372, 6.55853, 3.68325], "texture": "#3"},
				"west": {"uv": [5.62444, 2.4372, 6.55853, 3.68325], "texture": "#3"},
				"up": {"uv": [5.62444, 2.4372, 6.55853, 3.68325], "texture": "#3"},
				"down": {"uv": [5.62444, 2.4372, 6.55853, 3.68325], "texture": "#3"}
			}
		},
		{
			"from": [7.25, -14.75, 7.125],
			"to": [8, -14, 8.625],
			"faces": {
				"north": {"uv": [6.99985, 0.99993, 7.24806, 1.24848], "texture": "#2"},
				"east": {"uv": [6.99985, 0.99993, 7.24806, 1.24848], "texture": "#2"},
				"south": {"uv": [6.99985, 0.99993, 7.24806, 1.24848], "texture": "#2"},
				"west": {"uv": [6.99985, 0.99993, 7.24806, 1.24848], "texture": "#2"},
				"up": {"uv": [6.99985, 0.99993, 7.24806, 1.24848], "texture": "#2"},
				"down": {"uv": [6.99985, 0.99993, 7.24806, 1.24848], "texture": "#2"}
			}
		},
		{
			"from": [6.875, -14.75, 7.5],
			"to": [8.375, -14, 8.25],
			"faces": {
				"north": {"uv": [6.99985, 0.99993, 7.24806, 1.24848], "texture": "#2"},
				"east": {"uv": [6.99985, 0.99993, 7.24806, 1.24848], "texture": "#2"},
				"south": {"uv": [6.99985, 0.99993, 7.24806, 1.24848], "texture": "#2"},
				"west": {"uv": [6.99985, 0.99993, 7.24806, 1.24848], "texture": "#2"},
				"up": {"uv": [6.99985, 0.99993, 7.24806, 1.24848], "texture": "#2"},
				"down": {"uv": [6.99985, 0.99993, 7.24806, 1.24848], "texture": "#2"}
			}
		},
		{
			"from": [7, -15, 7.25],
			"to": [8.25, -13.75, 8.5],
			"faces": {
				"north": {"uv": [6.99985, 0.99993, 7.24806, 1.24848], "texture": "#2"},
				"east": {"uv": [6.99985, 0.99993, 7.24806, 1.24848], "texture": "#2"},
				"south": {"uv": [6.99985, 0.99993, 7.24806, 1.24848], "texture": "#2"},
				"west": {"uv": [6.99985, 0.99993, 7.24806, 1.24848], "texture": "#2"},
				"up": {"uv": [6.99985, 0.99993, 7.24806, 1.24848], "texture": "#2"},
				"down": {"uv": [6.99985, 0.99993, 7.24806, 1.24848], "texture": "#2"}
			}
		},
		{
			"from": [7.25, -15.125, 7.5],
			"to": [8, -14.875, 8.25],
			"faces": {
				"north": {"uv": [6.99985, 0.99993, 7.24806, 1.24848], "texture": "#2"},
				"east": {"uv": [6.99985, 0.99993, 7.24806, 1.24848], "texture": "#2"},
				"south": {"uv": [6.99985, 0.99993, 7.24806, 1.24848], "texture": "#2"},
				"west": {"uv": [6.99985, 0.99993, 7.24806, 1.24848], "texture": "#2"},
				"up": {"uv": [6.99985, 0.99993, 7.24806, 1.24848], "texture": "#2"},
				"down": {"uv": [6.99985, 0.99993, 7.24806, 1.24848], "texture": "#2"}
			}
		},
		{
			"from": [5.38104, -4, 7.625],
			"to": [6.63104, -3.75, 8.125],
			"rotation": {"angle": -22.5, "axis": "z", "origin": [5.875, -4.125, 7.875]},
			"faces": {
				"north": {"uv": [5.62444, 2.4372, 6.55853, 3.68325], "texture": "#3"},
				"east": {"uv": [5.62444, 2.4372, 6.55853, 3.68325], "texture": "#3"},
				"south": {"uv": [5.62444, 2.4372, 6.55853, 3.68325], "texture": "#3"},
				"west": {"uv": [5.62444, 2.4372, 6.55853, 3.68325], "texture": "#3"},
				"up": {"uv": [5.62444, 2.4372, 6.55853, 3.68325], "texture": "#3"},
				"down": {"uv": [5.62444, 2.4372, 6.55853, 3.68325], "texture": "#3"}
			}
		},
		{
			"from": [6.75, -5, 7.375],
			"to": [8.5, -4.5, 8.375],
			"faces": {
				"north": {"uv": [5.49953, 8.87444, 9.49716, 10.74623], "texture": "#3"},
				"east": {"uv": [5.62444, 2.37444, 9.30829, 3.68264], "texture": "#3"},
				"south": {"uv": [5.49953, 8.87444, 9.49716, 10.74623], "texture": "#3"},
				"west": {"uv": [5.62444, 2.37444, 9.30829, 3.68264], "texture": "#3"},
				"up": {"uv": [5.49953, 8.87444, 9.49716, 10.74623], "texture": "#3"},
				"down": {"uv": [5.62444, 2.37444, 9.30829, 3.68264], "texture": "#3"}
			}
		},
		{
			"from": [4.63104, -3.75, 7.375],
			"to": [6.63104, -3, 8.375],
			"rotation": {"angle": -22.5, "axis": "z", "origin": [5.875, -4.125, 7.875]},
			"faces": {
				"north": {"uv": [5.62444, 2.4372, 6.55853, 3.68325], "texture": "#3"},
				"east": {"uv": [5.62444, 2.4372, 6.55853, 3.68325], "texture": "#3"},
				"south": {"uv": [5.62444, 2.4372, 6.55853, 3.68325], "texture": "#3"},
				"west": {"uv": [5.62444, 2.4372, 6.55853, 3.68325], "texture": "#3"},
				"up": {"uv": [5.62444, 2.4372, 6.55853, 3.68325], "texture": "#3"},
				"down": {"uv": [5.62444, 2.4372, 6.55853, 3.68325], "texture": "#3"}
			}
		},
		{
			"from": [8.75, -4, 7.625],
			"to": [10, -3.75, 8.125],
			"rotation": {"angle": 22.5, "axis": "z", "origin": [9.375, -4.125, 7.875]},
			"faces": {
				"north": {"uv": [5.62444, 2.4372, 6.55853, 3.68325], "texture": "#3"},
				"east": {"uv": [5.62444, 2.4372, 6.55853, 3.68325], "texture": "#3"},
				"south": {"uv": [5.62444, 2.4372, 6.55853, 3.68325], "texture": "#3"},
				"west": {"uv": [5.62444, 2.4372, 6.55853, 3.68325], "texture": "#3"},
				"up": {"uv": [5.62444, 2.4372, 6.55853, 3.68325], "texture": "#3"},
				"down": {"uv": [5.62444, 2.4372, 6.55853, 3.68325], "texture": "#3"}
			}
		},
		{
			"from": [7, -13.75, 7.375],
			"to": [8.25, -13.5, 8.375],
			"faces": {
				"north": {"uv": [5.62444, 2.4372, 6.55853, 3.68325], "texture": "#3"},
				"east": {"uv": [5.62444, 2.4372, 6.55853, 3.68325], "texture": "#3"},
				"south": {"uv": [5.62444, 2.4372, 6.55853, 3.68325], "texture": "#3"},
				"west": {"uv": [5.62444, 2.4372, 6.55853, 3.68325], "texture": "#3"},
				"up": {"uv": [5.62444, 2.4372, 6.55853, 3.68325], "texture": "#3"},
				"down": {"uv": [5.62444, 2.4372, 6.55853, 3.68325], "texture": "#3"}
			}
		},
		{
			"from": [7.5, -5.5, 7.375],
			"to": [7.75, -5, 8.375],
			"faces": {
				"north": {"uv": [10.62494, 11.06242, 15.68578, 12.93422], "texture": "#3"},
				"east": {"uv": [10.62494, 11.06242, 15.68578, 12.93422], "texture": "#3"},
				"south": {"uv": [10.62494, 11.06242, 15.68578, 12.93422], "texture": "#3"},
				"west": {"uv": [10.62494, 11.06242, 15.68578, 12.93422], "texture": "#3"},
				"up": {"uv": [10.62494, 11.06242, 15.68578, 12.93422], "texture": "#3"},
				"down": {"uv": [10.62494, 11.06242, 15.68578, 12.93422], "texture": "#3"}
			}
		},
		{
			"from": [7, -5.5, 7.625],
			"to": [8.25, -5, 8.125],
			"faces": {
				"north": {"uv": [6.49999, 2.37444, 8.49609, 3.7448], "texture": "#3"},
				"east": {"uv": [6.49999, 2.37444, 8.49609, 3.7448], "texture": "#3"},
				"south": {"uv": [6.49999, 2.37444, 8.49609, 3.7448], "texture": "#3"},
				"west": {"uv": [6.49999, 2.37444, 8.49609, 3.7448], "texture": "#3"},
				"up": {"uv": [6.49999, 2.37444, 8.49609, 3.7448], "texture": "#3"},
				"down": {"uv": [6.49999, 2.37444, 8.49609, 3.7448], "texture": "#3"}
			}
		},
		{
			"from": [7.375, -13.75, 7],
			"to": [7.875, -13.5, 8.75],
			"faces": {
				"north": {"uv": [5.62444, 2.4372, 6.55853, 3.68325], "texture": "#3"},
				"east": {"uv": [5.62444, 2.4372, 6.55853, 3.68325], "texture": "#3"},
				"south": {"uv": [5.62444, 2.4372, 6.55853, 3.68325], "texture": "#3"},
				"west": {"uv": [5.62444, 2.4372, 6.55853, 3.68325], "texture": "#3"},
				"up": {"uv": [5.62444, 2.4372, 6.55853, 3.68325], "rotation": 270, "texture": "#3"},
				"down": {"uv": [5.62444, 2.4372, 6.55853, 3.68325], "rotation": 90, "texture": "#3"}
			}
		},
		{
			"from": [7.125, -13.75, 7.25],
			"to": [8.125, -13.5, 8.5],
			"faces": {
				"north": {"uv": [5.62444, 2.4372, 6.55853, 3.68325], "texture": "#3"},
				"east": {"uv": [5.62444, 2.4372, 6.55853, 3.68325], "texture": "#3"},
				"south": {"uv": [5.62444, 2.4372, 6.55853, 3.68325], "texture": "#3"},
				"west": {"uv": [5.62444, 2.4372, 6.55853, 3.68325], "texture": "#3"},
				"up": {"uv": [5.62444, 2.4372, 6.55853, 3.68325], "rotation": 270, "texture": "#3"},
				"down": {"uv": [5.62444, 2.4372, 6.55853, 3.68325], "rotation": 90, "texture": "#3"}
			}
		},
		{
			"from": [6.75, -13.75, 7.625],
			"to": [8.5, -13.5, 8.125],
			"faces": {
				"north": {"uv": [5.62444, 2.4372, 6.55853, 3.68325], "texture": "#3"},
				"east": {"uv": [5.62444, 2.4372, 6.55853, 3.68325], "texture": "#3"},
				"south": {"uv": [5.62444, 2.4372, 6.55853, 3.68325], "texture": "#3"},
				"west": {"uv": [5.62444, 2.4372, 6.55853, 3.68325], "texture": "#3"},
				"up": {"uv": [5.62444, 2.4372, 6.55853, 3.68325], "texture": "#3"},
				"down": {"uv": [5.62444, 2.4372, 6.55853, 3.68325], "texture": "#3"}
			}
		},
		{
			"from": [8.375, -13.75, 7.75],
			"to": [8.625, -13.5, 8],
			"faces": {
				"north": {"uv": [5.62444, 2.4372, 6.55853, 3.68325], "rotation": 90, "texture": "#3"},
				"east": {"uv": [5.62444, 2.4372, 6.55853, 3.68325], "texture": "#3"},
				"south": {"uv": [5.62444, 2.4372, 6.55853, 3.68325], "rotation": 270, "texture": "#3"},
				"west": {"uv": [5.62444, 2.4372, 6.55853, 3.68325], "rotation": 90, "texture": "#3"},
				"up": {"uv": [5.62444, 2.4372, 6.55853, 3.68325], "rotation": 270, "texture": "#3"},
				"down": {"uv": [5.62444, 2.4372, 6.55853, 3.68325], "rotation": 270, "texture": "#3"}
			}
		},
		{
			"from": [6.625, -13.75, 7.75],
			"to": [6.875, -13.5, 8],
			"faces": {
				"north": {"uv": [5.62444, 2.4372, 6.55853, 3.68325], "texture": "#3"},
				"east": {"uv": [5.62444, 2.4372, 6.55853, 3.68325], "texture": "#3"},
				"south": {"uv": [5.62444, 2.4372, 6.55853, 3.68325], "texture": "#3"},
				"west": {"uv": [5.62444, 2.4372, 6.55853, 3.68325], "texture": "#3"},
				"up": {"uv": [5.62444, 2.4372, 6.55853, 3.68325], "texture": "#3"},
				"down": {"uv": [5.62444, 2.4372, 6.55853, 3.68325], "texture": "#3"}
			}
		},
		{
			"from": [7.5, -13.75, 8.625],
			"to": [7.75, -13.5, 8.875],
			"faces": {
				"north": {"uv": [5.62444, 2.4372, 6.55853, 3.68325], "texture": "#3"},
				"east": {"uv": [5.62444, 2.4372, 6.55853, 3.68325], "texture": "#3"},
				"south": {"uv": [5.62444, 2.4372, 6.55853, 3.68325], "texture": "#3"},
				"west": {"uv": [5.62444, 2.4372, 6.55853, 3.68325], "texture": "#3"},
				"up": {"uv": [5.62444, 2.4372, 6.55853, 3.68325], "texture": "#3"},
				"down": {"uv": [5.62444, 2.4372, 6.55853, 3.68325], "texture": "#3"}
			}
		},
		{
			"from": [7.5, -13.75, 6.875],
			"to": [7.75, -13.5, 7.125],
			"faces": {
				"north": {"uv": [5.62444, 2.4372, 6.55853, 3.68325], "texture": "#3"},
				"east": {"uv": [5.62444, 2.4372, 6.55853, 3.68325], "texture": "#3"},
				"south": {"uv": [5.62444, 2.4372, 6.55853, 3.68325], "texture": "#3"},
				"west": {"uv": [5.62444, 2.4372, 6.55853, 3.68325], "texture": "#3"},
				"up": {"uv": [5.62444, 2.4372, 6.55853, 3.68325], "texture": "#3"},
				"down": {"uv": [5.62444, 2.4372, 6.55853, 3.68325], "texture": "#3"}
			}
		},
		{
			"from": [7.5, -15, 6.625],
			"to": [7.75, -13.75, 6.875],
			"faces": {
				"north": {"uv": [5.62444, 2.4372, 6.55853, 3.68325], "texture": "#3"},
				"east": {"uv": [5.62444, 2.4372, 6.55853, 3.68325], "texture": "#3"},
				"south": {"uv": [5.62444, 2.4372, 6.55853, 3.68325], "texture": "#3"},
				"west": {"uv": [5.62444, 2.4372, 6.55853, 3.68325], "texture": "#3"},
				"up": {"uv": [5.62444, 2.4372, 6.55853, 3.68325], "texture": "#3"},
				"down": {"uv": [5.62444, 2.4372, 6.55853, 3.68325], "texture": "#3"}
			}
		},
		{
			"from": [8.625, -15, 7.75],
			"to": [8.875, -13.75, 8],
			"faces": {
				"north": {"uv": [5.62444, 2.4372, 6.55853, 3.68325], "rotation": 90, "texture": "#3"},
				"east": {"uv": [5.62444, 2.4372, 6.55853, 3.68325], "texture": "#3"},
				"south": {"uv": [5.62444, 2.4372, 6.55853, 3.68325], "rotation": 270, "texture": "#3"},
				"west": {"uv": [5.62444, 2.4372, 6.55853, 3.68325], "rotation": 90, "texture": "#3"},
				"up": {"uv": [5.62444, 2.4372, 6.55853, 3.68325], "rotation": 270, "texture": "#3"},
				"down": {"uv": [5.62444, 2.4372, 6.55853, 3.68325], "rotation": 270, "texture": "#3"}
			}
		},
		{
			"from": [7.5, -15, 8.875],
			"to": [7.75, -13.75, 9.125],
			"faces": {
				"north": {"uv": [5.62444, 2.4372, 6.55853, 3.68325], "texture": "#3"},
				"east": {"uv": [5.62444, 2.4372, 6.55853, 3.68325], "texture": "#3"},
				"south": {"uv": [5.62444, 2.4372, 6.55853, 3.68325], "texture": "#3"},
				"west": {"uv": [5.62444, 2.4372, 6.55853, 3.68325], "texture": "#3"},
				"up": {"uv": [5.62444, 2.4372, 6.55853, 3.68325], "texture": "#3"},
				"down": {"uv": [5.62444, 2.4372, 6.55853, 3.68325], "texture": "#3"}
			}
		},
		{
			"from": [6.375, -15, 7.75],
			"to": [6.625, -13.75, 8],
			"faces": {
				"north": {"uv": [5.62444, 2.4372, 6.55853, 3.68325], "texture": "#3"},
				"east": {"uv": [5.62444, 2.4372, 6.55853, 3.68325], "texture": "#3"},
				"south": {"uv": [5.62444, 2.4372, 6.55853, 3.68325], "texture": "#3"},
				"west": {"uv": [5.62444, 2.4372, 6.55853, 3.68325], "texture": "#3"},
				"up": {"uv": [5.62444, 2.4372, 6.55853, 3.68325], "texture": "#3"},
				"down": {"uv": [5.62444, 2.4372, 6.55853, 3.68325], "texture": "#3"}
			}
		},
		{
			"from": [7.5, -15.25, 6.875],
			"to": [7.75, -15, 7.125],
			"faces": {
				"north": {"uv": [5.62444, 2.4372, 6.55853, 3.68325], "texture": "#3"},
				"east": {"uv": [5.62444, 2.4372, 6.55853, 3.68325], "texture": "#3"},
				"south": {"uv": [5.62444, 2.4372, 6.55853, 3.68325], "texture": "#3"},
				"west": {"uv": [5.62444, 2.4372, 6.55853, 3.68325], "texture": "#3"},
				"up": {"uv": [5.62444, 2.4372, 6.55853, 3.68325], "texture": "#3"},
				"down": {"uv": [5.62444, 2.4372, 6.55853, 3.68325], "texture": "#3"}
			}
		},
		{
			"from": [8.375, -15.25, 7.75],
			"to": [8.625, -15, 8],
			"faces": {
				"north": {"uv": [5.62444, 2.4372, 6.55853, 3.68325], "rotation": 90, "texture": "#3"},
				"east": {"uv": [5.62444, 2.4372, 6.55853, 3.68325], "texture": "#3"},
				"south": {"uv": [5.62444, 2.4372, 6.55853, 3.68325], "rotation": 270, "texture": "#3"},
				"west": {"uv": [5.62444, 2.4372, 6.55853, 3.68325], "rotation": 90, "texture": "#3"},
				"up": {"uv": [5.62444, 2.4372, 6.55853, 3.68325], "rotation": 270, "texture": "#3"},
				"down": {"uv": [5.62444, 2.4372, 6.55853, 3.68325], "rotation": 270, "texture": "#3"}
			}
		},
		{
			"from": [7.5, -15.25, 8.625],
			"to": [7.75, -15, 8.875],
			"faces": {
				"north": {"uv": [5.62444, 2.4372, 6.55853, 3.68325], "texture": "#3"},
				"east": {"uv": [5.62444, 2.4372, 6.55853, 3.68325], "texture": "#3"},
				"south": {"uv": [5.62444, 2.4372, 6.55853, 3.68325], "texture": "#3"},
				"west": {"uv": [5.62444, 2.4372, 6.55853, 3.68325], "texture": "#3"},
				"up": {"uv": [5.62444, 2.4372, 6.55853, 3.68325], "texture": "#3"},
				"down": {"uv": [5.62444, 2.4372, 6.55853, 3.68325], "texture": "#3"}
			}
		},
		{
			"from": [6.625, -15.25, 7.75],
			"to": [6.875, -15, 8],
			"faces": {
				"north": {"uv": [5.62444, 2.4372, 6.55853, 3.68325], "texture": "#3"},
				"east": {"uv": [5.62444, 2.4372, 6.55853, 3.68325], "texture": "#3"},
				"south": {"uv": [5.62444, 2.4372, 6.55853, 3.68325], "texture": "#3"},
				"west": {"uv": [5.62444, 2.4372, 6.55853, 3.68325], "texture": "#3"},
				"up": {"uv": [5.62444, 2.4372, 6.55853, 3.68325], "texture": "#3"},
				"down": {"uv": [5.62444, 2.4372, 6.55853, 3.68325], "texture": "#3"}
			}
		},
		{
			"from": [8.25, -15.5, 7.74362],
			"to": [8.5, -15.25, 7.99362],
			"faces": {
				"north": {"uv": [5.62444, 2.4372, 6.55853, 3.68325], "texture": "#3"},
				"east": {"uv": [5.62444, 2.4372, 6.55853, 3.68325], "texture": "#3"},
				"south": {"uv": [5.62444, 2.4372, 6.55853, 3.68325], "texture": "#3"},
				"west": {"uv": [5.62444, 2.4372, 6.55853, 3.68325], "texture": "#3"},
				"up": {"uv": [5.62444, 2.4372, 6.55853, 3.68325], "texture": "#3"},
				"down": {"uv": [5.62444, 2.4372, 6.55853, 3.68325], "texture": "#3"}
			}
		},
		{
			"from": [7.5, -15.5, 8.49362],
			"to": [7.75, -15.25, 8.74362],
			"faces": {
				"north": {"uv": [5.62444, 2.4372, 6.55853, 3.68325], "texture": "#3"},
				"east": {"uv": [5.62444, 2.4372, 6.55853, 3.68325], "texture": "#3"},
				"south": {"uv": [5.62444, 2.4372, 6.55853, 3.68325], "texture": "#3"},
				"west": {"uv": [5.62444, 2.4372, 6.55853, 3.68325], "texture": "#3"},
				"up": {"uv": [5.62444, 2.4372, 6.55853, 3.68325], "texture": "#3"},
				"down": {"uv": [5.62444, 2.4372, 6.55853, 3.68325], "texture": "#3"}
			}
		},
		{
			"from": [7.5, -15.5, 6.99362],
			"to": [7.75, -15.25, 7.24362],
			"faces": {
				"north": {"uv": [5.62444, 2.4372, 6.55853, 3.68325], "texture": "#3"},
				"east": {"uv": [5.62444, 2.4372, 6.55853, 3.68325], "texture": "#3"},
				"south": {"uv": [5.62444, 2.4372, 6.55853, 3.68325], "texture": "#3"},
				"west": {"uv": [5.62444, 2.4372, 6.55853, 3.68325], "texture": "#3"},
				"up": {"uv": [5.62444, 2.4372, 6.55853, 3.68325], "texture": "#3"},
				"down": {"uv": [5.62444, 2.4372, 6.55853, 3.68325], "texture": "#3"}
			}
		},
		{
			"from": [6.75, -15.5, 7.74362],
			"to": [7, -15.25, 7.99362],
			"faces": {
				"north": {"uv": [5.62444, 2.4372, 6.55853, 3.68325], "texture": "#3"},
				"east": {"uv": [5.62444, 2.4372, 6.55853, 3.68325], "texture": "#3"},
				"south": {"uv": [5.62444, 2.4372, 6.55853, 3.68325], "texture": "#3"},
				"west": {"uv": [5.62444, 2.4372, 6.55853, 3.68325], "texture": "#3"},
				"up": {"uv": [5.62444, 2.4372, 6.55853, 3.68325], "texture": "#3"},
				"down": {"uv": [5.62444, 2.4372, 6.55853, 3.68325], "texture": "#3"}
			}
		},
		{
			"from": [7.5, -15.75, 7.125],
			"to": [7.75, -15.5, 8.625],
			"faces": {
				"north": {"uv": [5.62444, 2.4372, 6.55853, 3.68325], "texture": "#3"},
				"east": {"uv": [5.62444, 2.4372, 6.55853, 3.68325], "texture": "#3"},
				"south": {"uv": [5.62444, 2.4372, 6.55853, 3.68325], "texture": "#3"},
				"west": {"uv": [5.62444, 2.4372, 6.55853, 3.68325], "texture": "#3"},
				"up": {"uv": [5.62444, 2.4372, 6.55853, 3.68325], "texture": "#3"},
				"down": {"uv": [5.62444, 2.4372, 6.55853, 3.68325], "texture": "#3"}
			}
		},
		{
			"from": [7.75, -15.875, 7.75],
			"to": [8, -15.625, 8],
			"faces": {
				"north": {"uv": [5.62444, 2.4372, 6.55853, 3.68325], "texture": "#3"},
				"east": {"uv": [5.62444, 2.4372, 6.55853, 3.68325], "texture": "#3"},
				"south": {"uv": [5.62444, 2.4372, 6.55853, 3.68325], "texture": "#3"},
				"west": {"uv": [5.62444, 2.4372, 6.55853, 3.68325], "texture": "#3"},
				"up": {"uv": [5.62444, 2.4372, 6.55853, 3.68325], "texture": "#3"},
				"down": {"uv": [5.62444, 2.4372, 6.55853, 3.68325], "texture": "#3"}
			}
		},
		{
			"from": [7.25, -15.875, 7.75],
			"to": [7.5, -15.625, 8],
			"faces": {
				"north": {"uv": [5.62444, 2.4372, 6.55853, 3.68325], "texture": "#3"},
				"east": {"uv": [5.62444, 2.4372, 6.55853, 3.68325], "texture": "#3"},
				"south": {"uv": [5.62444, 2.4372, 6.55853, 3.68325], "texture": "#3"},
				"west": {"uv": [5.62444, 2.4372, 6.55853, 3.68325], "texture": "#3"},
				"up": {"uv": [5.62444, 2.4372, 6.55853, 3.68325], "texture": "#3"},
				"down": {"uv": [5.62444, 2.4372, 6.55853, 3.68325], "texture": "#3"}
			}
		},
		{
			"from": [7.5, -15.875, 8],
			"to": [7.75, -15.625, 8.25],
			"faces": {
				"north": {"uv": [5.62444, 2.4372, 6.55853, 3.68325], "texture": "#3"},
				"east": {"uv": [5.62444, 2.4372, 6.55853, 3.68325], "texture": "#3"},
				"south": {"uv": [5.62444, 2.4372, 6.55853, 3.68325], "texture": "#3"},
				"west": {"uv": [5.62444, 2.4372, 6.55853, 3.68325], "texture": "#3"},
				"up": {"uv": [5.62444, 2.4372, 6.55853, 3.68325], "texture": "#3"},
				"down": {"uv": [5.62444, 2.4372, 6.55853, 3.68325], "texture": "#3"}
			}
		},
		{
			"from": [7.5, -15.875, 7.5],
			"to": [7.75, -15.625, 7.75],
			"faces": {
				"north": {"uv": [5.62444, 2.4372, 6.55853, 3.68325], "texture": "#3"},
				"east": {"uv": [5.62444, 2.4372, 6.55853, 3.68325], "texture": "#3"},
				"south": {"uv": [5.62444, 2.4372, 6.55853, 3.68325], "texture": "#3"},
				"west": {"uv": [5.62444, 2.4372, 6.55853, 3.68325], "texture": "#3"},
				"up": {"uv": [5.62444, 2.4372, 6.55853, 3.68325], "texture": "#3"},
				"down": {"uv": [5.62444, 2.4372, 6.55853, 3.68325], "texture": "#3"}
			}
		},
		{
			"from": [7.25, -13.5, 7.375],
			"to": [8, -13.25, 8.375],
			"faces": {
				"north": {"uv": [5.62444, 2.4372, 6.55853, 3.68325], "texture": "#3"},
				"east": {"uv": [5.62444, 2.4372, 6.55853, 3.68325], "texture": "#3"},
				"south": {"uv": [5.62444, 2.4372, 6.55853, 3.68325], "texture": "#3"},
				"west": {"uv": [5.62444, 2.4372, 6.55853, 3.68325], "texture": "#3"},
				"up": {"uv": [5.62444, 2.4372, 6.55853, 3.68325], "texture": "#3"},
				"down": {"uv": [5.62444, 2.4372, 6.55853, 3.68325], "texture": "#3"}
			}
		},
		{
			"from": [7.125, -13.5, 7.5],
			"to": [8.125, -13.25, 8.25],
			"faces": {
				"north": {"uv": [5.62444, 2.4372, 6.55853, 3.68325], "texture": "#3"},
				"east": {"uv": [5.62444, 2.4372, 6.55853, 3.68325], "texture": "#3"},
				"south": {"uv": [5.62444, 2.4372, 6.55853, 3.68325], "texture": "#3"},
				"west": {"uv": [5.62444, 2.4372, 6.55853, 3.68325], "texture": "#3"},
				"up": {"uv": [5.62444, 2.4372, 6.55853, 3.68325], "texture": "#3"},
				"down": {"uv": [5.62444, 2.4372, 6.55853, 3.68325], "texture": "#3"}
			}
		},
		{
			"from": [7.25, -13.75, 7.5],
			"to": [8, -5, 8.25],
			"rotation": {"angle": 45, "axis": "y", "origin": [7.625, -9.375, 7.875]},
			"faces": {
				"north": {"uv": [0.37472, 0.37472, 4.99568, 1.36975], "texture": "#3"},
				"east": {"uv": [0.37472, 0.37472, 4.99568, 1.36975], "texture": "#3"},
				"south": {"uv": [0.37472, 0.37472, 4.99568, 1.36975], "texture": "#3"},
				"west": {"uv": [0.37472, 0.37472, 4.99568, 1.36975], "texture": "#3"},
				"up": {"uv": [0.37472, 0.37472, 4.99568, 1.36975], "texture": "#3"},
				"down": {"uv": [0.37472, 0.37472, 4.99568, 1.36975], "texture": "#3"}
			}
		},
		{
			"from": [7.25, -13.75, 7.5],
			"to": [8, -5, 8.25],
			"rotation": {"angle": -22.5, "axis": "y", "origin": [7.625, -9.375, 7.875]},
			"faces": {
				"north": {"uv": [0.37472, 0.37472, 4.99568, 1.36975], "texture": "#3"},
				"east": {"uv": [0.37472, 0.37472, 4.99568, 1.36975], "texture": "#3"},
				"south": {"uv": [0.37472, 0.37472, 4.99568, 1.36975], "texture": "#3"},
				"west": {"uv": [0.37472, 0.37472, 4.99568, 1.36975], "texture": "#3"},
				"up": {"uv": [0.37472, 0.37472, 4.99568, 1.36975], "rotation": 270, "texture": "#3"},
				"down": {"uv": [0.37472, 0.37472, 4.99568, 1.36975], "rotation": 90, "texture": "#3"}
			}
		},
		{
			"from": [7.25, -13.75, 7.5],
			"to": [8, -5, 8.25],
			"rotation": {"angle": 22.5, "axis": "y", "origin": [7.625, -9.375, 7.875]},
			"faces": {
				"north": {"uv": [0.37472, 0.37472, 4.99568, 1.36975], "texture": "#3"},
				"east": {"uv": [0.37472, 0.37472, 4.99568, 1.36975], "texture": "#3"},
				"south": {"uv": [0.37472, 0.37472, 4.99568, 1.36975], "texture": "#3"},
				"west": {"uv": [0.37472, 0.37472, 4.99568, 1.36975], "texture": "#3"},
				"up": {"uv": [0.37472, 0.37472, 4.99568, 1.36975], "texture": "#3"},
				"down": {"uv": [0.37472, 0.37472, 4.99568, 1.36975], "texture": "#3"}
			}
		},
		{
			"from": [6.5, -4.5, 7.375],
			"to": [8.75, -3.25, 8.375],
			"faces": {
				"north": {"uv": [5.12481, 5.8121, 9.93464, 8.99572], "texture": "#3"},
				"east": {"uv": [5.62444, 2.37444, 9.30829, 3.68264], "texture": "#3"},
				"south": {"uv": [5.12481, 5.8121, 9.93464, 8.99572], "texture": "#3"},
				"west": {"uv": [5.62444, 2.37444, 9.30829, 3.68264], "texture": "#3"},
				"up": {"uv": [5.12481, 5.8121, 9.93464, 8.99572], "texture": "#3"},
				"down": {"uv": [5.62444, 2.37444, 9.30829, 3.68264], "texture": "#3"}
			}
		},
		{
			"from": [7, -15.625, 7.75],
			"to": [8.25, -15.375, 8],
			"faces": {
				"north": {"uv": [5.62444, 2.4372, 6.55853, 3.68325], "texture": "#3"},
				"east": {"uv": [5.62444, 2.4372, 6.55853, 3.68325], "texture": "#3"},
				"south": {"uv": [5.62444, 2.4372, 6.55853, 3.68325], "texture": "#3"},
				"west": {"uv": [5.62444, 2.4372, 6.55853, 3.68325], "texture": "#3"},
				"up": {"uv": [5.62444, 2.4372, 6.55853, 3.68325], "texture": "#3"},
				"down": {"uv": [5.62444, 2.4372, 6.55853, 3.68325], "texture": "#3"}
			}
		}
	],
	"display": {
		"thirdperson_righthand": {
			"rotation": [0, -65, 0],
			"translation": [0, 8.5, 1],
			"scale": [0.5, 0.6, 0.75]
		},
		"thirdperson_lefthand": {
			"rotation": [0, -65, 0],
			"translation": [0, 8.5, 1],
			"scale": [0.5, 0.6, 0.75]
		},
		"firstperson_righthand": {
			"rotation": [0, -65, 0],
			"translation": [0, 8, 3],
			"scale": [0.5, 0.6, 0.75]
		},
		"firstperson_lefthand": {
			"rotation": [0, -65, 0],
			"translation": [0, 8, 3],
			"scale": [0.5, 0.6, 0.75]
		},
		"ground": {
			"rotation": [-90, 0, -90],
			"translation": [0, -3, 0]
		},
		"gui": {
			"rotation": [0, -1, -42],
			"scale": [0.6, 0.48, 0.45]
		},
		"head": {
			"rotation": [-61, -90, -180],
			"translation": [7.5, -29, 4.5],
			"scale": [0.8, 0.9, 1]
		},
		"fixed": {
			"rotation": [0, 0, -136],
			"translation": [0, -0.5, -2]
		}
	},
	"groups": [
		{
			"name": "Ara tier 10 sword",
			"origin": [8, 8, 8],
			"children": [
				{
					"name": "Blade",
					"origin": [8, 8, 8],
					"children": [0, 1, 2, 3, 4, 5, 6, 7, 8, 9, 10, 11, 12, 13, 14, 15, 16, 17, 18, 19, 20, 21, 22, 23, 24, 25, 26]
				}, 27, 28, 29, 30, 31, 32, 33, 34, 35, 36, 37, 38, 39, 40, 41, 42, 43, 44, 45, 46, 47, 48, 49, 50, 51, 52, 53, 54, 55, 56, 57, 58, 59, 60, 61, 62, 63, 64, 65, 66, 67, 68, 69, 70, 71, 72]
		}
	]
}