{
	"credit": "Made using Blockbench ~",
	"textures": {
		"0": "block/weapons/scythe_parts",
		"particle": "block/weapons/scythe_parts"
	},
	"elements": [
		{
			"from": [7.3906, 17.375, 7.875],
			"to": [7.8906, 17.625, 8.375],
			"faces": {
				"north": {"uv": [2.52424, 8.56862, 2.91121, 8.81548], "rotation": 180, "texture": "#0"},
				"east": {"uv": [2.52424, 8.56862, 2.91121, 8.81548], "rotation": 180, "texture": "#0"},
				"south": {"uv": [2.52424, 8.56862, 2.91121, 8.81548], "rotation": 180, "texture": "#0"},
				"west": {"uv": [2.52424, 8.56862, 2.91121, 8.81548], "rotation": 180, "texture": "#0"},
				"up": {"uv": [2.52424, 8.56862, 2.91121, 8.81548], "texture": "#0"},
				"down": {"uv": [2.52424, 8.56862, 2.91121, 8.81548], "texture": "#0"}
			}
		},
		{
			"from": [7.5, 17.5, 8.25],
			"to": [7.75, 17.75, 8.5],
			"faces": {
				"north": {"uv": [2.5953, 8.46219, 2.84116, 8.71007], "rotation": 180, "texture": "#0"},
				"east": {"uv": [2.5953, 8.46219, 2.84116, 8.71007], "rotation": 180, "texture": "#0"},
				"south": {"uv": [2.5953, 8.46219, 2.84116, 8.71007], "rotation": 180, "texture": "#0"},
				"west": {"uv": [2.5953, 8.46219, 2.84116, 8.71007], "rotation": 180, "texture": "#0"},
				"up": {"uv": [2.5953, 8.46219, 2.84116, 8.71007], "rotation": 180, "texture": "#0"},
				"down": {"uv": [2.5953, 8.46219, 2.84116, 8.71007], "rotation": 180, "texture": "#0"}
			}
		},
		{
			"from": [-2.70933, 19.55238, 8.125],
			"to": [12.29067, 24.55238, 8.125],
			"rotation": {"angle": 22.5, "axis": "z", "origin": [5.29067, 22.80238, 8.125]},
			"faces": {
				"north": {"uv": [8.83501, 1.08413, 11.26832, 6.52027], "rotation": 270, "texture": "#0"},
				"east": {"uv": [8.83501, 1.08413, 11.26832, 6.52027], "rotation": 270, "texture": "#0"},
				"south": {"uv": [11.26832, 1.08413, 8.83501, 6.52027], "rotation": 90, "texture": "#0"},
				"west": {"uv": [8.83501, 1.08413, 11.26832, 6.52027], "rotation": 270, "texture": "#0"},
				"up": {"uv": [8.83501, 1.08413, 11.26832, 6.52027], "rotation": 270, "texture": "#0"},
				"down": {"uv": [8.83501, 1.08413, 11.26832, 6.52027], "rotation": 270, "texture": "#0"}
			}
		},
		{
			"from": [7.5, 3.75, 8],
			"to": [7.75, 16.25, 8.25],
			"rotation": {"angle": 45, "axis": "y", "origin": [7.625, 12.75, 8.125]},
			"faces": {
				"north": {"uv": [2.61315, 10.11549, 2.85901, 13.75889], "rotation": 90, "texture": "#0"},
				"east": {"uv": [2.61315, 10.11549, 2.85901, 13.75889], "rotation": 90, "texture": "#0"},
				"south": {"uv": [2.61315, 10.11549, 2.85901, 13.75889], "rotation": 90, "texture": "#0"},
				"west": {"uv": [2.61315, 10.11549, 2.85901, 13.75889], "rotation": 90, "texture": "#0"},
				"up": {"uv": [2.61315, 10.11549, 2.85901, 13.75889], "rotation": 90, "texture": "#0"},
				"down": {"uv": [2.61315, 10.11549, 2.85901, 13.75889], "rotation": 90, "texture": "#0"}
			}
		},
		{
			"from": [7.5, 3.75, 8],
			"to": [7.75, 16.25, 8.25],
			"faces": {
				"north": {"uv": [2.61315, 10.11549, 2.85901, 13.75889], "rotation": 90, "texture": "#0"},
				"east": {"uv": [2.61315, 10.11549, 2.85901, 13.75889], "rotation": 90, "texture": "#0"},
				"south": {"uv": [2.61315, 10.11549, 2.85901, 13.75889], "rotation": 90, "texture": "#0"},
				"west": {"uv": [2.61315, 10.11549, 2.85901, 13.75889], "rotation": 90, "texture": "#0"},
				"up": {"uv": [2.61315, 10.11549, 2.85901, 13.75889], "rotation": 90, "texture": "#0"},
				"down": {"uv": [2.61315, 10.11549, 2.85901, 13.75889], "rotation": 90, "texture": "#0"}
			}
		},
		{
			"from": [7.5, 3.75, 8],
			"to": [7.75, 16.25, 8.25],
			"rotation": {"angle": -22.5, "axis": "y", "origin": [7.625, 12.75, 8.125]},
			"faces": {
				"north": {"uv": [2.61315, 10.11549, 2.85901, 13.75889], "rotation": 90, "texture": "#0"},
				"east": {"uv": [2.61315, 10.11549, 2.85901, 13.75889], "rotation": 90, "texture": "#0"},
				"south": {"uv": [2.61315, 10.11549, 2.85901, 13.75889], "rotation": 90, "texture": "#0"},
				"west": {"uv": [2.61315, 10.11549, 2.85901, 13.75889], "rotation": 90, "texture": "#0"},
				"up": {"uv": [2.61315, 10.11549, 2.85901, 13.75889], "rotation": 90, "texture": "#0"},
				"down": {"uv": [2.61315, 10.11549, 2.85901, 13.75889], "rotation": 90, "texture": "#0"}
			}
		},
		{
			"from": [7.5, 3.75, 8],
			"to": [7.75, 16.25, 8.25],
			"rotation": {"angle": 22.5, "axis": "y", "origin": [7.625, 12.75, 8.125]},
			"faces": {
				"north": {"uv": [2.61315, 10.11549, 2.85901, 13.75889], "rotation": 90, "texture": "#0"},
				"east": {"uv": [2.61315, 10.11549, 2.85901, 13.75889], "rotation": 90, "texture": "#0"},
				"south": {"uv": [2.61315, 10.11549, 2.85901, 13.75889], "rotation": 90, "texture": "#0"},
				"west": {"uv": [2.61315, 10.11549, 2.85901, 13.75889], "rotation": 90, "texture": "#0"},
				"up": {"uv": [2.61315, 10.11549, 2.85901, 13.75889], "rotation": 90, "texture": "#0"},
				"down": {"uv": [2.61315, 10.11549, 2.85901, 13.75889], "rotation": 90, "texture": "#0"}
			}
		},
		{
			"from": [7.3906, 16.125, 7.875],
			"to": [7.8906, 16.375, 8.375],
			"faces": {
				"north": {"uv": [2.57746, 9.79554, 2.84015, 10.04308], "texture": "#0"},
				"east": {"uv": [2.57746, 9.79554, 2.84015, 10.04308], "texture": "#0"},
				"south": {"uv": [2.57746, 9.79554, 2.84015, 10.04308], "texture": "#0"},
				"west": {"uv": [2.57746, 9.79554, 2.84015, 10.04308], "texture": "#0"},
				"up": {"uv": [2.57746, 9.79554, 2.84015, 10.04308], "texture": "#0"},
				"down": {"uv": [2.57746, 9.79554, 2.84015, 10.04308], "texture": "#0"}
			}
		},
		{
			"from": [7.25, 16.5, 8.125],
			"to": [8, 17.5, 8.125],
			"faces": {
				"north": {"uv": [9.84875, 14.04415, 10.50347, 15.06934], "texture": "#0"},
				"east": {"uv": [7.06249, 2.74989, 7.77985, 4.76289], "rotation": 270, "texture": "#0"},
				"south": {"uv": [9.84875, 14.04415, 10.50347, 15.06934], "texture": "#0"},
				"west": {"uv": [7.06249, 2.74989, 7.77985, 4.76289], "rotation": 90, "texture": "#0"},
				"up": {"uv": [7.06249, 2.74989, 7.77985, 4.76289], "rotation": 270, "texture": "#0"},
				"down": {"uv": [7.06249, 2.74989, 7.77985, 4.76289], "rotation": 270, "texture": "#0"}
			}
		},
		{
			"from": [7.5, 16.25, 8],
			"to": [7.75, 16.5, 8.25],
			"faces": {
				"north": {"uv": [2.5953, 9.68878, 2.84083, 9.93632], "rotation": 180, "texture": "#0"},
				"east": {"uv": [2.5953, 9.68878, 2.84083, 9.93632], "rotation": 180, "texture": "#0"},
				"south": {"uv": [2.5953, 9.68878, 2.84083, 9.93632], "rotation": 180, "texture": "#0"},
				"west": {"uv": [2.5953, 9.68878, 2.84083, 9.93632], "rotation": 180, "texture": "#0"},
				"up": {"uv": [2.5953, 9.68878, 2.84083, 9.93632], "rotation": 180, "texture": "#0"},
				"down": {"uv": [2.5953, 9.68878, 2.84083, 9.93632], "rotation": 180, "texture": "#0"}
			}
		},
		{
			"from": [7, 20.25, 7.5],
			"to": [8.25, 20.75, 8.75],
			"rotation": {"angle": 45, "axis": "y", "origin": [7.625, 20.5, 8.125]},
			"faces": {
				"north": {"uv": [4.53319, 5.29771, 4.77838, 5.54491], "rotation": 180, "texture": "#0"},
				"east": {"uv": [4.53319, 5.29771, 4.77838, 5.54491], "rotation": 180, "texture": "#0"},
				"south": {"uv": [4.53319, 5.29771, 4.77838, 5.54491], "rotation": 180, "texture": "#0"},
				"west": {"uv": [4.53319, 5.29771, 4.77838, 5.54491], "rotation": 180, "texture": "#0"},
				"up": {"uv": [4.53319, 5.29771, 4.77838, 5.54491], "rotation": 180, "texture": "#0"},
				"down": {"uv": [4.53319, 5.29771, 4.77838, 5.54491], "rotation": 180, "texture": "#0"}
			}
		},
		{
			"from": [7.25, 19.25, 7.75],
			"to": [8, 20.25, 8.5],
			"faces": {
				"north": {"uv": [9.90197, 11.41314, 10.44891, 12.12242], "rotation": 180, "texture": "#0"},
				"east": {"uv": [9.90197, 11.41314, 10.44891, 12.12242], "rotation": 180, "texture": "#0"},
				"south": {"uv": [9.90197, 11.41314, 10.44891, 12.12242], "rotation": 180, "texture": "#0"},
				"west": {"uv": [9.90197, 11.41314, 10.44891, 12.12242], "rotation": 180, "texture": "#0"},
				"up": {"uv": [9.90197, 11.41314, 10.44891, 12.12242], "rotation": 180, "texture": "#0"},
				"down": {"uv": [9.90197, 11.41314, 10.44891, 12.12242], "rotation": 180, "texture": "#0"}
			}
		},
		{
			"from": [7.5, 17.5, 8],
			"to": [7.75, 19.25, 8.25],
			"faces": {
				"north": {"uv": [2.54209, 7.67983, 2.78761, 7.92737], "rotation": 180, "texture": "#0"},
				"east": {"uv": [2.54209, 7.67983, 2.78761, 7.92737], "rotation": 180, "texture": "#0"},
				"south": {"uv": [2.54209, 7.67983, 2.78761, 7.92737], "rotation": 180, "texture": "#0"},
				"west": {"uv": [2.54209, 7.67983, 2.78761, 7.92737], "rotation": 180, "texture": "#0"},
				"up": {"uv": [2.54209, 7.67983, 2.78761, 7.92737], "rotation": 180, "texture": "#0"},
				"down": {"uv": [2.54209, 7.67983, 2.78761, 7.92737], "rotation": 180, "texture": "#0"}
			}
		},
		{
			"from": [7.5, 17.5, 7.75],
			"to": [7.75, 17.75, 8],
			"faces": {
				"north": {"uv": [2.5953, 8.46219, 2.84116, 8.71007], "rotation": 180, "texture": "#0"},
				"east": {"uv": [2.5953, 8.46219, 2.84116, 8.71007], "rotation": 180, "texture": "#0"},
				"south": {"uv": [2.5953, 8.46219, 2.84116, 8.71007], "rotation": 180, "texture": "#0"},
				"west": {"uv": [2.5953, 8.46219, 2.84116, 8.71007], "rotation": 180, "texture": "#0"},
				"up": {"uv": [2.5953, 8.46219, 2.84116, 8.71007], "rotation": 180, "texture": "#0"},
				"down": {"uv": [2.5953, 8.46219, 2.84116, 8.71007], "rotation": 180, "texture": "#0"}
			}
		},
		{
			"from": [7.25, 17.5, 8],
			"to": [7.5, 17.75, 8.25],
			"faces": {
				"north": {"uv": [2.5953, 8.46219, 2.84116, 8.71007], "rotation": 180, "texture": "#0"},
				"east": {"uv": [2.5953, 8.46219, 2.84116, 8.71007], "rotation": 180, "texture": "#0"},
				"south": {"uv": [2.5953, 8.46219, 2.84116, 8.71007], "rotation": 180, "texture": "#0"},
				"west": {"uv": [2.5953, 8.46219, 2.84116, 8.71007], "rotation": 180, "texture": "#0"},
				"up": {"uv": [2.5953, 8.46219, 2.84116, 8.71007], "rotation": 180, "texture": "#0"},
				"down": {"uv": [2.5953, 8.46219, 2.84116, 8.71007], "rotation": 180, "texture": "#0"}
			}
		},
		{
			"from": [7.75, 17.5, 8],
			"to": [8, 17.75, 8.25],
			"faces": {
				"north": {"uv": [2.5953, 8.46219, 2.84116, 8.71007], "rotation": 180, "texture": "#0"},
				"east": {"uv": [2.5953, 8.46219, 2.84116, 8.71007], "rotation": 180, "texture": "#0"},
				"south": {"uv": [2.5953, 8.46219, 2.84116, 8.71007], "rotation": 180, "texture": "#0"},
				"west": {"uv": [2.5953, 8.46219, 2.84116, 8.71007], "rotation": 180, "texture": "#0"},
				"up": {"uv": [2.5953, 8.46219, 2.84116, 8.71007], "rotation": 180, "texture": "#0"},
				"down": {"uv": [2.5953, 8.46219, 2.84116, 8.71007], "rotation": 180, "texture": "#0"}
			}
		},
		{
			"from": [7.625, 16.5, 7.75],
			"to": [7.625, 17.5, 8.5],
			"faces": {
				"north": {"uv": [7.06249, 2.74989, 7.77985, 4.76289], "rotation": 270, "texture": "#0"},
				"east": {"uv": [9.84875, 14.04415, 10.50347, 15.06934], "texture": "#0"},
				"south": {"uv": [7.06249, 2.74989, 7.77985, 4.76289], "rotation": 90, "texture": "#0"},
				"west": {"uv": [9.84875, 14.04415, 10.50347, 15.06934], "texture": "#0"},
				"up": {"uv": [7.06249, 2.74989, 7.77985, 4.76289], "rotation": 180, "texture": "#0"},
				"down": {"uv": [7.06249, 2.74989, 7.77985, 4.76289], "texture": "#0"}
			}
		},
		{
			"from": [7, 20.25, 7.5],
			"to": [8.25, 20.75, 8.75],
			"faces": {
				"north": {"uv": [4.53319, 5.29771, 4.77838, 5.54491], "rotation": 180, "texture": "#0"},
				"east": {"uv": [4.53319, 5.29771, 4.77838, 5.54491], "rotation": 180, "texture": "#0"},
				"south": {"uv": [4.53319, 5.29771, 4.77838, 5.54491], "rotation": 180, "texture": "#0"},
				"west": {"uv": [4.53319, 5.29771, 4.77838, 5.54491], "rotation": 180, "texture": "#0"},
				"up": {"uv": [4.53319, 5.29771, 4.77838, 5.54491], "rotation": 180, "texture": "#0"},
				"down": {"uv": [4.53319, 5.29771, 4.77838, 5.54491], "rotation": 180, "texture": "#0"}
			}
		},
		{
			"from": [7.25, 19, 7.75],
			"to": [8, 19.25, 8.5],
			"faces": {
				"north": {"uv": [2.5953, 8.46219, 2.84116, 8.71007], "rotation": 180, "texture": "#0"},
				"east": {"uv": [2.5953, 8.46219, 2.84116, 8.71007], "rotation": 180, "texture": "#0"},
				"south": {"uv": [2.5953, 8.46219, 2.84116, 8.71007], "rotation": 180, "texture": "#0"},
				"west": {"uv": [2.5953, 8.46219, 2.84116, 8.71007], "rotation": 180, "texture": "#0"},
				"up": {"uv": [2.5953, 8.46219, 2.84116, 8.71007], "rotation": 180, "texture": "#0"},
				"down": {"uv": [2.5953, 8.46219, 2.84116, 8.71007], "rotation": 180, "texture": "#0"}
			}
		},
		{
			"from": [7.25, 19, 7.75],
			"to": [8, 19.25, 8.5],
			"rotation": {"angle": 45, "axis": "y", "origin": [7.625, 19.125, 8.125]},
			"faces": {
				"north": {"uv": [2.5953, 8.46219, 2.84116, 8.71007], "rotation": 180, "texture": "#0"},
				"east": {"uv": [2.5953, 8.46219, 2.84116, 8.71007], "rotation": 180, "texture": "#0"},
				"south": {"uv": [2.5953, 8.46219, 2.84116, 8.71007], "rotation": 180, "texture": "#0"},
				"west": {"uv": [2.5953, 8.46219, 2.84116, 8.71007], "rotation": 180, "texture": "#0"},
				"up": {"uv": [2.5953, 8.46219, 2.84116, 8.71007], "rotation": 180, "texture": "#0"},
				"down": {"uv": [2.5953, 8.46219, 2.84116, 8.71007], "rotation": 180, "texture": "#0"}
			}
		}
	],
	"display": {
		"thirdperson_righthand": {
			"scale": [1.75, 1.75, 1.75],
			"rotation": [0, -90, 0],
			"translation": [0, -7, 1.5]
		},
		"thirdperson_lefthand": {
			"rotation": [0, 89, 0],
			"translation": [0, -7, 1.5],
			"scale": [1.75, 1.75, 1.75]
		},
		"firstperson_righthand": {
			"rotation": [0, -64, 5],
			"translation": [-1.5, -2.5, 5]
		},
		"firstperson_lefthand": {
			"rotation": [0, 96, -10],
			"translation": [-1.5, -2.5, 6.5]
		},
		"head": {
			"translation": [-13, -24.5, 6],
			"rotation": [0, -180, 50],
			"scale": [2.5, 2.5, 2.5]
		},
		"ground": {
			"translation": [1, -3.5, -6],
			"rotation": [90, 180, 0]
		},
		"fixed": {
			"translation": [7, -6, -2.5],
			"rotation": [0, 0, 45],
			"scale": [1.5, 1.5, 1.5]
		},
		"gui": {
			"scale": [0.725, 0.725, 0.725],
			"translation": [-4, -4, -6.5],
			"rotation": [0, 0, -45]
		}
	},
	"groups": [
		{
			"name": "group",
			"isOpen": true,
			"export": true,
			"visibility": true,
			"children": []
		},
		{
			"name": "group",
			"isOpen": true,
			"export": true,
			"visibility": true,
			"children": [0, 1, 2,
				{
					"name": "group",
					"isOpen": true,
					"export": true,
					"visibility": true,
					"children": [3, 4, 5, 6]
				}, 7, 8, 9, 10, 11, 12, 13, 14, 15, 16, 17, 18, 19]
		}
	]
}