{
	"credit": "Made using Blockbench ~",
	"textures": {
		"1": "block/diamond_sword/145_1",
		"2": "block/weapons/brass",
		"3": "block/weapons/brass",
		"4": "block/weapons/gem__",
		"5": "block/weapons/concrete_powder_silver",
		"particle": "block/weapons/concrete_powder_silver"
	},
	"elements": [
		{
			"from": [7.875, 2.25, 6.875],
			"to": [8.25, 2.5, 7],
			"faces": {
				"north": {"uv": [4.96, 0.96, 7.04, 3.04], "texture": "#1"},
				"east": {"uv": [4.96, 0.96, 7.04, 3.04], "texture": "#1"},
				"south": {"uv": [4.96, 0.96, 7.04, 3.04], "texture": "#1"},
				"west": {"uv": [4.96, 0.96, 7.04, 3.04], "texture": "#1"},
				"up": {"uv": [4.96, 0.96, 7.04, 3.04], "texture": "#1"},
				"down": {"uv": [4.96, 0.96, 7.04, 3.04], "texture": "#1"}
			}
		},
		{
			"from": [7.875, 2.375, 7],
			"to": [8.25, 3, 7.125],
			"faces": {
				"north": {"uv": [4.96, 0.96, 7.04, 3.04], "texture": "#1"},
				"east": {"uv": [4.96, 0.96, 7.04, 3.04], "texture": "#1"},
				"south": {"uv": [4.96, 0.96, 7.04, 3.04], "texture": "#1"},
				"west": {"uv": [4.96, 0.96, 7.04, 3.04], "texture": "#1"},
				"up": {"uv": [4.96, 0.96, 7.04, 3.04], "texture": "#1"},
				"down": {"uv": [4.96, 0.96, 7.04, 3.04], "texture": "#1"}
			}
		},
		{
			"from": [7.875, 2.5, 7.125],
			"to": [8.25, 3.5, 7.25],
			"faces": {
				"north": {"uv": [4.96, 0.96, 7.04, 3.04], "texture": "#1"},
				"east": {"uv": [4.96, 0.96, 7.04, 3.04], "texture": "#1"},
				"south": {"uv": [4.96, 0.96, 7.04, 3.04], "texture": "#1"},
				"west": {"uv": [4.96, 0.96, 7.04, 3.04], "texture": "#1"},
				"up": {"uv": [4.96, 0.96, 7.04, 3.04], "texture": "#1"},
				"down": {"uv": [4.96, 0.96, 7.04, 3.04], "texture": "#1"}
			}
		},
		{
			"from": [7.875, 2.75, 7.25],
			"to": [8.25, 4.625, 7.375],
			"faces": {
				"north": {"uv": [4.96, 0.96, 7.04, 3.04], "texture": "#1"},
				"east": {"uv": [4.96, 0.96, 7.04, 3.04], "texture": "#1"},
				"south": {"uv": [4.96, 0.96, 7.04, 3.04], "texture": "#1"},
				"west": {"uv": [4.96, 0.96, 7.04, 3.04], "texture": "#1"},
				"up": {"uv": [4.96, 0.96, 7.04, 3.04], "texture": "#1"},
				"down": {"uv": [4.96, 0.96, 7.04, 3.04], "texture": "#1"}
			}
		},
		{
			"from": [7.875, 3.125, 7.375],
			"to": [8.25, 5.5, 7.5],
			"faces": {
				"north": {"uv": [4.96, 0.96, 7.04, 3.04], "texture": "#1"},
				"east": {"uv": [4.96, 0.96, 7.04, 3.04], "texture": "#1"},
				"south": {"uv": [4.96, 0.96, 7.04, 3.04], "texture": "#1"},
				"west": {"uv": [4.96, 0.96, 7.04, 3.04], "texture": "#1"},
				"up": {"uv": [4.96, 0.96, 7.04, 3.04], "texture": "#1"},
				"down": {"uv": [4.96, 0.96, 7.04, 3.04], "texture": "#1"}
			}
		},
		{
			"from": [7.875, 3.375, 7.5],
			"to": [8.25, 6.5, 7.625],
			"faces": {
				"north": {"uv": [4.96, 0.96, 7.04, 3.04], "texture": "#1"},
				"east": {"uv": [4.96, 0.96, 7.04, 3.04], "texture": "#1"},
				"south": {"uv": [4.96, 0.96, 7.04, 3.04], "texture": "#1"},
				"west": {"uv": [4.96, 0.96, 7.04, 3.04], "texture": "#1"},
				"up": {"uv": [4.96, 0.96, 7.04, 3.04], "texture": "#1"},
				"down": {"uv": [4.96, 0.96, 7.04, 3.04], "texture": "#1"}
			}
		},
		{
			"from": [7.875, 3.625, 7.625],
			"to": [8.25, 7.375, 7.75],
			"faces": {
				"north": {"uv": [4.96, 0.96, 7.04, 3.04], "texture": "#1"},
				"east": {"uv": [4.96, 0.96, 7.04, 3.04], "texture": "#1"},
				"south": {"uv": [4.96, 0.96, 7.04, 3.04], "texture": "#1"},
				"west": {"uv": [4.96, 0.96, 7.04, 3.04], "texture": "#1"},
				"up": {"uv": [4.96, 0.96, 7.04, 3.04], "texture": "#1"},
				"down": {"uv": [4.96, 0.96, 7.04, 3.04], "texture": "#1"}
			}
		},
		{
			"from": [7.875, 3.875, 7.75],
			"to": [8.25, 10.75, 7.875],
			"faces": {
				"north": {"uv": [4.96, 0.96, 7.04, 3.04], "texture": "#1"},
				"east": {"uv": [4.96, 0.96, 7.04, 3.04], "texture": "#1"},
				"south": {"uv": [4.96, 0.96, 7.04, 3.04], "texture": "#1"},
				"west": {"uv": [4.96, 0.96, 7.04, 3.04], "texture": "#1"},
				"down": {"uv": [4.96, 0.96, 7.04, 3.04], "texture": "#1"}
			}
		},
		{
			"from": [7.875, 4.125, 7.875],
			"to": [8.25, 10.875, 8],
			"faces": {
				"north": {"uv": [4.96, 0.96, 7.04, 3.04], "texture": "#1"},
				"east": {"uv": [4.96, 0.96, 7.04, 3.04], "texture": "#1"},
				"south": {"uv": [4.96, 0.96, 7.04, 3.04], "texture": "#1"},
				"west": {"uv": [4.96, 0.96, 7.04, 3.04], "texture": "#1"},
				"up": {"uv": [4.96, 0.96, 7.04, 3.04], "texture": "#1"},
				"down": {"uv": [4.96, 0.96, 7.04, 3.04], "texture": "#1"}
			}
		},
		{
			"from": [7.875, 4.5, 8],
			"to": [8.25, 9.5, 8.125],
			"faces": {
				"east": {"uv": [4.96, 0.96, 7.04, 3.04], "texture": "#1"},
				"south": {"uv": [4.96, 0.96, 7.04, 3.04], "texture": "#1"},
				"west": {"uv": [4.96, 0.96, 7.04, 3.04], "texture": "#1"},
				"down": {"uv": [4.96, 0.96, 7.04, 3.04], "texture": "#1"}
			}
		},
		{
			"from": [7.875, 4.75, 8.125],
			"to": [8.25, 8.125, 8.25],
			"faces": {
				"north": {"uv": [0, 0, 0, 0], "texture": "#1"},
				"east": {"uv": [4.96, 0.96, 7.04, 3.04], "texture": "#1"},
				"south": {"uv": [4.96, 0.96, 7.04, 3.04], "texture": "#1"},
				"west": {"uv": [4.96, 0.96, 7.04, 3.04], "texture": "#1"},
				"up": {"uv": [0, 0, 0, 0], "texture": "#1"},
				"down": {"uv": [4.96, 0.96, 7.04, 3.04], "texture": "#1"}
			}
		},
		{
			"from": [7.875, 5, 8.25],
			"to": [8.25, 8.5, 8.375],
			"faces": {
				"north": {"uv": [4.96, 0.96, 7.04, 3.04], "texture": "#1"},
				"east": {"uv": [4.96, 0.96, 7.04, 3.04], "texture": "#1"},
				"south": {"uv": [4.96, 0.96, 7.04, 3.04], "texture": "#1"},
				"west": {"uv": [4.96, 0.96, 7.04, 3.04], "texture": "#1"},
				"up": {"uv": [0, 0, 0, 0], "texture": "#1"},
				"down": {"uv": [4.96, 0.96, 7.04, 3.04], "texture": "#1"}
			}
		},
		{
			"from": [7.875, 5.5, 8.375],
			"to": [8.25, 8.875, 8.5],
			"faces": {
				"north": {"uv": [4.96, 0.96, 7.04, 3.04], "texture": "#1"},
				"east": {"uv": [4.96, 0.96, 7.04, 3.04], "texture": "#1"},
				"south": {"uv": [4.96, 0.96, 7.04, 3.04], "texture": "#1"},
				"west": {"uv": [4.96, 0.96, 7.04, 3.04], "texture": "#1"},
				"down": {"uv": [4.96, 0.96, 7.04, 3.04], "texture": "#1"}
			}
		},
		{
			"from": [7.875, 6.25, 8.5],
			"to": [8.25, 9.25, 8.625],
			"faces": {
				"north": {"uv": [4.96, 0.96, 7.04, 3.04], "texture": "#1"},
				"east": {"uv": [4.96, 0.96, 7.04, 3.04], "texture": "#1"},
				"south": {"uv": [4.96, 0.96, 7.04, 3.04], "texture": "#1"},
				"west": {"uv": [4.96, 0.96, 7.04, 3.04], "texture": "#1"},
				"down": {"uv": [4.96, 0.96, 7.04, 3.04], "texture": "#1"}
			}
		},
		{
			"from": [7.875, 7.25, 8.625],
			"to": [8.25, 9.75, 8.75],
			"faces": {
				"north": {"uv": [4.96, 0.96, 7.04, 3.04], "texture": "#1"},
				"east": {"uv": [4.96, 0.96, 7.04, 3.04], "texture": "#1"},
				"south": {"uv": [4.96, 0.96, 7.04, 3.04], "texture": "#1"},
				"west": {"uv": [4.96, 0.96, 7.04, 3.04], "texture": "#1"},
				"down": {"uv": [4.96, 0.96, 7.04, 3.04], "texture": "#1"}
			}
		},
		{
			"from": [7.875, 8, 8.75],
			"to": [8.25, 10.125, 8.875],
			"faces": {
				"north": {"uv": [4.96, 0.96, 7.04, 3.04], "texture": "#1"},
				"east": {"uv": [4.96, 0.96, 7.04, 3.04], "texture": "#1"},
				"south": {"uv": [4.96, 0.96, 7.04, 3.04], "texture": "#1"},
				"west": {"uv": [4.96, 0.96, 7.04, 3.04], "texture": "#1"},
				"down": {"uv": [4.96, 0.96, 7.04, 3.04], "texture": "#1"}
			}
		},
		{
			"from": [7.875, 8.125, 8.125],
			"to": [8.25, 10.75, 8.25],
			"faces": {
				"north": {"uv": [8.96, 0.96, 11.04, 3.04], "texture": "#1"},
				"east": {"uv": [8.96, 0.96, 11.04, 3.04], "texture": "#2"},
				"south": {"uv": [8.96, 0.96, 11.04, 3.04], "texture": "#1"},
				"west": {"uv": [8.96, 0.96, 11.04, 3.04], "texture": "#2"}
			}
		},
		{
			"from": [7.875, 8.5, 8.25],
			"to": [8.25, 10.75, 8.375],
			"faces": {
				"north": {"uv": [8.96, 0.96, 11.04, 3.04], "texture": "#2"},
				"east": {"uv": [8.96, 0.96, 11.04, 3.04], "texture": "#2"},
				"south": {"uv": [8.96, 0.96, 11.04, 3.04], "texture": "#2"},
				"west": {"uv": [8.96, 0.96, 11.04, 3.04], "texture": "#2"},
				"up": {"uv": [8.96, 0.96, 11.04, 3.04], "texture": "#2"},
				"down": {"uv": [8.96, 0.96, 11.04, 3.04], "texture": "#2"}
			}
		},
		{
			"from": [7.875, 8.5, 8.875],
			"to": [8.25, 10.5, 9],
			"faces": {
				"north": {"uv": [4.96, 0.96, 7.04, 3.04], "texture": "#1"},
				"east": {"uv": [4.96, 0.96, 7.04, 3.04], "texture": "#1"},
				"south": {"uv": [4.96, 0.96, 7.04, 3.04], "texture": "#1"},
				"west": {"uv": [4.96, 0.96, 7.04, 3.04], "texture": "#1"},
				"down": {"uv": [4.96, 0.96, 7.04, 3.04], "texture": "#1"}
			}
		},
		{
			"from": [7.875, 8.875, 7.625],
			"to": [8.25, 10.875, 7.75],
			"faces": {
				"north": {"uv": [4.96, 0.96, 7.04, 3.04], "texture": "#1"},
				"east": {"uv": [4.96, 0.96, 7.04, 3.04], "texture": "#1"},
				"south": {"uv": [4.96, 0.96, 7.04, 3.04], "texture": "#1"},
				"west": {"uv": [4.96, 0.96, 7.04, 3.04], "texture": "#1"},
				"down": {"uv": [4.96, 0.96, 7.04, 3.04], "texture": "#1"}
			}
		},
		{
			"from": [7.875, 8.875, 8.375],
			"to": [8.25, 10.75, 8.5],
			"faces": {
				"north": {"uv": [0, 0, 0, 0], "texture": "#2"},
				"east": {"uv": [8.96, 0.96, 11.04, 3.04], "texture": "#2"},
				"south": {"uv": [8.96, 0.96, 11.04, 3.04], "texture": "#2"},
				"west": {"uv": [8.96, 0.96, 11.04, 3.04], "texture": "#2"},
				"up": {"uv": [0, 0, 0, 0], "texture": "#2"},
				"down": {"uv": [0, 0, 0, 0], "texture": "#2"}
			}
		},
		{
			"from": [7.875, 9, 9],
			"to": [8.25, 11.5, 9.125],
			"faces": {
				"north": {"uv": [4.96, 0.96, 7.04, 3.04], "texture": "#1"},
				"east": {"uv": [4.96, 0.96, 7.04, 3.04], "texture": "#1"},
				"south": {"uv": [4.96, 0.96, 7.04, 3.04], "texture": "#1"},
				"west": {"uv": [4.96, 0.96, 7.04, 3.04], "texture": "#1"},
				"down": {"uv": [4.96, 0.96, 7.04, 3.04], "texture": "#1"}
			}
		},
		{
			"from": [7.875, 9.125, 7.5],
			"to": [8.25, 11, 7.625],
			"faces": {
				"north": {"uv": [4.96, 0.96, 7.04, 3.04], "texture": "#1"},
				"east": {"uv": [4.96, 0.96, 7.04, 3.04], "texture": "#1"},
				"south": {"uv": [4.96, 0.96, 7.04, 3.04], "texture": "#1"},
				"west": {"uv": [4.96, 0.96, 7.04, 3.04], "texture": "#1"},
				"down": {"uv": [4.96, 0.96, 7.04, 3.04], "texture": "#1"}
			}
		},
		{
			"from": [7.875, 9.25, 8.5],
			"to": [8.25, 10.875, 8.625],
			"faces": {
				"north": {"uv": [8.96, 0.96, 11.04, 3.04], "texture": "#2"},
				"east": {"uv": [8.96, 0.96, 11.04, 3.04], "texture": "#2"},
				"south": {"uv": [8.96, 0.96, 11.04, 3.04], "texture": "#2"},
				"west": {"uv": [8.96, 0.96, 11.04, 3.04], "texture": "#2"},
				"up": {"uv": [0, 0, 0, 0], "texture": "#2"},
				"down": {"uv": [0, 0, 0, 0], "texture": "#2"}
			}
		},
		{
			"from": [7.875, 9.5, 7.375],
			"to": [8.25, 11.125, 7.5],
			"faces": {
				"north": {"uv": [4.96, 0.96, 7.04, 3.04], "texture": "#1"},
				"east": {"uv": [4.96, 0.96, 7.04, 3.04], "texture": "#1"},
				"south": {"uv": [4.96, 0.96, 7.04, 3.04], "texture": "#1"},
				"west": {"uv": [4.96, 0.96, 7.04, 3.04], "texture": "#1"},
				"down": {"uv": [4.96, 0.96, 7.04, 3.04], "texture": "#1"}
			}
		},
		{
			"from": [7.875, 9.5, 8],
			"to": [8.25, 10.875, 8.125],
			"faces": {
				"north": {"uv": [0, 0, 0, 0], "texture": "#2"},
				"east": {"uv": [8.96, 0.96, 11.04, 3.04], "texture": "#2"},
				"south": {"uv": [8.96, 0.96, 11.04, 3.04], "texture": "#2"},
				"west": {"uv": [8.96, 0.96, 11.04, 3.04], "texture": "#2"},
				"up": {"uv": [0, 0, 0, 0], "texture": "#2"},
				"down": {"uv": [0, 0, 0, 0], "texture": "#2"}
			}
		},
		{
			"from": [7.875, 9.5, 9.125],
			"to": [8.25, 11.625, 9.25],
			"faces": {
				"north": {"uv": [4.96, 0.96, 7.04, 3.04], "texture": "#1"},
				"east": {"uv": [4.96, 0.96, 7.04, 3.04], "texture": "#1"},
				"south": {"uv": [4.96, 0.96, 7.04, 3.04], "texture": "#1"},
				"west": {"uv": [4.96, 0.96, 7.04, 3.04], "texture": "#1"},
				"down": {"uv": [4.96, 0.96, 7.04, 3.04], "texture": "#1"}
			}
		},
		{
			"from": [7.875, 9.75, 8.625],
			"to": [8.25, 11.875, 8.75],
			"faces": {
				"north": {"uv": [8.96, 0.96, 11.04, 3.04], "texture": "#2"},
				"east": {"uv": [8.96, 0.96, 11.04, 3.04], "texture": "#2"},
				"south": {"uv": [8.96, 0.96, 11.04, 3.04], "texture": "#2"},
				"west": {"uv": [8.96, 0.96, 11.04, 3.04], "texture": "#2"},
				"up": {"uv": [0, 0, 0, 0], "texture": "#2"},
				"down": {"uv": [0, 0, 0, 0], "texture": "#2"}
			}
		},
		{
			"from": [7.875, 10, 9.25],
			"to": [8.25, 11.75, 9.375],
			"faces": {
				"north": {"uv": [4.96, 0.96, 7.04, 3.04], "texture": "#1"},
				"east": {"uv": [4.96, 0.96, 7.04, 3.04], "texture": "#1"},
				"south": {"uv": [4.96, 0.96, 7.04, 3.04], "texture": "#1"},
				"west": {"uv": [4.96, 0.96, 7.04, 3.04], "texture": "#1"},
				"down": {"uv": [4.96, 0.96, 7.04, 3.04], "texture": "#1"}
			}
		},
		{
			"from": [7.875, 10.125, 7.25],
			"to": [8.25, 11.25, 7.375],
			"faces": {
				"north": {"uv": [4.96, 0.96, 7.04, 3.04], "texture": "#1"},
				"east": {"uv": [4.96, 0.96, 7.04, 3.04], "texture": "#1"},
				"south": {"uv": [4.96, 0.96, 7.04, 3.04], "texture": "#1"},
				"west": {"uv": [4.96, 0.96, 7.04, 3.04], "texture": "#1"},
				"down": {"uv": [4.96, 0.96, 7.04, 3.04], "texture": "#1"}
			}
		},
		{
			"from": [7.875, 10.125, 8.75],
			"to": [8.25, 11.75, 8.875],
			"faces": {
				"north": {"uv": [0, 0, 0, 0], "texture": "#2"},
				"east": {"uv": [8.96, 0.96, 11.04, 3.04], "texture": "#2"},
				"south": {"uv": [8.96, 0.96, 11.04, 3.04], "texture": "#2"},
				"west": {"uv": [8.96, 0.96, 11.04, 3.04], "texture": "#2"},
				"up": {"uv": [0, 0, 0, 0], "texture": "#2"},
				"down": {"uv": [0, 0, 0, 0], "texture": "#2"}
			}
		},
		{
			"from": [7.875, 10.5, 8.875],
			"to": [8.25, 11.5, 9],
			"faces": {
				"north": {"uv": [0, 0, 0, 0], "texture": "#2"},
				"east": {"uv": [8.96, 0.96, 11.04, 3.04], "texture": "#2"},
				"south": {"uv": [0, 0, 0, 0], "texture": "#2"},
				"west": {"uv": [8.96, 0.96, 11.04, 3.04], "texture": "#2"},
				"up": {"uv": [0, 0, 0, 0], "texture": "#2"},
				"down": {"uv": [0, 0, 0, 0], "texture": "#2"}
			}
		},
		{
			"from": [7.875, 10.5, 9.375],
			"to": [8.25, 11.75, 9.5],
			"faces": {
				"east": {"uv": [4.96, 0.96, 7.04, 3.04], "texture": "#1"},
				"south": {"uv": [4.96, 0.96, 7.04, 3.04], "texture": "#1"},
				"west": {"uv": [4.96, 0.96, 7.04, 3.04], "texture": "#1"},
				"down": {"uv": [4.96, 0.96, 7.04, 3.04], "texture": "#1"}
			}
		},
		{
			"from": [7.875, 10.75, 7.75],
			"to": [8.25, 12.375, 7.875],
			"faces": {
				"north": {"uv": [12.96, 0.96, 15.04, 3.04], "texture": "#3"},
				"east": {"uv": [12.96, 0.96, 15.04, 3.04], "texture": "#3"},
				"south": {"uv": [12.96, 0.96, 15.04, 3.04], "texture": "#3"},
				"west": {"uv": [12.96, 0.96, 15.04, 3.04], "texture": "#3"},
				"up": {"uv": [12.96, 0.96, 15.04, 3.04], "texture": "#3"}
			}
		},
		{
			"from": [7.875, 10.75, 8.125],
			"to": [8.25, 11.875, 8.25],
			"faces": {
				"north": {"uv": [4.96, 0.96, 7.04, 3.04], "texture": "#1"},
				"east": {"uv": [4.96, 0.96, 7.04, 3.04], "texture": "#1"},
				"south": {"uv": [4.96, 0.96, 7.04, 3.04], "texture": "#1"},
				"west": {"uv": [4.96, 0.96, 7.04, 3.04], "texture": "#1"},
				"up": {"uv": [0, 0, 0, 0], "texture": "#1"},
				"down": {"uv": [0, 0, 0, 0], "texture": "#1"}
			}
		},
		{
			"from": [7.875, 10.75, 8.25],
			"to": [8.25, 11.375, 8.375],
			"faces": {
				"east": {"uv": [4.96, 0.96, 7.04, 3.04], "texture": "#1"},
				"south": {"uv": [4.96, 0.96, 7.04, 3.04], "texture": "#1"},
				"west": {"uv": [4.96, 0.96, 7.04, 3.04], "texture": "#1"}
			}
		},
		{
			"from": [7.875, 10.75, 8.375],
			"to": [8.25, 11.25, 8.5],
			"faces": {
				"east": {"uv": [4.96, 0.96, 7.04, 3.04], "texture": "#1"},
				"south": {"uv": [4.96, 0.96, 7.04, 3.04], "texture": "#1"},
				"west": {"uv": [4.96, 0.96, 7.04, 3.04], "texture": "#1"}
			}
		},
		{
			"from": [7.875, 10.875, 7.125],
			"to": [8.25, 11.25, 7.25],
			"faces": {
				"north": {"uv": [4.96, 0.96, 7.04, 3.04], "texture": "#1"},
				"east": {"uv": [4.96, 0.96, 7.04, 3.04], "texture": "#1"},
				"west": {"uv": [4.96, 0.96, 7.04, 3.04], "texture": "#1"},
				"down": {"uv": [4.96, 0.96, 7.04, 3.04], "texture": "#1"}
			}
		},
		{
			"from": [7.875, 10.875, 7.625],
			"to": [8.25, 12.125, 7.75],
			"faces": {
				"north": {"uv": [12.96, 0.96, 15.04, 3.04], "texture": "#3"},
				"east": {"uv": [12.96, 0.96, 15.04, 3.04], "texture": "#3"},
				"south": {"uv": [0, 0, 0, 0], "texture": "#3"},
				"west": {"uv": [12.96, 0.96, 15.04, 3.04], "texture": "#3"},
				"up": {"uv": [0, 0, 0, 0], "texture": "#3"},
				"down": {"uv": [0, 0, 0, 0], "texture": "#3"}
			}
		},
		{
			"from": [7.875, 10.875, 7.875],
			"to": [8.25, 11.125, 8],
			"faces": {
				"east": {"uv": [12.96, 0.96, 15.04, 3.04], "texture": "#3"},
				"west": {"uv": [12.96, 0.96, 15.04, 3.04], "texture": "#3"}
			}
		},
		{
			"from": [7.875, 10.875, 8],
			"to": [8.25, 11.75, 8.125],
			"faces": {
				"north": {"uv": [4.96, 0.96, 7.04, 3.04], "texture": "#1"},
				"east": {"uv": [4.96, 0.96, 7.04, 3.04], "texture": "#1"},
				"south": {"uv": [0, 0, 0, 0], "texture": "#1"},
				"west": {"uv": [4.96, 0.96, 7.04, 3.04], "texture": "#1"},
				"up": {"uv": [0, 0, 0, 0], "texture": "#1"},
				"down": {"uv": [0, 0, 0, 0], "texture": "#1"}
			}
		},
		{
			"from": [7.875, 10.875, 8.5],
			"to": [8.25, 11.25, 8.625],
			"faces": {
				"east": {"uv": [4.96, 0.96, 7.04, 3.04], "texture": "#1"},
				"west": {"uv": [4.96, 0.96, 7.04, 3.04], "texture": "#1"}
			}
		},
		{
			"from": [7.875, 10.875, 9.5],
			"to": [8.25, 11.875, 9.75],
			"faces": {
				"north": {"uv": [4.96, 0.96, 7.04, 3.04], "texture": "#1"},
				"east": {"uv": [4.96, 0.96, 7.04, 3.04], "texture": "#1"},
				"south": {"uv": [4.96, 0.96, 7.04, 3.04], "texture": "#1"},
				"west": {"uv": [4.96, 0.96, 7.04, 3.04], "texture": "#1"},
				"up": {"uv": [4.96, 0.96, 7.04, 3.04], "texture": "#1"},
				"down": {"uv": [4.96, 0.96, 7.04, 3.04], "texture": "#1"}
			}
		},
		{
			"from": [7.875, 11, 7.5],
			"to": [8.25, 11.875, 7.625],
			"faces": {
				"north": {"uv": [12.96, 0.96, 15.04, 3.04], "texture": "#3"},
				"east": {"uv": [12.96, 0.96, 15.04, 3.04], "texture": "#3"},
				"west": {"uv": [12.96, 0.96, 15.04, 3.04], "texture": "#3"},
				"up": {"uv": [12.96, 0.96, 15.04, 3.04], "texture": "#3"}
			}
		},
		{
			"from": [7.875, 11.125, 7.375],
			"to": [8.25, 11.625, 7.5],
			"faces": {
				"north": {"uv": [12.96, 0.96, 15.04, 3.04], "texture": "#3"},
				"east": {"uv": [12.96, 0.96, 15.04, 3.04], "texture": "#3"},
				"west": {"uv": [12.96, 0.96, 15.04, 3.04], "texture": "#3"},
				"up": {"uv": [12.96, 0.96, 15.04, 3.04], "texture": "#3"}
			}
		},
		{
			"from": [7.875, 11.125, 7.875],
			"to": [8.25, 11.625, 8],
			"faces": {
				"north": {"uv": [0, 0, 0, 0], "texture": "#3"},
				"east": {"uv": [4.96, 0.96, 7.04, 3.04], "texture": "#3"},
				"south": {"uv": [0, 0, 0, 0], "texture": "#3"},
				"west": {"uv": [4.96, 0.96, 7.04, 3.04], "texture": "#3"},
				"up": {"uv": [0, 0, 0, 0], "texture": "#3"},
				"down": {"uv": [0, 0, 0, 0], "texture": "#3"}
			}
		},
		{
			"from": [7.875, 11.25, 7.125],
			"to": [8.25, 11.375, 7.375],
			"faces": {
				"north": {"uv": [12.96, 0.96, 15.04, 3.04], "texture": "#3"},
				"east": {"uv": [12.96, 0.96, 15.04, 3.04], "texture": "#3"},
				"west": {"uv": [12.96, 0.96, 15.04, 3.04], "texture": "#3"},
				"up": {"uv": [12.96, 0.96, 15.04, 3.04], "texture": "#3"},
				"down": {"uv": [12.96, 0.96, 15.04, 3.04], "texture": "#3"}
			}
		},
		{
			"from": [7.875, 11.25, 8.375],
			"to": [8.25, 11.875, 8.625],
			"faces": {
				"north": {"uv": [8.96, 0.96, 11.04, 3.04], "texture": "#2"},
				"east": {"uv": [8.96, 0.96, 11.04, 3.04], "texture": "#2"},
				"south": {"uv": [0, 0, 0, 0], "texture": "#2"},
				"west": {"uv": [8.96, 0.96, 11.04, 3.04], "texture": "#2"},
				"up": {"uv": [0, 0, 0, 0], "texture": "#2"},
				"down": {"uv": [8.96, 0.96, 11.04, 3.04], "texture": "#2"}
			}
		},
		{
			"from": [7.875, 11.375, 7.25],
			"to": [8.25, 11.5, 7.375],
			"faces": {
				"north": {"uv": [12.96, 0.96, 15.04, 3.04], "texture": "#3"},
				"east": {"uv": [12.96, 0.96, 15.04, 3.04], "texture": "#3"},
				"west": {"uv": [12.96, 0.96, 15.04, 3.04], "texture": "#3"},
				"up": {"uv": [12.96, 0.96, 15.04, 3.04], "texture": "#3"}
			}
		},
		{
			"from": [7.875, 11.375, 8.25],
			"to": [8.25, 11.75, 8.375],
			"faces": {
				"north": {"uv": [0, 0, 0, 0], "texture": "#2"},
				"east": {"uv": [8.96, 0.96, 11.04, 3.04], "texture": "#2"},
				"south": {"uv": [0, 0, 0, 0], "texture": "#2"},
				"west": {"uv": [8.96, 0.96, 11.04, 3.04], "texture": "#2"},
				"up": {"uv": [0, 0, 0, 0], "texture": "#2"},
				"down": {"uv": [0, 0, 0, 0], "texture": "#2"}
			}
		},
		{
			"from": [7.875, 11.375, 9.75],
			"to": [8.25, 12, 9.875],
			"faces": {
				"north": {"uv": [4.96, 0.96, 7.04, 3.04], "texture": "#1"},
				"east": {"uv": [4.96, 0.96, 7.04, 3.04], "texture": "#1"},
				"south": {"uv": [4.96, 0.96, 7.04, 3.04], "texture": "#1"},
				"west": {"uv": [4.96, 0.96, 7.04, 3.04], "texture": "#1"},
				"up": {"uv": [4.96, 0.96, 7.04, 3.04], "texture": "#1"},
				"down": {"uv": [4.96, 0.96, 7.04, 3.04], "texture": "#1"}
			}
		},
		{
			"from": [7.875, 11.5, 8.875],
			"to": [8.25, 12.375, 9],
			"faces": {
				"north": {"uv": [12.96, 0.96, 15.04, 3.04], "texture": "#3"},
				"east": {"uv": [12.96, 0.96, 15.04, 3.04], "texture": "#3"},
				"south": {"uv": [12.96, 0.96, 15.04, 3.04], "texture": "#3"},
				"west": {"uv": [12.96, 0.96, 15.04, 3.04], "texture": "#3"},
				"up": {"uv": [12.96, 0.96, 15.04, 3.04], "texture": "#3"}
			}
		},
		{
			"from": [7.875, 11.5, 9],
			"to": [8.25, 12.25, 9.125],
			"faces": {
				"east": {"uv": [12.96, 0.96, 15.04, 3.04], "texture": "#3"},
				"south": {"uv": [12.96, 0.96, 15.04, 3.04], "texture": "#3"},
				"west": {"uv": [12.96, 0.96, 15.04, 3.04], "texture": "#3"},
				"up": {"uv": [12.96, 0.96, 15.04, 3.04], "texture": "#3"}
			}
		},
		{
			"from": [7.875, 11.5, 9.875],
			"to": [8.25, 12, 10],
			"faces": {
				"east": {"uv": [4.96, 0.96, 7.04, 3.04], "texture": "#1"},
				"south": {"uv": [4.96, 0.96, 7.04, 3.04], "texture": "#1"},
				"west": {"uv": [4.96, 0.96, 7.04, 3.04], "texture": "#1"},
				"up": {"uv": [4.96, 0.96, 7.04, 3.04], "texture": "#1"},
				"down": {"uv": [4.96, 0.96, 7.04, 3.04], "texture": "#1"}
			}
		},
		{
			"from": [7.875, 11.625, 7.875],
			"to": [8.25, 12.5, 8],
			"faces": {
				"north": {"uv": [12.96, 0.96, 15.04, 3.04], "texture": "#3"},
				"east": {"uv": [12.96, 0.96, 15.04, 3.04], "texture": "#3"},
				"south": {"uv": [12.96, 0.96, 15.04, 3.04], "texture": "#3"},
				"west": {"uv": [12.96, 0.96, 15.04, 3.04], "texture": "#3"},
				"up": {"uv": [12.96, 0.96, 15.04, 3.04], "texture": "#3"}
			}
		},
		{
			"from": [7.875, 11.625, 9.125],
			"to": [8.25, 12.125, 9.25],
			"faces": {
				"east": {"uv": [12.96, 0.96, 15.04, 3.04], "texture": "#3"},
				"south": {"uv": [12.96, 0.96, 15.04, 3.04], "texture": "#3"},
				"west": {"uv": [12.96, 0.96, 15.04, 3.04], "texture": "#3"},
				"up": {"uv": [12.96, 0.96, 15.04, 3.04], "texture": "#3"}
			}
		},
		{
			"from": [7.875, 11.75, 8],
			"to": [8.25, 12.5, 8.125],
			"faces": {
				"east": {"uv": [12.96, 0.96, 15.04, 3.04], "texture": "#3"},
				"south": {"uv": [12.96, 0.96, 15.04, 3.04], "texture": "#3"},
				"west": {"uv": [12.96, 0.96, 15.04, 3.04], "texture": "#3"}
			}
		},
		{
			"from": [7.875, 11.75, 8.25],
			"to": [8.25, 11.875, 8.375],
			"faces": {
				"north": {"uv": [0, 0, 0, 0], "texture": "#1"},
				"east": {"uv": [4.96, 0.96, 7.04, 3.04], "texture": "#1"},
				"south": {"uv": [0, 0, 0, 0], "texture": "#1"},
				"west": {"uv": [4.96, 0.96, 7.04, 3.04], "texture": "#1"},
				"up": {"uv": [0, 0, 0, 0], "texture": "#1"},
				"down": {"uv": [0, 0, 0, 0], "texture": "#1"}
			}
		},
		{
			"from": [7.875, 11.75, 8.75],
			"to": [8.25, 12.5, 8.875],
			"faces": {
				"north": {"uv": [12.96, 0.96, 15.04, 3.04], "texture": "#3"},
				"east": {"uv": [12.96, 0.96, 15.04, 3.04], "texture": "#3"},
				"south": {"uv": [12.96, 0.96, 15.04, 3.04], "texture": "#3"},
				"west": {"uv": [12.96, 0.96, 15.04, 3.04], "texture": "#3"},
				"up": {"uv": [12.96, 0.96, 15.04, 3.04], "texture": "#3"}
			}
		},
		{
			"from": [7.875, 11.75, 9.25],
			"to": [8.25, 12.125, 9.5],
			"faces": {
				"north": {"uv": [0, 0, 0, 0], "texture": "#3"},
				"east": {"uv": [12.96, 0.96, 15.04, 3.04], "texture": "#3"},
				"south": {"uv": [12.96, 0.96, 15.04, 3.04], "texture": "#3"},
				"west": {"uv": [12.96, 0.96, 15.04, 3.04], "texture": "#3"},
				"up": {"uv": [12.96, 0.96, 15.04, 3.04], "texture": "#3"},
				"down": {"uv": [12.96, 0.96, 15.04, 3.04], "texture": "#3"}
			}
		},
		{
			"from": [7.875, 11.875, 8.125],
			"to": [8.25, 12.5, 8.375],
			"faces": {
				"north": {"uv": [0, 0, 0, 0], "texture": "#3"},
				"east": {"uv": [12.96, 0.96, 15.04, 3.04], "texture": "#3"},
				"south": {"uv": [12.96, 0.96, 15.04, 3.04], "texture": "#3"},
				"west": {"uv": [12.96, 0.96, 15.04, 3.04], "texture": "#3"},
				"up": {"uv": [0, 0, 0, 0], "texture": "#3"},
				"down": {"uv": [12.96, 0.96, 15.04, 3.04], "texture": "#3"}
			}
		},
		{
			"from": [7.875, 11.875, 8.375],
			"to": [8.25, 12.25, 8.75],
			"faces": {
				"east": {"uv": [12.96, 0.96, 15.04, 3.04], "texture": "#3"},
				"west": {"uv": [12.96, 0.96, 15.04, 3.04], "texture": "#3"},
				"up": {"uv": [12.96, 0.96, 15.04, 3.04], "texture": "#3"},
				"down": {"uv": [12.96, 0.96, 15.04, 3.04], "texture": "#3"}
			}
		},
		{
			"from": [7.875, 11.875, 9.5],
			"to": [8.25, 12, 9.625],
			"faces": {
				"east": {"uv": [12.96, 0.96, 15.04, 3.04], "texture": "#3"},
				"west": {"uv": [12.96, 0.96, 15.04, 3.04], "texture": "#3"},
				"up": {"uv": [12.96, 0.96, 15.04, 3.04], "texture": "#3"}
			}
		},
		{
			"from": [7.875, 11.875, 9.625],
			"to": [8.25, 12, 9.75],
			"faces": {
				"east": {"uv": [4.96, 0.96, 7.04, 3.04], "texture": "#3"},
				"west": {"uv": [4.96, 0.96, 7.04, 3.04], "texture": "#3"},
				"up": {"uv": [4.96, 0.96, 7.04, 3.04], "texture": "#3"}
			}
		},
		{
			"from": [7.875, 12.25, 8.375],
			"to": [8, 12.375, 8.5],
			"faces": {
				"north": {"uv": [12.96, 0.96, 15.04, 3.04], "texture": "#3"},
				"east": {"uv": [12.96, 0.96, 15.04, 3.04], "texture": "#3"},
				"south": {"uv": [12.96, 0.96, 15.04, 3.04], "texture": "#3"},
				"west": {"uv": [12.96, 0.96, 15.04, 3.04], "texture": "#3"},
				"up": {"uv": [12.96, 0.96, 15.04, 3.04], "texture": "#3"},
				"down": {"uv": [12.96, 0.96, 15.04, 3.04], "texture": "#3"}
			}
		},
		{
			"from": [7.875, 12.25, 8.5],
			"to": [8.25, 12.5, 8.75],
			"faces": {
				"north": {"uv": [12.96, 0.96, 15.04, 3.04], "texture": "#3"},
				"east": {"uv": [12.96, 0.96, 15.04, 3.04], "texture": "#3"},
				"south": {"uv": [0, 0, 0, 0], "texture": "#3"},
				"west": {"uv": [12.96, 0.96, 15.04, 3.04], "texture": "#3"},
				"up": {"uv": [0, 0, 0, 0], "texture": "#3"},
				"down": {"uv": [0, 0, 0, 0], "texture": "#3"}
			}
		},
		{
			"from": [7.875, 12.375, 8.375],
			"to": [8.25, 12.5, 8.5],
			"faces": {
				"north": {"uv": [0, 0, 0, 0], "texture": "#3"},
				"east": {"uv": [12.96, 0.96, 15.04, 3.04], "texture": "#3"},
				"south": {"uv": [0, 0, 0, 0], "texture": "#3"},
				"west": {"uv": [12.96, 0.96, 15.04, 3.04], "texture": "#3"},
				"up": {"uv": [0, 0, 0, 0], "texture": "#3"},
				"down": {"uv": [12.96, 0.96, 15.04, 3.04], "texture": "#3"}
			}
		},
		{
			"from": [7.875, 12.5, 8],
			"to": [8.25, 12.625, 8.75],
			"faces": {
				"north": {"uv": [8.96, 0.96, 11.04, 3.04], "texture": "#3"},
				"east": {"uv": [8.96, 0.96, 11.04, 3.04], "texture": "#3"},
				"south": {"uv": [8.96, 0.96, 11.04, 3.04], "texture": "#3"},
				"west": {"uv": [8.96, 0.96, 11.04, 3.04], "texture": "#3"},
				"up": {"uv": [8.96, 0.96, 11.04, 3.04], "texture": "#3"},
				"down": {"uv": [8.96, 0.96, 11.04, 3.04], "texture": "#3"}
			}
		},
		{
			"from": [7.875, 12.625, 8],
			"to": [8, 12.75, 8.125],
			"faces": {
				"north": {"uv": [0.96, 4.96, 3.04, 7.04], "texture": "#5"},
				"east": {"uv": [0, 0, 0, 0], "texture": "#5"},
				"south": {"uv": [0, 0, 0, 0], "texture": "#5"},
				"west": {"uv": [0.96, 4.96, 3.04, 7.04], "texture": "#5"},
				"up": {"uv": [0, 0, 0, 0], "texture": "#5"},
				"down": {"uv": [0, 0, 0, 0], "texture": "#5"}
			}
		},
		{
			"from": [7.875, 12.625, 8.125],
			"to": [8.25, 12.75, 8.625],
			"faces": {
				"north": {"uv": [8.96, 0.96, 11.04, 3.04], "texture": "#2"},
				"east": {"uv": [8.96, 0.96, 11.04, 3.04], "texture": "#2"},
				"south": {"uv": [8.96, 0.96, 11.04, 3.04], "texture": "#2"},
				"west": {"uv": [8.96, 0.96, 11.04, 3.04], "texture": "#2"},
				"up": {"uv": [8.96, 0.96, 11.04, 3.04], "texture": "#2"},
				"down": {"uv": [0, 0, 0, 0], "texture": "#2"}
			}
		},
		{
			"from": [7.875, 12.625, 8.625],
			"to": [8, 12.75, 8.75],
			"faces": {
				"north": {"uv": [0.96, 4.96, 3.04, 7.04], "texture": "#5"},
				"east": {"uv": [0.96, 4.96, 3.04, 7.04], "texture": "#5"},
				"south": {"uv": [0.96, 4.96, 3.04, 7.04], "texture": "#5"},
				"west": {"uv": [0.96, 4.96, 3.04, 7.04], "texture": "#5"},
				"up": {"uv": [0.96, 4.96, 3.04, 7.04], "texture": "#5"},
				"down": {"uv": [0.96, 4.96, 3.04, 7.04], "texture": "#5"}
			}
		},
		{
			"from": [7.875, 12.75, 8],
			"to": [8.25, 13.5, 8.125],
			"faces": {
				"north": {"uv": [8.96, 0.96, 11.04, 3.04], "texture": "#2"},
				"east": {"uv": [8.96, 0.96, 11.04, 3.04], "texture": "#2"},
				"south": {"uv": [8.96, 0.96, 11.04, 3.04], "texture": "#2"},
				"west": {"uv": [8.96, 0.96, 11.04, 3.04], "texture": "#2"},
				"up": {"uv": [8.96, 0.96, 11.04, 3.04], "texture": "#2"},
				"down": {"uv": [8.96, 0.96, 11.04, 3.04], "texture": "#2"}
			}
		},
		{
			"from": [7.875, 12.75, 8.125],
			"to": [8, 12.875, 8.25],
			"faces": {
				"north": {"uv": [0, 0, 0, 0], "texture": "#5"},
				"east": {"uv": [0, 0, 0, 0], "texture": "#5"},
				"south": {"uv": [0, 0, 0, 0], "texture": "#5"},
				"west": {"uv": [0.96, 4.96, 3.04, 7.04], "texture": "#5"},
				"up": {"uv": [0, 0, 0, 0], "texture": "#5"},
				"down": {"uv": [0, 0, 0, 0], "texture": "#5"}
			}
		},
		{
			"from": [7.875, 12.75, 8.25],
			"to": [8.25, 12.875, 8.375],
			"faces": {
				"north": {"uv": [8.96, 0.96, 11.04, 3.04], "texture": "#2"},
				"east": {"uv": [8.96, 0.96, 11.04, 3.04], "texture": "#2"},
				"south": {"uv": [8.96, 0.96, 11.04, 3.04], "texture": "#2"},
				"west": {"uv": [8.96, 0.96, 11.04, 3.04], "texture": "#2"},
				"up": {"uv": [8.96, 0.96, 11.04, 3.04], "texture": "#2"},
				"down": {"uv": [0, 0, 0, 0], "texture": "#2"}
			}
		},
		{
			"from": [7.875, 12.75, 8.375],
			"to": [8, 12.875, 8.625],
			"faces": {
				"north": {"uv": [0, 0, 0, 0], "texture": "#2"},
				"east": {"uv": [0, 0, 0, 0], "texture": "#2"},
				"south": {"uv": [0, 0, 0, 0], "texture": "#2"},
				"west": {"uv": [0.96, 4.96, 3.04, 7.04], "texture": "#5"},
				"up": {"uv": [0, 0, 0, 0], "texture": "#2"},
				"down": {"uv": [0, 0, 0, 0], "texture": "#2"}
			}
		},
		{
			"from": [7.875, 12.75, 8.625],
			"to": [8.25, 13.25, 8.75],
			"faces": {
				"north": {"uv": [8.96, 0.96, 11.04, 3.04], "texture": "#2"},
				"east": {"uv": [8.96, 0.96, 11.04, 3.04], "texture": "#2"},
				"south": {"uv": [8.96, 0.96, 11.04, 3.04], "texture": "#2"},
				"west": {"uv": [8.96, 0.96, 11.04, 3.04], "texture": "#2"},
				"up": {"uv": [8.96, 0.96, 11.04, 3.04], "texture": "#2"},
				"down": {"uv": [8.96, 0.96, 11.04, 3.04], "texture": "#2"}
			}
		},
		{
			"from": [7.875, 12.875, 8.125],
			"to": [8.25, 13.5, 8.25],
			"faces": {
				"north": {"uv": [0, 0, 0, 0], "texture": "#2"},
				"east": {"uv": [8.96, 0.96, 11.04, 3.04], "texture": "#2"},
				"south": {"uv": [8.96, 0.96, 11.04, 3.04], "texture": "#2"},
				"west": {"uv": [8.96, 0.96, 11.04, 3.04], "texture": "#2"},
				"up": {"uv": [8.96, 0.96, 11.04, 3.04], "texture": "#2"},
				"down": {"uv": [8.96, 0.96, 11.04, 3.04], "texture": "#2"}
			}
		},
		{
			"from": [7.875, 12.875, 8.25],
			"to": [8, 13, 8.375],
			"faces": {
				"north": {"uv": [0, 0, 0, 0], "texture": "#5"},
				"east": {"uv": [0, 0, 0, 0], "texture": "#5"},
				"south": {"uv": [0, 0, 0, 0], "texture": "#5"},
				"west": {"uv": [0.96, 4.96, 3.04, 7.04], "texture": "#5"},
				"up": {"uv": [0, 0, 0, 0], "texture": "#5"},
				"down": {"uv": [0, 0, 0, 0], "texture": "#5"}
			}
		},
		{
			"from": [7.875, 12.875, 8.375],
			"to": [8.25, 13, 8.625],
			"faces": {
				"north": {"uv": [8.96, 0.96, 11.04, 3.04], "texture": "#2"},
				"east": {"uv": [8.96, 0.96, 11.04, 3.04], "texture": "#2"},
				"south": {"uv": [0, 0, 0, 0], "texture": "#2"},
				"west": {"uv": [8.96, 0.96, 11.04, 3.04], "texture": "#2"},
				"up": {"uv": [8.96, 0.96, 11.04, 3.04], "texture": "#2"},
				"down": {"uv": [8.96, 0.96, 11.04, 3.04], "texture": "#2"}
			}
		},
		{
			"from": [7.875, 13, 8.25],
			"to": [8.25, 13.375, 8.375],
			"faces": {
				"north": {"uv": [0, 0, 0, 0], "texture": "#2"},
				"east": {"uv": [8.96, 0.96, 11.04, 3.04], "texture": "#2"},
				"south": {"uv": [8.96, 0.96, 11.04, 3.04], "texture": "#2"},
				"west": {"uv": [8.96, 0.96, 11.04, 3.04], "texture": "#2"},
				"up": {"uv": [8.96, 0.96, 11.04, 3.04], "texture": "#2"},
				"down": {"uv": [8.96, 0.96, 11.04, 3.04], "texture": "#2"}
			}
		},
		{
			"from": [7.875, 13, 8.375],
			"to": [8, 13.125, 8.5],
			"faces": {
				"north": {"uv": [0, 0, 0, 0], "texture": "#5"},
				"east": {"uv": [0, 0, 0, 0], "texture": "#5"},
				"south": {"uv": [0, 0, 0, 0], "texture": "#5"},
				"west": {"uv": [0.96, 4.96, 3.04, 7.04], "texture": "#5"},
				"up": {"uv": [0, 0, 0, 0], "texture": "#5"},
				"down": {"uv": [0, 0, 0, 0], "texture": "#5"}
			}
		},
		{
			"from": [7.875, 13, 8.5],
			"to": [8.25, 13.125, 8.625],
			"faces": {
				"north": {"uv": [8.96, 0.96, 11.04, 3.04], "texture": "#2"},
				"east": {"uv": [8.96, 0.96, 11.04, 3.04], "texture": "#2"},
				"south": {"uv": [0, 0, 0, 0], "texture": "#2"},
				"west": {"uv": [8.96, 0.96, 11.04, 3.04], "texture": "#2"},
				"up": {"uv": [8.96, 0.96, 11.04, 3.04], "texture": "#2"},
				"down": {"uv": [0, 0, 0, 0], "texture": "#2"}
			}
		},
		{
			"from": [7.875, 13.125, 8.375],
			"to": [8.25, 13.375, 8.5],
			"faces": {
				"north": {"uv": [0, 0, 0, 0], "texture": "#2"},
				"east": {"uv": [8.96, 0.96, 11.04, 3.04], "texture": "#2"},
				"south": {"uv": [8.96, 0.96, 11.04, 3.04], "texture": "#2"},
				"west": {"uv": [8.96, 0.96, 11.04, 3.04], "texture": "#2"},
				"up": {"uv": [8.96, 0.96, 11.04, 3.04], "texture": "#2"},
				"down": {"uv": [8.96, 0.96, 11.04, 3.04], "texture": "#2"}
			}
		},
		{
			"from": [7.875, 13.125, 8.5],
			"to": [8, 13.375, 8.625],
			"faces": {
				"north": {"uv": [0, 0, 0, 0], "texture": "#5"},
				"east": {"uv": [0, 0, 0, 0], "texture": "#5"},
				"south": {"uv": [0.96, 4.96, 3.04, 7.04], "texture": "#5"},
				"west": {"uv": [0.96, 4.96, 3.04, 7.04], "texture": "#5"},
				"up": {"uv": [0, 0, 0, 0], "texture": "#5"},
				"down": {"uv": [0, 0, 0, 0], "texture": "#5"}
			}
		},
		{
			"from": [7.875, 13.25, 8.625],
			"to": [8, 13.375, 8.75],
			"faces": {
				"north": {"uv": [0, 0, 0, 0], "texture": "#5"},
				"east": {"uv": [0, 0, 0, 0], "texture": "#5"},
				"south": {"uv": [0.96, 4.96, 3.04, 7.04], "texture": "#5"},
				"west": {"uv": [0.96, 4.96, 3.04, 7.04], "texture": "#5"},
				"up": {"uv": [0, 0, 0, 0], "texture": "#5"},
				"down": {"uv": [0, 0, 0, 0], "texture": "#5"}
			}
		},
		{
			"from": [7.875, 13.375, 8.25],
			"to": [8, 13.5, 8.5],
			"faces": {
				"north": {"uv": [0, 0, 0, 0], "texture": "#5"},
				"east": {"uv": [0, 0, 0, 0], "texture": "#5"},
				"south": {"uv": [0, 0, 0, 0], "texture": "#5"},
				"west": {"uv": [0.96, 4.96, 3.04, 7.04], "texture": "#5"},
				"up": {"uv": [0, 0, 0, 0], "texture": "#5"},
				"down": {"uv": [0.96, 4.96, 3.04, 7.04], "texture": "#5"}
			}
		},
		{
			"from": [7.875, 13.375, 8.5],
			"to": [8.25, 14, 8.75],
			"faces": {
				"north": {"uv": [8.96, 0.96, 11.04, 3.04], "texture": "#2"},
				"east": {"uv": [8.96, 0.96, 11.04, 3.04], "texture": "#2"},
				"south": {"uv": [8.96, 0.96, 11.04, 3.04], "texture": "#2"},
				"west": {"uv": [8.96, 0.96, 11.04, 3.04], "texture": "#2"},
				"up": {"uv": [8.96, 0.96, 11.04, 3.04], "texture": "#2"},
				"down": {"uv": [8.96, 0.96, 11.04, 3.04], "texture": "#2"}
			}
		},
		{
			"from": [7.875, 13.5, 8],
			"to": [8, 13.625, 8.25],
			"faces": {
				"north": {"uv": [0.96, 4.96, 3.04, 7.04], "texture": "#5"},
				"east": {"uv": [0, 0, 0, 0], "texture": "#5"},
				"south": {"uv": [0, 0, 0, 0], "texture": "#5"},
				"west": {"uv": [0.96, 4.96, 3.04, 7.04], "texture": "#5"},
				"up": {"uv": [0.96, 4.96, 3.04, 7.04], "texture": "#5"},
				"down": {"uv": [0.96, 4.96, 3.04, 7.04], "texture": "#5"}
			}
		},
		{
			"from": [7.875, 13.5, 8.25],
			"to": [8.25, 13.75, 8.5],
			"faces": {
				"north": {"uv": [8.96, 0.96, 11.04, 3.04], "texture": "#2"},
				"east": {"uv": [8.96, 0.96, 11.04, 3.04], "texture": "#2"},
				"south": {"uv": [0, 0, 0, 0], "texture": "#2"},
				"west": {"uv": [8.96, 0.96, 11.04, 3.04], "texture": "#2"},
				"up": {"uv": [8.96, 0.96, 11.04, 3.04], "texture": "#2"},
				"down": {"uv": [8.96, 0.96, 11.04, 3.04], "texture": "#2"}
			}
		},
		{
			"from": [7.875, 13.625, 8],
			"to": [8.25, 14.25, 8.125],
			"faces": {
				"north": {"uv": [8.96, 0.96, 11.04, 3.04], "texture": "#2"},
				"east": {"uv": [8.96, 0.96, 11.04, 3.04], "texture": "#2"},
				"south": {"uv": [8.96, 0.96, 11.04, 3.04], "texture": "#2"},
				"west": {"uv": [8.96, 0.96, 11.04, 3.04], "texture": "#2"},
				"up": {"uv": [8.96, 0.96, 11.04, 3.04], "texture": "#2"},
				"down": {"uv": [8.96, 0.96, 11.04, 3.04], "texture": "#2"}
			}
		},
		{
			"from": [7.875, 13.625, 8.125],
			"to": [8, 13.75, 8.25],
			"faces": {
				"north": {"uv": [0, 0, 0, 0], "texture": "#5"},
				"east": {"uv": [0, 0, 0, 0], "texture": "#5"},
				"south": {"uv": [0, 0, 0, 0], "texture": "#5"},
				"west": {"uv": [0.96, 4.96, 3.04, 7.04], "texture": "#5"},
				"up": {"uv": [0, 0, 0, 0], "texture": "#5"},
				"down": {"uv": [0, 0, 0, 0], "texture": "#5"}
			}
		},
		{
			"from": [7.875, 13.75, 8.125],
			"to": [8.25, 14.25, 8.25],
			"faces": {
				"north": {"uv": [0, 0, 0, 0], "texture": "#2"},
				"east": {"uv": [8.96, 0.96, 11.04, 3.04], "texture": "#2"},
				"south": {"uv": [8.96, 0.96, 11.04, 3.04], "texture": "#2"},
				"west": {"uv": [8.96, 0.96, 11.04, 3.04], "texture": "#2"},
				"up": {"uv": [8.96, 0.96, 11.04, 3.04], "texture": "#2"},
				"down": {"uv": [8.96, 0.96, 11.04, 3.04], "texture": "#2"}
			}
		},
		{
			"from": [7.875, 13.75, 8.25],
			"to": [8, 13.875, 8.375],
			"faces": {
				"north": {"uv": [0, 0, 0, 0], "texture": "#5"},
				"east": {"uv": [0, 0, 0, 0], "texture": "#5"},
				"south": {"uv": [0, 0, 0, 0], "texture": "#5"},
				"west": {"uv": [0.96, 4.96, 3.04, 7.04], "texture": "#5"},
				"up": {"uv": [0, 0, 0, 0], "texture": "#5"},
				"down": {"uv": [0, 0, 0, 0], "texture": "#5"}
			}
		},
		{
			"from": [7.875, 13.75, 8.375],
			"to": [8.25, 13.875, 8.5],
			"faces": {
				"north": {"uv": [8.96, 0.96, 11.04, 3.04], "texture": "#2"},
				"east": {"uv": [8.96, 0.96, 11.04, 3.04], "texture": "#2"},
				"south": {"uv": [0, 0, 0, 0], "texture": "#2"},
				"west": {"uv": [8.96, 0.96, 11.04, 3.04], "texture": "#2"},
				"up": {"uv": [8.96, 0.96, 11.04, 3.04], "texture": "#2"},
				"down": {"uv": [0, 0, 0, 0], "texture": "#2"}
			}
		},
		{
			"from": [7.875, 13.875, 8.25],
			"to": [8.25, 14.25, 8.375],
			"faces": {
				"north": {"uv": [0, 0, 0, 0], "texture": "#2"},
				"east": {"uv": [8.96, 0.96, 11.04, 3.04], "texture": "#2"},
				"south": {"uv": [8.96, 0.96, 11.04, 3.04], "texture": "#2"},
				"west": {"uv": [8.96, 0.96, 11.04, 3.04], "texture": "#2"},
				"up": {"uv": [8.96, 0.96, 11.04, 3.04], "texture": "#2"},
				"down": {"uv": [8.96, 0.96, 11.04, 3.04], "texture": "#2"}
			}
		},
		{
			"from": [7.875, 13.875, 8.375],
			"to": [8, 14, 8.5],
			"faces": {
				"west": {"uv": [0.96, 4.96, 3.04, 7.04], "texture": "#5"}
			}
		},
		{
			"from": [7.875, 14, 8.375],
			"to": [8.25, 14.125, 8.5],
			"faces": {
				"north": {"uv": [0, 0, 0, 0], "texture": "#2"},
				"east": {"uv": [8.96, 0.96, 11.04, 3.04], "texture": "#2"},
				"south": {"uv": [8.96, 0.96, 11.04, 3.04], "texture": "#2"},
				"west": {"uv": [8.96, 0.96, 11.04, 3.04], "texture": "#2"},
				"up": {"uv": [8.96, 0.96, 11.04, 3.04], "texture": "#2"},
				"down": {"uv": [8.96, 0.96, 11.04, 3.04], "texture": "#2"}
			}
		},
		{
			"from": [7.875, 14, 8.5],
			"to": [8, 14.125, 8.625],
			"faces": {
				"west": {"uv": [0.96, 4.96, 3.04, 7.04], "texture": "#5"}
			}
		},
		{
			"from": [7.875, 14, 8.625],
			"to": [8.25, 14.125, 8.75],
			"faces": {
				"north": {"uv": [8.96, 0.96, 11.04, 3.04], "texture": "#2"},
				"east": {"uv": [8.96, 0.96, 11.04, 3.04], "texture": "#2"},
				"south": {"uv": [8.96, 0.96, 11.04, 3.04], "texture": "#2"},
				"west": {"uv": [8.96, 0.96, 11.04, 3.04], "texture": "#2"},
				"up": {"uv": [8.96, 0.96, 11.04, 3.04], "texture": "#2"},
				"down": {"uv": [0, 0, 0, 0], "texture": "#2"}
			}
		},
		{
			"from": [7.875, 14.125, 8.375],
			"to": [8, 14.25, 8.5],
			"faces": {
				"north": {"uv": [0, 0, 0, 0], "texture": "#5"},
				"east": {"uv": [0, 0, 0, 0], "texture": "#5"},
				"south": {"uv": [0, 0, 0, 0], "texture": "#5"},
				"west": {"uv": [0.96, 4.96, 3.04, 7.04], "texture": "#5"},
				"up": {"uv": [0, 0, 0, 0], "texture": "#5"},
				"down": {"uv": [0, 0, 0, 0], "texture": "#5"}
			}
		},
		{
			"from": [7.875, 14.125, 8.5],
			"to": [8.25, 14.75, 8.625],
			"faces": {
				"north": {"uv": [8.96, 0.96, 11.04, 3.04], "texture": "#2"},
				"east": {"uv": [8.96, 0.96, 11.04, 3.04], "texture": "#2"},
				"south": {"uv": [8.96, 0.96, 11.04, 3.04], "texture": "#2"},
				"west": {"uv": [8.96, 0.96, 11.04, 3.04], "texture": "#2"},
				"up": {"uv": [8.96, 0.96, 11.04, 3.04], "texture": "#2"},
				"down": {"uv": [8.96, 0.96, 11.04, 3.04], "texture": "#2"}
			}
		},
		{
			"from": [7.875, 14.125, 8.625],
			"to": [8, 14.25, 8.75],
			"faces": {
				"north": {"uv": [0, 0, 0, 0], "texture": "#5"},
				"east": {"uv": [0, 0, 0, 0], "texture": "#5"},
				"south": {"uv": [0.96, 4.96, 3.04, 7.04], "texture": "#5"},
				"west": {"uv": [0.96, 4.96, 3.04, 7.04], "texture": "#5"},
				"up": {"uv": [0.96, 4.96, 3.04, 7.04], "texture": "#5"},
				"down": {"uv": [0, 0, 0, 0], "texture": "#5"}
			}
		},
		{
			"from": [7.875, 14.25, 7.875],
			"to": [8.25, 14.875, 8],
			"faces": {
				"north": {"uv": [8.96, 0.96, 11.04, 3.04], "texture": "#2"},
				"east": {"uv": [8.96, 0.96, 11.04, 3.04], "texture": "#2"},
				"south": {"uv": [8.96, 0.96, 11.04, 3.04], "texture": "#2"},
				"west": {"uv": [8.96, 0.96, 11.04, 3.04], "texture": "#2"},
				"up": {"uv": [0, 0, 0, 0], "texture": "#2"},
				"down": {"uv": [8.96, 0.96, 11.04, 3.04], "texture": "#2"}
			}
		},
		{
			"from": [7.875, 14.25, 8],
			"to": [8, 14.375, 8.375],
			"faces": {
				"north": {"uv": [0, 0, 0, 0], "texture": "#5"},
				"east": {"uv": [0, 0, 0, 0], "texture": "#5"},
				"south": {"uv": [0, 0, 0, 0], "texture": "#5"},
				"west": {"uv": [0.96, 4.96, 3.04, 7.04], "texture": "#5"},
				"up": {"uv": [0.96, 4.96, 3.04, 7.04], "texture": "#5"},
				"down": {"uv": [0.96, 4.96, 3.04, 7.04], "texture": "#5"}
			}
		},
		{
			"from": [7.875, 14.25, 8.375],
			"to": [8.25, 14.625, 8.5],
			"faces": {
				"north": {"uv": [8.96, 0.96, 11.04, 3.04], "texture": "#2"},
				"east": {"uv": [8.96, 0.96, 11.04, 3.04], "texture": "#2"},
				"south": {"uv": [0, 0, 0, 0], "texture": "#2"},
				"west": {"uv": [8.96, 0.96, 11.04, 3.04], "texture": "#2"},
				"up": {"uv": [8.96, 0.96, 11.04, 3.04], "texture": "#2"},
				"down": {"uv": [8.96, 0.96, 11.04, 3.04], "texture": "#2"}
			}
		},
		{
			"from": [7.875, 14.375, 8],
			"to": [8.25, 15, 8.125],
			"faces": {
				"north": {"uv": [8.96, 0.96, 11.04, 3.04], "texture": "#2"},
				"east": {"uv": [8.96, 0.96, 11.04, 3.04], "texture": "#2"},
				"south": {"uv": [8.96, 0.96, 11.04, 3.04], "texture": "#2"},
				"west": {"uv": [8.96, 0.96, 11.04, 3.04], "texture": "#2"},
				"up": {"uv": [0, 0, 0, 0], "texture": "#2"},
				"down": {"uv": [8.96, 0.96, 11.04, 3.04], "texture": "#2"}
			}
		},
		{
			"from": [7.875, 14.375, 8.125],
			"to": [8, 14.5, 8.25],
			"faces": {
				"north": {"uv": [0, 0, 0, 0], "texture": "#5"},
				"east": {"uv": [0, 0, 0, 0], "texture": "#5"},
				"south": {"uv": [0, 0, 0, 0], "texture": "#5"},
				"west": {"uv": [0.96, 4.96, 3.04, 7.04], "texture": "#5"},
				"up": {"uv": [0, 0, 0, 0], "texture": "#5"},
				"down": {"uv": [0, 0, 0, 0], "texture": "#5"}
			}
		},
		{
			"from": [7.875, 14.375, 8.25],
			"to": [8.25, 14.5, 8.375],
			"faces": {
				"north": {"uv": [8.96, 0.96, 11.04, 3.04], "texture": "#2"},
				"east": {"uv": [8.96, 0.96, 11.04, 3.04], "texture": "#2"},
				"south": {"uv": [0, 0, 0, 0], "texture": "#2"},
				"west": {"uv": [8.96, 0.96, 11.04, 3.04], "texture": "#2"},
				"up": {"uv": [8.96, 0.96, 11.04, 3.04], "texture": "#2"},
				"down": {"uv": [8.96, 0.96, 11.04, 3.04], "texture": "#2"}
			}
		},
		{
			"from": [7.875, 14.5, 8.125],
			"to": [8.25, 14.875, 8.25],
			"faces": {
				"north": {"uv": [0, 0, 0, 0], "texture": "#2"},
				"east": {"uv": [8.96, 0.96, 11.04, 3.04], "texture": "#2"},
				"south": {"uv": [8.96, 0.96, 11.04, 3.04], "texture": "#2"},
				"west": {"uv": [8.96, 0.96, 11.04, 3.04], "texture": "#2"},
				"up": {"uv": [8.96, 0.96, 11.04, 3.04], "texture": "#2"},
				"down": {"uv": [8.96, 0.96, 11.04, 3.04], "texture": "#2"}
			}
		},
		{
			"from": [7.875, 14.5, 8.25],
			"to": [8, 14.625, 8.375],
			"faces": {
				"north": {"uv": [0, 0, 0, 0], "texture": "#5"},
				"east": {"uv": [0, 0, 0, 0], "texture": "#5"},
				"south": {"uv": [0, 0, 0, 0], "texture": "#5"},
				"west": {"uv": [0.96, 4.96, 3.04, 7.04], "texture": "#5"},
				"up": {"uv": [0, 0, 0, 0], "texture": "#5"},
				"down": {"uv": [0, 0, 0, 0], "texture": "#5"}
			}
		},
		{
			"from": [7.875, 14.625, 8.25],
			"to": [8.25, 14.75, 8.375],
			"faces": {
				"north": {"uv": [0, 0, 0, 0], "texture": "#2"},
				"east": {"uv": [8.96, 0.96, 11.04, 3.04], "texture": "#2"},
				"south": {"uv": [8.96, 0.96, 11.04, 3.04], "texture": "#2"},
				"west": {"uv": [8.96, 0.96, 11.04, 3.04], "texture": "#2"},
				"up": {"uv": [8.96, 0.96, 11.04, 3.04], "texture": "#2"},
				"down": {"uv": [8.96, 0.96, 11.04, 3.04], "texture": "#2"}
			}
		},
		{
			"from": [7.875, 14.625, 8.375],
			"to": [8, 14.75, 8.5],
			"faces": {
				"north": {"uv": [0, 0, 0, 0], "texture": "#5"},
				"east": {"uv": [0, 0, 0, 0], "texture": "#5"},
				"south": {"uv": [0, 0, 0, 0], "texture": "#5"},
				"west": {"uv": [0.96, 4.96, 3.04, 7.04], "texture": "#5"},
				"up": {"uv": [0, 0, 0, 0], "texture": "#5"},
				"down": {"uv": [0, 0, 0, 0], "texture": "#5"}
			}
		},
		{
			"from": [7.875, 14.75, 8.25],
			"to": [8, 14.875, 8.375],
			"faces": {
				"north": {"uv": [0, 0, 0, 0], "texture": "#5"},
				"east": {"uv": [0, 0, 0, 0], "texture": "#5"},
				"south": {"uv": [0, 0, 0, 0], "texture": "#5"},
				"west": {"uv": [0.96, 4.96, 3.04, 7.04], "texture": "#5"},
				"up": {"uv": [0, 0, 0, 0], "texture": "#5"},
				"down": {"uv": [0, 0, 0, 0], "texture": "#5"}
			}
		},
		{
			"from": [7.875, 14.75, 8.375],
			"to": [8.25, 15.25, 8.5],
			"faces": {
				"north": {"uv": [8.96, 0.96, 11.04, 3.04], "texture": "#2"},
				"east": {"uv": [8.96, 0.96, 11.04, 3.04], "texture": "#2"},
				"south": {"uv": [8.96, 0.96, 11.04, 3.04], "texture": "#2"},
				"west": {"uv": [8.96, 0.96, 11.04, 3.04], "texture": "#2"},
				"down": {"uv": [8.96, 0.96, 11.04, 3.04], "texture": "#2"}
			}
		},
		{
			"from": [7.875, 14.75, 8.5],
			"to": [8, 14.875, 8.625],
			"faces": {
				"north": {"uv": [0, 0, 0, 0], "texture": "#5"},
				"east": {"uv": [0, 0, 0, 0], "texture": "#5"},
				"south": {"uv": [0.96, 4.96, 3.04, 7.04], "texture": "#5"},
				"west": {"uv": [0.96, 4.96, 3.04, 7.04], "texture": "#5"},
				"up": {"uv": [0, 0, 0, 0], "texture": "#5"},
				"down": {"uv": [0, 0, 0, 0], "texture": "#5"}
			}
		},
		{
			"from": [7.875, 14.875, 7.75],
			"to": [8.25, 15.75, 8],
			"faces": {
				"north": {"uv": [12.96, 0.96, 15.04, 3.04], "texture": "#3"},
				"east": {"uv": [12.96, 0.96, 15.04, 3.04], "texture": "#3"},
				"south": {"uv": [12.96, 0.96, 15.04, 3.04], "texture": "#3"},
				"west": {"uv": [12.96, 0.96, 15.04, 3.04], "texture": "#3"},
				"up": {"uv": [12.96, 0.96, 15.04, 3.04], "texture": "#3"},
				"down": {"uv": [12.96, 0.96, 15.04, 3.04], "texture": "#3"}
			}
		},
		{
			"from": [7.875, 14.875, 8.125],
			"to": [8, 15, 8.25],
			"faces": {
				"north": {"uv": [0, 0, 0, 0], "texture": "#5"},
				"east": {"uv": [0, 0, 0, 0], "texture": "#5"},
				"south": {"uv": [0, 0, 0, 0], "texture": "#5"},
				"west": {"uv": [0.96, 4.96, 3.04, 7.04], "texture": "#5"},
				"up": {"uv": [0, 0, 0, 0], "texture": "#5"},
				"down": {"uv": [0, 0, 0, 0], "texture": "#5"}
			}
		},
		{
			"from": [7.875, 14.875, 8.25],
			"to": [8.25, 15.25, 8.375],
			"faces": {
				"north": {"uv": [8.96, 0.96, 11.04, 3.04], "texture": "#2"},
				"east": {"uv": [8.96, 0.96, 11.04, 3.04], "texture": "#2"},
				"south": {"uv": [0, 0, 0, 0], "texture": "#2"},
				"west": {"uv": [8.96, 0.96, 11.04, 3.04], "texture": "#2"},
				"up": {"uv": [0, 0, 0, 0], "texture": "#2"},
				"down": {"uv": [8.96, 0.96, 11.04, 3.04], "texture": "#2"}
			}
		},
		{
			"from": [7.875, 14.875, 8.5],
			"to": [8.25, 15.375, 8.625],
			"faces": {
				"north": {"uv": [8.96, 0.96, 11.04, 3.04], "texture": "#2"},
				"east": {"uv": [8.96, 0.96, 11.04, 3.04], "texture": "#2"},
				"south": {"uv": [8.96, 0.96, 11.04, 3.04], "texture": "#2"},
				"west": {"uv": [8.96, 0.96, 11.04, 3.04], "texture": "#2"},
				"up": {"uv": [0, 0, 0, 0], "texture": "#2"},
				"down": {"uv": [8.96, 0.96, 11.04, 3.04], "texture": "#2"}
			}
		},
		{
			"from": [7.875, 15, 7.625],
			"to": [8.25, 15.5, 7.75],
			"faces": {
				"north": {"uv": [12.96, 0.96, 15.04, 3.04], "texture": "#3"},
				"east": {"uv": [12.96, 0.96, 15.04, 3.04], "texture": "#3"},
				"south": {"uv": [0, 0, 0, 0], "texture": "#3"},
				"west": {"uv": [12.96, 0.96, 15.04, 3.04], "texture": "#3"},
				"up": {"uv": [12.96, 0.96, 15.04, 3.04], "texture": "#3"},
				"down": {"uv": [12.96, 0.96, 15.04, 3.04], "texture": "#3"}
			}
		},
		{
			"from": [7.875, 15, 8],
			"to": [8.25, 15.875, 8.125],
			"faces": {
				"north": {"uv": [12.96, 0.96, 15.04, 3.04], "texture": "#3"},
				"east": {"uv": [12.96, 0.96, 15.04, 3.04], "texture": "#3"},
				"south": {"uv": [12.96, 0.96, 15.04, 3.04], "texture": "#3"},
				"west": {"uv": [12.96, 0.96, 15.04, 3.04], "texture": "#3"},
				"up": {"uv": [12.96, 0.96, 15.04, 3.04], "texture": "#3"},
				"down": {"uv": [0, 0, 0, 0], "texture": "#3"}
			}
		},
		{
			"from": [7.875, 15, 8.125],
			"to": [8.25, 15.125, 8.25],
			"faces": {
				"north": {"uv": [0, 0, 0, 0], "texture": "#2"},
				"east": {"uv": [8.96, 0.96, 11.04, 3.04], "texture": "#2"},
				"south": {"uv": [0, 0, 0, 0], "texture": "#2"},
				"west": {"uv": [8.96, 0.96, 11.04, 3.04], "texture": "#2"},
				"up": {"uv": [0, 0, 0, 0], "texture": "#2"},
				"down": {"uv": [8.96, 0.96, 11.04, 3.04], "texture": "#2"}
			}
		},
		{
			"from": [7.875, 15.125, 8.125],
			"to": [8.25, 15.875, 8.25],
			"faces": {
				"north": {"uv": [0, 0, 0, 0], "texture": "#3"},
				"east": {"uv": [12.96, 0.96, 15.04, 3.04], "texture": "#3"},
				"south": {"uv": [12.96, 0.96, 15.04, 3.04], "texture": "#3"},
				"west": {"uv": [12.96, 0.96, 15.04, 3.04], "texture": "#3"},
				"up": {"uv": [12.96, 0.96, 15.04, 3.04], "texture": "#3"},
				"down": {"uv": [0, 0, 0, 0], "texture": "#3"}
			}
		},
		{
			"from": [7.875, 15.25, 7.5],
			"to": [8.25, 15.5, 7.625],
			"faces": {
				"north": {"uv": [12.96, 0.96, 15.04, 3.04], "texture": "#3"},
				"east": {"uv": [12.96, 0.96, 15.04, 3.04], "texture": "#3"},
				"south": {"uv": [0, 0, 0, 0], "texture": "#3"},
				"west": {"uv": [12.96, 0.96, 15.04, 3.04], "texture": "#3"},
				"up": {"uv": [12.96, 0.96, 15.04, 3.04], "texture": "#3"},
				"down": {"uv": [12.96, 0.96, 15.04, 3.04], "texture": "#3"}
			}
		},
		{
			"from": [7.875, 15.25, 8.25],
			"to": [8.25, 16, 8.5],
			"faces": {
				"north": {"uv": [12.96, 0.96, 15.04, 3.04], "texture": "#3"},
				"east": {"uv": [12.96, 0.96, 15.04, 3.04], "texture": "#3"},
				"south": {"uv": [12.96, 0.96, 15.04, 3.04], "texture": "#3"},
				"west": {"uv": [12.96, 0.96, 15.04, 3.04], "texture": "#3"},
				"up": {"uv": [12.96, 0.96, 15.04, 3.04], "texture": "#3"},
				"down": {"uv": [12.96, 0.96, 15.04, 3.04], "texture": "#3"}
			}
		},
		{
			"from": [7.875, 15.375, 8.5],
			"to": [8.25, 16, 8.75],
			"faces": {
				"north": {"uv": [0, 0, 0, 0], "texture": "#3"},
				"east": {"uv": [12.96, 0.96, 15.04, 3.04], "texture": "#3"},
				"south": {"uv": [12.96, 0.96, 15.04, 3.04], "texture": "#3"},
				"west": {"uv": [12.96, 0.96, 15.04, 3.04], "texture": "#3"},
				"up": {"uv": [12.96, 0.96, 15.04, 3.04], "texture": "#3"},
				"down": {"uv": [12.96, 0.96, 15.04, 3.04], "texture": "#3"}
			}
		},
		{
			"from": [7.875, 15.75, 7.875],
			"to": [8.25, 15.875, 8],
			"faces": {
				"north": {"uv": [12.96, 0.96, 15.04, 3.04], "texture": "#3"},
				"east": {"uv": [12.96, 0.96, 15.04, 3.04], "texture": "#3"},
				"south": {"uv": [0, 0, 0, 0], "texture": "#3"},
				"west": {"uv": [12.96, 0.96, 15.04, 3.04], "texture": "#3"},
				"up": {"uv": [12.96, 0.96, 15.04, 3.04], "texture": "#3"},
				"down": {"uv": [0, 0, 0, 0], "texture": "#3"}
			}
		},
		{
			"from": [7.875, 15.75, 8.75],
			"to": [8.25, 16, 8.875],
			"faces": {
				"north": {"uv": [0, 0, 0, 0], "texture": "#3"},
				"east": {"uv": [12.96, 0.96, 15.04, 3.04], "texture": "#3"},
				"south": {"uv": [12.96, 0.96, 15.04, 3.04], "texture": "#3"},
				"west": {"uv": [12.96, 0.96, 15.04, 3.04], "texture": "#3"},
				"up": {"uv": [12.96, 0.96, 15.04, 3.04], "texture": "#3"},
				"down": {"uv": [12.96, 0.96, 15.04, 3.04], "texture": "#3"}
			}
		},
		{
			"from": [8, 0, 5.875],
			"to": [8.125, 0.5, 6.125],
			"faces": {
				"north": {"uv": [4, 3, 6.08, 5.08], "texture": "#1"},
				"east": {"uv": [4, 3, 6.08, 5.08], "texture": "#1"},
				"south": {"uv": [4, 3, 6.08, 5.08], "texture": "#1"},
				"west": {"uv": [4, 3, 6.08, 5.08], "texture": "#1"},
				"up": {"uv": [4, 3, 6.08, 5.08], "texture": "#1"},
				"down": {"uv": [4, 3, 6.08, 5.08], "texture": "#1"}
			}
		},
		{
			"from": [8, 0.125, 6.125],
			"to": [8.125, 3.25, 6.25],
			"faces": {
				"north": {"uv": [4.96, 0.96, 7.04, 3.04], "texture": "#1"},
				"east": {"uv": [4.96, 0.96, 7.04, 3.04], "texture": "#1"},
				"south": {"uv": [4.96, 0.96, 7.04, 3.04], "texture": "#1"},
				"west": {"uv": [4.96, 0.96, 7.04, 3.04], "texture": "#1"},
				"up": {"uv": [4.96, 0.96, 7.04, 3.04], "texture": "#1"},
				"down": {"uv": [4.96, 0.96, 7.04, 3.04], "texture": "#1"}
			}
		},
		{
			"from": [8, 0.25, 6.25],
			"to": [8.125, 3.5, 6.375],
			"faces": {
				"north": {"uv": [4.96, 0.96, 7.04, 3.04], "texture": "#1"},
				"east": {"uv": [4.96, 0.96, 7.04, 3.04], "texture": "#1"},
				"south": {"uv": [4.96, 0.96, 7.04, 3.04], "texture": "#1"},
				"west": {"uv": [4.96, 0.96, 7.04, 3.04], "texture": "#1"},
				"up": {"uv": [4.96, 0.96, 7.04, 3.04], "texture": "#1"},
				"down": {"uv": [4.96, 0.96, 7.04, 3.04], "texture": "#1"}
			}
		},
		{
			"from": [8, 0.375, 6.375],
			"to": [8.125, 3.75, 6.5],
			"faces": {
				"north": {"uv": [4.96, 0.96, 7.04, 3.04], "texture": "#1"},
				"east": {"uv": [4.96, 0.96, 7.04, 3.04], "texture": "#1"},
				"south": {"uv": [4.96, 0.96, 7.04, 3.04], "texture": "#1"},
				"west": {"uv": [4.96, 0.96, 7.04, 3.04], "texture": "#1"},
				"up": {"uv": [4.96, 0.96, 7.04, 3.04], "texture": "#1"},
				"down": {"uv": [4.96, 0.96, 7.04, 3.04], "texture": "#1"}
			}
		},
		{
			"from": [8, 0.5, 6],
			"to": [8.125, 1.125, 6.125],
			"faces": {
				"north": {"uv": [5, 2, 7.08, 4.08], "texture": "#1"},
				"east": {"uv": [5, 2, 7.08, 4.08], "texture": "#1"},
				"south": {"uv": [5, 2, 7.08, 4.08], "texture": "#1"},
				"west": {"uv": [5, 2, 7.08, 4.08], "texture": "#1"},
				"up": {"uv": [5, 2, 7.08, 4.08], "texture": "#1"},
				"down": {"uv": [5, 2, 7.08, 4.08], "texture": "#1"}
			}
		},
		{
			"from": [8, 0.5, 6.5],
			"to": [8.125, 4.25, 6.625],
			"faces": {
				"north": {"uv": [4.96, 0.96, 7.04, 3.04], "texture": "#1"},
				"east": {"uv": [4.96, 0.96, 7.04, 3.04], "texture": "#1"},
				"south": {"uv": [4.96, 0.96, 7.04, 3.04], "texture": "#1"},
				"west": {"uv": [4.96, 0.96, 7.04, 3.04], "texture": "#1"},
				"up": {"uv": [4.96, 0.96, 7.04, 3.04], "texture": "#1"},
				"down": {"uv": [4.96, 0.96, 7.04, 3.04], "texture": "#1"}
			}
		},
		{
			"from": [8, 0.625, 6.625],
			"to": [8.125, 4.5, 6.75],
			"faces": {
				"north": {"uv": [4.96, 0.96, 7.04, 3.04], "texture": "#1"},
				"east": {"uv": [4.96, 0.96, 7.04, 3.04], "texture": "#1"},
				"south": {"uv": [4.96, 0.96, 7.04, 3.04], "texture": "#1"},
				"west": {"uv": [4.96, 0.96, 7.04, 3.04], "texture": "#1"},
				"up": {"uv": [4.96, 0.96, 7.04, 3.04], "texture": "#1"},
				"down": {"uv": [4.96, 0.96, 7.04, 3.04], "texture": "#1"}
			}
		},
		{
			"from": [8, 0.75, 6.75],
			"to": [8.125, 4.75, 6.875],
			"faces": {
				"north": {"uv": [4.96, 0.96, 7.04, 3.04], "texture": "#1"},
				"east": {"uv": [4.96, 0.96, 7.04, 3.04], "texture": "#1"},
				"south": {"uv": [4.96, 0.96, 7.04, 3.04], "texture": "#1"},
				"west": {"uv": [4.96, 0.96, 7.04, 3.04], "texture": "#1"},
				"up": {"uv": [4.96, 0.96, 7.04, 3.04], "texture": "#1"},
				"down": {"uv": [4.96, 0.96, 7.04, 3.04], "texture": "#1"}
			}
		},
		{
			"from": [8, 0.875, 6.875],
			"to": [8.125, 2.25, 7],
			"faces": {
				"east": {"uv": [4.96, 0.96, 7.04, 3.04], "texture": "#1"},
				"south": {"uv": [4.96, 0.96, 7.04, 3.04], "texture": "#1"},
				"west": {"uv": [4.96, 0.96, 7.04, 3.04], "texture": "#1"},
				"down": {"uv": [4.96, 0.96, 7.04, 3.04], "texture": "#1"}
			}
		},
		{
			"from": [8, 1, 7],
			"to": [8.125, 2.375, 7.125],
			"faces": {
				"north": {"uv": [4.96, 0.96, 7.04, 3.04], "texture": "#1"},
				"east": {"uv": [4.96, 0.96, 7.04, 3.04], "texture": "#1"},
				"south": {"uv": [4.96, 0.96, 7.04, 3.04], "texture": "#1"},
				"west": {"uv": [4.96, 0.96, 7.04, 3.04], "texture": "#1"},
				"down": {"uv": [4.96, 0.96, 7.04, 3.04], "texture": "#1"}
			}
		},
		{
			"from": [8, 1.25, 7.125],
			"to": [8.125, 2.5, 7.25],
			"faces": {
				"north": {"uv": [4.96, 0.96, 7.04, 3.04], "texture": "#1"},
				"east": {"uv": [4.96, 0.96, 7.04, 3.04], "texture": "#1"},
				"south": {"uv": [4.96, 0.96, 7.04, 3.04], "texture": "#1"},
				"west": {"uv": [4.96, 0.96, 7.04, 3.04], "texture": "#1"},
				"down": {"uv": [4.96, 0.96, 7.04, 3.04], "texture": "#1"}
			}
		},
		{
			"from": [8, 1.375, 7.25],
			"to": [8.125, 2.75, 7.375],
			"faces": {
				"north": {"uv": [4.96, 0.96, 7.04, 3.04], "texture": "#1"},
				"east": {"uv": [4.96, 0.96, 7.04, 3.04], "texture": "#1"},
				"south": {"uv": [4.96, 0.96, 7.04, 3.04], "texture": "#1"},
				"west": {"uv": [4.96, 0.96, 7.04, 3.04], "texture": "#1"},
				"down": {"uv": [4.96, 0.96, 7.04, 3.04], "texture": "#1"}
			}
		},
		{
			"from": [8, 1.5, 7.375],
			"to": [8.125, 3.125, 7.5],
			"faces": {
				"north": {"uv": [4.96, 0.96, 7.04, 3.04], "texture": "#1"},
				"east": {"uv": [4.96, 0.96, 7.04, 3.04], "texture": "#1"},
				"south": {"uv": [4.96, 0.96, 7.04, 3.04], "texture": "#1"},
				"west": {"uv": [4.96, 0.96, 7.04, 3.04], "texture": "#1"},
				"down": {"uv": [4.96, 0.96, 7.04, 3.04], "texture": "#1"}
			}
		},
		{
			"from": [8, 1.75, 7.5],
			"to": [8.125, 3.375, 7.625],
			"faces": {
				"north": {"uv": [4.96, 0.96, 7.04, 3.04], "texture": "#1"},
				"east": {"uv": [4.96, 0.96, 7.04, 3.04], "texture": "#1"},
				"south": {"uv": [4.96, 0.96, 7.04, 3.04], "texture": "#1"},
				"west": {"uv": [4.96, 0.96, 7.04, 3.04], "texture": "#1"},
				"down": {"uv": [4.96, 0.96, 7.04, 3.04], "texture": "#1"}
			}
		},
		{
			"from": [8, 1.875, 7.625],
			"to": [8.125, 3.625, 7.75],
			"faces": {
				"north": {"uv": [4.96, 0.96, 7.04, 3.04], "texture": "#1"},
				"east": {"uv": [4.96, 0.96, 7.04, 3.04], "texture": "#1"},
				"south": {"uv": [4.96, 0.96, 7.04, 3.04], "texture": "#1"},
				"west": {"uv": [4.96, 0.96, 7.04, 3.04], "texture": "#1"},
				"down": {"uv": [4.96, 0.96, 7.04, 3.04], "texture": "#1"}
			}
		},
		{
			"from": [8, 2, 7.75],
			"to": [8.125, 3.875, 7.875],
			"faces": {
				"north": {"uv": [4.96, 0.96, 7.04, 3.04], "texture": "#1"},
				"east": {"uv": [4.96, 0.96, 7.04, 3.04], "texture": "#1"},
				"south": {"uv": [4.96, 0.96, 7.04, 3.04], "texture": "#1"},
				"west": {"uv": [4.96, 0.96, 7.04, 3.04], "texture": "#1"},
				"down": {"uv": [4.96, 0.96, 7.04, 3.04], "texture": "#1"}
			}
		},
		{
			"from": [8, 2.25, 7.875],
			"to": [8.125, 4.125, 8],
			"faces": {
				"north": {"uv": [4.96, 0.96, 7.04, 3.04], "texture": "#1"},
				"east": {"uv": [4.96, 0.96, 7.04, 3.04], "texture": "#1"},
				"south": {"uv": [4.96, 0.96, 7.04, 3.04], "texture": "#1"},
				"west": {"uv": [4.96, 0.96, 7.04, 3.04], "texture": "#1"},
				"down": {"uv": [4.96, 0.96, 7.04, 3.04], "texture": "#1"}
			}
		},
		{
			"from": [8, 2.5, 6.875],
			"to": [8.125, 5.375, 7],
			"faces": {
				"north": {"uv": [4.96, 0.96, 7.04, 3.04], "texture": "#1"},
				"east": {"uv": [4.96, 0.96, 7.04, 3.04], "texture": "#1"},
				"south": {"uv": [4.96, 0.96, 7.04, 3.04], "texture": "#1"},
				"west": {"uv": [4.96, 0.96, 7.04, 3.04], "texture": "#1"},
				"up": {"uv": [4.96, 0.96, 7.04, 3.04], "texture": "#1"}
			}
		},
		{
			"from": [8, 2.5, 8],
			"to": [8.125, 4.5, 8.125],
			"faces": {
				"north": {"uv": [4.96, 0.96, 7.04, 3.04], "texture": "#1"},
				"east": {"uv": [4.96, 0.96, 7.04, 3.04], "texture": "#1"},
				"south": {"uv": [4.96, 0.96, 7.04, 3.04], "texture": "#1"},
				"west": {"uv": [4.96, 0.96, 7.04, 3.04], "texture": "#1"},
				"down": {"uv": [4.96, 0.96, 7.04, 3.04], "texture": "#1"}
			}
		},
		{
			"from": [8, 2.75, 8.125],
			"to": [8.125, 4.75, 8.25],
			"faces": {
				"north": {"uv": [4.96, 0.96, 7.04, 3.04], "texture": "#1"},
				"east": {"uv": [4.96, 0.96, 7.04, 3.04], "texture": "#1"},
				"south": {"uv": [4.96, 0.96, 7.04, 3.04], "texture": "#1"},
				"west": {"uv": [4.96, 0.96, 7.04, 3.04], "texture": "#1"},
				"down": {"uv": [4.96, 0.96, 7.04, 3.04], "texture": "#1"}
			}
		},
		{
			"from": [8, 3, 7],
			"to": [8.125, 5.875, 7.125],
			"faces": {
				"north": {"uv": [4.96, 0.96, 7.04, 3.04], "texture": "#1"},
				"east": {"uv": [4.96, 0.96, 7.04, 3.04], "texture": "#1"},
				"south": {"uv": [4.96, 0.96, 7.04, 3.04], "texture": "#1"},
				"west": {"uv": [4.96, 0.96, 7.04, 3.04], "texture": "#1"},
				"up": {"uv": [4.96, 0.96, 7.04, 3.04], "texture": "#1"}
			}
		},
		{
			"from": [8, 3, 8.25],
			"to": [8.125, 5, 8.375],
			"faces": {
				"north": {"uv": [4.96, 0.96, 7.04, 3.04], "texture": "#1"},
				"east": {"uv": [4.96, 0.96, 7.04, 3.04], "texture": "#1"},
				"south": {"uv": [4.96, 0.96, 7.04, 3.04], "texture": "#1"},
				"west": {"uv": [4.96, 0.96, 7.04, 3.04], "texture": "#1"},
				"down": {"uv": [4.96, 0.96, 7.04, 3.04], "texture": "#1"}
			}
		},
		{
			"from": [8, 3.25, 8.375],
			"to": [8.125, 5.5, 8.5],
			"faces": {
				"north": {"uv": [4.96, 0.96, 7.04, 3.04], "texture": "#1"},
				"east": {"uv": [4.96, 0.96, 7.04, 3.04], "texture": "#1"},
				"south": {"uv": [4.96, 0.96, 7.04, 3.04], "texture": "#1"},
				"west": {"uv": [4.96, 0.96, 7.04, 3.04], "texture": "#1"},
				"down": {"uv": [4.96, 0.96, 7.04, 3.04], "texture": "#1"}
			}
		},
		{
			"from": [8, 3.5, 7.125],
			"to": [8.125, 6.625, 7.25],
			"faces": {
				"north": {"uv": [4.96, 0.96, 7.04, 3.04], "texture": "#1"},
				"east": {"uv": [4.96, 0.96, 7.04, 3.04], "texture": "#1"},
				"south": {"uv": [4.96, 0.96, 7.04, 3.04], "texture": "#1"},
				"west": {"uv": [4.96, 0.96, 7.04, 3.04], "texture": "#1"},
				"up": {"uv": [4.96, 0.96, 7.04, 3.04], "texture": "#1"}
			}
		},
		{
			"from": [8, 3.5, 8.5],
			"to": [8.125, 6.25, 8.625],
			"faces": {
				"north": {"uv": [4.96, 0.96, 7.04, 3.04], "texture": "#1"},
				"east": {"uv": [4.96, 0.96, 7.04, 3.04], "texture": "#1"},
				"south": {"uv": [4.96, 0.96, 7.04, 3.04], "texture": "#1"},
				"west": {"uv": [4.96, 0.96, 7.04, 3.04], "texture": "#1"},
				"down": {"uv": [4.96, 0.96, 7.04, 3.04], "texture": "#1"}
			}
		},
		{
			"from": [8, 4, 8.625],
			"to": [8.125, 7.25, 8.75],
			"faces": {
				"north": {"uv": [4.96, 0.96, 7.04, 3.04], "texture": "#1"},
				"east": {"uv": [4.96, 0.96, 7.04, 3.04], "texture": "#1"},
				"south": {"uv": [4.96, 0.96, 7.04, 3.04], "texture": "#1"},
				"west": {"uv": [4.96, 0.96, 7.04, 3.04], "texture": "#1"},
				"down": {"uv": [4.96, 0.96, 7.04, 3.04], "texture": "#1"}
			}
		},
		{
			"from": [8, 4.5, 8.75],
			"to": [8.125, 8, 8.875],
			"faces": {
				"north": {"uv": [4.96, 0.96, 7.04, 3.04], "texture": "#1"},
				"east": {"uv": [4.96, 0.96, 7.04, 3.04], "texture": "#1"},
				"south": {"uv": [4.96, 0.96, 7.04, 3.04], "texture": "#1"},
				"west": {"uv": [4.96, 0.96, 7.04, 3.04], "texture": "#1"},
				"down": {"uv": [4.96, 0.96, 7.04, 3.04], "texture": "#1"}
			}
		},
		{
			"from": [8, 4.625, 7.25],
			"to": [8.125, 8, 7.375],
			"faces": {
				"north": {"uv": [4.96, 0.96, 7.04, 3.04], "texture": "#1"},
				"east": {"uv": [4.96, 0.96, 7.04, 3.04], "texture": "#1"},
				"south": {"uv": [4.96, 0.96, 7.04, 3.04], "texture": "#1"},
				"west": {"uv": [4.96, 0.96, 7.04, 3.04], "texture": "#1"},
				"up": {"uv": [4.96, 0.96, 7.04, 3.04], "texture": "#1"}
			}
		},
		{
			"from": [8, 5, 8.875],
			"to": [8.125, 8.5, 9],
			"faces": {
				"north": {"uv": [4.96, 0.96, 7.04, 3.04], "texture": "#1"},
				"east": {"uv": [4.96, 0.96, 7.04, 3.04], "texture": "#1"},
				"south": {"uv": [4.96, 0.96, 7.04, 3.04], "texture": "#1"},
				"west": {"uv": [4.96, 0.96, 7.04, 3.04], "texture": "#1"},
				"down": {"uv": [4.96, 0.96, 7.04, 3.04], "texture": "#1"}
			}
		},
		{
			"from": [8, 5.5, 7.375],
			"to": [8.125, 9.5, 7.5],
			"faces": {
				"north": {"uv": [4.96, 0.96, 7.04, 3.04], "texture": "#1"},
				"east": {"uv": [4.96, 0.96, 7.04, 3.04], "texture": "#1"},
				"south": {"uv": [4.96, 0.96, 7.04, 3.04], "texture": "#1"},
				"west": {"uv": [4.96, 0.96, 7.04, 3.04], "texture": "#1"}
			}
		},
		{
			"from": [8, 6.25, 9],
			"to": [8.125, 9, 9.125],
			"faces": {
				"north": {"uv": [4.96, 0.96, 7.04, 3.04], "texture": "#1"},
				"east": {"uv": [4.96, 0.96, 7.04, 3.04], "texture": "#1"},
				"south": {"uv": [4.96, 0.96, 7.04, 3.04], "texture": "#1"},
				"west": {"uv": [4.96, 0.96, 7.04, 3.04], "texture": "#1"},
				"down": {"uv": [4.96, 0.96, 7.04, 3.04], "texture": "#1"}
			}
		},
		{
			"from": [8, 6.5, 7.5],
			"to": [8.125, 9.125, 7.625],
			"faces": {
				"east": {"uv": [4.96, 0.96, 7.04, 3.04], "texture": "#1"},
				"south": {"uv": [4.96, 0.96, 7.04, 3.04], "texture": "#1"},
				"west": {"uv": [4.96, 0.96, 7.04, 3.04], "texture": "#1"}
			}
		},
		{
			"from": [8, 7.375, 7.625],
			"to": [8.125, 8.875, 7.75],
			"faces": {
				"east": {"uv": [4.96, 0.96, 7.04, 3.04], "texture": "#1"},
				"west": {"uv": [4.96, 0.96, 7.04, 3.04], "texture": "#1"}
			}
		},
		{
			"from": [8, 7.375, 9.125],
			"to": [8.125, 9.5, 9.25],
			"faces": {
				"north": {"uv": [4.96, 0.96, 7.04, 3.04], "texture": "#1"},
				"east": {"uv": [4.96, 0.96, 7.04, 3.04], "texture": "#1"},
				"south": {"uv": [4.96, 0.96, 7.04, 3.04], "texture": "#1"},
				"west": {"uv": [4.96, 0.96, 7.04, 3.04], "texture": "#1"},
				"down": {"uv": [4.96, 0.96, 7.04, 3.04], "texture": "#1"}
			}
		},
		{
			"from": [8, 8.625, 9.25],
			"to": [8.125, 10, 9.375],
			"faces": {
				"north": {"uv": [4.96, 0.96, 7.04, 3.04], "texture": "#1"},
				"east": {"uv": [4.96, 0.96, 7.04, 3.04], "texture": "#1"},
				"south": {"uv": [4.96, 0.96, 7.04, 3.04], "texture": "#1"},
				"west": {"uv": [4.96, 0.96, 7.04, 3.04], "texture": "#1"},
				"down": {"uv": [4.96, 0.96, 7.04, 3.04], "texture": "#1"}
			}
		},
		{
			"from": [8, 9.5, 9.375],
			"to": [8.125, 10.5, 9.5],
			"faces": {
				"north": {"uv": [4.96, 0.96, 7.04, 3.04], "texture": "#1"},
				"east": {"uv": [4.96, 0.96, 7.04, 3.04], "texture": "#1"},
				"south": {"uv": [4.96, 0.96, 7.04, 3.04], "texture": "#1"},
				"west": {"uv": [4.96, 0.96, 7.04, 3.04], "texture": "#1"},
				"down": {"uv": [4.96, 0.96, 7.04, 3.04], "texture": "#1"}
			}
		},
		{
			"from": [8, 10.375, 9.5],
			"to": [8.125, 10.875, 9.625],
			"faces": {
				"north": {"uv": [4.96, 0.96, 7.04, 3.04], "texture": "#1"},
				"east": {"uv": [4.96, 0.96, 7.04, 3.04], "texture": "#1"},
				"south": {"uv": [4.96, 0.96, 7.04, 3.04], "texture": "#1"},
				"west": {"uv": [4.96, 0.96, 7.04, 3.04], "texture": "#1"},
				"down": {"uv": [4.96, 0.96, 7.04, 3.04], "texture": "#1"}
			}
		},
		{
			"from": [8, 12.5, 7.875],
			"to": [8.125, 12.625, 8],
			"faces": {
				"north": {"uv": [0.96, 4.96, 3.04, 7.04], "texture": "#5"},
				"east": {"uv": [0.96, 4.96, 3.04, 7.04], "texture": "#5"},
				"south": {"uv": [0, 0, 0, 0], "texture": "#5"},
				"west": {"uv": [0.96, 4.96, 3.04, 7.04], "texture": "#5"},
				"up": {"uv": [0, 0, 0, 0], "texture": "#5"},
				"down": {"uv": [0, 0, 0, 0], "texture": "#5"}
			}
		},
		{
			"from": [8, 12.5, 8.75],
			"to": [8.125, 13.375, 8.875],
			"faces": {
				"north": {"uv": [8.96, 0.96, 11.04, 3.04], "texture": "#2"},
				"east": {"uv": [8.96, 0.96, 11.04, 3.04], "texture": "#2"},
				"south": {"uv": [8.96, 0.96, 11.04, 3.04], "texture": "#2"},
				"west": {"uv": [8.96, 0.96, 11.04, 3.04], "texture": "#2"}
			}
		},
		{
			"from": [8, 12.625, 7.875],
			"to": [8.125, 13.5, 8],
			"faces": {
				"north": {"uv": [8.96, 0.96, 11.04, 3.04], "texture": "#2"},
				"east": {"uv": [8.96, 0.96, 11.04, 3.04], "texture": "#2"},
				"south": {"uv": [8.96, 0.96, 11.04, 3.04], "texture": "#2"},
				"west": {"uv": [8.96, 0.96, 11.04, 3.04], "texture": "#2"},
				"up": {"uv": [0, 0, 0, 0], "texture": "#2"},
				"down": {"uv": [0, 0, 0, 0], "texture": "#2"}
			}
		},
		{
			"from": [8, 13.125, 8.5],
			"to": [8.125, 13.375, 8.625],
			"color": 4,
			"faces": {
				"south": {"uv": [8.96, 0.96, 11.04, 3.04], "texture": "#missing"}
			}
		},
		{
			"from": [8, 13.375, 8.25],
			"to": [8.125, 13.5, 8.5],
			"color": 3,
			"faces": {
				"down": {"uv": [8.96, 0.96, 11.04, 3.04], "texture": "#missing"}
			}
		},
		{
			"from": [8, 13.375, 8.75],
			"to": [8.125, 13.5, 8.875],
			"faces": {
				"north": {"uv": [0, 0, 0, 0], "texture": "#5"},
				"east": {"uv": [0.96, 4.96, 3.04, 7.04], "texture": "#5"},
				"south": {"uv": [0.96, 4.96, 3.04, 7.04], "texture": "#5"},
				"west": {"uv": [0.96, 4.96, 3.04, 7.04], "texture": "#5"},
				"up": {"uv": [0, 0, 0, 0], "texture": "#5"},
				"down": {"uv": [0, 0, 0, 0], "texture": "#5"}
			}
		},
		{
			"from": [8, 13.5, 7.875],
			"to": [8.125, 13.625, 8],
			"faces": {
				"north": {"uv": [0.96, 4.96, 3.04, 7.04], "texture": "#5"},
				"east": {"uv": [0.96, 4.96, 3.04, 7.04], "texture": "#5"},
				"south": {"uv": [0, 0, 0, 0], "texture": "#5"},
				"west": {"uv": [0.96, 4.96, 3.04, 7.04], "texture": "#5"},
				"up": {"uv": [0, 0, 0, 0], "texture": "#5"},
				"down": {"uv": [0, 0, 0, 0], "texture": "#5"}
			}
		},
		{
			"from": [8, 13.5, 8],
			"to": [8.125, 13.625, 8.25],
			"color": 3,
			"faces": {
				"up": {"uv": [8.96, 0.96, 11.04, 3.04], "texture": "#missing"},
				"down": {"uv": [8.96, 0.96, 11.04, 3.04], "texture": "#missing"}
			}
		},
		{
			"from": [8, 13.5, 8.75],
			"to": [8.125, 14.125, 8.875],
			"faces": {
				"north": {"uv": [8.96, 0.96, 11.04, 3.04], "texture": "#2"},
				"east": {"uv": [8.96, 0.96, 11.04, 3.04], "texture": "#2"},
				"south": {"uv": [8.96, 0.96, 11.04, 3.04], "texture": "#2"},
				"west": {"uv": [8.96, 0.96, 11.04, 3.04], "texture": "#2"},
				"up": {"uv": [0, 0, 0, 0], "texture": "#2"},
				"down": {"uv": [0, 0, 0, 0], "texture": "#2"}
			}
		},
		{
			"from": [8, 13.625, 7.875],
			"to": [8.125, 14.125, 8],
			"faces": {
				"north": {"uv": [8.96, 0.96, 11.04, 3.04], "texture": "#2"},
				"east": {"uv": [8.96, 0.96, 11.04, 3.04], "texture": "#2"},
				"south": {"uv": [0, 0, 0, 0], "texture": "#2"},
				"west": {"uv": [8.96, 0.96, 11.04, 3.04], "texture": "#2"},
				"up": {"uv": [0, 0, 0, 0], "texture": "#2"},
				"down": {"uv": [0, 0, 0, 0], "texture": "#2"}
			}
		},
		{
			"from": [8, 14.125, 7.875],
			"to": [8.125, 14.25, 8],
			"faces": {
				"north": {"uv": [0.96, 4.96, 3.04, 7.04], "texture": "#5"},
				"east": {"uv": [0.96, 4.96, 3.04, 7.04], "texture": "#5"},
				"south": {"uv": [0.96, 4.96, 3.04, 7.04], "texture": "#5"},
				"west": {"uv": [0.96, 4.96, 3.04, 7.04], "texture": "#5"},
				"up": {"uv": [0.96, 4.96, 3.04, 7.04], "texture": "#5"},
				"down": {"uv": [0.96, 4.96, 3.04, 7.04], "texture": "#5"}
			}
		},
		{
			"from": [8, 14.125, 8.625],
			"to": [8.125, 14.875, 8.75],
			"faces": {
				"north": {"uv": [8.96, 0.96, 11.04, 3.04], "texture": "#2"},
				"east": {"uv": [8.96, 0.96, 11.04, 3.04], "texture": "#2"},
				"south": {"uv": [8.96, 0.96, 11.04, 3.04], "texture": "#2"},
				"west": {"uv": [8.96, 0.96, 11.04, 3.04], "texture": "#2"},
				"up": {"uv": [0, 0, 0, 0], "texture": "#2"},
				"down": {"uv": [0, 0, 0, 0], "texture": "#2"}
			}
		},
		{
			"from": [8, 14.125, 8.75],
			"to": [8.125, 14.25, 8.875],
			"faces": {
				"north": {"uv": [0, 0, 0, 0], "texture": "#5"},
				"east": {"uv": [0.96, 4.96, 3.04, 7.04], "texture": "#5"},
				"south": {"uv": [0.96, 4.96, 3.04, 7.04], "texture": "#5"},
				"west": {"uv": [0.96, 4.96, 3.04, 7.04], "texture": "#5"},
				"up": {"uv": [0.96, 4.96, 3.04, 7.04], "texture": "#5"},
				"down": {"uv": [0, 0, 0, 0], "texture": "#5"}
			}
		},
		{
			"from": [8, 14.25, 7.75],
			"to": [8.125, 14.875, 7.875],
			"faces": {
				"north": {"uv": [8.96, 0.96, 11.04, 3.04], "texture": "#2"},
				"east": {"uv": [8.96, 0.96, 11.04, 3.04], "texture": "#2"},
				"south": {"uv": [0, 0, 0, 0], "texture": "#2"},
				"west": {"uv": [8.96, 0.96, 11.04, 3.04], "texture": "#2"},
				"up": {"uv": [0, 0, 0, 0], "texture": "#2"},
				"down": {"uv": [8.96, 0.96, 11.04, 3.04], "texture": "#2"}
			}
		},
		{
			"from": [8, 14.25, 8],
			"to": [8.125, 14.375, 8.375],
			"color": 6,
			"faces": {
				"up": {"uv": [8.96, 0.96, 11.04, 3.04], "texture": "#missing"},
				"down": {"uv": [8.96, 0.96, 11.04, 3.04], "texture": "#missing"}
			}
		},
		{
			"from": [8, 14.875, 8.625],
			"to": [8.125, 15, 8.75],
			"faces": {
				"north": {"uv": [0, 0, 0, 0], "texture": "#5"},
				"east": {"uv": [0.96, 4.96, 3.04, 7.04], "texture": "#5"},
				"south": {"uv": [0.96, 4.96, 3.04, 7.04], "texture": "#5"},
				"west": {"uv": [0.96, 4.96, 3.04, 7.04], "texture": "#5"},
				"up": {"uv": [0, 0, 0, 0], "texture": "#5"},
				"down": {"uv": [0, 0, 0, 0], "texture": "#5"}
			}
		},
		{
			"from": [8, 15, 8.625],
			"to": [8.125, 15.375, 8.75],
			"faces": {
				"north": {"uv": [0, 0, 0, 0], "texture": "#2"},
				"east": {"uv": [8.96, 0.96, 11.04, 3.04], "texture": "#2"},
				"south": {"uv": [8.96, 0.96, 11.04, 3.04], "texture": "#2"},
				"west": {"uv": [8.96, 0.96, 11.04, 3.04], "texture": "#2"},
				"up": {"uv": [0, 0, 0, 0], "texture": "#2"},
				"down": {"uv": [0, 0, 0, 0], "texture": "#2"}
			}
		},
		{
			"from": [8.125, 12.25, 8.375],
			"to": [8.25, 12.375, 8.5],
			"faces": {
				"north": {"uv": [0, 0, 0, 0], "texture": "#4"},
				"east": {"uv": [4.96, 4.96, 7.04, 7.04], "texture": "#4"},
				"south": {"uv": [0, 0, 0, 0], "texture": "#4"},
				"west": {"uv": [0, 0, 0, 0], "texture": "#4"},
				"up": {"uv": [0, 0, 0, 0], "texture": "#4"},
				"down": {"uv": [0, 0, 0, 0], "texture": "#4"}
			}
		},
		{
			"from": [8.125, 12.625, 8],
			"to": [8.25, 12.75, 8.125],
			"faces": {
				"north": {"uv": [0.96, 4.96, 3.04, 7.04], "texture": "#5"},
				"east": {"uv": [0.96, 4.96, 3.04, 7.04], "texture": "#5"},
				"south": {"uv": [0, 0, 0, 0], "texture": "#5"},
				"west": {"uv": [0, 0, 0, 0], "texture": "#5"},
				"up": {"uv": [0, 0, 0, 0], "texture": "#5"},
				"down": {"uv": [0, 0, 0, 0], "texture": "#5"}
			}
		},
		{
			"from": [8.125, 12.625, 8.625],
			"to": [8.25, 12.75, 8.75],
			"faces": {
				"north": {"uv": [0, 0, 0, 0], "texture": "#5"},
				"east": {"uv": [0.96, 4.96, 3.04, 7.04], "texture": "#5"},
				"south": {"uv": [0.96, 4.96, 3.04, 7.04], "texture": "#5"},
				"west": {"uv": [0, 0, 0, 0], "texture": "#5"},
				"up": {"uv": [0, 0, 0, 0], "texture": "#5"},
				"down": {"uv": [0, 0, 0, 0], "texture": "#5"}
			}
		},
		{
			"from": [8.125, 12.75, 8.125],
			"to": [8.25, 12.875, 8.25],
			"faces": {
				"north": {"uv": [0, 0, 0, 0], "texture": "#5"},
				"east": {"uv": [0.96, 4.96, 3.04, 7.04], "texture": "#5"},
				"south": {"uv": [0, 0, 0, 0], "texture": "#5"},
				"west": {"uv": [0, 0, 0, 0], "texture": "#5"},
				"up": {"uv": [0, 0, 0, 0], "texture": "#5"},
				"down": {"uv": [0, 0, 0, 0], "texture": "#5"}
			}
		},
		{
			"from": [8.125, 12.75, 8.375],
			"to": [8.25, 12.875, 8.625],
			"faces": {
				"north": {"uv": [0, 0, 0, 0], "texture": "#5"},
				"east": {"uv": [0.96, 4.96, 3.04, 7.04], "texture": "#5"},
				"south": {"uv": [0, 0, 0, 0], "texture": "#5"},
				"west": {"uv": [0, 0, 0, 0], "texture": "#5"},
				"up": {"uv": [0, 0, 0, 0], "texture": "#5"},
				"down": {"uv": [0, 0, 0, 0], "texture": "#5"}
			}
		},
		{
			"from": [8.125, 12.875, 8.25],
			"to": [8.25, 13, 8.375],
			"faces": {
				"north": {"uv": [0, 0, 0, 0], "texture": "#5"},
				"east": {"uv": [0.96, 4.96, 3.04, 7.04], "texture": "#5"},
				"south": {"uv": [0, 0, 0, 0], "texture": "#5"},
				"west": {"uv": [0, 0, 0, 0], "texture": "#5"},
				"up": {"uv": [0, 0, 0, 0], "texture": "#5"},
				"down": {"uv": [0, 0, 0, 0], "texture": "#5"}
			}
		},
		{
			"from": [8.125, 13, 8.375],
			"to": [8.25, 13.125, 8.5],
			"faces": {
				"north": {"uv": [0, 0, 0, 0], "texture": "#5"},
				"east": {"uv": [0.96, 4.96, 3.04, 7.04], "texture": "#5"},
				"south": {"uv": [0, 0, 0, 0], "texture": "#5"},
				"west": {"uv": [0, 0, 0, 0], "texture": "#5"},
				"up": {"uv": [0, 0, 0, 0], "texture": "#5"},
				"down": {"uv": [0, 0, 0, 0], "texture": "#5"}
			}
		},
		{
			"from": [8.125, 13.125, 8.5],
			"to": [8.25, 13.375, 8.625],
			"faces": {
				"north": {"uv": [0, 0, 0, 0], "texture": "#5"},
				"east": {"uv": [0.96, 4.96, 3.04, 7.04], "texture": "#5"},
				"south": {"uv": [0.96, 4.96, 3.04, 7.04], "texture": "#5"},
				"west": {"uv": [0, 0, 0, 0], "texture": "#5"},
				"up": {"uv": [0, 0, 0, 0], "texture": "#5"},
				"down": {"uv": [0, 0, 0, 0], "texture": "#5"}
			}
		},
		{
			"from": [8.125, 13.25, 8.625],
			"to": [8.25, 13.375, 8.75],
			"faces": {
				"north": {"uv": [0, 0, 0, 0], "texture": "#5"},
				"east": {"uv": [0.96, 4.96, 3.04, 7.04], "texture": "#5"},
				"south": {"uv": [0.96, 4.96, 3.04, 7.04], "texture": "#5"},
				"west": {"uv": [0, 0, 0, 0], "texture": "#5"},
				"up": {"uv": [0, 0, 0, 0], "texture": "#5"},
				"down": {"uv": [0, 0, 0, 0], "texture": "#5"}
			}
		},
		{
			"from": [8.125, 13.375, 8.25],
			"to": [8.25, 13.5, 8.5],
			"faces": {
				"north": {"uv": [0, 0, 0, 0], "texture": "#5"},
				"east": {"uv": [0.96, 4.96, 3.04, 7.04], "texture": "#5"},
				"south": {"uv": [0, 0, 0, 0], "texture": "#5"},
				"west": {"uv": [0, 0, 0, 0], "texture": "#5"},
				"up": {"uv": [0, 0, 0, 0], "texture": "#5"},
				"down": {"uv": [0.96, 4.96, 3.04, 7.04], "texture": "#5"}
			}
		},
		{
			"from": [8.125, 13.5, 8],
			"to": [8.25, 13.625, 8.25],
			"faces": {
				"north": {"uv": [0.96, 4.96, 3.04, 7.04], "texture": "#5"},
				"east": {"uv": [0.96, 4.96, 3.04, 7.04], "texture": "#5"},
				"south": {"uv": [0, 0, 0, 0], "texture": "#5"},
				"west": {"uv": [0, 0, 0, 0], "texture": "#5"},
				"up": {"uv": [0.96, 4.96, 3.04, 7.04], "texture": "#5"},
				"down": {"uv": [0.96, 4.96, 3.04, 7.04], "texture": "#5"}
			}
		},
		{
			"from": [8.125, 13.625, 8.125],
			"to": [8.25, 13.75, 8.25],
			"faces": {
				"north": {"uv": [0, 0, 0, 0], "texture": "#5"},
				"east": {"uv": [0.96, 4.96, 3.04, 7.04], "texture": "#5"},
				"south": {"uv": [0, 0, 0, 0], "texture": "#5"},
				"west": {"uv": [0, 0, 0, 0], "texture": "#5"},
				"up": {"uv": [0, 0, 0, 0], "texture": "#5"},
				"down": {"uv": [0, 0, 0, 0], "texture": "#5"}
			}
		},
		{
			"from": [8.125, 13.75, 8.25],
			"to": [8.25, 13.875, 8.375],
			"faces": {
				"north": {"uv": [0, 0, 0, 0], "texture": "#5"},
				"east": {"uv": [0.96, 4.96, 3.04, 7.04], "texture": "#5"},
				"south": {"uv": [0, 0, 0, 0], "texture": "#5"},
				"west": {"uv": [0, 0, 0, 0], "texture": "#5"},
				"up": {"uv": [0, 0, 0, 0], "texture": "#5"},
				"down": {"uv": [0, 0, 0, 0], "texture": "#5"}
			}
		},
		{
			"from": [8.125, 13.875, 8.375],
			"to": [8.25, 14, 8.5],
			"faces": {
				"east": {"uv": [0.96, 4.96, 3.04, 7.04], "texture": "#5"}
			}
		},
		{
			"from": [8.125, 14, 8.5],
			"to": [8.25, 14.125, 8.625],
			"faces": {
				"north": {"uv": [0, 0, 0, 0], "texture": "#5"},
				"east": {"uv": [0.96, 4.96, 3.04, 7.04], "texture": "#5"},
				"south": {"uv": [0, 0, 0, 0], "texture": "#5"},
				"west": {"uv": [0, 0, 0, 0], "texture": "#5"},
				"up": {"uv": [0, 0, 0, 0], "texture": "#5"},
				"down": {"uv": [0, 0, 0, 0], "texture": "#5"}
			}
		},
		{
			"from": [8.125, 14.125, 8.375],
			"to": [8.25, 14.25, 8.5],
			"faces": {
				"north": {"uv": [0, 0, 0, 0], "texture": "#5"},
				"east": {"uv": [0.96, 4.96, 3.04, 7.04], "texture": "#5"},
				"south": {"uv": [0, 0, 0, 0], "texture": "#5"},
				"west": {"uv": [0, 0, 0, 0], "texture": "#5"},
				"up": {"uv": [0, 0, 0, 0], "texture": "#5"},
				"down": {"uv": [0, 0, 0, 0], "texture": "#5"}
			}
		},
		{
			"from": [8.125, 14.125, 8.625],
			"to": [8.25, 14.25, 8.75],
			"faces": {
				"east": {"uv": [0.96, 4.96, 3.04, 7.04], "texture": "#5"},
				"south": {"uv": [0.96, 4.96, 3.04, 7.04], "texture": "#5"},
				"up": {"uv": [0.96, 4.96, 3.04, 7.04], "texture": "#5"}
			}
		},
		{
			"from": [8.125, 14.25, 8],
			"to": [8.25, 14.375, 8.375],
			"faces": {
				"north": {"uv": [0, 0, 0, 0], "texture": "#5"},
				"east": {"uv": [0.96, 4.96, 3.04, 7.04], "texture": "#5"},
				"south": {"uv": [0, 0, 0, 0], "texture": "#5"},
				"west": {"uv": [0, 0, 0, 0], "texture": "#5"},
				"up": {"uv": [0.96, 4.96, 3.04, 7.04], "texture": "#5"},
				"down": {"uv": [0.96, 4.96, 3.04, 7.04], "texture": "#5"}
			}
		},
		{
			"from": [8.125, 14.375, 8.125],
			"to": [8.25, 14.5, 8.25],
			"faces": {
				"north": {"uv": [0, 0, 0, 0], "texture": "#5"},
				"east": {"uv": [0.96, 4.96, 3.04, 7.04], "texture": "#5"},
				"south": {"uv": [0, 0, 0, 0], "texture": "#5"},
				"west": {"uv": [0, 0, 0, 0], "texture": "#5"},
				"up": {"uv": [0, 0, 0, 0], "texture": "#5"},
				"down": {"uv": [0, 0, 0, 0], "texture": "#5"}
			}
		},
		{
			"from": [8.125, 14.5, 8.25],
			"to": [8.25, 14.625, 8.375],
			"faces": {
				"north": {"uv": [0, 0, 0, 0], "texture": "#5"},
				"east": {"uv": [0.96, 4.96, 3.04, 7.04], "texture": "#5"},
				"south": {"uv": [0, 0, 0, 0], "texture": "#5"},
				"west": {"uv": [0, 0, 0, 0], "texture": "#5"},
				"up": {"uv": [0, 0, 0, 0], "texture": "#5"},
				"down": {"uv": [0, 0, 0, 0], "texture": "#5"}
			}
		},
		{
			"from": [8.125, 14.625, 8.375],
			"to": [8.25, 14.75, 8.5],
			"faces": {
				"north": {"uv": [0, 0, 0, 0], "texture": "#5"},
				"east": {"uv": [0.96, 4.96, 3.04, 7.04], "texture": "#5"},
				"south": {"uv": [0, 0, 0, 0], "texture": "#5"},
				"west": {"uv": [0, 0, 0, 0], "texture": "#5"},
				"up": {"uv": [0, 0, 0, 0], "texture": "#5"},
				"down": {"uv": [0, 0, 0, 0], "texture": "#5"}
			}
		},
		{
			"from": [8.125, 14.75, 8.25],
			"to": [8.25, 14.875, 8.375],
			"faces": {
				"north": {"uv": [0, 0, 0, 0], "texture": "#5"},
				"east": {"uv": [0.96, 4.96, 3.04, 7.04], "texture": "#5"},
				"south": {"uv": [0, 0, 0, 0], "texture": "#5"},
				"west": {"uv": [0, 0, 0, 0], "texture": "#5"},
				"up": {"uv": [0, 0, 0, 0], "texture": "#5"},
				"down": {"uv": [0, 0, 0, 0], "texture": "#5"}
			}
		},
		{
			"from": [8.125, 14.75, 8.5],
			"to": [8.25, 14.875, 8.625],
			"faces": {
				"north": {"uv": [0, 0, 0, 0], "texture": "#5"},
				"east": {"uv": [0.96, 4.96, 3.04, 7.04], "texture": "#5"},
				"south": {"uv": [0.96, 4.96, 3.04, 7.04], "texture": "#5"},
				"west": {"uv": [0, 0, 0, 0], "texture": "#5"},
				"up": {"uv": [0, 0, 0, 0], "texture": "#5"},
				"down": {"uv": [0, 0, 0, 0], "texture": "#5"}
			}
		},
		{
			"from": [8.125, 14.875, 8.125],
			"to": [8.25, 15, 8.25],
			"faces": {
				"north": {"uv": [0, 0, 0, 0], "texture": "#5"},
				"east": {"uv": [0.96, 4.96, 3.04, 7.04], "texture": "#5"},
				"south": {"uv": [0, 0, 0, 0], "texture": "#5"},
				"west": {"uv": [0, 0, 0, 0], "texture": "#5"},
				"up": {"uv": [0, 0, 0, 0], "texture": "#5"},
				"down": {"uv": [0, 0, 0, 0], "texture": "#5"}
			}
		},
		{
			"from": [7.875, 14.875, 8.5],
			"to": [8.25, 15.375, 8.625],
			"faces": {
				"north": {"uv": [8.96, 0.96, 11.04, 3.04], "texture": "#2"},
				"east": {"uv": [8.96, 0.96, 11.04, 3.04], "texture": "#2"},
				"south": {"uv": [8.96, 0.96, 11.04, 3.04], "texture": "#2"},
				"west": {"uv": [8.96, 0.96, 11.04, 3.04], "texture": "#2"},
				"up": {"uv": [0, 0, 0, 0], "texture": "#2"},
				"down": {"uv": [8.96, 0.96, 11.04, 3.04], "texture": "#2"}
			}
		}
	],
	"display": {
		"thirdperson_righthand": {
			"rotation": [180, 0, 0],
			"translation": [0, 4.75, 0.5]
		},
		"thirdperson_lefthand": {
			"rotation": [180, 0, 0],
			"translation": [0, 4.5, 0.5]
		},
		"firstperson_righthand": {
			"rotation": [138, -5, 0],
			"translation": [0, 5.5, 0]
		},
		"firstperson_lefthand": {
			"rotation": [138, 0, 0],
			"translation": [0, 5.5, 0]
		},
		"ground": {
			"rotation": [-97, 88, 0],
			"translation": [0, -1.75, 0],
			"scale": [1.2, 1.2, 1.2]
		},
		"gui": {
			"rotation": [90, -45, -90],
			"translation": [0, -0.5, 0],
			"scale": [1.2, 1.2, 1.2]
		},
		"head": {
			"rotation": [130, -1, 175],
			"translation": [7.25, -24.25, 0],
			"scale": [1.5, 1.5, 1.5]
		},
		"fixed": {
			"rotation": [0, -90, 0],
			"translation": [0, 0, -0.5],
			"scale": [1.2, 1.2, 1.2]
		}
	}
}