{
	"credit": "Made with Blockbench",
	"textures": {
		"0": "block/diamond_sword/83_2",
		"particle": "block/diamond_sword/83_2"
	},
	"elements": [
		{
			"from": [0.0625, 10.4375, 2.4375],
			"to": [0.875, 11.9375, 3.25],
			"faces": {
				"north": {"uv": [0, 0, 0.8125, 1.5], "texture": "#0"},
				"east": {"uv": [0, 0, 0.8125, 1.5], "texture": "#0"},
				"south": {"uv": [0, 0, 0.8125, 1.5], "texture": "#0"},
				"west": {"uv": [0, 0, 0.8125, 1.5], "texture": "#0"},
				"up": {"uv": [0, 0, 0.8125, 0.8125], "texture": "#0"},
				"down": {"uv": [0, 0, 0.8125, 0.8125], "texture": "#0"}
			}
		},
		{
			"from": [0.0625, 8.5625, 3.125],
			"to": [0.875, 13.75, 4.5625],
			"faces": {
				"north": {"uv": [0, 0, 0.8125, 5.1875], "texture": "#0"},
				"east": {"uv": [0, 0, 1.625, 5.1875], "texture": "#0"},
				"south": {"uv": [0, 0, 0.8125, 5.1875], "texture": "#0"},
				"west": {"uv": [0, 0, 1.625, 5.1875], "texture": "#0"},
				"up": {"uv": [0, 0, 0.8125, 1.625], "texture": "#0"},
				"down": {"uv": [0, 0, 0.8125, 1.625], "texture": "#0"}
			}
		},
		{
			"from": [0.0625, 12.9375, 4.5625],
			"to": [0.875, 14.125, 6.4375],
			"faces": {
				"north": {"uv": [0, 0, 0.8125, 1.1875], "texture": "#0"},
				"east": {"uv": [0, 0, 1.875, 1.1875], "texture": "#0"},
				"south": {"uv": [0, 0, 0.8125, 1.1875], "texture": "#0"},
				"west": {"uv": [0, 0, 1.875, 1.1875], "texture": "#0"},
				"up": {"uv": [0, 0, 0.8125, 1.875], "texture": "#0"},
				"down": {"uv": [0, 0, 0.8125, 1.875], "texture": "#0"}
			}
		},
		{
			"from": [0.0625, 12.25, 12.625],
			"to": [0.875, 16.8125, 13.375],
			"faces": {
				"north": {"uv": [0, 0, 0.8125, 4.5625], "texture": "#0"},
				"east": {"uv": [0, 0, 0.75, 4.5625], "texture": "#0"},
				"south": {"uv": [0, 0, 0.8125, 4.5625], "texture": "#0"},
				"west": {"uv": [0, 0, 0.75, 4.5625], "texture": "#0"},
				"up": {"uv": [0, 0, 0.8125, 0.75], "texture": "#0"},
				"down": {"uv": [0, 0, 0.8125, 0.75], "texture": "#0"}
			}
		},
		{
			"from": [0.0625, 9.875, 11.875],
			"to": [0.875, 10.3125, 12.4375],
			"faces": {
				"north": {"uv": [0, 0, 0.8125, 0.4375], "texture": "#0"},
				"east": {"uv": [0, 0, 0.5625, 0.4375], "texture": "#0"},
				"south": {"uv": [0, 0, 0.8125, 0.4375], "texture": "#0"},
				"west": {"uv": [0, 0, 0.5625, 0.4375], "texture": "#0"},
				"up": {"uv": [0, 0, 0.8125, 0.5625], "texture": "#0"},
				"down": {"uv": [0, 0, 0.8125, 0.5625], "texture": "#0"}
			}
		},
		{
			"from": [0.0625, 13.5625, 9.0625],
			"to": [0.875, 15.3125, 10.6875],
			"faces": {
				"north": {"uv": [0, 0, 0.8125, 1.75], "texture": "#0"},
				"east": {"uv": [0, 0, 1.625, 1.75], "texture": "#0"},
				"south": {"uv": [0, 0, 0.8125, 1.75], "texture": "#0"},
				"west": {"uv": [0, 0, 1.625, 1.75], "texture": "#0"},
				"up": {"uv": [0, 0, 0.8125, 1.625], "texture": "#0"},
				"down": {"uv": [0, 0, 0.8125, 1.625], "texture": "#0"}
			}
		},
		{
			"from": [0.0625, 8.625, 6.8125],
			"to": [0.875, 10.0625, 9.5],
			"faces": {
				"north": {"uv": [0, 0, 0.8125, 1.4375], "texture": "#0"},
				"east": {"uv": [0, 0, 2.6875, 1.4375], "texture": "#0"},
				"south": {"uv": [0, 0, 0.8125, 1.4375], "texture": "#0"},
				"west": {"uv": [0, 0, 2.6875, 1.4375], "texture": "#0"},
				"up": {"uv": [0, 0, 0.8125, 2.6875], "texture": "#0"},
				"down": {"uv": [0, 0, 0.8125, 2.6875], "texture": "#0"}
			}
		},
		{
			"from": [0.0625, 8.875, 4.5625],
			"to": [0.875, 10.0625, 6.8125],
			"faces": {
				"north": {"uv": [0, 0, 0.8125, 1.1875], "texture": "#0"},
				"east": {"uv": [0, 0, 2.25, 1.1875], "texture": "#0"},
				"south": {"uv": [0, 0, 0.8125, 1.1875], "texture": "#0"},
				"west": {"uv": [0, 0, 2.25, 1.1875], "texture": "#0"},
				"up": {"uv": [0, 0, 0.8125, 2.25], "texture": "#0"},
				"down": {"uv": [0, 0, 0.8125, 2.25], "texture": "#0"}
			}
		},
		{
			"from": [0.0625, 10.3125, 11.875],
			"to": [0.875, 12.25, 13],
			"faces": {
				"north": {"uv": [0, 0, 0.8125, 1.9375], "texture": "#0"},
				"east": {"uv": [0, 0, 1.125, 1.9375], "texture": "#0"},
				"south": {"uv": [0, 0, 0.8125, 1.9375], "texture": "#0"},
				"west": {"uv": [0, 0, 1.125, 1.9375], "texture": "#0"},
				"up": {"uv": [0, 0, 0.8125, 1.125], "texture": "#0"},
				"down": {"uv": [0, 0, 0.8125, 1.125], "texture": "#0"}
			}
		},
		{
			"from": [0.0625, 13.4375, 6.4375],
			"to": [0.875, 14.75, 9.0625],
			"faces": {
				"north": {"uv": [0, 0, 0.8125, 1.3125], "texture": "#0"},
				"east": {"uv": [0, 0, 2.625, 1.3125], "texture": "#0"},
				"south": {"uv": [0, 0, 0.8125, 1.3125], "texture": "#0"},
				"west": {"uv": [0, 0, 2.625, 1.3125], "texture": "#0"},
				"up": {"uv": [0, 0, 0.8125, 2.625], "texture": "#0"},
				"down": {"uv": [0, 0, 0.8125, 2.625], "texture": "#0"}
			}
		},
		{
			"from": [0.0625, 10.0625, 4.5625],
			"to": [0.875, 10.4375, 7],
			"faces": {
				"north": {"uv": [0, 0, 0.8125, 0.375], "texture": "#0"},
				"east": {"uv": [0, 0, 2.4375, 0.375], "texture": "#0"},
				"south": {"uv": [0, 0, 0.8125, 0.375], "texture": "#0"},
				"west": {"uv": [0, 0, 2.4375, 0.375], "texture": "#0"},
				"up": {"uv": [0, 0, 0.8125, 2.4375], "texture": "#0"},
				"down": {"uv": [0, 0, 0.8125, 2.4375], "texture": "#0"}
			}
		},
		{
			"from": [0.0625, 10.0625, 7],
			"to": [0.875, 10.5625, 8.875],
			"faces": {
				"north": {"uv": [0, 0, 0.8125, 0.5], "texture": "#0"},
				"east": {"uv": [0, 0, 1.875, 0.5], "texture": "#0"},
				"south": {"uv": [0, 0, 0.8125, 0.5], "texture": "#0"},
				"west": {"uv": [0, 0, 1.875, 0.5], "texture": "#0"},
				"up": {"uv": [0, 0, 0.8125, 1.875], "texture": "#0"},
				"down": {"uv": [0, 0, 0.8125, 1.875], "texture": "#0"}
			}
		},
		{
			"from": [0.0625, 10.4375, 8.875],
			"to": [0.875, 10.8125, 9.625],
			"faces": {
				"north": {"uv": [0, 0, 0.8125, 0.375], "texture": "#0"},
				"east": {"uv": [0, 0, 0.75, 0.375], "texture": "#0"},
				"south": {"uv": [0, 0, 0.8125, 0.375], "texture": "#0"},
				"west": {"uv": [0, 0, 0.75, 0.375], "texture": "#0"},
				"up": {"uv": [0, 0, 0.8125, 0.75], "texture": "#0"},
				"down": {"uv": [0, 0, 0.8125, 0.75], "texture": "#0"}
			}
		},
		{
			"from": [0.0625, 10.75, 9.5625],
			"to": [0.875, 11.3125, 10.125],
			"faces": {
				"north": {"uv": [0, 0, 0.8125, 0.5625], "texture": "#0"},
				"east": {"uv": [0, 0, 0.5625, 0.5625], "texture": "#0"},
				"south": {"uv": [0, 0, 0.8125, 0.5625], "texture": "#0"},
				"west": {"uv": [0, 0, 0.5625, 0.5625], "texture": "#0"},
				"up": {"uv": [0, 0, 0.8125, 0.5625], "texture": "#0"},
				"down": {"uv": [0, 0, 0.8125, 0.5625], "texture": "#0"}
			}
		},
		{
			"from": [0.0625, 10.375, 4.5625],
			"to": [0.875, 11.9375, 5.375],
			"faces": {
				"north": {"uv": [0, 0, 0.8125, 1.5625], "texture": "#0"},
				"east": {"uv": [0, 0, 0.8125, 1.5625], "texture": "#0"},
				"south": {"uv": [0, 0, 0.8125, 1.5625], "texture": "#0"},
				"west": {"uv": [0, 0, 0.8125, 1.5625], "texture": "#0"},
				"up": {"uv": [0, 0, 0.8125, 0.8125], "texture": "#0"},
				"down": {"uv": [0, 0, 0.8125, 0.8125], "texture": "#0"}
			}
		},
		{
			"from": [0.0625, 11.9375, 4.5],
			"to": [0.875, 12.5, 5.875],
			"faces": {
				"north": {"uv": [0, 0, 0.8125, 0.5625], "texture": "#0"},
				"east": {"uv": [0, 0, 1.375, 0.5625], "texture": "#0"},
				"south": {"uv": [0, 0, 0.8125, 0.5625], "texture": "#0"},
				"west": {"uv": [0, 0, 1.375, 0.5625], "texture": "#0"},
				"up": {"uv": [0, 0, 0.8125, 1.375], "texture": "#0"},
				"down": {"uv": [0, 0, 0.8125, 1.375], "texture": "#0"}
			}
		},
		{
			"from": [0.0625, 12.375, 5.875],
			"to": [0.875, 12.9375, 7.3125],
			"faces": {
				"north": {"uv": [0, 0, 0.8125, 0.5625], "texture": "#0"},
				"east": {"uv": [0, 0, 1.4375, 0.5625], "texture": "#0"},
				"south": {"uv": [0, 0, 0.8125, 0.5625], "texture": "#0"},
				"west": {"uv": [0, 0, 1.4375, 0.5625], "texture": "#0"},
				"up": {"uv": [0, 0, 0.8125, 1.4375], "texture": "#0"},
				"down": {"uv": [0, 0, 0.8125, 1.4375], "texture": "#0"}
			}
		},
		{
			"from": [0.0625, 12.875, 6.4375],
			"to": [0.875, 13.4375, 9.125],
			"faces": {
				"north": {"uv": [0, 0, 0.8125, 0.5625], "texture": "#0"},
				"east": {"uv": [0, 0, 2.6875, 0.5625], "texture": "#0"},
				"south": {"uv": [0, 0, 0.8125, 0.5625], "texture": "#0"},
				"west": {"uv": [0, 0, 2.6875, 0.5625], "texture": "#0"},
				"up": {"uv": [0, 0, 0.8125, 2.6875], "texture": "#0"},
				"down": {"uv": [0, 0, 0.8125, 2.6875], "texture": "#0"}
			}
		},
		{
			"from": [0.0625, 13, 9.125],
			"to": [0.875, 13.5625, 10.1875],
			"faces": {
				"north": {"uv": [0, 0, 0.8125, 0.5625], "texture": "#0"},
				"east": {"uv": [0, 0, 1.0625, 0.5625], "texture": "#0"},
				"south": {"uv": [0, 0, 0.8125, 0.5625], "texture": "#0"},
				"west": {"uv": [0, 0, 1.0625, 0.5625], "texture": "#0"},
				"up": {"uv": [0, 0, 0.8125, 1.0625], "texture": "#0"},
				"down": {"uv": [0, 0, 0.8125, 1.0625], "texture": "#0"}
			}
		},
		{
			"from": [0.0625, 11.25, 10.125],
			"to": [0.875, 13, 10.5],
			"faces": {
				"north": {"uv": [0, 0, 0.8125, 1.75], "texture": "#0"},
				"east": {"uv": [0, 0, 0.375, 1.75], "texture": "#0"},
				"south": {"uv": [0, 0, 0.8125, 1.75], "texture": "#0"},
				"west": {"uv": [0, 0, 0.375, 1.75], "texture": "#0"},
				"up": {"uv": [0, 0, 0.8125, 0.375], "texture": "#0"},
				"down": {"uv": [0, 0, 0.8125, 0.375], "texture": "#0"}
			}
		},
		{
			"from": [0.0625, 9, 9.5],
			"to": [0.875, 10.4375, 11.3125],
			"faces": {
				"north": {"uv": [0, 0, 0.8125, 1.4375], "texture": "#0"},
				"east": {"uv": [0, 0, 1.8125, 1.4375], "texture": "#0"},
				"south": {"uv": [0, 0, 0.8125, 1.4375], "texture": "#0"},
				"west": {"uv": [0, 0, 1.8125, 1.4375], "texture": "#0"},
				"up": {"uv": [0, 0, 0.8125, 1.8125], "texture": "#0"},
				"down": {"uv": [0, 0, 0.8125, 1.8125], "texture": "#0"}
			}
		},
		{
			"from": [0.0625, 9.5, 11.3125],
			"to": [0.875, 15.6875, 11.875],
			"faces": {
				"north": {"uv": [0, 0, 0.8125, 6.1875], "texture": "#0"},
				"east": {"uv": [0, 0, 0.5625, 6.1875], "texture": "#0"},
				"south": {"uv": [0, 0, 0.8125, 6.1875], "texture": "#0"},
				"west": {"uv": [0, 0, 0.5625, 6.1875], "texture": "#0"},
				"up": {"uv": [0, 0, 0.8125, 0.5625], "texture": "#0"},
				"down": {"uv": [0, 0, 0.8125, 0.5625], "texture": "#0"}
			}
		},
		{
			"from": [0.0625, 15.6875, 10.6875],
			"to": [0.875, 15.875, 11.5625],
			"faces": {
				"north": {"uv": [0, 0, 0.8125, 0.1875], "texture": "#0"},
				"east": {"uv": [0, 0, 0.875, 0.1875], "texture": "#0"},
				"south": {"uv": [0, 0, 0.8125, 0.1875], "texture": "#0"},
				"west": {"uv": [0, 0, 0.875, 0.1875], "texture": "#0"},
				"up": {"uv": [0, 0, 0.8125, 0.875], "texture": "#0"},
				"down": {"uv": [0, 0, 0.8125, 0.875], "texture": "#0"}
			}
		},
		{
			"from": [0.0625, 15.6875, 11.5625],
			"to": [0.875, 16.8125, 12.125],
			"faces": {
				"north": {"uv": [0, 0, 0.8125, 1.125], "texture": "#0"},
				"east": {"uv": [0, 0, 0.5625, 1.125], "texture": "#0"},
				"south": {"uv": [0, 0, 0.8125, 1.125], "texture": "#0"},
				"west": {"uv": [0, 0, 0.5625, 1.125], "texture": "#0"},
				"up": {"uv": [0, 0, 0.8125, 0.5625], "texture": "#0"},
				"down": {"uv": [0, 0, 0.8125, 0.5625], "texture": "#0"}
			}
		},
		{
			"from": [0.0625, 16.8125, 12.625],
			"to": [0.875, 17.375, 13.1875],
			"faces": {
				"north": {"uv": [0, 0, 0.8125, 0.5625], "texture": "#0"},
				"east": {"uv": [0, 0, 0.5625, 0.5625], "texture": "#0"},
				"south": {"uv": [0, 0, 0.8125, 0.5625], "texture": "#0"},
				"west": {"uv": [0, 0, 0.5625, 0.5625], "texture": "#0"},
				"up": {"uv": [0, 0, 0.8125, 0.5625], "texture": "#0"},
				"down": {"uv": [0, 0, 0.8125, 0.5625], "texture": "#0"}
			}
		},
		{
			"from": [0.0625, 12.25, 12.0625],
			"to": [0.875, 17.125, 12.625],
			"faces": {
				"north": {"uv": [0, 0, 0.8125, 4.875], "texture": "#0"},
				"east": {"uv": [0, 0, 0.5625, 4.875], "texture": "#0"},
				"south": {"uv": [0, 0, 0.8125, 4.875], "texture": "#0"},
				"west": {"uv": [0, 0, 0.5625, 4.875], "texture": "#0"},
				"up": {"uv": [0, 0, 0.8125, 0.5625], "texture": "#0"},
				"down": {"uv": [0, 0, 0.8125, 0.5625], "texture": "#0"}
			}
		},
		{
			"from": [0.0625, 8.875, 1.0625],
			"to": [0.875, 10.0625, 3.25],
			"faces": {
				"north": {"uv": [0.4375, 0, 1.25, 1.1875], "texture": "#0"},
				"east": {"uv": [1.4375, 0, 3.625, 1.1875], "texture": "#0"},
				"south": {"uv": [0.4375, 0, 1.25, 1.1875], "texture": "#0"},
				"west": {"uv": [1.4375, 0, 3.625, 1.1875], "texture": "#0"},
				"up": {"uv": [0, 1.4375, 0.8125, 3.625], "texture": "#0"},
				"down": {"uv": [0, 1.4375, 0.8125, 3.625], "texture": "#0"}
			}
		},
		{
			"from": [0.0625, 8.625, -1.6875],
			"to": [0.875, 10.0625, 1.0625],
			"faces": {
				"north": {"uv": [0.4375, 0, 1.25, 1.4375], "texture": "#0"},
				"east": {"uv": [3.5, 0, 6.25, 1.4375], "texture": "#0"},
				"south": {"uv": [0.4375, 0, 1.25, 1.4375], "texture": "#0"},
				"west": {"uv": [3.5, 0, 6.25, 1.4375], "texture": "#0"},
				"up": {"uv": [0, 3.5, 0.8125, 6.25], "texture": "#0"},
				"down": {"uv": [0, 3.5, 0.8125, 6.25], "texture": "#0"}
			}
		},
		{
			"from": [0.0625, 9, -3.125],
			"to": [0.875, 10.4375, -1.6875],
			"faces": {
				"north": {"uv": [0.4375, 0, 1.25, 1.4375], "texture": "#0"},
				"east": {"uv": [1.8125, 0, 3.25, 1.4375], "texture": "#0"},
				"south": {"uv": [0.4375, 0, 1.25, 1.4375], "texture": "#0"},
				"west": {"uv": [1.8125, 0, 3.25, 1.4375], "texture": "#0"},
				"up": {"uv": [0, 1.8125, 0.8125, 3.25], "texture": "#0"},
				"down": {"uv": [0, 1.8125, 0.8125, 3.25], "texture": "#0"}
			}
		},
		{
			"from": [0.0625, 9.5625, -4.0625],
			"to": [0.875, 14.5, -3.5],
			"faces": {
				"north": {"uv": [0.4375, 0, 1.25, 4.9375], "texture": "#0"},
				"east": {"uv": [0.5625, 0, 1.5, 4.9375], "texture": "#0"},
				"south": {"uv": [0.4375, 0, 1.25, 4.9375], "texture": "#0"},
				"west": {"uv": [0.5625, 0, 1.5, 4.9375], "texture": "#0"},
				"up": {"uv": [0, 0.5625, 0.8125, 1.5], "texture": "#0"},
				"down": {"uv": [0, 0.5625, 0.8125, 1.5], "texture": "#0"}
			}
		},
		{
			"from": [0.0625, 10.3125, -4.4375],
			"to": [0.875, 10.875, -4.0625],
			"faces": {
				"north": {"uv": [0.4375, 0, 1.25, 0.5625], "texture": "#0"},
				"east": {"uv": [0.5625, 0, 0.9375, 0.5625], "texture": "#0"},
				"south": {"uv": [0.4375, 0, 1.25, 0.5625], "texture": "#0"},
				"west": {"uv": [0.5625, 0, 0.9375, 0.5625], "texture": "#0"},
				"up": {"uv": [0, 0.5625, 0.8125, 0.9375], "texture": "#0"},
				"down": {"uv": [0, 0.5625, 0.8125, 0.9375], "texture": "#0"}
			}
		},
		{
			"from": [0.0625, 10.875, -4.6875],
			"to": [0.875, 13.5625, -4.0625],
			"faces": {
				"north": {"uv": [0.4375, 0, 1.25, 2.6875], "texture": "#0"},
				"east": {"uv": [0.5625, 0, 1.1875, 2.6875], "texture": "#0"},
				"south": {"uv": [0.4375, 0, 1.25, 2.6875], "texture": "#0"},
				"west": {"uv": [0.5625, 0, 1.1875, 2.6875], "texture": "#0"},
				"up": {"uv": [0, 0.5625, 0.8125, 1.1875], "texture": "#0"},
				"down": {"uv": [0, 0.5625, 0.8125, 1.1875], "texture": "#0"}
			}
		},
		{
			"from": [0, 8.625, 3.25],
			"to": [0.8125, 8.625, 4.5625],
			"faces": {
				"north": {"uv": [0, 0, 0.8125, 0], "texture": "#0"},
				"east": {"uv": [0, 0, 1.3125, 0], "texture": "#0"},
				"south": {"uv": [0, 0, 0.8125, 0], "texture": "#0"},
				"west": {"uv": [0, 0, 1.3125, 0], "texture": "#0"},
				"up": {"uv": [0, 0, 0.8125, 1.3125], "texture": "#0"},
				"down": {"uv": [0, 0, 0.8125, 1.3125], "texture": "#0"}
			}
		},
		{
			"from": [0.0625, 13.5625, -4.5],
			"to": [0.875, 14.1875, -4.0625],
			"faces": {
				"north": {"uv": [0.4375, 0, 1.25, 0.625], "texture": "#0"},
				"east": {"uv": [0.5625, 0, 1, 0.625], "texture": "#0"},
				"south": {"uv": [0.4375, 0, 1.25, 0.625], "texture": "#0"},
				"west": {"uv": [0.5625, 0, 1, 0.625], "texture": "#0"},
				"up": {"uv": [0, 0.5625, 0.8125, 1], "texture": "#0"},
				"down": {"uv": [0, 0.5625, 0.8125, 1], "texture": "#0"}
			}
		},
		{
			"from": [0.0625, 14.5625, -3.625],
			"to": [0.875, 14.8125, -2.875],
			"faces": {
				"north": {"uv": [0.4375, 0, 1.25, 0.25], "texture": "#0"},
				"east": {"uv": [0.5625, 0, 1.3125, 0.25], "texture": "#0"},
				"south": {"uv": [0.4375, 0, 1.25, 0.25], "texture": "#0"},
				"west": {"uv": [0.5625, 0, 1.3125, 0.25], "texture": "#0"},
				"up": {"uv": [0, 0.5625, 0.8125, 1.3125], "texture": "#0"},
				"down": {"uv": [0, 0.5625, 0.8125, 1.3125], "texture": "#0"}
			}
		},
		{
			"from": [0.0625, 13, -3.5],
			"to": [0.875, 14.5, -1.375],
			"faces": {
				"north": {"uv": [0.4375, 0, 1.25, 1.5], "texture": "#0"},
				"east": {"uv": [1.0625, 0, 3.1875, 1.5], "texture": "#0"},
				"south": {"uv": [0.4375, 0, 1.25, 1.5], "texture": "#0"},
				"west": {"uv": [1.0625, 0, 3.1875, 1.5], "texture": "#0"},
				"up": {"uv": [0, 1.0625, 0.8125, 3.1875], "texture": "#0"},
				"down": {"uv": [0, 1.0625, 0.8125, 3.1875], "texture": "#0"}
			}
		},
		{
			"from": [0.0625, 11.25, -3.5],
			"to": [0.875, 13, -2.375],
			"faces": {
				"north": {"uv": [0.4375, 0, 1.25, 1.75], "texture": "#0"},
				"east": {"uv": [0.5625, 0, 1.6875, 1.75], "texture": "#0"},
				"south": {"uv": [0.4375, 0, 1.25, 1.75], "texture": "#0"},
				"west": {"uv": [0.5625, 0, 1.6875, 1.75], "texture": "#0"},
				"up": {"uv": [0, 0.5625, 0.8125, 1.6875], "texture": "#0"},
				"down": {"uv": [0, 0.5625, 0.8125, 1.6875], "texture": "#0"}
			}
		},
		{
			"from": [0.0625, 12.875, -1.375],
			"to": [0.875, 15, 0.4375],
			"faces": {
				"north": {"uv": [0.4375, 0, 1.25, 2.125], "texture": "#0"},
				"east": {"uv": [1.8125, 0, 3.625, 2.125], "texture": "#0"},
				"south": {"uv": [0.4375, 0, 1.25, 2.125], "texture": "#0"},
				"west": {"uv": [1.8125, 0, 3.625, 2.125], "texture": "#0"},
				"up": {"uv": [0, 1.8125, 0.8125, 3.625], "texture": "#0"},
				"down": {"uv": [0, 1.8125, 0.8125, 3.625], "texture": "#0"}
			}
		},
		{
			"from": [0.0625, 12.375, 0.4375],
			"to": [0.875, 14.5625, 1.875],
			"faces": {
				"north": {"uv": [0.4375, 0, 1.25, 2.1875], "texture": "#0"},
				"east": {"uv": [1.4375, 0, 2.875, 2.1875], "texture": "#0"},
				"south": {"uv": [0.4375, 0, 1.25, 2.1875], "texture": "#0"},
				"west": {"uv": [1.4375, 0, 2.875, 2.1875], "texture": "#0"},
				"up": {"uv": [0, 1.4375, 0.8125, 2.875], "texture": "#0"},
				"down": {"uv": [0, 1.4375, 0.8125, 2.875], "texture": "#0"}
			}
		},
		{
			"from": [0.0625, 11.9375, 1.875],
			"to": [0.875, 14.125, 3.125],
			"faces": {
				"north": {"uv": [0.4375, 0, 1.25, 2.1875], "texture": "#0"},
				"east": {"uv": [0.75, 0, 2.125, 2.1875], "texture": "#0"},
				"south": {"uv": [0.4375, 0, 1.25, 2.1875], "texture": "#0"},
				"west": {"uv": [0.75, 0, 2.125, 2.1875], "texture": "#0"},
				"up": {"uv": [0, 0.75, 0.8125, 2.125], "texture": "#0"},
				"down": {"uv": [0, 0.75, 0.8125, 2.125], "texture": "#0"}
			}
		},
		{
			"from": [0.0625, 10.0625, 0.75],
			"to": [0.875, 10.4375, 3.25],
			"faces": {
				"north": {"uv": [0.4375, 0, 1.25, 0.375], "texture": "#0"},
				"east": {"uv": [2.25, 0, 4.75, 0.375], "texture": "#0"},
				"south": {"uv": [0.4375, 0, 1.25, 0.375], "texture": "#0"},
				"west": {"uv": [2.25, 0, 4.75, 0.375], "texture": "#0"},
				"up": {"uv": [0, 2.25, 0.8125, 4.75], "texture": "#0"},
				"down": {"uv": [0, 2.25, 0.8125, 4.75], "texture": "#0"}
			}
		},
		{
			"from": [0.0625, 10.1875, -1.125],
			"to": [0.875, 10.5625, 0.75],
			"faces": {
				"north": {"uv": [0.4375, 0, 1.25, 0.375], "texture": "#0"},
				"east": {"uv": [1.875, 0, 3.75, 0.375], "texture": "#0"},
				"south": {"uv": [0.4375, 0, 1.25, 0.375], "texture": "#0"},
				"west": {"uv": [1.875, 0, 3.75, 0.375], "texture": "#0"},
				"up": {"uv": [0, 1.875, 0.8125, 3.75], "texture": "#0"},
				"down": {"uv": [0, 1.875, 0.8125, 3.75], "texture": "#0"}
			}
		},
		{
			"from": [0.0625, 10.4375, -1.875],
			"to": [0.875, 10.8125, -1.125],
			"faces": {
				"north": {"uv": [0.4375, 0, 1.25, 0.375], "texture": "#0"},
				"east": {"uv": [0.75, 0, 1.5, 0.375], "texture": "#0"},
				"south": {"uv": [0.4375, 0, 1.25, 0.375], "texture": "#0"},
				"west": {"uv": [0.75, 0, 1.5, 0.375], "texture": "#0"},
				"up": {"uv": [0, 0.75, 0.8125, 1.5], "texture": "#0"},
				"down": {"uv": [0, 0.75, 0.8125, 1.5], "texture": "#0"}
			}
		},
		{
			"from": [0.0625, 10.75, -2.375],
			"to": [0.875, 11.25, -1.8125],
			"faces": {
				"north": {"uv": [0.4375, 0, 1.25, 0.5], "texture": "#0"},
				"east": {"uv": [0.5625, 0, 1.125, 0.5], "texture": "#0"},
				"south": {"uv": [0.4375, 0, 1.25, 0.5], "texture": "#0"},
				"west": {"uv": [0.5625, 0, 1.125, 0.5], "texture": "#0"},
				"up": {"uv": [0, 0.5625, 0.8125, 1.125], "texture": "#0"},
				"down": {"uv": [0, 0.5625, 0.8125, 1.125], "texture": "#0"}
			}
		},
		{
			"from": [0.0625, 12.25, 11.3125],
			"to": [0.875, 15.6875, 12.0625],
			"faces": {
				"north": {"uv": [0, 0, 0.8125, 3.4375], "texture": "#0"},
				"east": {"uv": [0, 0, 0.75, 3.4375], "texture": "#0"},
				"south": {"uv": [0, 0, 0.8125, 3.4375], "texture": "#0"},
				"west": {"uv": [0, 0, 0.75, 3.4375], "texture": "#0"},
				"up": {"uv": [0, 0, 0.8125, 0.75], "texture": "#0"},
				"down": {"uv": [0, 0, 0.8125, 0.75], "texture": "#0"}
			}
		},
		{
			"from": [0.0625, 10.4375, 10.6875],
			"to": [0.875, 15.6875, 11.3125],
			"faces": {
				"north": {"uv": [0, 0, 0.8125, 5.25], "texture": "#0"},
				"east": {"uv": [0, 0, 0.625, 5.25], "texture": "#0"},
				"south": {"uv": [0, 0, 0.8125, 5.25], "texture": "#0"},
				"west": {"uv": [0, 0, 0.625, 5.25], "texture": "#0"},
				"up": {"uv": [0, 0, 0.8125, 0.625], "texture": "#0"},
				"down": {"uv": [0, 0, 0.8125, 0.625], "texture": "#0"}
			}
		},
		{
			"from": [0.0625, 11.25, 10.5],
			"to": [0.875, 13, 10.6875],
			"faces": {
				"north": {"uv": [0, 0, 0.8125, 1.75], "texture": "#0"},
				"east": {"uv": [0, 0, 0.1875, 1.75], "texture": "#0"},
				"south": {"uv": [0, 0, 0.8125, 1.75], "texture": "#0"},
				"west": {"uv": [0, 0, 0.1875, 1.75], "texture": "#0"},
				"up": {"uv": [0, 0, 0.8125, 0.1875], "texture": "#0"},
				"down": {"uv": [0, 0, 0.8125, 0.1875], "texture": "#0"}
			}
		},
		{
			"from": [0.0625, 13, 10.1875],
			"to": [0.875, 13.5625, 10.6875],
			"faces": {
				"north": {"uv": [0, 0, 0.8125, 0.5625], "texture": "#0"},
				"east": {"uv": [0, 0, 0.5, 0.5625], "texture": "#0"},
				"south": {"uv": [0, 0, 0.8125, 0.5625], "texture": "#0"},
				"west": {"uv": [0, 0, 0.5, 0.5625], "texture": "#0"},
				"up": {"uv": [0, 0, 0.8125, 0.5], "texture": "#0"},
				"down": {"uv": [0, 0, 0.8125, 0.5], "texture": "#0"}
			}
		},
		{
			"from": [0.0625, 10.75, 10.125],
			"to": [0.875, 11.25, 10.6875],
			"faces": {
				"north": {"uv": [0, 0, 0.8125, 0.5], "texture": "#0"},
				"east": {"uv": [0, 0, 0.5625, 0.5], "texture": "#0"},
				"south": {"uv": [0, 0, 0.8125, 0.5], "texture": "#0"},
				"west": {"uv": [0, 0, 0.5625, 0.5], "texture": "#0"},
				"up": {"uv": [0, 0, 0.8125, 0.5625], "texture": "#0"},
				"down": {"uv": [0, 0, 0.8125, 0.5625], "texture": "#0"}
			}
		},
		{
			"from": [0.0625, 10.4375, 9.625],
			"to": [0.875, 10.75, 10.6875],
			"faces": {
				"north": {"uv": [0, 0, 0.8125, 0.3125], "texture": "#0"},
				"east": {"uv": [0, 0, 1.0625, 0.3125], "texture": "#0"},
				"south": {"uv": [0, 0, 0.8125, 0.3125], "texture": "#0"},
				"west": {"uv": [0, 0, 1.0625, 0.3125], "texture": "#0"},
				"up": {"uv": [0, 0, 0.8125, 1.0625], "texture": "#0"},
				"down": {"uv": [0, 0, 0.8125, 1.0625], "texture": "#0"}
			}
		},
		{
			"from": [0.0625, 10.0625, 8.875],
			"to": [0.875, 10.4375, 9.5],
			"faces": {
				"north": {"uv": [0, 0, 0.8125, 0.375], "texture": "#0"},
				"east": {"uv": [0, 0, 0.625, 0.375], "texture": "#0"},
				"south": {"uv": [0, 0, 0.8125, 0.375], "texture": "#0"},
				"west": {"uv": [0, 0, 0.625, 0.375], "texture": "#0"},
				"up": {"uv": [0, 0, 0.8125, 0.625], "texture": "#0"},
				"down": {"uv": [0, 0, 0.8125, 0.625], "texture": "#0"}
			}
		},
		{
			"from": [0.0625, 12.5, 4.5625],
			"to": [0.875, 12.9375, 5.875],
			"faces": {
				"north": {"uv": [0, 0, 0.8125, 0.4375], "texture": "#0"},
				"east": {"uv": [0, 0, 1.3125, 0.4375], "texture": "#0"},
				"south": {"uv": [0, 0, 0.8125, 0.4375], "texture": "#0"},
				"west": {"uv": [0, 0, 1.3125, 0.4375], "texture": "#0"},
				"up": {"uv": [0, 0, 0.8125, 1.3125], "texture": "#0"},
				"down": {"uv": [0, 0, 0.8125, 1.3125], "texture": "#0"}
			}
		},
		{
			"from": [0.0625, 13.4375, 9.0625],
			"to": [0.875, 13.5625, 9.125],
			"faces": {
				"north": {"uv": [0, 0, 0.8125, 0.125], "texture": "#0"},
				"east": {"uv": [0, 0, 0.0625, 0.125], "texture": "#0"},
				"south": {"uv": [0, 0, 0.8125, 0.125], "texture": "#0"},
				"west": {"uv": [0, 0, 0.0625, 0.125], "texture": "#0"},
				"up": {"uv": [0, 0, 0.8125, 0.0625], "texture": "#0"},
				"down": {"uv": [0, 0, 0.8125, 0.0625], "texture": "#0"}
			}
		},
		{
			"from": [0.0625, 10.0625, -1.6875],
			"to": [0.875, 10.1875, 0.75],
			"faces": {
				"north": {"uv": [0.4375, 0, 1.25, 0.125], "texture": "#0"},
				"east": {"uv": [0.5625, 0, 3, 0.125], "texture": "#0"},
				"south": {"uv": [0.4375, 0, 1.25, 0.125], "texture": "#0"},
				"west": {"uv": [0.5625, 0, 3, 0.125], "texture": "#0"},
				"up": {"uv": [0, 0.5625, 0.8125, 3], "texture": "#0"},
				"down": {"uv": [0, 0.5625, 0.8125, 3], "texture": "#0"}
			}
		},
		{
			"from": [0.0625, 10.1875, -1.6875],
			"to": [0.875, 10.4375, -1.125],
			"faces": {
				"north": {"uv": [0.4375, 0, 1.25, 0.25], "texture": "#0"},
				"east": {"uv": [0.75, 0, 1.3125, 0.25], "texture": "#0"},
				"south": {"uv": [0.4375, 0, 1.25, 0.25], "texture": "#0"},
				"west": {"uv": [0.75, 0, 1.3125, 0.25], "texture": "#0"},
				"up": {"uv": [0, 0.75, 0.8125, 1.3125], "texture": "#0"},
				"down": {"uv": [0, 0.75, 0.8125, 1.3125], "texture": "#0"}
			}
		},
		{
			"from": [0.0625, 9.5625, -3.5],
			"to": [0.875, 11.25, -2.375],
			"faces": {
				"north": {"uv": [0.4375, 0, 1.25, 0.5], "texture": "#0"},
				"east": {"uv": [0.5625, 0, 1.6875, 0.5], "texture": "#0"},
				"south": {"uv": [0.4375, 0, 1.25, 0.5], "texture": "#0"},
				"west": {"uv": [0.5625, 0, 1.6875, 0.5], "texture": "#0"},
				"up": {"uv": [0, 0.5625, 0.8125, 1.6875], "texture": "#0"},
				"down": {"uv": [0, 0.5625, 0.8125, 1.6875], "texture": "#0"}
			}
		},
		{
			"from": [0.0625, 10.4375, -3.5],
			"to": [0.875, 10.75, -1.875],
			"faces": {
				"north": {"uv": [0.4375, 0, 1.25, 0.3125], "texture": "#0"},
				"east": {"uv": [0.5625, 0, 2.1875, 0.3125], "texture": "#0"},
				"south": {"uv": [0.4375, 0, 1.25, 0.3125], "texture": "#0"},
				"west": {"uv": [0.5625, 0, 2.1875, 0.3125], "texture": "#0"},
				"up": {"uv": [0, 0.5625, 0.8125, 2.1875], "texture": "#0"},
				"down": {"uv": [0, 0.5625, 0.8125, 2.1875], "texture": "#0"}
			}
		},
		{
			"from": [0.0625, 14.5625, -2.875],
			"to": [0.875, 15, -1.375],
			"faces": {
				"north": {"uv": [0.4375, 0, 1.25, 0.4375], "texture": "#0"},
				"east": {"uv": [2.625, 0, 4.125, 0.4375], "texture": "#0"},
				"south": {"uv": [0.4375, 0, 1.25, 0.4375], "texture": "#0"},
				"west": {"uv": [2.625, 0, 4.125, 0.4375], "texture": "#0"},
				"up": {"uv": [0, 2.625, 0.8125, 4.125], "texture": "#0"},
				"down": {"uv": [0, 2.625, 0.8125, 4.125], "texture": "#0"}
			}
		},
		{
			"from": [0.0625, 14.5, -4.0625],
			"to": [0.875, 14.5625, -1.375],
			"faces": {
				"north": {"uv": [0.4375, 0, 1.25, 0.0625], "texture": "#0"},
				"east": {"uv": [2.625, 0, 5.3125, 0.0625], "texture": "#0"},
				"south": {"uv": [0.4375, 0, 1.25, 0.0625], "texture": "#0"},
				"west": {"uv": [2.625, 0, 5.3125, 0.0625], "texture": "#0"},
				"up": {"uv": [0, 2.625, 0.8125, 5.3125], "texture": "#0"},
				"down": {"uv": [0, 2.625, 0.8125, 5.3125], "texture": "#0"}
			}
		},
		{
			"from": [0.0625, 14.5625, 0.4375],
			"to": [0.875, 14.8125, 1.3125],
			"faces": {
				"north": {"uv": [0.4375, 0, 1.25, 0.25], "texture": "#0"},
				"east": {"uv": [2.625, 0, 3.5, 0.25], "texture": "#0"},
				"south": {"uv": [0.4375, 0, 1.25, 0.25], "texture": "#0"},
				"west": {"uv": [2.625, 0, 3.5, 0.25], "texture": "#0"},
				"up": {"uv": [0, 2.625, 0.8125, 3.5], "texture": "#0"},
				"down": {"uv": [0, 2.625, 0.8125, 3.5], "texture": "#0"}
			}
		}
	],
	"display": {
		"thirdperson_righthand": {
			"rotation": [0, 180, 0],
			"translation": [-4.25, -1, -3.5],
			"scale": [0.48, 0.48, 0.48]
		},
		"thirdperson_lefthand": {
			"translation": [-4.25, -1, 0],
			"scale": [0.48, 0.48, 0.48]
		},
		"firstperson_righthand": {
			"rotation": [-48, -180, 0],
			"translation": [-8.75, -2, 3],
			"scale": [0.7, 0.7, 0.7]
		},
		"firstperson_lefthand": {
			"rotation": [-48, 0, 0],
			"translation": [-6, 0.75, 4.75],
			"scale": [0.7, 0.7, 0.7]
		},
		"ground": {
			"translation": [4, -0.75, 2],
			"scale": [0.6, 0.6, 0.6]
		},
		"gui": {
			"rotation": [0, 90, 0],
			"translation": [2.75, -2.75, 0],
			"scale": [0.7, 0.7, 0.7]
		},
		"head": {
			"rotation": [0, -90, 0],
			"translation": [-3, -5, -1.5],
			"scale": [0.74, 0.74, 0.74]
		},
		"fixed": {
			"rotation": [0, -90, 0],
			"translation": [-3.75, -2.5, 6.25]
		}
	},
	"groups": [
		{
			"name": "Mask",
			"children": [0, 1, 2, 3, 4, 5, 6, 7, 8, 9, 10, 11, 12, 13, 14, 15, 16, 17, 18, 19, 20, 21, 22, 23, 24, 25, 26, 27, 28, 29, 30, 31, 32, 33, 34, 35, 36, 37, 38, 39, 40, 41, 42, 43, 44, 45, 46, 47, 48, 49, 50, 51, 52, 53, 54, 55, 56, 57, 58, 59]
		}
	]
}