{
	"credit": "Made with Blockbench",
	"textures": {
		"0": "block/diamond_sword/89_2",
		"1": "block/weapons/iron_bars",
		"2": "block/diamond_sword/78_1",
		"3": "block/weapons/obsidian",
		"particle": "block/diamond_sword/89_2"
	},
	"elements": [
		{
			"from": [-0.375, 15.625, -0.0625],
			"to": [0.25, 17.4375, 2.125],
			"faces": {
				"north": {"uv": [3.5, 6.875, 3.938, 8.063], "texture": "#0"},
				"east": {"uv": [0, 0, 2.1875, 1.8125], "texture": "#0"},
				"south": {"uv": [0, 0, 0.625, 1.8125], "texture": "#0"},
				"west": {"uv": [0, 0, 2.1875, 1.8125], "texture": "#0"},
				"up": {"uv": [0, 0, 0.625, 2.1875], "texture": "#0"},
				"down": {"uv": [0, 0, 0.625, 2.1875], "texture": "#0"}
			}
		},
		{
			"from": [-0.8125, 15.6875, 0.0625],
			"to": [-0.375, 17.375, 2],
			"faces": {
				"north": {"uv": [3.5, 6.875, 3.938, 8.063], "texture": "#0"},
				"east": {"uv": [0, 0, 1.9375, 1.6875], "texture": "#0"},
				"south": {"uv": [0, 0, 0.4375, 1.6875], "texture": "#0"},
				"west": {"uv": [0, 0, 1.9375, 1.6875], "texture": "#0"},
				"up": {"uv": [0, 0, 0.4375, 1.9375], "texture": "#0"},
				"down": {"uv": [0, 0, 0.4375, 1.9375], "texture": "#0"}
			}
		},
		{
			"from": [-1.125, 15.5625, 0.25],
			"to": [-0.8125, 17.1875, 1.8125],
			"faces": {
				"north": {"uv": [3.5, 6.875, 3.938, 8.063], "texture": "#0"},
				"east": {"uv": [0, 0, 1.5625, 1.625], "texture": "#0"},
				"south": {"uv": [0, 0, 0.3125, 1.625], "texture": "#0"},
				"west": {"uv": [0, 0, 1.5625, 1.625], "texture": "#0"},
				"up": {"uv": [0, 0, 0.3125, 1.5625], "texture": "#0"},
				"down": {"uv": [0, 0, 0.3125, 1.5625], "texture": "#0"}
			}
		},
		{
			"from": [-1.4375, 15.375, 0.4375],
			"to": [-1.125, 17, 1.625],
			"faces": {
				"north": {"uv": [3.5, 6.875, 3.938, 8.063], "texture": "#0"},
				"east": {"uv": [0, 0, 1.1875, 1.625], "texture": "#0"},
				"south": {"uv": [0, 0, 0.3125, 1.625], "texture": "#0"},
				"west": {"uv": [0, 0, 1.1875, 1.625], "texture": "#0"},
				"up": {"uv": [0, 0, 0.3125, 1.1875], "texture": "#0"},
				"down": {"uv": [0, 0, 0.3125, 1.1875], "texture": "#0"}
			}
		},
		{
			"from": [-1.6875, 15.25, 0.8125],
			"to": [-1.4375, 16.625, 1.3125],
			"faces": {
				"north": {"uv": [3.5, 6.875, 3.938, 8.063], "texture": "#0"},
				"east": {"uv": [0, 0, 0.5, 1.375], "texture": "#0"},
				"south": {"uv": [0, 0, 0.25, 1.375], "texture": "#0"},
				"west": {"uv": [0, 0, 0.5, 1.375], "texture": "#0"},
				"up": {"uv": [0, 0, 0.25, 0.5], "texture": "#0"},
				"down": {"uv": [0, 0, 0.25, 0.5], "texture": "#0"}
			}
		},
		{
			"from": [-1.875, 15, 0.875],
			"to": [-1.6875, 16.1875, 1.1875],
			"faces": {
				"north": {"uv": [3.5, 6.875, 3.938, 8.063], "texture": "#0"},
				"east": {"uv": [0, 0, 0.3125, 1.1875], "texture": "#0"},
				"south": {"uv": [0, 0, 0.1875, 1.1875], "texture": "#0"},
				"west": {"uv": [0, 0, 0.3125, 1.1875], "texture": "#0"},
				"up": {"uv": [0, 0, 0.1875, 0.3125], "texture": "#0"},
				"down": {"uv": [0, 0, 0.1875, 0.3125], "texture": "#0"}
			}
		},
		{
			"from": [0.1875, 15.75, -0.4375],
			"to": [1, 17.875, 2.5],
			"faces": {
				"north": {"uv": [3.5, 6.875, 3.938, 8.063], "texture": "#0"},
				"east": {"uv": [0, 0, 2.9375, 2.125], "texture": "#0"},
				"south": {"uv": [0, 0, 0.75, 2.125], "texture": "#0"},
				"west": {"uv": [0, 0, 2.9375, 2.125], "texture": "#0"},
				"up": {"uv": [0, 0, 0.75, 2.9375], "texture": "#0"},
				"down": {"uv": [0, 0, 0.75, 2.9375], "texture": "#0"}
			}
		},
		{
			"from": [0.9375, 15.6875, -0.875],
			"to": [2.125, 18.0625, 2.9375],
			"faces": {
				"north": {"uv": [3.5, 6.875, 3.938, 8.063], "texture": "#0"},
				"east": {"uv": [0, 0, 3.8125, 2.375], "texture": "#0"},
				"south": {"uv": [0, 0, 1.125, 2.375], "texture": "#0"},
				"west": {"uv": [0, 0, 3.8125, 2.375], "texture": "#0"},
				"up": {"uv": [0, 0, 1.125, 3.8125], "texture": "#0"},
				"down": {"uv": [0, 0, 1.125, 3.8125], "texture": "#0"}
			}
		},
		{
			"from": [-2.0625, 14.75, 0.9375],
			"to": [-1.875, 15.6875, 1.25],
			"faces": {
				"north": {"uv": [3.5, 6.875, 3.938, 8.063], "texture": "#0"},
				"east": {"uv": [0, 0, 0.3125, 0.9375], "texture": "#0"},
				"south": {"uv": [0, 0, 0.1875, 0.9375], "texture": "#0"},
				"west": {"uv": [0, 0, 0.3125, 0.9375], "texture": "#0"},
				"up": {"uv": [0, 0, 0.1875, 0.3125], "texture": "#0"},
				"down": {"uv": [0, 0, 0.1875, 0.3125], "texture": "#0"}
			}
		},
		{
			"from": [1, 15.4375, -0.4375],
			"to": [2.125, 18.625, 2.5],
			"faces": {
				"north": {"uv": [3.5, 6.875, 3.938, 8.063], "texture": "#0"},
				"east": {"uv": [0, 0, 2.9375, 3.1875], "texture": "#0"},
				"south": {"uv": [0, 0, 1.125, 3.1875], "texture": "#0"},
				"west": {"uv": [0, 0, 2.9375, 3.1875], "texture": "#0"},
				"up": {"uv": [0, 0, 1.125, 2.9375], "texture": "#0"},
				"down": {"uv": [0, 0, 1.125, 2.9375], "texture": "#0"}
			}
		},
		{
			"from": [0.25, 15.5, -0.125],
			"to": [1, 18.375, 2.1875],
			"faces": {
				"north": {"uv": [3.5, 6.875, 3.938, 8.063], "texture": "#0"},
				"east": {"uv": [0, 0, 2.3125, 2.875], "texture": "#0"},
				"south": {"uv": [0, 0, 0.75, 2.875], "texture": "#0"},
				"west": {"uv": [0, 0, 2.3125, 2.875], "texture": "#0"},
				"up": {"uv": [0, 0, 0.75, 2.3125], "texture": "#0"},
				"down": {"uv": [0, 0, 0.75, 2.3125], "texture": "#0"}
			}
		},
		{
			"from": [-0.375, 15.625, 0.1875],
			"to": [0.25, 17.8125, 1.875],
			"faces": {
				"north": {"uv": [3.5, 6.875, 3.938, 8.063], "texture": "#0"},
				"east": {"uv": [0, 0, 1.6875, 2.1875], "texture": "#0"},
				"south": {"uv": [0, 0, 0.625, 2.1875], "texture": "#0"},
				"west": {"uv": [0, 0, 1.6875, 2.1875], "texture": "#0"},
				"up": {"uv": [0, 0, 0.625, 1.6875], "texture": "#0"},
				"down": {"uv": [0, 0, 0.625, 1.6875], "texture": "#0"}
			}
		},
		{
			"from": [2.125, 17.125, -0.9375],
			"to": [6.125, 17.75, -0.75],
			"faces": {
				"north": {"uv": [0, 0, 4, 0.625], "texture": "#2"},
				"east": {"uv": [0, 0, 0.1875, 0.625], "texture": "#2"},
				"south": {"uv": [0, 0, 4, 0.625], "texture": "#2"},
				"west": {"uv": [0, 0, 0.1875, 0.625], "texture": "#2"},
				"up": {"uv": [0, 0, 4, 0.1875], "texture": "#2"},
				"down": {"uv": [0, 0, 4, 0.1875], "texture": "#2"}
			}
		},
		{
			"from": [2.125, 17.125, 2.8125],
			"to": [6.125, 17.75, 3],
			"faces": {
				"north": {"uv": [0, 0, 4, 0.625], "texture": "#2"},
				"east": {"uv": [0, 0, 0.1875, 0.625], "texture": "#2"},
				"south": {"uv": [0, 0, 4, 0.625], "texture": "#2"},
				"west": {"uv": [0, 0, 0.1875, 0.625], "texture": "#2"},
				"up": {"uv": [0, 0, 4, 0.1875], "texture": "#2"},
				"down": {"uv": [0, 0, 4, 0.1875], "texture": "#2"}
			}
		},
		{
			"from": [5.9375, 17.125, -0.75],
			"to": [6.125, 17.75, 2.8125],
			"faces": {
				"north": {"uv": [0, 0, 0.1875, 0.625], "texture": "#2"},
				"east": {"uv": [0, 0, 3.5625, 0.625], "texture": "#2"},
				"south": {"uv": [0, 0, 0.1875, 0.625], "texture": "#2"},
				"west": {"uv": [0, 0, 3.5625, 0.625], "texture": "#2"},
				"up": {"uv": [0, 0, 0.1875, 3.5625], "texture": "#2"},
				"down": {"uv": [0, 0, 0.1875, 3.5625], "texture": "#2"}
			}
		},
		{
			"from": [0.5625, 17.6875, -1],
			"to": [1.25, 17.875, -0.4375],
			"faces": {
				"north": {"uv": [0, 0, 0.6875, 0.1875], "texture": "#1"},
				"east": {"uv": [0, 0, 0.5625, 0.1875], "texture": "#1"},
				"south": {"uv": [0, 0, 0.6875, 0.1875], "texture": "#1"},
				"west": {"uv": [0, 0, 0.5625, 0.1875], "texture": "#1"},
				"up": {"uv": [0, 0, 0.6875, 0.5625], "texture": "#1"},
				"down": {"uv": [0, 0, 0.6875, 0.5625], "texture": "#1"}
			}
		},
		{
			"from": [1.25, 16.9375, -1],
			"to": [1.4375, 17.6875, -0.875],
			"faces": {
				"north": {"uv": [0, 0, 0.1875, 0.75], "texture": "#1"},
				"east": {"uv": [0, 0, 0.125, 0.75], "texture": "#1"},
				"south": {"uv": [0, 0, 0.1875, 0.75], "texture": "#1"},
				"west": {"uv": [0, 0, 0.125, 0.75], "texture": "#1"},
				"up": {"uv": [0, 0, 0.1875, 0.125], "texture": "#1"},
				"down": {"uv": [0, 0, 0.1875, 0.125], "texture": "#1"}
			}
		},
		{
			"from": [0.5625, 16.75, -1],
			"to": [1.25, 16.9375, -0.4375],
			"faces": {
				"north": {"uv": [0, 0, 0.6875, 0.1875], "texture": "#1"},
				"east": {"uv": [0, 0, 0.5625, 0.1875], "texture": "#1"},
				"south": {"uv": [0, 0, 0.6875, 0.1875], "texture": "#1"},
				"west": {"uv": [0, 0, 0.5625, 0.1875], "texture": "#1"},
				"up": {"uv": [0, 0, 0.6875, 0.5625], "texture": "#1"},
				"down": {"uv": [0, 0, 0.6875, 0.5625], "texture": "#1"}
			}
		},
		{
			"from": [0.375, 16.9375, -0.625],
			"to": [0.5625, 17.6875, -0.4375],
			"faces": {
				"north": {"uv": [0, 0, 0.1875, 0.75], "texture": "#1"},
				"east": {"uv": [0, 0, 0.1875, 0.75], "texture": "#1"},
				"south": {"uv": [0, 0, 0.1875, 0.75], "texture": "#1"},
				"west": {"uv": [0, 0, 0.1875, 0.75], "texture": "#1"},
				"up": {"uv": [0, 0, 0.1875, 0.1875], "texture": "#1"},
				"down": {"uv": [0, 0, 0.1875, 0.1875], "texture": "#1"}
			}
		},
		{
			"from": [0.375, 16.9375, -0.8125],
			"to": [0.5625, 17.125, -0.625],
			"faces": {
				"north": {"uv": [0, 0, 0.1875, 0.1875], "texture": "#1"},
				"east": {"uv": [0, 0, 0.1875, 0.1875], "texture": "#1"},
				"south": {"uv": [0, 0, 0.1875, 0.1875], "texture": "#1"},
				"west": {"uv": [0, 0, 0.1875, 0.1875], "texture": "#1"},
				"up": {"uv": [0, 0, 0.1875, 0.1875], "texture": "#1"},
				"down": {"uv": [0, 0, 0.1875, 0.1875], "texture": "#1"}
			}
		},
		{
			"from": [0.375, 17.5, -0.8125],
			"to": [0.5625, 17.6875, -0.625],
			"faces": {
				"north": {"uv": [0, 0, 0.1875, 0.1875], "texture": "#1"},
				"east": {"uv": [0, 0, 0.1875, 0.1875], "texture": "#1"},
				"south": {"uv": [0, 0, 0.1875, 0.1875], "texture": "#1"},
				"west": {"uv": [0, 0, 0.1875, 0.1875], "texture": "#1"},
				"up": {"uv": [0, 0, 0.1875, 0.1875], "texture": "#1"},
				"down": {"uv": [0, 0, 0.1875, 0.1875], "texture": "#1"}
			}
		},
		{
			"from": [0.5625, 16.75, 2.5],
			"to": [1.25, 16.9375, 3.0625],
			"faces": {
				"north": {"uv": [0.6875, 0, 1.375, 0.1875], "texture": "#1"},
				"east": {"uv": [0.5625, 0, 1.125, 0.1875], "texture": "#1"},
				"south": {"uv": [0.6875, 0, 1.375, 0.1875], "texture": "#1"},
				"west": {"uv": [0.5625, 0, 1.125, 0.1875], "texture": "#1"},
				"up": {"uv": [0, 0.5625, 0.6875, 1.125], "texture": "#1"},
				"down": {"uv": [0, 0.5625, 0.6875, 1.125], "texture": "#1"}
			}
		},
		{
			"from": [0.375, 16.9375, 2.6875],
			"to": [0.5625, 17.125, 2.875],
			"faces": {
				"north": {"uv": [0.1875, 0, 0.375, 0.1875], "texture": "#1"},
				"east": {"uv": [0.1875, 0, 0.375, 0.1875], "texture": "#1"},
				"south": {"uv": [0.1875, 0, 0.375, 0.1875], "texture": "#1"},
				"west": {"uv": [0.1875, 0, 0.375, 0.1875], "texture": "#1"},
				"up": {"uv": [0, 0.1875, 0.1875, 0.375], "texture": "#1"},
				"down": {"uv": [0, 0.1875, 0.1875, 0.375], "texture": "#1"}
			}
		},
		{
			"from": [0.375, 16.9375, 2.5],
			"to": [0.5625, 17.6875, 2.6875],
			"faces": {
				"north": {"uv": [0.1875, 0, 0.375, 0.75], "texture": "#1"},
				"east": {"uv": [0.1875, 0, 0.375, 0.75], "texture": "#1"},
				"south": {"uv": [0.1875, 0, 0.375, 0.75], "texture": "#1"},
				"west": {"uv": [0.1875, 0, 0.375, 0.75], "texture": "#1"},
				"up": {"uv": [0, 0.1875, 0.1875, 0.375], "texture": "#1"},
				"down": {"uv": [0, 0.1875, 0.1875, 0.375], "texture": "#1"}
			}
		},
		{
			"from": [0.375, 17.5, 2.6875],
			"to": [0.5625, 17.6875, 2.875],
			"faces": {
				"north": {"uv": [0.1875, 0, 0.375, 0.1875], "texture": "#1"},
				"east": {"uv": [0.1875, 0, 0.375, 0.1875], "texture": "#1"},
				"south": {"uv": [0.1875, 0, 0.375, 0.1875], "texture": "#1"},
				"west": {"uv": [0.1875, 0, 0.375, 0.1875], "texture": "#1"},
				"up": {"uv": [0, 0.1875, 0.1875, 0.375], "texture": "#1"},
				"down": {"uv": [0, 0.1875, 0.1875, 0.375], "texture": "#1"}
			}
		},
		{
			"from": [0.5625, 17.6875, 2.5],
			"to": [1.25, 17.875, 3.0625],
			"faces": {
				"north": {"uv": [0.6875, 0, 1.375, 0.1875], "texture": "#1"},
				"east": {"uv": [0.5625, 0, 1.125, 0.1875], "texture": "#1"},
				"south": {"uv": [0.6875, 0, 1.375, 0.1875], "texture": "#1"},
				"west": {"uv": [0.5625, 0, 1.125, 0.1875], "texture": "#1"},
				"up": {"uv": [0, 0.5625, 0.6875, 1.125], "texture": "#1"},
				"down": {"uv": [0, 0.5625, 0.6875, 1.125], "texture": "#1"}
			}
		},
		{
			"from": [1.25, 16.9375, 2.9375],
			"to": [1.4375, 17.6875, 3.0625],
			"faces": {
				"north": {"uv": [0.1875, 0, 0.375, 0.75], "texture": "#1"},
				"east": {"uv": [0.125, 0, 0.25, 0.75], "texture": "#1"},
				"south": {"uv": [0.1875, 0, 0.375, 0.75], "texture": "#1"},
				"west": {"uv": [0.125, 0, 0.25, 0.75], "texture": "#1"},
				"up": {"uv": [0, 0.125, 0.1875, 0.25], "texture": "#1"},
				"down": {"uv": [0, 0.125, 0.1875, 0.25], "texture": "#1"}
			}
		},
		{
			"from": [0.6875, 16.9375, 2.9375],
			"to": [1.25, 17.6875, 3],
			"faces": {
				"north": {"uv": [0.1875, 0, 0.75, 0.75], "texture": "#3"},
				"east": {"uv": [0.125, 0, 0.1875, 0.75], "texture": "#3"},
				"south": {"uv": [0.1875, 0, 0.75, 0.75], "texture": "#3"},
				"west": {"uv": [0.125, 0, 0.1875, 0.75], "texture": "#3"},
				"up": {"uv": [0, 0.125, 0.5625, 0.1875], "texture": "#3"},
				"down": {"uv": [0, 0.125, 0.5625, 0.1875], "texture": "#3"}
			}
		},
		{
			"from": [0.6875, 16.9375, 2.6875],
			"to": [0.75, 17.6875, 2.9375],
			"faces": {
				"north": {"uv": [0.1875, 0, 0.25, 0.75], "texture": "#3"},
				"east": {"uv": [0.125, 0, 0.375, 0.75], "texture": "#3"},
				"south": {"uv": [0.1875, 0, 0.25, 0.75], "texture": "#3"},
				"west": {"uv": [0.125, 0, 0.375, 0.75], "texture": "#3"},
				"up": {"uv": [0, 0.125, 0.0625, 0.375], "texture": "#3"},
				"down": {"uv": [0, 0.125, 0.0625, 0.375], "texture": "#3"}
			}
		},
		{
			"from": [0.5625, 16.9375, 2.625],
			"to": [0.6875, 17.6875, 2.6875],
			"faces": {
				"north": {"uv": [0.1875, 0, 0.3125, 0.75], "texture": "#3"},
				"east": {"uv": [0.125, 0, 0.1875, 0.75], "texture": "#3"},
				"south": {"uv": [0.1875, 0, 0.3125, 0.75], "texture": "#3"},
				"west": {"uv": [0.125, 0, 0.1875, 0.75], "texture": "#3"},
				"up": {"uv": [0, 0.125, 0.125, 0.1875], "texture": "#3"},
				"down": {"uv": [0, 0.125, 0.125, 0.1875], "texture": "#3"}
			}
		},
		{
			"from": [0.5625, 16.9375, -0.625],
			"to": [0.6875, 17.6875, -0.5625],
			"faces": {
				"north": {"uv": [0.3125, 0, 0.4375, 0.75], "texture": "#3"},
				"east": {"uv": [0.1875, 0, 0.25, 0.75], "texture": "#3"},
				"south": {"uv": [0.3125, 0, 0.4375, 0.75], "texture": "#3"},
				"west": {"uv": [0.1875, 0, 0.25, 0.75], "texture": "#3"},
				"up": {"uv": [0, 0.1875, 0.125, 0.25], "texture": "#3"},
				"down": {"uv": [0, 0.1875, 0.125, 0.25], "texture": "#3"}
			}
		},
		{
			"from": [0.6875, 16.9375, -0.875],
			"to": [0.75, 17.6875, -0.625],
			"faces": {
				"north": {"uv": [0.25, 0, 0.3125, 0.75], "texture": "#3"},
				"east": {"uv": [0.375, 0, 0.625, 0.75], "texture": "#3"},
				"south": {"uv": [0.25, 0, 0.3125, 0.75], "texture": "#3"},
				"west": {"uv": [0.375, 0, 0.625, 0.75], "texture": "#3"},
				"up": {"uv": [0, 0.375, 0.0625, 0.625], "texture": "#3"},
				"down": {"uv": [0, 0.375, 0.0625, 0.625], "texture": "#3"}
			}
		},
		{
			"from": [0.6875, 16.9375, -0.9375],
			"to": [1.25, 17.6875, -0.875],
			"faces": {
				"north": {"uv": [0.75, 0, 1.3125, 0.75], "texture": "#3"},
				"east": {"uv": [0.1875, 0, 0.25, 0.75], "texture": "#3"},
				"south": {"uv": [0.75, 0, 1.3125, 0.75], "texture": "#3"},
				"west": {"uv": [0.1875, 0, 0.25, 0.75], "texture": "#3"},
				"up": {"uv": [0, 0.1875, 0.5625, 0.25], "texture": "#3"},
				"down": {"uv": [0, 0.1875, 0.5625, 0.25], "texture": "#3"}
			}
		}
	],
	"display": {
		"thirdperson_righthand": {
			"rotation": [0, -90, 13],
			"translation": [-7.25, -9, 6.25]
		},
		"thirdperson_lefthand": {
			"rotation": [0, 90, -14],
			"translation": [7, -8.75, 5.75]
		},
		"firstperson_righthand": {
			"rotation": [0, -180, 10],
			"translation": [-3.5, -5.75, -7.5]
		},
		"firstperson_lefthand": {
			"rotation": [0, -180, 10],
			"translation": [7.75, -6.75, -7.5]
		},
		"gui": {
			"rotation": [0, 42, 30],
			"translation": [12, -3, 0.25],
			"scale": [1.14, 1.13, 1.14]
		},
		"head": {
			"rotation": [0, -90, 0],
			"translation": [-23, -30.75, 13],
			"scale": [3.3, 3.3, 3.33]
		},
		"fixed": {
			"rotation": [0, -90, 78],
			"translation": [-14, 8.75, 18],
			"scale": [2, 2, 2]
		}
	}
}