{
	"credit": "Made By Bailey",
	"textures": {
		"texture_bottom": "block/diamond_sword/20_1",
		"texture_top": "block/diamond_sword/20_2",
		"particle": "block/diamond_sword/20_0"
	},
	"elements": [
		{
			"name": "cube",
			"from": [7, 6, 7.5],
			"to": [9, 12, 8.5],
			"faces": {
				"north": {
					"uv": [4, 2.5, 6, 8.5],
					"texture": "#texture_bottom"
				},
				"east": {
					"uv": [5.5, 2.5, 4.5, 8.5],
					"texture": "#texture_bottom"
				},
				"south": {
					"uv": [6, 2.5, 4, 8.5],
					"texture": "#texture_bottom"
				},
				"west": {
					"uv": [4.5, 2.5, 5.5, 8.5],
					"texture": "#texture_bottom"
				}
			}
		},
		{
			"name": "cube",
			"from": [7.5, 6, 7],
			"to": [8.5, 12, 9],
			"faces": {
				"north": {
					"uv": [4.5, 2.5, 5.5, 8.5],
					"texture": "#texture_bottom"
				},
				"east": {
					"uv": [6, 2.5, 4, 8.5],
					"texture": "#texture_bottom"
				},
				"south": {
					"uv": [5.5, 2.5, 4.5, 8.5],
					"texture": "#texture_bottom"
				},
				"west": {
					"uv": [4, 2.5, 6, 8.5],
					"texture": "#texture_bottom"
				}
			}
		},
		{
			"name": "cube",
			"from": [7.5, 9.5, 6.5],
			"to": [8.5, 10, 9.5],
			"faces": {
				"north": {
					"uv": [3.5, 4.5, 4, 5],
					"texture": "#texture_bottom"
				},
				"east": {
					"uv": [3.5, 4.5, 6.5, 5],
					"texture": "#texture_bottom"
				},
				"south": {
					"uv": [6, 4.5, 6.5, 5],
					"texture": "#texture_bottom"
				},
				"west": {
					"uv": [3.5, 4.5, 6.5, 5],
					"texture": "#texture_bottom"
				},
				"down": {
					"uv": [4, 5, 3.5, 4.5],
					"texture": "#texture_bottom",
					"rotation": 270
				}
			}
		},
		{
			"name": "cube",
			"from": [7, 10, 6.5],
			"to": [9, 11.5, 9.5],
			"faces": {
				"north": {
					"uv": [3.5, 3, 4, 4.5],
					"texture": "#texture_bottom"
				},
				"east": {
					"uv": [3.5, 3, 6.5, 4.5],
					"texture": "#texture_bottom"
				},
				"south": {
					"uv": [3.5, 3, 4, 4.5],
					"texture": "#texture_bottom"
				},
				"west": {
					"uv": [3.5, 3, 6.5, 4.5],
					"texture": "#texture_bottom"
				},
				"up": {
					"uv": [4, 3.5, 6, 4],
					"texture": "#texture_bottom",
					"rotation": 180
				},
				"down": {
					"uv": [4, 4.5, 3.5, 4],
					"texture": "#texture_bottom",
					"rotation": 270
				}
			}
		},
		{
			"name": "cube",
			"from": [7.5, 10, 6],
			"to": [8.5, 10.5, 10],
			"faces": {
				"north": {
					"uv": [3, 4, 3.5, 4.5],
					"texture": "#texture_bottom"
				},
				"east": {
					"uv": [3, 4, 7, 4.5],
					"texture": "#texture_bottom"
				},
				"south": {
					"uv": [3, 4, 3.5, 4.5],
					"texture": "#texture_bottom"
				},
				"west": {
					"uv": [3, 4, 7, 4.5],
					"texture": "#texture_bottom"
				},
				"up": {
					"uv": [3, 4, 3.5, 4.5],
					"texture": "#texture_bottom",
					"rotation": 90
				},
				"down": {
					"uv": [3.5, 4.5, 3, 4],
					"texture": "#texture_bottom",
					"rotation": 270
				}
			}
		},
		{
			"name": "cube",
			"from": [7, 10.5, 6],
			"to": [9, 12, 6.5],
			"faces": {
				"north": {
					"uv": [3, 2.5, 3.5, 4],
					"texture": "#texture_bottom"
				},
				"east": {
					"uv": [6.5, 2.5, 7, 4],
					"texture": "#texture_bottom"
				},
				"south": {
					"uv": [6.5, 2.5, 7, 4],
					"texture": "#texture_bottom"
				},
				"west": {
					"uv": [3, 2.5, 3.5, 4],
					"texture": "#texture_bottom"
				},
				"up": {
					"uv": [4, 6.5, 6, 7],
					"texture": "#texture_bottom",
					"rotation": 180
				},
				"down": {
					"uv": [3.5, 4, 3, 3.5],
					"texture": "#texture_bottom",
					"rotation": 270
				}
			}
		},
		{
			"name": "cube",
			"from": [7.5, 10.5, 5.5],
			"to": [8.5, 12.5, 6],
			"faces": {
				"north": {
					"uv": [2.5, 2, 3, 4],
					"texture": "#texture_bottom"
				},
				"east": {
					"uv": [7, 2, 7.5, 4],
					"texture": "#texture_bottom"
				},
				"south": {
					"uv": [7, 2, 7.5, 4],
					"texture": "#texture_bottom"
				},
				"west": {
					"uv": [2.5, 2, 3, 4],
					"texture": "#texture_bottom"
				},
				"up": {
					"uv": [2.5, 2, 3, 2.5],
					"texture": "#texture_bottom",
					"rotation": 90
				},
				"down": {
					"uv": [3, 4, 2.5, 3.5],
					"texture": "#texture_bottom",
					"rotation": 270
				}
			}
		},
		{
			"name": "cube",
			"from": [7.75, 11.5, 5],
			"to": [8.25, 13.5, 5.5],
			"faces": {
				"north": {
					"uv": [7.5, 1, 8, 3],
					"texture": "#texture_bottom"
				},
				"east": {
					"uv": [7.5, 1, 8, 3],
					"texture": "#texture_bottom"
				},
				"south": {
					"uv": [2, 1, 2.5, 3],
					"texture": "#texture_bottom"
				},
				"west": {
					"uv": [2, 1, 2.5, 3],
					"texture": "#texture_bottom"
				},
				"up": {
					"uv": [2, 1, 2.5, 1.5],
					"texture": "#texture_bottom",
					"rotation": 90
				},
				"down": {
					"uv": [2.5, 3, 2, 2.5],
					"texture": "#texture_bottom",
					"rotation": 270
				}
			}
		},
		{
			"name": "cube",
			"from": [7.75, 13, 4.5],
			"to": [8.25, 14, 5],
			"faces": {
				"north": {
					"uv": [1.5, 0.5, 2, 1.5],
					"texture": "#texture_bottom"
				},
				"east": {
					"uv": [8, 0.5, 8.5, 1.5],
					"texture": "#texture_bottom"
				},
				"south": {
					"uv": [8, 0.5, 8.5, 1.5],
					"texture": "#texture_bottom"
				},
				"west": {
					"uv": [1.5, 0.5, 2, 1.5],
					"texture": "#texture_bottom"
				},
				"up": {
					"uv": [1.5, 0.5, 2, 1],
					"texture": "#texture_bottom",
					"rotation": 90
				},
				"down": {
					"uv": [1.5, 1, 2, 1.5],
					"texture": "#texture_bottom",
					"rotation": 270
				}
			}
		},
		{
			"name": "cube",
			"from": [7, 9.5, 7],
			"to": [9, 10, 9],
			"faces": {
				"north": {
					"uv": [4, 4.5, 6, 5],
					"texture": "#texture_bottom"
				},
				"east": {
					"uv": [4, 4.5, 6, 5],
					"texture": "#texture_bottom"
				},
				"south": {
					"uv": [4, 4.5, 6, 5],
					"texture": "#texture_bottom"
				},
				"west": {
					"uv": [4, 4.5, 6, 5],
					"texture": "#texture_bottom"
				},
				"down": {
					"uv": [6, 4.5, 5.5, 4],
					"texture": "#texture_bottom",
					"rotation": 270
				}
			}
		},
		{
			"name": "cube",
			"from": [7.75, 6.5, 6.5],
			"to": [8.25, 7, 9.5],
			"faces": {
				"north": {
					"uv": [3.5, 7.5, 4, 8],
					"texture": "#texture_bottom"
				},
				"east": {
					"uv": [3.5, 7.5, 6.5, 8],
					"texture": "#texture_bottom"
				},
				"south": {
					"uv": [3.5, 7.5, 4, 8],
					"texture": "#texture_bottom"
				},
				"west": {
					"uv": [3.5, 7.5, 6.5, 8],
					"texture": "#texture_bottom"
				},
				"down": {
					"uv": [4, 8, 3.5, 7.5],
					"texture": "#texture_bottom",
					"rotation": 270
				}
			}
		},
		{
			"name": "cube",
			"from": [7.5, 7, 6.5],
			"to": [8.5, 8, 9.5],
			"faces": {
				"north": {
					"uv": [4.5, 5, 5.5, 6],
					"texture": "#texture_bottom"
				},
				"east": {
					"uv": [3.5, 6.5, 6.5, 7.5],
					"texture": "#texture_bottom"
				},
				"south": {
					"uv": [4.5, 5, 5.5, 6],
					"texture": "#texture_bottom"
				},
				"west": {
					"uv": [3.5, 6.5, 6.5, 7.5],
					"texture": "#texture_bottom"
				},
				"up": {
					"uv": [3.5, 6.5, 4, 7],
					"texture": "#texture_bottom",
					"rotation": 90
				},
				"down": {
					"uv": [4, 7.5, 3.5, 7],
					"texture": "#texture_bottom",
					"rotation": 270
				}
			}
		},
		{
			"name": "cube",
			"from": [7.75, 7, 6],
			"to": [8.25, 7.5, 10],
			"faces": {
				"north": {
					"uv": [6.5, 7, 7, 7.5],
					"texture": "#texture_bottom"
				},
				"east": {
					"uv": [6.5, 7, 7, 7.5],
					"texture": "#texture_bottom"
				},
				"south": {
					"uv": [3, 7, 3.5, 7.5],
					"texture": "#texture_bottom"
				},
				"west": {
					"uv": [3, 7, 3.5, 7.5],
					"texture": "#texture_bottom"
				},
				"down": {
					"uv": [3.5, 7.5, 3, 7],
					"texture": "#texture_bottom",
					"rotation": 270
				}
			}
		},
		{
			"name": "cube",
			"from": [7.5, 7.5, 6],
			"to": [8.5, 8, 10],
			"faces": {
				"north": {
					"uv": [3, 6.5, 3.5, 7],
					"texture": "#texture_bottom"
				},
				"east": {
					"uv": [3, 6.5, 7, 7],
					"texture": "#texture_bottom"
				},
				"south": {
					"uv": [3, 6.5, 3.5, 7],
					"texture": "#texture_bottom"
				},
				"west": {
					"uv": [3, 6.5, 7, 7],
					"texture": "#texture_bottom"
				},
				"up": {
					"uv": [3, 6.5, 7, 7],
					"texture": "#texture_bottom",
					"rotation": 90
				},
				"down": {
					"uv": [3.5, 7, 3, 6.5],
					"texture": "#texture_bottom",
					"rotation": 270
				}
			}
		},
		{
			"name": "cube",
			"from": [7.75, 7.5, 5.5],
			"to": [8.25, 8.5, 6.5],
			"faces": {
				"north": {
					"uv": [2.5, 6, 3, 7],
					"texture": "#texture_bottom"
				},
				"east": {
					"uv": [6.5, 6, 7.5, 7],
					"texture": "#texture_bottom"
				},
				"south": {
					"uv": [3, 6, 3.5, 7],
					"texture": "#texture_bottom"
				},
				"west": {
					"uv": [2.5, 6, 3.5, 7],
					"texture": "#texture_bottom"
				},
				"up": {
					"uv": [2.5, 6, 3.5, 6.5],
					"texture": "#texture_bottom",
					"rotation": 90
				},
				"down": {
					"uv": [3.5, 7, 2.5, 6.5],
					"texture": "#texture_bottom",
					"rotation": 270
				}
			}
		},
		{
			"name": "cube",
			"from": [7.5, -8.5, 7],
			"to": [8.5, 6, 9],
			"faces": {
				"north": {
					"uv": [11.5, 0.5, 12.5, 15],
					"texture": "#texture_bottom",
					"cullface": "down"
				},
				"east": {
					"uv": [13, 0.5, 11, 15],
					"texture": "#texture_bottom",
					"cullface": "down"
				},
				"south": {
					"uv": [12.5, 0.5, 11.5, 15],
					"texture": "#texture_bottom",
					"cullface": "down"
				},
				"west": {
					"uv": [11, 0.5, 13, 15],
					"texture": "#texture_bottom",
					"cullface": "down"
				}
			}
		},
		{
			"name": "cube",
			"from": [7, -8.5, 7.5],
			"to": [9, 6, 8.5],
			"faces": {
				"north": {
					"uv": [11, 0.5, 13, 15],
					"texture": "#texture_bottom",
					"cullface": "down"
				},
				"east": {
					"uv": [12.5, 0.5, 11.5, 15],
					"texture": "#texture_bottom",
					"cullface": "down"
				},
				"south": {
					"uv": [13, 0.5, 11, 15],
					"texture": "#texture_bottom",
					"cullface": "down"
				},
				"west": {
					"uv": [11.5, 0.5, 12.5, 15],
					"texture": "#texture_bottom",
					"cullface": "down"
				}
			}
		},
		{
			"name": "cube",
			"from": [7, 12, 7],
			"to": [9, 13, 9],
			"faces": {
				"north": {
					"uv": [7, 15.5, 9, 16],
					"texture": "#texture_top"
				},
				"east": {
					"uv": [7, 15.5, 9, 16],
					"texture": "#texture_top"
				},
				"south": {
					"uv": [7, 15.5, 9, 16],
					"texture": "#texture_top"
				},
				"west": {
					"uv": [7, 15.5, 9, 16],
					"texture": "#texture_top"
				},
				"down": {
					"uv": [7, 15.5, 9, 16],
					"texture": "#texture_top",
					"rotation": 270
				}
			}
		},
		{
			"name": "cube",
			"from": [6.5, 13, 7.5],
			"to": [9.5, 13.5, 8.5],
			"faces": {
				"north": {
					"uv": [6.5, 14.5, 9.5, 15],
					"texture": "#texture_top"
				},
				"east": {
					"uv": [7.5, 14.5, 8.5, 15],
					"texture": "#texture_top"
				},
				"south": {
					"uv": [6.5, 14.5, 9.5, 15],
					"texture": "#texture_top"
				},
				"west": {
					"uv": [7.5, 14.5, 8.5, 15],
					"texture": "#texture_top"
				},
				"down": {
					"uv": [7.5, 14.5, 8.5, 15],
					"texture": "#texture_top",
					"rotation": 270
				}
			}
		},
		{
			"name": "cube",
			"from": [7.5, 12.5, 6.5],
			"to": [8.5, 13, 9.5],
			"faces": {
				"north": {
					"uv": [7.5, 15, 8.5, 15.5],
					"texture": "#texture_top"
				},
				"east": {
					"uv": [6.5, 15, 9.5, 15.5],
					"texture": "#texture_top"
				},
				"south": {
					"uv": [7.5, 15, 8.5, 15.5],
					"texture": "#texture_top"
				},
				"west": {
					"uv": [6.5, 15, 9.5, 15.5],
					"texture": "#texture_top"
				},
				"down": {
					"uv": [7.5, 15, 8.5, 15.5],
					"texture": "#texture_top",
					"rotation": 270
				}
			}
		},
		{
			"name": "cube",
			"from": [7, 13, 6.5],
			"to": [9, 14.5, 9.5],
			"faces": {
				"north": {
					"uv": [7, 13.5, 9, 15],
					"texture": "#texture_top"
				},
				"east": {
					"uv": [6.5, 13.5, 9.5, 15],
					"texture": "#texture_top"
				},
				"south": {
					"uv": [7, 13.5, 9, 15],
					"texture": "#texture_top"
				},
				"west": {
					"uv": [6.5, 13.5, 9.5, 15],
					"texture": "#texture_top"
				},
				"down": {
					"uv": [6.5, 14.5, 9.5, 15],
					"texture": "#texture_top",
					"rotation": 270
				}
			}
		},
		{
			"name": "cube",
			"from": [6.5, 14.5, 6.5],
			"to": [9.5, 15, 9.5],
			"faces": {
				"north": {
					"uv": [6.5, 13, 9.5, 13.5],
					"texture": "#texture_top"
				},
				"east": {
					"uv": [6.5, 13, 9.5, 13.5],
					"texture": "#texture_top"
				},
				"south": {
					"uv": [6.5, 13, 9.5, 13.5],
					"texture": "#texture_top"
				},
				"west": {
					"uv": [6.5, 13, 9.5, 13.5],
					"texture": "#texture_top"
				},
				"down": {
					"uv": [6.5, 13, 9.5, 13.5],
					"texture": "#texture_top"
				}
			}
		},
		{
			"name": "cube",
			"from": [6.5, 13.5, 7],
			"to": [9.5, 14.5, 9],
			"faces": {
				"north": {
					"uv": [6.5, 13.5, 9.5, 14.5],
					"texture": "#texture_top"
				},
				"east": {
					"uv": [7, 13.5, 9, 14.5],
					"texture": "#texture_top"
				},
				"south": {
					"uv": [9.5, 13.5, 6.5, 14.5],
					"texture": "#texture_top"
				},
				"west": {
					"uv": [7, 13.5, 9, 14.5],
					"texture": "#texture_top"
				},
				"down": {
					"uv": [6.5, 14, 9.5, 14.5],
					"texture": "#texture_top",
					"rotation": 270
				}
			}
		},
		{
			"name": "cube",
			"from": [7.5, 13.5, 6],
			"to": [8.5, 14, 10],
			"faces": {
				"north": {
					"uv": [7.5, 14, 8.5, 14.5],
					"texture": "#texture_top"
				},
				"east": {
					"uv": [6, 14, 10, 14.5],
					"texture": "#texture_top"
				},
				"south": {
					"uv": [7.5, 14, 8.5, 14.5],
					"texture": "#texture_top"
				},
				"west": {
					"uv": [6, 14, 10, 14.5],
					"texture": "#texture_top"
				},
				"down": {
					"uv": [6, 14, 10, 14.5],
					"texture": "#texture_top",
					"rotation": 270
				}
			}
		},
		{
			"name": "cube",
			"from": [7, 14, 6],
			"to": [9, 15, 10],
			"faces": {
				"north": {
					"uv": [7, 13, 9.25, 14],
					"texture": "#texture_top"
				},
				"east": {
					"uv": [6, 13, 10, 14],
					"texture": "#texture_top"
				},
				"south": {
					"uv": [7, 13, 9.25, 14],
					"texture": "#texture_top"
				},
				"west": {
					"uv": [6, 13, 10, 14],
					"texture": "#texture_top"
				},
				"down": {
					"uv": [6, 13.5, 10, 14],
					"texture": "#texture_top",
					"rotation": 270
				}
			}
		},
		{
			"name": "cube",
			"from": [7.5, 14.5, 5.5],
			"to": [8.5, 15, 10.5],
			"faces": {
				"north": {
					"uv": [7.5, 13.5, 8.5, 14],
					"texture": "#texture_top"
				},
				"east": {
					"uv": [5.5, 13, 10.5, 13.5],
					"texture": "#texture_top"
				},
				"south": {
					"uv": [7.5, 13.5, 8.5, 14],
					"texture": "#texture_top"
				},
				"west": {
					"uv": [5.5, 13, 10.5, 13.5],
					"texture": "#texture_top"
				},
				"down": {
					"uv": [5.5, 13, 10.5, 13.5],
					"texture": "#texture_top",
					"rotation": 270
				}
			}
		},
		{
			"name": "cube",
			"from": [7.5, 15, 5],
			"to": [8.5, 15.5, 11],
			"faces": {
				"north": {
					"uv": [7.5, 12, 8.5, 12.5],
					"texture": "#texture_top"
				},
				"east": {
					"uv": [5, 12.5, 11, 13],
					"texture": "#texture_top"
				},
				"south": {
					"uv": [7.5, 12, 8.5, 12.5],
					"texture": "#texture_top"
				},
				"west": {
					"uv": [5, 12.5, 11, 13],
					"texture": "#texture_top"
				},
				"down": {
					"uv": [5, 12.5, 11, 13],
					"texture": "#texture_top",
					"rotation": 270
				}
			}
		},
		{
			"name": "cube",
			"from": [7, 15.5, 4.5],
			"to": [9, 16, 11.5],
			"faces": {
				"north": {
					"uv": [7, 12, 9, 12.5],
					"texture": "#texture_top"
				},
				"east": {
					"uv": [4.5, 12, 11.5, 12.5],
					"texture": "#texture_top"
				},
				"south": {
					"uv": [7, 12, 9, 12.5],
					"texture": "#texture_top"
				},
				"west": {
					"uv": [4.5, 12, 11.5, 12.5],
					"texture": "#texture_top"
				},
				"down": {
					"uv": [4.5, 12, 11.5, 12.5],
					"texture": "#texture_top",
					"rotation": 270
				}
			}
		},
		{
			"name": "cube",
			"from": [7, 16, 4],
			"to": [9, 17, 12],
			"faces": {
				"north": {
					"uv": [6.5, 11, 7, 12],
					"texture": "#texture_top",
					"cullface": "up"
				},
				"east": {
					"uv": [4, 11, 12, 12],
					"texture": "#texture_top",
					"cullface": "up"
				},
				"south": {
					"uv": [6.5, 11, 7, 12],
					"texture": "#texture_top",
					"cullface": "up"
				},
				"west": {
					"uv": [4, 11, 12, 12],
					"texture": "#texture_top",
					"cullface": "up"
				},
				"up": {
					"uv": [4, 11, 12, 11.5],
					"texture": "#texture_top",
					"cullface": "up",
					"rotation": 90
				},
				"down": {
					"uv": [4, 11.5, 12, 12],
					"texture": "#texture_top",
					"cullface": "up",
					"rotation": 270
				}
			}
		},
		{
			"name": "cube",
			"from": [7, 17, 3.5],
			"to": [9, 17.5, 4],
			"faces": {
				"north": {
					"uv": [3, 10.5, 3.5, 11],
					"texture": "#texture_top",
					"cullface": "up"
				},
				"east": {
					"uv": [3.5, 10.5, 4, 11],
					"texture": "#texture_top",
					"cullface": "up"
				},
				"west": {
					"uv": [12, 10.5, 12.5, 11],
					"texture": "#texture_top",
					"cullface": "up"
				},
				"down": {
					"uv": [3.5, 10.5, 4, 11],
					"texture": "#texture_top",
					"cullface": "up",
					"rotation": 270
				}
			}
		},
		{
			"name": "cube",
			"from": [7.5, 17, 3],
			"to": [8.5, 19, 3.5],
			"faces": {
				"north": {
					"uv": [3, 9, 3.5, 11],
					"texture": "#texture_top",
					"cullface": "up"
				},
				"east": {
					"uv": [12.5, 9, 13, 11],
					"texture": "#texture_top",
					"cullface": "up"
				},
				"south": {
					"uv": [12.5, 9, 13, 11],
					"texture": "#texture_top",
					"cullface": "up"
				},
				"west": {
					"uv": [3, 9, 3.5, 11],
					"texture": "#texture_top",
					"cullface": "up"
				},
				"up": {
					"uv": [3.5, 9.5, 4, 10],
					"texture": "#texture_top",
					"cullface": "up",
					"rotation": 90
				},
				"down": {
					"uv": [3, 10.5, 3.5, 11],
					"texture": "#texture_top",
					"cullface": "up",
					"rotation": 270
				}
			}
		},
		{
			"name": "cube",
			"from": [7.75, 19, 2.5],
			"to": [8.25, 21.5, 3],
			"faces": {
				"north": {
					"uv": [2.5, 6.5, 3, 9],
					"texture": "#texture_top",
					"cullface": "up"
				},
				"east": {
					"uv": [13, 6.5, 13.5, 9],
					"texture": "#texture_top",
					"cullface": "up"
				},
				"south": {
					"uv": [2.5, 6.5, 3, 9],
					"texture": "#texture_top",
					"cullface": "up"
				},
				"west": {
					"uv": [2.5, 6.5, 3, 9],
					"texture": "#texture_top",
					"cullface": "up"
				},
				"up": {
					"uv": [2.5, 6.5, 3, 7],
					"texture": "#texture_top",
					"cullface": "up",
					"rotation": 90
				}
			}
		},
		{
			"name": "cube",
			"from": [7.5, 17.5, 2.5],
			"to": [8.5, 19, 3],
			"faces": {
				"north": {
					"uv": [2.5, 9, 3, 10.5],
					"texture": "#texture_top",
					"cullface": "up"
				},
				"east": {
					"uv": [13, 9, 13.5, 10.5],
					"texture": "#texture_top",
					"cullface": "up"
				},
				"west": {
					"uv": [2.5, 9, 3, 10.5],
					"texture": "#texture_top",
					"cullface": "up"
				},
				"up": {
					"uv": [2.5, 9, 3, 9.5],
					"texture": "#texture_top",
					"cullface": "up",
					"rotation": 90
				},
				"down": {
					"uv": [2.5, 10, 3, 10.5],
					"texture": "#texture_top",
					"cullface": "up",
					"rotation": 270
				}
			}
		},
		{
			"name": "cube",
			"from": [7, 15, 5.5],
			"to": [9, 15.5, 10.5],
			"faces": {
				"north": {
					"uv": [7, 11.5, 9, 12],
					"texture": "#texture_top"
				},
				"east": {
					"uv": [5.5, 12.5, 10.5, 13],
					"texture": "#texture_top"
				},
				"south": {
					"uv": [7, 11.5, 9, 12],
					"texture": "#texture_top"
				},
				"west": {
					"uv": [5.5, 12.5, 10.5, 13],
					"texture": "#texture_top"
				},
				"down": {
					"uv": [5.5, 12.5, 10.5, 13],
					"texture": "#texture_top",
					"rotation": 270
				}
			}
		},
		{
			"name": "cube",
			"from": [6.5, 15.5, 5],
			"to": [9.5, 16, 11],
			"faces": {
				"north": {
					"uv": [7, 11.5, 9, 12],
					"texture": "#texture_top"
				},
				"east": {
					"uv": [5, 12, 11, 12.5],
					"texture": "#texture_top"
				},
				"south": {
					"uv": [7, 11.5, 9, 12],
					"texture": "#texture_top"
				},
				"west": {
					"uv": [5, 12, 11, 12.5],
					"texture": "#texture_top"
				},
				"up": {
					"uv": [5, 12, 11, 12.5],
					"texture": "#texture_top",
					"cullface": "up",
					"rotation": 90
				},
				"down": {
					"uv": [5, 12, 11, 12.5],
					"texture": "#texture_top",
					"rotation": 270
				}
			}
		},
		{
			"name": "cube",
			"from": [6.5, 15, 6],
			"to": [9.5, 15.5, 10],
			"faces": {
				"north": {
					"uv": [6.5, 12.5, 9.5, 13],
					"texture": "#texture_top"
				},
				"east": {
					"uv": [6, 12.5, 10, 13],
					"texture": "#texture_top"
				},
				"south": {
					"uv": [6.5, 12.5, 9.5, 13],
					"texture": "#texture_top"
				},
				"west": {
					"uv": [6, 12.5, 10, 13],
					"texture": "#texture_top"
				},
				"down": {
					"uv": [6, 12.5, 10, 13],
					"texture": "#texture_top",
					"rotation": 270
				}
			}
		},
		{
			"name": "cube",
			"from": [6.5, 16, 4.5],
			"to": [9.5, 17, 6.5],
			"faces": {
				"north": {
					"uv": [4.5, 11.5, 5, 12],
					"texture": "#texture_top",
					"cullface": "up"
				},
				"east": {
					"uv": [9.5, 11, 11.5, 12],
					"texture": "#texture_top",
					"cullface": "up"
				},
				"south": {
					"uv": [5.5, 11, 6, 12],
					"texture": "#texture_top",
					"cullface": "up"
				},
				"west": {
					"uv": [4.5, 11, 6.5, 12],
					"texture": "#texture_top",
					"cullface": "up"
				},
				"up": {
					"uv": [4.5, 11, 6.5, 11.5],
					"texture": "#texture_top",
					"cullface": "up",
					"rotation": 90
				},
				"down": {
					"uv": [4.5, 11.5, 6.5, 12],
					"texture": "#texture_top",
					"cullface": "up",
					"rotation": 270
				}
			}
		},
		{
			"name": "cube",
			"from": [6.5, 17, 4.5],
			"to": [9.5, 17.5, 5.5],
			"faces": {
				"east": {
					"uv": [10.5, 10.5, 11.5, 11],
					"texture": "#texture_top",
					"cullface": "up"
				},
				"south": {
					"uv": [5, 10.5, 5.5, 11],
					"texture": "#texture_top",
					"cullface": "up"
				},
				"west": {
					"uv": [4.5, 10.5, 5.5, 11],
					"texture": "#texture_top",
					"cullface": "up"
				},
				"up": {
					"uv": [7.5, 9, 8.5, 10],
					"texture": "#texture_top",
					"cullface": "up"
				}
			}
		},
		{
			"name": "cube",
			"from": [6.5, 17, 4],
			"to": [9.5, 18, 4.5],
			"faces": {
				"north": {
					"uv": [3.5, 10, 4, 11],
					"texture": "#texture_top",
					"cullface": "up"
				},
				"east": {
					"uv": [11.5, 10, 12, 11],
					"texture": "#texture_top",
					"cullface": "up"
				},
				"south": {
					"uv": [4, 10, 4.5, 11],
					"texture": "#texture_top",
					"cullface": "up"
				},
				"west": {
					"uv": [4, 10, 4.5, 11],
					"texture": "#texture_top",
					"cullface": "up"
				},
				"up": {
					"uv": [4, 10, 4.5, 10.5],
					"texture": "#texture_top",
					"cullface": "up",
					"rotation": 90
				},
				"down": {
					"uv": [4, 10.5, 4.5, 11],
					"texture": "#texture_top",
					"cullface": "up",
					"rotation": 270
				}
			}
		},
		{
			"name": "cube",
			"from": [7, 17.5, 3],
			"to": [9, 18.5, 4],
			"faces": {
				"north": {
					"uv": [3, 9.5, 3.5, 10.5],
					"texture": "#texture_top",
					"cullface": "up"
				},
				"east": {
					"uv": [12, 9.5, 13, 10.5],
					"texture": "#texture_top",
					"cullface": "up"
				},
				"south": {
					"uv": [12.5, 9.5, 13, 10.5],
					"texture": "#texture_top",
					"cullface": "up"
				},
				"west": {
					"uv": [3, 9.5, 4, 10.5],
					"texture": "#texture_top",
					"cullface": "up"
				},
				"up": {
					"uv": [3, 9.5, 4, 10],
					"texture": "#texture_top",
					"cullface": "up",
					"rotation": 90
				},
				"down": {
					"uv": [3, 10, 4, 10.5],
					"texture": "#texture_top",
					"cullface": "up",
					"rotation": 270
				}
			}
		},
		{
			"name": "cube",
			"from": [7.5, 16.5, 3.5],
			"to": [8.5, 17, 12.5],
			"faces": {
				"north": {
					"uv": [7.5, 12, 8.5, 12.5],
					"texture": "#texture_top",
					"cullface": "up"
				},
				"east": {
					"uv": [3.5, 11, 12.5, 11.5],
					"texture": "#texture_top",
					"cullface": "up"
				},
				"south": {
					"uv": [7.5, 12, 8.5, 12.5],
					"texture": "#texture_top",
					"cullface": "up"
				},
				"west": {
					"uv": [3.5, 11, 12.5, 11.5],
					"texture": "#texture_top",
					"cullface": "up"
				},
				"up": {
					"uv": [3.5, 11, 12.5, 11.5],
					"texture": "#texture_top",
					"cullface": "up",
					"rotation": 90
				},
				"down": {
					"uv": [12.5, 11.5, 3.5, 11],
					"texture": "#texture_top",
					"cullface": "up",
					"rotation": 270
				}
			}
		},
		{
			"name": "cube",
			"from": [6.5, 16, 6.5],
			"to": [9.5, 16.5, 7],
			"faces": {
				"east": {
					"uv": [9, 11.5, 9.5, 12],
					"texture": "#texture_top",
					"cullface": "up"
				},
				"south": {
					"uv": [6.5, 11.5, 9.5, 12],
					"texture": "#texture_top",
					"cullface": "up"
				},
				"west": {
					"uv": [6.5, 11.5, 7, 12],
					"texture": "#texture_top",
					"cullface": "up"
				},
				"up": {
					"uv": [6, 11.5, 6.5, 12],
					"texture": "#texture_top",
					"cullface": "up",
					"rotation": 90
				}
			}
		},
		{
			"name": "cube",
			"from": [7.5, 19.5, 4],
			"to": [8.5, 24.5, 4.5],
			"faces": {
				"north": {
					"uv": [4, 3.5, 4.5, 8.5],
					"texture": "#texture_top",
					"cullface": "up"
				},
				"east": {
					"uv": [11.5, 3.5, 12, 8.5],
					"texture": "#texture_top",
					"cullface": "up"
				},
				"south": {
					"uv": [4, 3.5, 4.5, 8.5],
					"texture": "#texture_top",
					"cullface": "up"
				},
				"west": {
					"uv": [4, 3.5, 4.5, 8.5],
					"texture": "#texture_top",
					"cullface": "up"
				},
				"up": {
					"uv": [4, 3.5, 4.5, 4],
					"texture": "#texture_top",
					"cullface": "up",
					"rotation": 90
				},
				"down": {
					"uv": [4, 8, 4.5, 8.5],
					"texture": "#texture_top",
					"cullface": "up",
					"rotation": 270
				}
			}
		},
		{
			"name": "cube",
			"from": [7.5, 18.5, 4.5],
			"to": [8.5, 19.5, 5],
			"faces": {
				"north": {
					"uv": [11, 8.5, 11.5, 9.5],
					"texture": "#texture_top",
					"cullface": "up"
				},
				"east": {
					"uv": [11, 8.5, 11.5, 9.5],
					"texture": "#texture_top",
					"cullface": "up"
				},
				"west": {
					"uv": [4.5, 8.5, 5, 9.5],
					"texture": "#texture_top",
					"cullface": "up"
				},
				"down": {
					"uv": [4.5, 9, 5, 9.5],
					"texture": "#texture_top",
					"cullface": "up",
					"rotation": 270
				}
			}
		},
		{
			"name": "cube",
			"from": [7, 18.5, 5],
			"to": [9, 19.5, 5.5],
			"faces": {
				"north": {
					"uv": [5, 8.5, 5.5, 9.5],
					"texture": "#texture_top",
					"cullface": "up"
				},
				"east": {
					"uv": [10.5, 8.5, 11, 9.5],
					"texture": "#texture_top",
					"cullface": "up"
				},
				"west": {
					"uv": [5, 8.5, 5.5, 9.5],
					"texture": "#texture_top",
					"cullface": "up"
				},
				"down": {
					"uv": [5, 9, 5.5, 9.5],
					"texture": "#texture_top",
					"cullface": "up",
					"rotation": 270
				}
			}
		},
		{
			"name": "cube",
			"from": [7, 19.5, 4.5],
			"to": [9, 24, 5.5],
			"faces": {
				"north": {
					"uv": [4.5, 4, 5, 8.5],
					"texture": "#texture_top",
					"cullface": "up"
				},
				"east": {
					"uv": [10.5, 4, 11.5, 8.5],
					"texture": "#texture_top",
					"cullface": "up"
				},
				"south": {
					"uv": [10.5, 4.5, 11, 9],
					"texture": "#texture_top",
					"cullface": "up"
				},
				"west": {
					"uv": [4.5, 4, 5.5, 8.5],
					"texture": "#texture_top",
					"cullface": "up"
				},
				"up": {
					"uv": [4.5, 4, 5.5, 4.5],
					"texture": "#texture_top",
					"cullface": "up",
					"rotation": 90
				},
				"down": {
					"uv": [4.5, 8, 5.5, 8.5],
					"texture": "#texture_top",
					"cullface": "up",
					"rotation": 270
				}
			}
		},
		{
			"name": "cube",
			"from": [7, 25, 5.5],
			"to": [9, 25.5, 6],
			"faces": {
				"north": {
					"uv": [5, 2.5, 5.5, 3],
					"texture": "#texture_top",
					"cullface": "up"
				},
				"east": {
					"uv": [10, 2.5, 10.5, 3],
					"texture": "#texture_top",
					"cullface": "up"
				},
				"south": {
					"uv": [5.5, 2.5, 6, 3],
					"texture": "#texture_top",
					"cullface": "up"
				},
				"west": {
					"uv": [5.5, 2.5, 6, 3],
					"texture": "#texture_top",
					"cullface": "up"
				},
				"up": {
					"uv": [5.5, 2, 6, 2.5],
					"texture": "#texture_top",
					"cullface": "up",
					"rotation": 90
				}
			}
		},
		{
			"name": "cube",
			"from": [7.5, 24, 4.5],
			"to": [8.5, 25.5, 5.5],
			"faces": {
				"north": {
					"uv": [4.5, 2.5, 5, 4],
					"texture": "#texture_top",
					"cullface": "up"
				},
				"east": {
					"uv": [10.5, 2.5, 11.5, 4],
					"texture": "#texture_top",
					"cullface": "up"
				},
				"south": {
					"uv": [5, 2.5, 5.5, 4],
					"texture": "#texture_top",
					"cullface": "up"
				},
				"west": {
					"uv": [4.5, 2.5, 5.5, 4],
					"texture": "#texture_top",
					"cullface": "up"
				},
				"up": {
					"uv": [4.5, 2.5, 5.5, 3],
					"texture": "#texture_top",
					"cullface": "up",
					"rotation": 90
				}
			}
		},
		{
			"name": "cube",
			"from": [7, 20, 5.5],
			"to": [9, 20.5, 6],
			"faces": {
				"east": {
					"uv": [5.5, 7.5, 6, 8],
					"texture": "#texture_top",
					"cullface": "up"
				},
				"south": {
					"uv": [5.5, 7.5, 6, 8],
					"texture": "#texture_top",
					"cullface": "up"
				},
				"west": {
					"uv": [5.5, 7.5, 6, 8],
					"texture": "#texture_top",
					"cullface": "up"
				},
				"up": {
					"uv": [5.5, 7.5, 6, 8],
					"texture": "#texture_top",
					"cullface": "up",
					"rotation": 90
				}
			}
		},
		{
			"name": "cube",
			"from": [7.5, 25.5, 5],
			"to": [8.5, 26, 6.5],
			"faces": {
				"north": {
					"uv": [5, 2, 5.5, 2.5],
					"texture": "#texture_top",
					"cullface": "up"
				},
				"east": {
					"uv": [9.5, 2, 11, 2.5],
					"texture": "#texture_top",
					"cullface": "up"
				},
				"south": {
					"uv": [6, 2, 6.5, 2.5],
					"texture": "#texture_top",
					"cullface": "up"
				},
				"west": {
					"uv": [5, 2, 6.5, 2.5],
					"texture": "#texture_top",
					"cullface": "up"
				},
				"up": {
					"uv": [5, 2, 6.5, 2.5],
					"texture": "#texture_top",
					"cullface": "up",
					"rotation": 90
				},
				"down": {
					"uv": [5, 2, 6.5, 2.5],
					"texture": "#texture_top",
					"cullface": "up",
					"rotation": 270
				}
			}
		},
		{
			"name": "cube",
			"from": [7.5, 26, 5.5],
			"to": [8.5, 26.5, 6.5],
			"faces": {
				"north": {
					"uv": [5.5, 1.5, 6, 2],
					"texture": "#texture_top",
					"cullface": "up"
				},
				"east": {
					"uv": [9.5, 1.5, 10.5, 2],
					"texture": "#texture_top",
					"cullface": "up"
				},
				"south": {
					"uv": [6, 1.5, 6.5, 2],
					"texture": "#texture_top",
					"cullface": "up"
				},
				"west": {
					"uv": [5.5, 1.5, 6.5, 2],
					"texture": "#texture_top",
					"cullface": "up"
				},
				"up": {
					"uv": [5.5, 1.5, 6.5, 2],
					"texture": "#texture_top",
					"cullface": "up",
					"rotation": 90
				}
			}
		},
		{
			"name": "cube",
			"from": [7.75, 26.5, 6],
			"to": [8.25, 27, 6.5],
			"faces": {
				"north": {
					"uv": [6, 1, 6.5, 1.5],
					"texture": "#texture_top",
					"cullface": "up"
				},
				"east": {
					"uv": [6, 1, 6.5, 1.5],
					"texture": "#texture_top",
					"cullface": "up"
				},
				"south": {
					"uv": [6, 1, 6.5, 1.5],
					"texture": "#texture_top",
					"cullface": "up"
				},
				"west": {
					"uv": [6, 1, 6.5, 1.5],
					"texture": "#texture_top",
					"cullface": "up"
				},
				"up": {
					"uv": [6, 1, 6.5, 1.5],
					"texture": "#texture_top",
					"cullface": "up",
					"rotation": 90
				}
			}
		},
		{
			"name": "cube",
			"from": [7.75, 27, 6.5],
			"to": [8.25, 27.5, 7],
			"faces": {
				"north": {
					"uv": [9, 0.5, 9.5, 1],
					"texture": "#texture_top",
					"cullface": "up"
				},
				"east": {
					"uv": [9, 0.5, 9.5, 1],
					"texture": "#texture_top",
					"cullface": "up"
				},
				"south": {
					"uv": [9, 0.5, 9.5, 1],
					"texture": "#texture_top",
					"cullface": "up"
				},
				"west": {
					"uv": [6.5, 0.5, 7, 1],
					"texture": "#texture_top",
					"cullface": "up"
				},
				"up": {
					"uv": [9, 0.5, 9.5, 1],
					"texture": "#texture_top",
					"cullface": "up",
					"rotation": 90
				},
				"down": {
					"uv": [9, 0.5, 9.5, 1],
					"texture": "#texture_top",
					"cullface": "up",
					"rotation": 270
				}
			}
		},
		{
			"name": "cube",
			"from": [7, 24, 5],
			"to": [9, 25, 6],
			"faces": {
				"north": {
					"uv": [4.5, 3, 5, 4],
					"texture": "#texture_top",
					"cullface": "up"
				},
				"east": {
					"uv": [10, 3, 11, 4],
					"texture": "#texture_top",
					"cullface": "up"
				},
				"south": {
					"uv": [5.5, 3, 6, 4],
					"texture": "#texture_top",
					"cullface": "up"
				},
				"west": {
					"uv": [5, 3, 6, 4],
					"texture": "#texture_top",
					"cullface": "up"
				},
				"up": {
					"uv": [5, 3, 5.5, 3.5],
					"texture": "#texture_top",
					"cullface": "up",
					"rotation": 90
				},
				"down": {
					"uv": [5, 3.5, 6, 4],
					"texture": "#texture_top",
					"cullface": "up",
					"rotation": 270
				}
			}
		},
		{
			"name": "cube",
			"from": [7.5, 17.5, 5],
			"to": [8.5, 18.5, 11],
			"faces": {
				"north": {
					"uv": [5, 9.5, 5.5, 10.5],
					"texture": "#texture_top",
					"cullface": "up"
				},
				"east": {
					"uv": [5, 9.5, 11, 10.5],
					"texture": "#texture_top",
					"cullface": "up"
				},
				"south": {
					"uv": [5, 9.5, 5.5, 10.5],
					"texture": "#texture_top",
					"cullface": "up"
				},
				"west": {
					"uv": [5, 9.5, 11, 10.5],
					"texture": "#texture_top",
					"cullface": "up"
				},
				"up": {
					"uv": [5, 9.5, 5.5, 10],
					"texture": "#texture_top",
					"cullface": "up",
					"rotation": 90
				},
				"down": {
					"uv": [5, 10, 5.5, 10.5],
					"texture": "#texture_top",
					"cullface": "up",
					"rotation": 270
				}
			}
		},
		{
			"name": "cube",
			"from": [7, 17.5, 5.5],
			"to": [9, 20, 6.5],
			"faces": {
				"north": {
					"uv": [5.5, 8, 6, 10.5],
					"texture": "#texture_top",
					"cullface": "up"
				},
				"east": {
					"uv": [9.5, 8, 10.5, 10.5],
					"texture": "#texture_top",
					"cullface": "up"
				},
				"south": {
					"uv": [6, 8, 6.5, 10.5],
					"texture": "#texture_top",
					"cullface": "up"
				},
				"west": {
					"uv": [5.5, 8, 6.5, 10.5],
					"texture": "#texture_top",
					"cullface": "up"
				},
				"up": {
					"uv": [5.5, 8, 6.5, 8.5],
					"texture": "#texture_top",
					"cullface": "up",
					"rotation": 90
				},
				"down": {
					"uv": [5.5, 10, 6.5, 10.5],
					"texture": "#texture_top",
					"cullface": "up",
					"rotation": 270
				}
			}
		},
		{
			"name": "cube",
			"from": [7, -13.5, 7.5],
			"to": [9, -8.5, 8.5],
			"faces": {
				"north": {
					"uv": [4, 10, 6, 15],
					"texture": "#texture_bottom",
					"cullface": "down"
				},
				"east": {
					"uv": [5.5, 10, 4.5, 15],
					"texture": "#texture_bottom",
					"cullface": "down"
				},
				"south": {
					"uv": [6, 10, 4, 15],
					"texture": "#texture_bottom",
					"cullface": "down"
				},
				"west": {
					"uv": [4.5, 10, 5.5, 15],
					"texture": "#texture_bottom",
					"cullface": "down"
				},
				"down": {
					"uv": [6, 15, 4, 14.5],
					"texture": "#texture_bottom",
					"cullface": "down"
				}
			}
		},
		{
			"name": "cube",
			"from": [7.5, -13.5, 7],
			"to": [8.5, -8.5, 9],
			"faces": {
				"north": {
					"uv": [4.5, 10, 5.5, 15],
					"texture": "#texture_bottom",
					"cullface": "down"
				},
				"east": {
					"uv": [6, 10, 4, 15],
					"texture": "#texture_bottom",
					"cullface": "down"
				},
				"south": {
					"uv": [5.5, 10, 4.5, 15],
					"texture": "#texture_bottom",
					"cullface": "down"
				},
				"west": {
					"uv": [4, 10, 6, 15],
					"texture": "#texture_bottom",
					"cullface": "down"
				},
				"down": {
					"uv": [6, 15, 4, 14.5],
					"texture": "#texture_bottom",
					"cullface": "down"
				}
			}
		},
		{
			"name": "cube",
			"from": [7.5, 17, 5.5],
			"to": [8.5, 17.5, 10.5],
			"faces": {
				"east": {
					"uv": [5.5, 10.5, 10.5, 11],
					"texture": "#texture_top",
					"cullface": "up"
				},
				"west": {
					"uv": [5.5, 10.5, 10.5, 11],
					"texture": "#texture_top",
					"cullface": "up"
				}
			}
		},
		{
			"name": "cube",
			"from": [7, 17, 6.5],
			"to": [9, 19.5, 7.5],
			"faces": {
				"north": {
					"uv": [6.5, 8.5, 7, 11],
					"texture": "#texture_top",
					"cullface": "up"
				},
				"east": {
					"uv": [8.5, 8.5, 9.5, 11],
					"texture": "#texture_top",
					"cullface": "up"
				},
				"south": {
					"uv": [7, 8.5, 7.5, 11],
					"texture": "#texture_top",
					"cullface": "up"
				},
				"west": {
					"uv": [6.5, 8.5, 7.5, 11],
					"texture": "#texture_top",
					"cullface": "up"
				},
				"up": {
					"uv": [6.5, 8.5, 7.5, 9],
					"texture": "#texture_top",
					"cullface": "up",
					"rotation": 90
				}
			}
		},
		{
			"name": "cube",
			"from": [7, 17, 7.5],
			"to": [9, 19, 8.5],
			"faces": {
				"east": {
					"uv": [7.5, 9, 8.5, 11],
					"texture": "#texture_top",
					"cullface": "up"
				},
				"west": {
					"uv": [7.5, 9, 8.5, 11],
					"texture": "#texture_top",
					"cullface": "up"
				},
				"up": {
					"uv": [7.5, 9, 8.5, 9.5],
					"texture": "#texture_top",
					"cullface": "up",
					"rotation": 90
				}
			}
		},
		{
			"name": "cube",
			"from": [7, 17, 8.5],
			"to": [9, 19.5, 9.5],
			"faces": {
				"north": {
					"uv": [8.5, 8.5, 9, 11],
					"texture": "#texture_top",
					"cullface": "up"
				},
				"east": {
					"uv": [6.5, 8.5, 7.5, 11],
					"texture": "#texture_top",
					"cullface": "up"
				},
				"south": {
					"uv": [9, 8.5, 9.5, 11],
					"texture": "#texture_top",
					"cullface": "up"
				},
				"west": {
					"uv": [8.5, 8.5, 9.5, 11],
					"texture": "#texture_top",
					"cullface": "up"
				},
				"up": {
					"uv": [8.5, 8.5, 9.5, 9],
					"texture": "#texture_top",
					"cullface": "up",
					"rotation": 90
				}
			}
		},
		{
			"name": "cube",
			"from": [7, 17.5, 9.5],
			"to": [9, 20, 10.5],
			"faces": {
				"north": {
					"uv": [9.5, 8, 10, 10.5],
					"texture": "#texture_top",
					"cullface": "up"
				},
				"east": {
					"uv": [5.5, 8, 6.5, 10.5],
					"texture": "#texture_top",
					"cullface": "up"
				},
				"south": {
					"uv": [10, 8, 10.5, 10.5],
					"texture": "#texture_top",
					"cullface": "up"
				},
				"west": {
					"uv": [9.5, 8, 10.5, 10.5],
					"texture": "#texture_top",
					"cullface": "up"
				},
				"up": {
					"uv": [9.5, 8, 10.5, 8.5],
					"texture": "#texture_top",
					"cullface": "up",
					"rotation": 90
				},
				"down": {
					"uv": [9.5, 10, 10.5, 10.5],
					"texture": "#texture_top",
					"cullface": "up",
					"rotation": 90
				}
			}
		},
		{
			"name": "cube",
			"from": [7, 18.5, 10.5],
			"to": [9, 19.5, 11],
			"faces": {
				"east": {
					"uv": [5, 8.5, 5.5, 9.5],
					"texture": "#texture_top",
					"cullface": "up"
				},
				"south": {
					"uv": [10.5, 8.5, 11, 9.5],
					"texture": "#texture_top",
					"cullface": "up"
				},
				"west": {
					"uv": [10.5, 8.5, 11, 9.5],
					"texture": "#texture_top",
					"cullface": "up"
				},
				"down": {
					"uv": [0, 0, 16, 16],
					"texture": "#texture_top",
					"cullface": "up"
				}
			}
		},
		{
			"name": "cube",
			"from": [7.5, 18.5, 11],
			"to": [8.5, 19.5, 11.5],
			"faces": {
				"east": {
					"uv": [4.5, 8.5, 5, 9.5],
					"texture": "#texture_top",
					"cullface": "up"
				},
				"south": {
					"uv": [11, 8.5, 11.5, 9.5],
					"texture": "#texture_top",
					"cullface": "up"
				},
				"west": {
					"uv": [11, 8.5, 11.5, 9.5],
					"texture": "#texture_top",
					"cullface": "up"
				},
				"down": {
					"uv": [11, 9, 11.5, 9.5],
					"texture": "#texture_top",
					"cullface": "up"
				}
			}
		},
		{
			"name": "cube",
			"from": [7, 19.5, 10.5],
			"to": [9, 24, 11.5],
			"faces": {
				"north": {
					"uv": [10.5, 4.5, 11, 9],
					"texture": "#texture_top",
					"cullface": "up"
				},
				"east": {
					"uv": [4.5, 4, 5.5, 8.5],
					"texture": "#texture_top",
					"cullface": "up"
				},
				"south": {
					"uv": [11, 4, 11.5, 8.5],
					"texture": "#texture_top",
					"cullface": "up"
				},
				"west": {
					"uv": [10.5, 4, 11.5, 8.5],
					"texture": "#texture_top",
					"cullface": "up"
				},
				"up": {
					"uv": [10.5, 4, 11.5, 4.5],
					"texture": "#texture_top",
					"cullface": "up",
					"rotation": 90
				},
				"down": {
					"uv": [10.5, 8, 11.5, 8.5],
					"texture": "#texture_top",
					"cullface": "up",
					"rotation": 90
				}
			}
		},
		{
			"name": "cube",
			"from": [7, 20, 10],
			"to": [9, 20.5, 10.5],
			"faces": {
				"north": {
					"uv": [5.5, 7.5, 6, 8],
					"texture": "#texture_top",
					"cullface": "up"
				},
				"east": {
					"uv": [5.5, 7.5, 6, 8],
					"texture": "#texture_top",
					"cullface": "up"
				},
				"west": {
					"uv": [10, 7.5, 10.5, 8],
					"texture": "#texture_top",
					"cullface": "up"
				},
				"up": {
					"uv": [10, 7.5, 10.5, 8],
					"texture": "#texture_top",
					"cullface": "up"
				}
			}
		},
		{
			"name": "cube",
			"from": [7, 24, 10],
			"to": [9, 25, 11],
			"faces": {
				"north": {
					"uv": [10, 3, 10.5, 4],
					"texture": "#texture_top",
					"cullface": "up"
				},
				"east": {
					"uv": [5, 3, 6, 4],
					"texture": "#texture_top",
					"cullface": "up"
				},
				"south": {
					"uv": [11, 3, 11.5, 4],
					"texture": "#texture_top",
					"cullface": "up"
				},
				"west": {
					"uv": [10, 3, 11, 4],
					"texture": "#texture_top",
					"cullface": "up"
				},
				"up": {
					"uv": [10, 3, 11, 3.5],
					"texture": "#texture_top",
					"cullface": "up",
					"rotation": 90
				},
				"down": {
					"uv": [10, 3.5, 10.5, 4],
					"texture": "#texture_top",
					"cullface": "up"
				}
			}
		},
		{
			"name": "cube",
			"from": [7, 25, 10],
			"to": [9, 25.5, 10.5],
			"faces": {
				"north": {
					"uv": [10, 2.5, 10.5, 3],
					"texture": "#texture_top",
					"cullface": "up"
				},
				"east": {
					"uv": [5.5, 2.5, 6, 3],
					"texture": "#texture_top",
					"cullface": "up"
				},
				"south": {
					"uv": [10.5, 2.5, 11, 3],
					"texture": "#texture_top",
					"cullface": "up"
				},
				"west": {
					"uv": [10, 2.5, 10.5, 3],
					"texture": "#texture_top",
					"cullface": "up"
				},
				"up": {
					"uv": [10, 2, 10.5, 2.5],
					"texture": "#texture_top",
					"cullface": "up"
				}
			}
		},
		{
			"name": "cube",
			"from": [7.5, 19.5, 11.5],
			"to": [8.5, 24.5, 12],
			"faces": {
				"north": {
					"uv": [4, 3.5, 4.5, 8.5],
					"texture": "#texture_top",
					"cullface": "up"
				},
				"east": {
					"uv": [4, 3.5, 4.5, 8.5],
					"texture": "#texture_top",
					"cullface": "up"
				},
				"south": {
					"uv": [11.5, 3.5, 12, 8.5],
					"texture": "#texture_top",
					"cullface": "up"
				},
				"west": {
					"uv": [11.5, 3.5, 12, 8.5],
					"texture": "#texture_top",
					"cullface": "up"
				},
				"up": {
					"uv": [11.5, 3.5, 12, 4],
					"texture": "#texture_top",
					"cullface": "up"
				},
				"down": {
					"uv": [11.5, 8, 12, 8.5],
					"texture": "#texture_top",
					"cullface": "up"
				}
			}
		},
		{
			"name": "cube",
			"from": [7.5, 24, 10.5],
			"to": [8.5, 25.5, 11.5],
			"faces": {
				"north": {
					"uv": [10.5, 2.5, 11, 4],
					"texture": "#texture_top",
					"cullface": "up"
				},
				"east": {
					"uv": [4.5, 2.5, 5.5, 4],
					"texture": "#texture_top",
					"cullface": "up"
				},
				"south": {
					"uv": [11, 2.5, 11.5, 4],
					"texture": "#texture_top",
					"cullface": "up"
				},
				"west": {
					"uv": [10.5, 2.5, 11.5, 4],
					"texture": "#texture_top",
					"cullface": "up"
				},
				"up": {
					"uv": [10.5, 2.5, 11.5, 3],
					"texture": "#texture_top",
					"cullface": "up",
					"rotation": 90
				}
			}
		},
		{
			"name": "cube",
			"from": [7.5, 25.5, 9.5],
			"to": [8.5, 26, 11],
			"faces": {
				"north": {
					"uv": [9.5, 2, 10, 2.5],
					"texture": "#texture_top",
					"cullface": "up"
				},
				"east": {
					"uv": [5, 2, 6.5, 2.5],
					"texture": "#texture_top",
					"cullface": "up"
				},
				"south": {
					"uv": [10.5, 2, 11, 2.5],
					"texture": "#texture_top",
					"cullface": "up"
				},
				"west": {
					"uv": [9.5, 2, 11, 2.5],
					"texture": "#texture_top",
					"cullface": "up"
				},
				"up": {
					"uv": [9.5, 2, 11, 2.5],
					"texture": "#texture_top",
					"cullface": "up",
					"rotation": 90
				},
				"down": {
					"uv": [9.5, 2, 11, 2.5],
					"texture": "#texture_top",
					"cullface": "up",
					"rotation": 270
				}
			}
		},
		{
			"name": "cube",
			"from": [7.5, 26, 9.5],
			"to": [8.5, 26.5, 10.5],
			"faces": {
				"north": {
					"uv": [9.5, 1.5, 10, 2],
					"texture": "#texture_top",
					"cullface": "up"
				},
				"east": {
					"uv": [5.5, 1.5, 6.5, 2],
					"texture": "#texture_top",
					"cullface": "up"
				},
				"south": {
					"uv": [10, 1.5, 10.5, 2],
					"texture": "#texture_top",
					"cullface": "up"
				},
				"west": {
					"uv": [9.5, 1.5, 10.5, 2],
					"texture": "#texture_top",
					"cullface": "up"
				},
				"up": {
					"uv": [9.5, 1.5, 10.5, 2],
					"texture": "#texture_top",
					"cullface": "up",
					"rotation": 90
				}
			}
		},
		{
			"name": "cube",
			"from": [7.75, 26.5, 9.5],
			"to": [8.25, 27, 10],
			"faces": {
				"north": {
					"uv": [9.5, 1, 10, 1.5],
					"texture": "#texture_top",
					"cullface": "up"
				},
				"east": {
					"uv": [6, 1, 6.5, 1.5],
					"texture": "#texture_top",
					"cullface": "up"
				},
				"south": {
					"uv": [9.5, 1, 10, 1.5],
					"texture": "#texture_top",
					"cullface": "up"
				},
				"west": {
					"uv": [9.5, 1, 10, 1.5],
					"texture": "#texture_top",
					"cullface": "up"
				},
				"up": {
					"uv": [9.5, 1, 10, 1.5],
					"texture": "#texture_top",
					"cullface": "up"
				}
			}
		},
		{
			"name": "cube",
			"from": [7.75, 27, 9],
			"to": [8.25, 27.5, 9.5],
			"faces": {
				"north": {
					"uv": [9, 0.5, 9.5, 1],
					"texture": "#texture_top",
					"cullface": "up"
				},
				"east": {
					"uv": [6.5, 0.5, 7, 1],
					"texture": "#texture_top",
					"cullface": "up"
				},
				"south": {
					"uv": [9, 0.5, 9.5, 1],
					"texture": "#texture_top",
					"cullface": "up"
				},
				"west": {
					"uv": [9, 0.5, 9.5, 1],
					"texture": "#texture_top",
					"cullface": "up"
				},
				"up": {
					"uv": [9, 0.5, 9.5, 1],
					"texture": "#texture_top",
					"cullface": "up"
				},
				"down": {
					"uv": [9, 0.5, 9.5, 1],
					"texture": "#texture_top",
					"cullface": "up"
				}
			}
		},
		{
			"name": "cube",
			"from": [6.5, 16, 9],
			"to": [9.5, 16.5, 9.5],
			"faces": {
				"north": {
					"uv": [9, 11.5, 9.5, 12],
					"texture": "#texture_top",
					"cullface": "up"
				},
				"east": {
					"uv": [6.5, 11.5, 7, 12],
					"texture": "#texture_top",
					"cullface": "up"
				},
				"west": {
					"uv": [9, 11.5, 9.5, 12],
					"texture": "#texture_top",
					"cullface": "up"
				},
				"up": {
					"uv": [9, 11.5, 9.5, 12],
					"texture": "#texture_top",
					"cullface": "up"
				}
			}
		},
		{
			"name": "cube",
			"from": [6.5, 16, 9.5],
			"to": [9.5, 17, 11.5],
			"faces": {
				"north": {
					"uv": [9.5, 11, 10, 12],
					"texture": "#texture_top",
					"cullface": "up"
				},
				"east": {
					"uv": [4.5, 11, 6.5, 12],
					"texture": "#texture_top",
					"cullface": "up"
				},
				"south": {
					"uv": [11, 11, 11.5, 12],
					"texture": "#texture_top",
					"cullface": "up"
				},
				"west": {
					"uv": [9.5, 11, 11.5, 12],
					"texture": "#texture_top",
					"cullface": "up"
				},
				"up": {
					"uv": [9.5, 11, 11.5, 11.5],
					"texture": "#texture_top",
					"cullface": "up",
					"rotation": 90
				},
				"down": {
					"uv": [11.5, 12, 9.5, 11.5],
					"texture": "#texture_top",
					"cullface": "up",
					"rotation": 90
				}
			}
		},
		{
			"name": "cube",
			"from": [6.5, 17, 10.5],
			"to": [9.5, 17.5, 11.5],
			"faces": {
				"north": {
					"uv": [5, 10.5, 5.5, 11],
					"texture": "#texture_top",
					"cullface": "up"
				},
				"east": {
					"uv": [4.5, 10.5, 5.5, 11],
					"texture": "#texture_top",
					"cullface": "up"
				},
				"west": {
					"uv": [10.5, 10.5, 11.5, 11],
					"texture": "#texture_top",
					"cullface": "up"
				},
				"up": {
					"uv": [10.5, 10.5, 11.5, 11],
					"texture": "#texture_top",
					"cullface": "up",
					"rotation": 90
				}
			}
		},
		{
			"name": "cube",
			"from": [6.5, 17, 11.5],
			"to": [9.5, 18, 12],
			"faces": {
				"north": {
					"uv": [4, 10, 4.5, 11],
					"texture": "#texture_top",
					"cullface": "up"
				},
				"east": {
					"uv": [4, 10, 4.5, 11],
					"texture": "#texture_top",
					"cullface": "up"
				},
				"south": {
					"uv": [11.5, 10, 12, 11],
					"texture": "#texture_top",
					"cullface": "up"
				},
				"west": {
					"uv": [11.5, 10, 12, 11],
					"texture": "#texture_top",
					"cullface": "up"
				},
				"up": {
					"uv": [11.5, 10, 12, 10.5],
					"texture": "#texture_top",
					"cullface": "up"
				},
				"down": {
					"uv": [11.5, 10.5, 12, 11],
					"texture": "#texture_top",
					"cullface": "up"
				}
			}
		},
		{
			"name": "cube",
			"from": [7, 17, 12],
			"to": [9, 17.5, 12.5],
			"faces": {
				"east": {
					"uv": [3.5, 10.5, 4, 11],
					"texture": "#texture_top",
					"cullface": "up"
				},
				"south": {
					"uv": [12, 10.5, 12.5, 11],
					"texture": "#texture_top",
					"cullface": "up"
				},
				"west": {
					"uv": [12, 10.5, 12.5, 11],
					"texture": "#texture_top",
					"cullface": "up"
				},
				"down": {
					"uv": [12, 10.5, 12.5, 11],
					"texture": "#texture_top",
					"cullface": "up"
				}
			}
		},
		{
			"name": "cube",
			"from": [7, 17.5, 12],
			"to": [9, 18.5, 13],
			"faces": {
				"north": {
					"uv": [3, 9.5, 3.5, 10.5],
					"texture": "#texture_top",
					"cullface": "up"
				},
				"east": {
					"uv": [3, 9.5, 4, 10.5],
					"texture": "#texture_top",
					"cullface": "up"
				},
				"south": {
					"uv": [12, 9.5, 12.5, 10.5],
					"texture": "#texture_top",
					"cullface": "up"
				},
				"west": {
					"uv": [12, 9.5, 13, 10.5],
					"texture": "#texture_top",
					"cullface": "up"
				},
				"up": {
					"uv": [12, 9.5, 13, 10],
					"texture": "#texture_top",
					"cullface": "up",
					"rotation": 90
				},
				"down": {
					"uv": [12, 10, 13, 10.5],
					"texture": "#texture_top",
					"cullface": "up",
					"rotation": 90
				}
			}
		},
		{
			"name": "cube",
			"from": [7.5, 17, 12.5],
			"to": [8.5, 19, 13],
			"faces": {
				"north": {
					"uv": [3, 9, 3.5, 11],
					"texture": "#texture_top",
					"cullface": "up"
				},
				"east": {
					"uv": [3, 9, 3.5, 11],
					"texture": "#texture_top",
					"cullface": "up"
				},
				"south": {
					"uv": [12.5, 9, 13, 11],
					"texture": "#texture_top",
					"cullface": "up"
				},
				"west": {
					"uv": [12.5, 9, 13, 11],
					"texture": "#texture_top",
					"cullface": "up"
				},
				"up": {
					"uv": [3.5, 9.5, 4, 10],
					"texture": "#texture_top",
					"cullface": "up"
				},
				"down": {
					"uv": [3, 10.5, 3.5, 11],
					"texture": "#texture_top",
					"cullface": "up"
				}
			}
		},
		{
			"name": "cube",
			"from": [7.5, 17.5, 13],
			"to": [8.5, 19, 13.5],
			"faces": {
				"east": {
					"uv": [2.5, 9, 3, 10.5],
					"texture": "#texture_top",
					"cullface": "up"
				},
				"south": {
					"uv": [13, 9, 13.5, 10.5],
					"texture": "#texture_top",
					"cullface": "up"
				},
				"west": {
					"uv": [13, 9, 13.5, 10.5],
					"texture": "#texture_top",
					"cullface": "up"
				},
				"up": {
					"uv": [13, 9, 13.5, 9.5],
					"texture": "#texture_top",
					"cullface": "up"
				},
				"down": {
					"uv": [13, 10, 13.5, 10.5],
					"texture": "#texture_top",
					"cullface": "up"
				}
			}
		},
		{
			"name": "cube",
			"from": [7.75, 19, 13],
			"to": [8.25, 21.5, 13.5],
			"faces": {
				"north": {
					"uv": [2.5, 6.5, 3, 9],
					"texture": "#texture_top",
					"cullface": "up"
				},
				"east": {
					"uv": [2.5, 6.5, 3, 9],
					"texture": "#texture_top",
					"cullface": "up"
				},
				"south": {
					"uv": [13, 6.5, 13.5, 9],
					"texture": "#texture_top",
					"cullface": "up"
				},
				"west": {
					"uv": [13, 6.5, 13.5, 9],
					"texture": "#texture_top",
					"cullface": "up"
				},
				"up": {
					"uv": [13, 6.5, 13.5, 7],
					"texture": "#texture_top",
					"cullface": "up"
				}
			}
		},
		{
			"name": "cube",
			"from": [7, 10.5, 9.5],
			"to": [9, 12, 10],
			"faces": {
				"north": {
					"uv": [6.5, 2.5, 7, 4],
					"texture": "#texture_bottom"
				},
				"east": {
					"uv": [6.5, 2.5, 7, 4],
					"texture": "#texture_bottom"
				},
				"south": {
					"uv": [6.5, 2.5, 7, 4],
					"texture": "#texture_bottom"
				},
				"west": {
					"uv": [6.5, 2.5, 7, 4],
					"texture": "#texture_bottom"
				},
				"up": {
					"uv": [6.5, 2.5, 7, 3],
					"texture": "#texture_bottom"
				},
				"down": {
					"uv": [6.5, 3.5, 7, 4],
					"texture": "#texture_bottom"
				}
			}
		},
		{
			"name": "cube",
			"from": [7.5, 10.5, 10],
			"to": [8.5, 12.5, 10.5],
			"faces": {
				"north": {
					"uv": [7, 2, 7.5, 4],
					"texture": "#texture_bottom"
				},
				"east": {
					"uv": [7, 2, 7.5, 4],
					"texture": "#texture_bottom"
				},
				"south": {
					"uv": [7, 2, 7.5, 4],
					"texture": "#texture_bottom"
				},
				"west": {
					"uv": [7, 2, 7.5, 4],
					"texture": "#texture_bottom"
				},
				"up": {
					"uv": [7, 2, 7.5, 2.5],
					"texture": "#texture_bottom"
				},
				"down": {
					"uv": [7, 3.5, 7.5, 4],
					"texture": "#texture_bottom"
				}
			}
		},
		{
			"name": "cube",
			"from": [7.75, 11.5, 10.5],
			"to": [8.25, 13.5, 11],
			"faces": {
				"north": {
					"uv": [7.5, 1, 8, 3],
					"texture": "#texture_bottom"
				},
				"east": {
					"uv": [7.5, 1, 8, 3],
					"texture": "#texture_bottom"
				},
				"south": {
					"uv": [7.5, 1, 8, 3],
					"texture": "#texture_bottom"
				},
				"west": {
					"uv": [7.5, 1, 8, 3],
					"texture": "#texture_bottom"
				},
				"up": {
					"uv": [7.5, 1, 8, 1.5],
					"texture": "#texture_bottom"
				},
				"down": {
					"uv": [8, 3, 7.5, 2.5],
					"texture": "#texture_bottom"
				}
			}
		},
		{
			"name": "cube",
			"from": [7.75, 13, 11],
			"to": [8.25, 14, 11.5],
			"faces": {
				"north": {
					"uv": [8, 0.5, 8.5, 1.5],
					"texture": "#texture_bottom"
				},
				"east": {
					"uv": [8, 0.5, 8.5, 1.5],
					"texture": "#texture_bottom"
				},
				"south": {
					"uv": [8, 0.5, 8.5, 1.5],
					"texture": "#texture_bottom"
				},
				"west": {
					"uv": [8, 0.5, 8.5, 1.5],
					"texture": "#texture_bottom"
				},
				"up": {
					"uv": [8, 0.5, 8.5, 1],
					"texture": "#texture_bottom"
				},
				"down": {
					"uv": [8, 1, 8.5, 1.5],
					"texture": "#texture_bottom"
				}
			}
		},
		{
			"name": "cube",
			"from": [7.75, 7.5, 9.5],
			"to": [8.25, 8.5, 10.5],
			"faces": {
				"north": {
					"uv": [6.5, 6, 7, 7],
					"texture": "#texture_bottom"
				},
				"east": {
					"uv": [2.5, 6, 3.5, 7],
					"texture": "#texture_bottom"
				},
				"south": {
					"uv": [7, 6, 7.5, 7],
					"texture": "#texture_bottom"
				},
				"west": {
					"uv": [6.5, 6, 7.5, 7],
					"texture": "#texture_bottom"
				},
				"up": {
					"uv": [6.5, 6, 7.5, 6.5],
					"texture": "#texture_bottom",
					"rotation": 90
				},
				"down": {
					"uv": [7.5, 7, 6.5, 6.5],
					"texture": "#texture_bottom",
					"rotation": 90
				}
			}
		},
		{
			"name": "cube",
			"from": [7, -10, 6.5],
			"to": [9, -9, 9.5],
			"faces": {
				"north": {
					"uv": [3.5, 10.5, 4, 11.5],
					"texture": "#texture_bottom",
					"cullface": "down"
				},
				"east": {
					"uv": [3.5, 10.5, 6.5, 11.5],
					"texture": "#texture_bottom",
					"cullface": "down"
				},
				"south": {
					"uv": [6, 10.5, 6.5, 11.5],
					"texture": "#texture_bottom",
					"cullface": "down"
				},
				"west": {
					"uv": [3.5, 10.5, 6.5, 11.5],
					"texture": "#texture_bottom",
					"cullface": "down"
				},
				"up": {
					"uv": [3.5, 10.5, 6.5, 11],
					"texture": "#texture_bottom",
					"cullface": "down",
					"rotation": 90
				},
				"down": {
					"uv": [6.5, 11.5, 3.5, 11],
					"texture": "#texture_bottom",
					"cullface": "down",
					"rotation": 90
				}
			}
		},
		{
			"name": "cube",
			"from": [7.5, -10.5, 5.5],
			"to": [8.5, -9.5, 10.5],
			"faces": {
				"north": {
					"uv": [2.5, 11, 3, 12],
					"texture": "#texture_bottom",
					"cullface": "down"
				},
				"east": {
					"uv": [2.5, 11, 7.5, 12],
					"texture": "#texture_bottom",
					"cullface": "down"
				},
				"south": {
					"uv": [2.5, 11, 3, 12],
					"texture": "#texture_bottom",
					"cullface": "down"
				},
				"west": {
					"uv": [2.5, 11, 7.5, 12],
					"texture": "#texture_bottom",
					"cullface": "down"
				},
				"up": {
					"uv": [2.5, 11, 7.5, 11.5],
					"texture": "#texture_bottom",
					"cullface": "down",
					"rotation": 90
				},
				"down": {
					"uv": [7.5, 12, 2.5, 11.5],
					"texture": "#texture_bottom",
					"cullface": "down",
					"rotation": 90
				}
			}
		},
		{
			"name": "cube",
			"from": [7.75, -10.5, 5],
			"to": [8.25, -10, 11],
			"faces": {
				"north": {
					"uv": [2, 11.5, 2.5, 12],
					"texture": "#texture_bottom",
					"cullface": "down"
				},
				"east": {
					"uv": [2, 11.5, 8, 12],
					"texture": "#texture_bottom",
					"cullface": "down"
				},
				"south": {
					"uv": [7, 11.5, 7.5, 12],
					"texture": "#texture_bottom",
					"cullface": "down"
				},
				"west": {
					"uv": [2, 11.5, 8, 12],
					"texture": "#texture_bottom",
					"cullface": "down"
				},
				"up": {
					"uv": [2, 11.5, 8, 12],
					"texture": "#texture_bottom",
					"cullface": "down",
					"rotation": 90
				},
				"down": {
					"uv": [8, 12, 2, 11.5],
					"texture": "#texture_bottom",
					"cullface": "down",
					"rotation": 90
				}
			}
		},
		{
			"name": "cube",
			"from": [7, -13.5, 6.5],
			"to": [9, -12, 9.5],
			"faces": {
				"north": {
					"uv": [4, 13.5, 6, 14],
					"texture": "#texture_bottom",
					"cullface": "down"
				},
				"east": {
					"uv": [3.5, 13.5, 6.5, 15],
					"texture": "#texture_bottom",
					"cullface": "down"
				},
				"south": {
					"uv": [4, 13.5, 6, 14],
					"texture": "#texture_bottom",
					"cullface": "down"
				},
				"west": {
					"uv": [3.5, 13.5, 6.5, 15],
					"texture": "#texture_bottom",
					"cullface": "down"
				},
				"up": {
					"uv": [3.5, 13.5, 6.5, 14],
					"texture": "#texture_bottom",
					"cullface": "down",
					"rotation": 90
				},
				"down": {
					"uv": [6.5, 15, 3.5, 14.5],
					"texture": "#texture_bottom",
					"cullface": "down",
					"rotation": 90
				}
			}
		},
		{
			"name": "cube",
			"from": [7, -13.5, 6],
			"to": [9, -12.5, 10],
			"faces": {
				"north": {
					"uv": [4.5, 13, 5.5, 14],
					"texture": "#texture_bottom",
					"cullface": "down"
				},
				"east": {
					"uv": [3, 14, 7, 15],
					"texture": "#texture_bottom",
					"cullface": "down"
				},
				"south": {
					"uv": [4.5, 13, 5.5, 14],
					"texture": "#texture_bottom",
					"cullface": "down"
				},
				"west": {
					"uv": [3, 14, 7, 15],
					"texture": "#texture_bottom",
					"cullface": "down"
				},
				"up": {
					"uv": [3, 14, 7, 14.5],
					"texture": "#texture_bottom",
					"cullface": "down",
					"rotation": 90
				},
				"down": {
					"uv": [7, 15, 3, 14.5],
					"texture": "#texture_bottom",
					"cullface": "down",
					"rotation": 90
				}
			}
		},
		{
			"name": "cube",
			"from": [7.5, -14, 5.5],
			"to": [8.5, -13, 6.5],
			"faces": {
				"north": {
					"uv": [2.5, 14.5, 3, 15.5],
					"texture": "#texture_bottom",
					"cullface": "down"
				},
				"east": {
					"uv": [2.5, 14.5, 3.5, 15.5],
					"texture": "#texture_bottom",
					"cullface": "down"
				},
				"south": {
					"uv": [3, 14.5, 3.5, 15.5],
					"texture": "#texture_bottom",
					"cullface": "down"
				},
				"west": {
					"uv": [2.5, 14.5, 3.5, 15.5],
					"texture": "#texture_bottom",
					"cullface": "down"
				},
				"up": {
					"uv": [2.5, 14.5, 3.5, 15],
					"texture": "#texture_bottom",
					"cullface": "down"
				},
				"down": {
					"uv": [2.5, 15, 3.5, 15.5],
					"texture": "#texture_bottom",
					"cullface": "down"
				}
			}
		},
		{
			"name": "cube",
			"from": [7.75, -14, 5],
			"to": [8.25, -13.5, 5.5],
			"faces": {
				"north": {
					"uv": [2, 15, 2.5, 15.5],
					"texture": "#texture_bottom",
					"cullface": "down"
				},
				"east": {
					"uv": [2, 15, 2.5, 15.5],
					"texture": "#texture_bottom",
					"cullface": "down"
				},
				"west": {
					"uv": [2, 15, 2.5, 15.5],
					"texture": "#texture_bottom",
					"cullface": "down"
				},
				"up": {
					"uv": [2, 15, 2.5, 15.5],
					"texture": "#texture_bottom",
					"cullface": "down"
				},
				"down": {
					"uv": [2, 15, 2.5, 15.5],
					"texture": "#texture_bottom",
					"cullface": "down"
				}
			}
		},
		{
			"name": "cube",
			"from": [7.5, -14, 9.5],
			"to": [8.5, -13, 10.5],
			"faces": {
				"north": {
					"uv": [6.5, 14.5, 7, 15.5],
					"texture": "#texture_bottom",
					"cullface": "down"
				},
				"east": {
					"uv": [6.5, 14.5, 7.5, 15.5],
					"texture": "#texture_bottom",
					"cullface": "down"
				},
				"south": {
					"uv": [7, 14.5, 7.5, 15.5],
					"texture": "#texture_bottom",
					"cullface": "down"
				},
				"west": {
					"uv": [6.5, 14.5, 7.5, 15.5],
					"texture": "#texture_bottom",
					"cullface": "down"
				},
				"up": {
					"uv": [6.5, 14.5, 7.5, 15],
					"texture": "#texture_bottom",
					"cullface": "down",
					"rotation": 90
				},
				"down": {
					"uv": [6.5, 15, 7.5, 15.5],
					"texture": "#texture_bottom",
					"cullface": "down",
					"rotation": 90
				}
			}
		},
		{
			"name": "cube",
			"from": [7.75, -14, 10.5],
			"to": [8.25, -13.5, 11],
			"faces": {
				"east": {
					"uv": [7.5, 15, 8, 15.5],
					"texture": "#texture_bottom",
					"cullface": "down"
				},
				"south": {
					"uv": [7.5, 15, 8, 15.5],
					"texture": "#texture_bottom",
					"cullface": "down"
				},
				"west": {
					"uv": [7.5, 15, 8, 15.5],
					"texture": "#texture_bottom",
					"cullface": "down"
				},
				"up": {
					"uv": [7.5, 15, 8, 15.5],
					"texture": "#texture_bottom",
					"cullface": "down"
				},
				"down": {
					"uv": [7.5, 15, 8, 15.5],
					"texture": "#texture_bottom",
					"cullface": "down"
				}
			}
		},
		{
			"name": "cube",
			"from": [7.5, 19, 7.5],
			"to": [8.5, 19.5, 8.5],
			"faces": {
				"east": {
					"uv": [7.5, 8.5, 8.5, 9],
					"texture": "#texture_top",
					"cullface": "up"
				},
				"west": {
					"uv": [7.5, 8.5, 8.5, 9],
					"texture": "#texture_top",
					"cullface": "up"
				}
			}
		},
		{
			"name": "cube",
			"from": [7.5, 19.5, 7],
			"to": [8.5, 20, 8.5],
			"faces": {
				"north": {
					"uv": [7, 8, 7.5, 8.5],
					"texture": "#texture_top",
					"cullface": "up"
				},
				"east": {
					"uv": [8.5, 8, 7, 8.5],
					"texture": "#texture_top",
					"cullface": "up"
				},
				"south": {
					"uv": [8, 8, 8.5, 8.5],
					"texture": "#texture_top",
					"cullface": "up"
				},
				"west": {
					"uv": [7, 8, 8.5, 8.5],
					"texture": "#texture_top",
					"cullface": "up"
				},
				"down": {
					"uv": [8, 8, 8.5, 8.5],
					"texture": "#texture_top",
					"cullface": "up"
				}
			}
		},
		{
			"name": "cube",
			"from": [7.5, 20, 7],
			"to": [8.5, 20.5, 8.5],
			"faces": {
				"north": {
					"uv": [7, 7.5, 7.5, 8],
					"texture": "#texture_top",
					"cullface": "up"
				},
				"east": {
					"uv": [8.5, 7.5, 7, 8],
					"texture": "#texture_top",
					"cullface": "up"
				},
				"south": {
					"uv": [8, 7.5, 8.5, 8],
					"texture": "#texture_top",
					"cullface": "up"
				},
				"west": {
					"uv": [7, 7.5, 8.5, 8],
					"texture": "#texture_top",
					"cullface": "up"
				},
				"up": {
					"uv": [7, 7.5, 7.5, 8],
					"texture": "#texture_top",
					"cullface": "up"
				}
			}
		},
		{
			"name": "cube",
			"from": [7.75, 20.5, 6.5],
			"to": [8.25, 21, 9],
			"faces": {
				"north": {
					"uv": [6.5, 7, 7, 7.5],
					"texture": "#texture_top",
					"cullface": "up"
				},
				"east": {
					"uv": [9, 7, 6.5, 7.5],
					"texture": "#texture_top",
					"cullface": "up"
				},
				"south": {
					"uv": [8.5, 7, 9, 7.5],
					"texture": "#texture_top",
					"cullface": "up"
				},
				"west": {
					"uv": [6.5, 7, 9, 7.5],
					"texture": "#texture_top",
					"cullface": "up"
				},
				"up": {
					"uv": [6.5, 7, 9, 7.5],
					"texture": "#texture_top",
					"cullface": "up",
					"rotation": 90
				},
				"down": {
					"uv": [6.5, 7, 9, 7.5],
					"texture": "#texture_top",
					"cullface": "up",
					"rotation": 270
				}
			}
		},
		{
			"name": "cube",
			"from": [7.75, 21, 6.5],
			"to": [8.25, 22, 8.5],
			"faces": {
				"north": {
					"uv": [6.5, 6, 7, 7],
					"texture": "#texture_top",
					"cullface": "up"
				},
				"east": {
					"uv": [8.5, 6, 6.5, 7],
					"texture": "#texture_top",
					"cullface": "up"
				},
				"south": {
					"uv": [8, 6, 8.5, 7],
					"texture": "#texture_top",
					"cullface": "up"
				},
				"west": {
					"uv": [6.5, 6, 8.5, 7],
					"texture": "#texture_top",
					"cullface": "up"
				},
				"up": {
					"uv": [6.5, 6, 8.5, 6.5],
					"texture": "#texture_top",
					"cullface": "up",
					"rotation": 90
				}
			}
		},
		{
			"name": "cube",
			"from": [7.75, 22, 7],
			"to": [8.25, 22.5, 8],
			"faces": {
				"north": {
					"uv": [7, 5.5, 7.5, 6],
					"texture": "#texture_top",
					"cullface": "up"
				},
				"east": {
					"uv": [8, 5.5, 7, 6],
					"texture": "#texture_top",
					"cullface": "up"
				},
				"south": {
					"uv": [7.5, 5.5, 8, 6],
					"texture": "#texture_top",
					"cullface": "up"
				},
				"west": {
					"uv": [7, 5.5, 8, 6],
					"texture": "#texture_top",
					"cullface": "up"
				},
				"up": {
					"uv": [7, 5.5, 8, 6],
					"texture": "#texture_top",
					"cullface": "up",
					"rotation": 90
				}
			}
		},
		{
			"name": "cube",
			"from": [7.75, 22.5, 7.5],
			"to": [8.25, 23.5, 8],
			"faces": {
				"north": {
					"uv": [7.5, 4.5, 8, 5.5],
					"texture": "#texture_top",
					"cullface": "up"
				},
				"east": {
					"uv": [7.5, 4.5, 8, 5.5],
					"texture": "#texture_top",
					"cullface": "up"
				},
				"south": {
					"uv": [7.5, 4.5, 8, 5.5],
					"texture": "#texture_top",
					"cullface": "up"
				},
				"west": {
					"uv": [7.5, 4.5, 8, 5.5],
					"texture": "#texture_top",
					"cullface": "up"
				},
				"up": {
					"uv": [7.5, 4.5, 8, 5],
					"texture": "#texture_top",
					"cullface": "up"
				}
			}
		},
		{
			"name": "cube",
			"from": [7.75, 20, 8.5],
			"to": [8.25, 20.5, 9],
			"faces": {
				"east": {
					"uv": [8.5, 7.5, 9, 8],
					"texture": "#texture_top",
					"cullface": "up"
				},
				"south": {
					"uv": [8.5, 7.5, 9, 8],
					"texture": "#texture_top",
					"cullface": "up"
				},
				"west": {
					"uv": [8.5, 7.5, 9, 8],
					"texture": "#texture_top",
					"cullface": "up"
				},
				"down": {
					"uv": [8.5, 7.5, 9, 8],
					"texture": "#texture_top",
					"cullface": "up"
				}
			}
		},
		{
			"name": "cube",
			"from": [7.5, 20.5, 7.5],
			"to": [8.5, 21.5, 8],
			"faces": {
				"north": {
					"uv": [7.5, 6.5, 8, 7.5],
					"texture": "#texture_top",
					"cullface": "up"
				},
				"east": {
					"uv": [7.5, 6.5, 8, 7.5],
					"texture": "#texture_top",
					"cullface": "up"
				},
				"south": {
					"uv": [7.5, 6.5, 8, 7.5],
					"texture": "#texture_top",
					"cullface": "up"
				},
				"west": {
					"uv": [7.5, 6.5, 8, 7.5],
					"texture": "#texture_top",
					"cullface": "up"
				},
				"up": {
					"uv": [7.5, 6.5, 8, 7],
					"texture": "#texture_top",
					"cullface": "up"
				}
			}
		},
		{
			"name": "cube",
			"from": [8, 10, -3],
			"to": [8.0625, 32, 19],
			"faces": {
				"east": {
					"uv": [11.75, 0, 4.5, 7.5],
					"texture": "#particle",
					"cullface": "up"
				},
				"west": {
					"uv": [4.5, 0, 11.75, 7.5],
					"texture": "#particle",
					"cullface": "up"
				}
			}
		},
		{
			"name": "cube",
			"from": [4, 10, -2.25],
			"to": [4.0625, 32, 19.75],
			"faces": {
				"east": {
					"uv": [11.75, 0, 4.5, 7.5],
					"texture": "#particle",
					"cullface": "up"
				},
				"west": {
					"uv": [4.5, 0, 11.75, 7.5],
					"texture": "#particle",
					"cullface": "up",
					"rotation": 90
				}
			},
			"rotation": {
				"origin": [4, 10, -2.25],
				"axis": "y",
				"angle": 22.5
			}
		},
		{
			"name": "cube",
			"from": [12.25, 10, -3],
			"to": [12.3125, 32, 19],
			"faces": {
				"east": {
					"uv": [11.75, 0, 4.5, 7.5],
					"texture": "#particle",
					"cullface": "up"
				},
				"west": {
					"uv": [4.5, 0, 11.75, 7.5],
					"texture": "#particle",
					"cullface": "up",
					"rotation": 180
				}
			},
			"rotation": {
				"origin": [12.25, 10, -3],
				"axis": "y",
				"angle": -22.5
			}
		}
	],
	"groups": [
		0,
		1,
		2,
		3,
		4,
		5,
		6,
		7,
		8,
		9,
		10,
		11,
		12,
		13,
		14,
		15,
		16,
		17,
		18,
		19,
		20,
		21,
		22,
		23,
		24,
		25,
		26,
		27,
		28,
		29,
		30,
		31,
		32,
		33,
		34,
		35,
		36,
		37,
		38,
		39,
		40,
		41,
		42,
		43,
		44,
		45,
		46,
		47,
		48,
		49,
		50,
		51,
		52,
		53,
		54,
		55,
		56,
		57,
		58,
		59,
		60,
		61,
		62,
		63,
		64,
		65,
		66,
		67,
		68,
		69,
		70,
		71,
		72,
		73,
		74,
		75,
		76,
		77,
		78,
		79,
		80,
		81,
		82,
		83,
		84,
		85,
		86,
		87,
		88,
		89,
		90,
		91,
		92,
		93,
		94,
		95,
		96,
		97,
		98,
		99,
		100,
		101,
		102,
		103,
		104,
		105,
		106,
		107,
		108,
		109
	],
	"display": {
		"thirdperson_righthand": {
			"rotation": [0, 0, 0],
			"translation": [0, 4, 1],
			"scale": [1, 1, 1]
		},
		"firstperson_righthand": {
			"rotation": [6, 16, -10],
			"translation": [4.54, -0.57, -10.5],
			"scale": [1, 1, 1]
		},
		"gui": {
			"rotation": [90, -135, 90],
			"translation": [0.57, 0.57, 0],
			"scale": [0.45, 0.45, 0.45]
		},
		"thirdperson_lefthand": {
			"scale": [1, 1, 1],
			"rotation": [0, 0, 0],
			"translation": [0, 4, 0.5]
		},
		"firstperson_lefthand": {
			"scale": [1, 1, 1],
			"rotation": [6, 16, -10],
			"translation": [4.54, -0.57, -9]
		},
		"head": {
			"scale": [1, 1, 1],
			"translation": [0, -20, 6],
			"rotation": [98, -43, -80]
		},
		"ground": {
			"scale": [1, 1, 1],
			"rotation": [90, -90, 0]
		},
		"fixed": {
			"scale": [0.825, 0.825, 0.85],
			"rotation": [0, 100, 1],
			"translation": [0, 0, -2]
		}
	}
}