{
	"credit": "Made By Bailey",
	"textures": {
		"unwrap1": "block/diamond_sword/23_0",
		"unwrap2": "block/diamond_sword/23_1",
		"ani1": "block/diamond_sword/23_2"
	},
	"elements": [
		{
			"name": "cube",
			"from": [7.75, 28, 8],
			"to": [8.25, 28.5, 8.5],
			"faces": {
				"north": {
					"uv": [12.5, 4.5, 12, 5],
					"texture": "#unwrap1"
				},
				"east": {
					"uv": [12.5, 4.5, 12, 5],
					"texture": "#unwrap1"
				},
				"south": {
					"uv": [12, 4.5, 12.5, 5],
					"texture": "#unwrap1"
				},
				"west": {
					"uv": [12, 4.5, 12.5, 5],
					"texture": "#unwrap1"
				},
				"up": {
					"uv": [12, 4.5, 12.5, 5],
					"texture": "#unwrap1"
				},
				"down": {
					"uv": [12.5, 5, 12, 4.5],
					"texture": "#unwrap1"
				}
			}
		},
		{
			"name": "cube",
			"from": [7.75, 27.5, 7.5],
			"to": [8.25, 28, 8.5],
			"faces": {
				"north": {
					"uv": [12, 5, 11.5, 5.5],
					"texture": "#unwrap1"
				},
				"east": {
					"uv": [12.5, 5, 11.5, 5.5],
					"texture": "#unwrap1"
				},
				"south": {
					"uv": [12, 5, 12.5, 5.5],
					"texture": "#unwrap1"
				},
				"west": {
					"uv": [11.5, 5, 12.5, 5.5],
					"texture": "#unwrap1"
				},
				"up": {
					"uv": [11.5, 5, 12.5, 5.5],
					"texture": "#unwrap1",
					"rotation": 90
				},
				"down": {
					"uv": [12.5, 5.5, 11.5, 5],
					"texture": "#unwrap1",
					"rotation": 90
				}
			}
		},
		{
			"name": "cube",
			"from": [7.75, 26.5, 7],
			"to": [8.25, 27.5, 8.5],
			"faces": {
				"north": {
					"uv": [11.5, 5.5, 11, 6.5],
					"texture": "#unwrap1"
				},
				"east": {
					"uv": [12.5, 5.5, 11, 6.5],
					"texture": "#unwrap1"
				},
				"south": {
					"uv": [12, 5.5, 12.5, 6.5],
					"texture": "#unwrap1"
				},
				"west": {
					"uv": [11, 5.5, 12.5, 6.5],
					"texture": "#unwrap1"
				},
				"up": {
					"uv": [11, 5.5, 12.5, 6],
					"texture": "#unwrap1",
					"rotation": 90
				},
				"down": {
					"uv": [12.5, 6.5, 11, 6],
					"texture": "#unwrap1",
					"rotation": 90
				}
			}
		},
		{
			"name": "cube",
			"from": [7.75, 26, 6.5],
			"to": [8.25, 26.5, 8.5],
			"faces": {
				"north": {
					"uv": [11, 6.5, 10.5, 7],
					"texture": "#unwrap1"
				},
				"east": {
					"uv": [12.5, 6.5, 10.5, 7],
					"texture": "#unwrap1"
				},
				"south": {
					"uv": [12, 6.5, 12.5, 7],
					"texture": "#unwrap1"
				},
				"west": {
					"uv": [10.5, 6.5, 12.5, 7],
					"texture": "#unwrap1"
				},
				"up": {
					"uv": [10.5, 6.5, 12.5, 7],
					"texture": "#unwrap1",
					"rotation": 90
				},
				"down": {
					"uv": [12.5, 7, 10.5, 6.5],
					"texture": "#unwrap1",
					"rotation": 90
				}
			}
		},
		{
			"name": "cube",
			"from": [7.75, 25, 6],
			"to": [8.25, 26, 8.5],
			"faces": {
				"north": {
					"uv": [10.5, 7, 10, 8],
					"texture": "#unwrap1"
				},
				"east": {
					"uv": [12.5, 7, 10, 8],
					"texture": "#unwrap1"
				},
				"south": {
					"uv": [12, 7, 12.5, 8],
					"texture": "#unwrap1"
				},
				"west": {
					"uv": [10, 7, 12.5, 8],
					"texture": "#unwrap1"
				},
				"up": {
					"uv": [10, 7, 12.5, 7.5],
					"texture": "#unwrap1",
					"rotation": 90
				},
				"down": {
					"uv": [12.5, 8, 10, 7.5],
					"texture": "#unwrap1",
					"rotation": 90
				}
			}
		},
		{
			"name": "cube",
			"from": [7.75, 17, 5.5],
			"to": [8.25, 25, 8.5],
			"faces": {
				"north": {
					"uv": [10, 8, 9.5, 16],
					"texture": "#unwrap1"
				},
				"east": {
					"uv": [12.5, 8, 9.5, 16],
					"texture": "#unwrap1"
				},
				"south": {
					"uv": [12, 8, 12.5, 16],
					"texture": "#unwrap1"
				},
				"west": {
					"uv": [9.5, 8, 12.5, 16],
					"texture": "#unwrap1"
				},
				"up": {
					"uv": [9.5, 8, 12.5, 8.5],
					"texture": "#unwrap1",
					"rotation": 90
				},
				"down": {
					"uv": [12.5, 16, 9.5, 15.5],
					"texture": "#unwrap1",
					"rotation": 90
				}
			}
		},
		{
			"name": "cube",
			"from": [7.75, 12, 5],
			"to": [8.25, 17, 8.5],
			"faces": {
				"north": {
					"uv": [1.5, 3.5, 1, 8.5],
					"texture": "#unwrap1"
				},
				"east": {
					"uv": [4.5, 3.5, 1, 8.5],
					"texture": "#unwrap1"
				},
				"south": {
					"uv": [4, 3.5, 4.5, 8.5],
					"texture": "#unwrap1"
				},
				"west": {
					"uv": [1, 3.5, 4.5, 8.5],
					"texture": "#unwrap1"
				},
				"up": {
					"uv": [1, 3.5, 4.5, 4],
					"texture": "#unwrap1",
					"rotation": 90
				},
				"down": {
					"uv": [4.5, 8.5, 1, 8],
					"texture": "#unwrap1",
					"rotation": 90
				}
			}
		},
		{
			"name": "cube",
			"from": [7.75, 4.5, 4.5],
			"to": [8.25, 12, 8.5],
			"faces": {
				"north": {
					"uv": [1, 8.5, 0.5, 16],
					"texture": "#unwrap1"
				},
				"east": {
					"uv": [4.5, 8.5, 0.5, 16],
					"texture": "#unwrap1"
				},
				"south": {
					"uv": [4, 8.5, 4.5, 16],
					"texture": "#unwrap1"
				},
				"west": {
					"uv": [0.5, 8.5, 4.5, 16],
					"texture": "#unwrap1"
				},
				"up": {
					"uv": [0.5, 8.5, 4.5, 9],
					"texture": "#unwrap1",
					"rotation": 90
				},
				"down": {
					"uv": [4.5, 16, 0.5, 15.5],
					"texture": "#unwrap1",
					"rotation": 90
				}
			}
		},
		{
			"name": "cube",
			"from": [7.75, 23, 9],
			"to": [8.25, 24, 9.5],
			"faces": {
				"north": {
					"uv": [13.5, 9, 13, 10],
					"texture": "#unwrap1"
				},
				"east": {
					"uv": [13.5, 9, 13, 10],
					"texture": "#unwrap1"
				},
				"south": {
					"uv": [13, 9, 13.5, 10],
					"texture": "#unwrap1"
				},
				"west": {
					"uv": [13, 9, 13.5, 10],
					"texture": "#unwrap1"
				},
				"up": {
					"uv": [13, 9, 13.5, 9.5],
					"texture": "#unwrap1"
				},
				"down": {
					"uv": [13.5, 10, 13, 9.5],
					"texture": "#unwrap1"
				}
			}
		},
		{
			"name": "cube",
			"from": [7.75, 22, 9],
			"to": [8.25, 23, 10],
			"faces": {
				"north": {
					"uv": [13.5, 10, 13, 11],
					"texture": "#unwrap1"
				},
				"east": {
					"uv": [14, 10, 13, 11],
					"texture": "#unwrap1"
				},
				"south": {
					"uv": [13.5, 10, 14, 11],
					"texture": "#unwrap1"
				},
				"west": {
					"uv": [13, 10, 14, 11],
					"texture": "#unwrap1"
				},
				"up": {
					"uv": [13, 10, 14, 10.5],
					"texture": "#unwrap1",
					"rotation": 90
				},
				"down": {
					"uv": [14, 11, 13, 10.5],
					"texture": "#unwrap1",
					"rotation": 90
				}
			}
		},
		{
			"name": "cube",
			"from": [7.75, 21, 9],
			"to": [8.25, 22, 10.5],
			"faces": {
				"north": {
					"uv": [13.5, 11, 13, 12],
					"texture": "#unwrap1"
				},
				"east": {
					"uv": [14.5, 11, 13, 12],
					"texture": "#unwrap1"
				},
				"south": {
					"uv": [14, 11, 14.5, 12],
					"texture": "#unwrap1"
				},
				"west": {
					"uv": [13, 11, 14.5, 12],
					"texture": "#unwrap1"
				},
				"up": {
					"uv": [13, 11, 14.5, 11.5],
					"texture": "#unwrap1",
					"rotation": 90
				},
				"down": {
					"uv": [14.5, 12, 13, 11.5],
					"texture": "#unwrap1",
					"rotation": 90
				}
			}
		},
		{
			"name": "cube",
			"from": [7.75, 17, 9],
			"to": [8.25, 21, 11],
			"faces": {
				"north": {
					"uv": [13.5, 12, 13, 16],
					"texture": "#unwrap1"
				},
				"east": {
					"uv": [15, 12, 13, 16],
					"texture": "#unwrap1"
				},
				"south": {
					"uv": [14.5, 12, 15, 16],
					"texture": "#unwrap1"
				},
				"west": {
					"uv": [13, 12, 15, 16],
					"texture": "#unwrap1"
				},
				"up": {
					"uv": [13, 12, 15, 12.5],
					"texture": "#unwrap1",
					"rotation": 90
				},
				"down": {
					"uv": [15, 16, 13, 15.5],
					"texture": "#unwrap1",
					"rotation": 90
				}
			}
		},
		{
			"name": "cube",
			"from": [7.75, 5, 9],
			"to": [8.25, 9.5, 11.5],
			"faces": {
				"north": {
					"uv": [5.5, 11, 5, 15.5],
					"texture": "#unwrap1"
				},
				"east": {
					"uv": [7.5, 11, 5, 15.5],
					"texture": "#unwrap1"
				},
				"south": {
					"uv": [7, 11, 7.5, 15.5],
					"texture": "#unwrap1"
				},
				"west": {
					"uv": [5, 11, 7.5, 15.5],
					"texture": "#unwrap1"
				},
				"up": {
					"uv": [5, 11, 7.5, 11.5],
					"texture": "#unwrap1",
					"rotation": 90
				},
				"down": {
					"uv": [7.5, 15.5, 5, 15],
					"texture": "#unwrap1",
					"rotation": 90
				}
			}
		},
		{
			"name": "cube",
			"from": [7.75, 9.5, 9],
			"to": [8.25, 17, 11],
			"faces": {
				"north": {
					"uv": [5.5, 3.5, 5, 11],
					"texture": "#unwrap1"
				},
				"east": {
					"uv": [7, 3.5, 5, 11],
					"texture": "#unwrap1"
				},
				"south": {
					"uv": [6.5, 3.5, 7, 11],
					"texture": "#unwrap1"
				},
				"west": {
					"uv": [5, 3.5, 7, 11],
					"texture": "#unwrap1"
				},
				"up": {
					"uv": [5, 3.5, 7, 4],
					"texture": "#unwrap1",
					"rotation": 90
				},
				"down": {
					"uv": [7, 11, 5, 10.5],
					"texture": "#unwrap1",
					"rotation": 90
				}
			}
		},
		{
			"name": "cube",
			"from": [7.5, 5, 8],
			"to": [8.5, 5.5, 10.5],
			"faces": {
				"north": {
					"uv": [7, 0, 6.5, 0.5],
					"texture": "#unwrap2"
				},
				"east": {
					"uv": [9, 0, 6.5, 0.5],
					"texture": "#unwrap2"
				},
				"south": {
					"uv": [8.5, 0, 9, 0.5],
					"texture": "#unwrap2"
				},
				"west": {
					"uv": [6.5, 0, 9, 0.5],
					"texture": "#unwrap2"
				},
				"up": {
					"uv": [6.5, 0, 9, 0.5],
					"texture": "#unwrap2",
					"rotation": 90
				},
				"down": {
					"uv": [9, 0.5, 6.5, 0],
					"texture": "#unwrap2",
					"rotation": 90
				}
			}
		},
		{
			"name": "cube",
			"from": [7.5, 4.5, 6],
			"to": [8.5, 5, 8],
			"faces": {
				"north": {
					"uv": [5, 0.5, 4.5, 1],
					"texture": "#unwrap2"
				},
				"east": {
					"uv": [6.5, 0.5, 4.5, 1],
					"texture": "#unwrap2"
				},
				"south": {
					"uv": [6, 0.5, 6.5, 1],
					"texture": "#unwrap2"
				},
				"west": {
					"uv": [4.5, 0.5, 6.5, 1],
					"texture": "#unwrap2"
				},
				"up": {
					"uv": [4.5, 0.5, 6.5, 1],
					"texture": "#unwrap2",
					"rotation": 90
				},
				"down": {
					"uv": [6.5, 1, 4.5, 0.5],
					"texture": "#unwrap2",
					"rotation": 90
				}
			}
		},
		{
			"name": "cube",
			"from": [7.5, 4, 3],
			"to": [8.5, 4.5, 6],
			"faces": {
				"north": {
					"uv": [2, 1, 1.5, 1.5],
					"texture": "#unwrap2"
				},
				"east": {
					"uv": [4.5, 1, 1.5, 1.5],
					"texture": "#unwrap2"
				},
				"south": {
					"uv": [4, 1, 4.5, 1.5],
					"texture": "#unwrap2"
				},
				"west": {
					"uv": [1.5, 1, 4.5, 1.5],
					"texture": "#unwrap2"
				},
				"up": {
					"uv": [1.5, 1, 4.5, 1.5],
					"texture": "#unwrap2",
					"rotation": 90
				},
				"down": {
					"uv": [4.5, 1.5, 1.5, 1],
					"texture": "#unwrap2",
					"rotation": 90
				}
			}
		},
		{
			"name": "cube",
			"from": [7.5, 4.5, 10.5],
			"to": [8.5, 5, 11.5],
			"faces": {
				"north": {
					"uv": [9.5, 0.5, 9, 1],
					"texture": "#unwrap2"
				},
				"east": {
					"uv": [10, 0.5, 9, 1],
					"texture": "#unwrap2"
				},
				"south": {
					"uv": [9.5, 0.5, 10, 1],
					"texture": "#unwrap2"
				},
				"west": {
					"uv": [9, 0.5, 10, 1],
					"texture": "#unwrap2"
				},
				"up": {
					"uv": [9, 0.5, 10, 1],
					"texture": "#unwrap2",
					"rotation": 90
				},
				"down": {
					"uv": [10, 1, 9, 0.5],
					"texture": "#unwrap2",
					"rotation": 90
				}
			}
		},
		{
			"name": "cube",
			"from": [7.5, 3, 2.5],
			"to": [8.5, 4, 3],
			"faces": {
				"north": {
					"uv": [1.5, 1.5, 1, 2.5],
					"texture": "#unwrap2"
				},
				"east": {
					"uv": [1.5, 1.5, 1, 2.5],
					"texture": "#unwrap2"
				},
				"south": {
					"uv": [1, 1.5, 1.5, 2.5],
					"texture": "#unwrap2"
				},
				"west": {
					"uv": [1, 1.5, 1.5, 2.5],
					"texture": "#unwrap2"
				},
				"up": {
					"uv": [1, 1.5, 1.5, 2],
					"texture": "#unwrap2"
				},
				"down": {
					"uv": [1.5, 2.5, 1, 2],
					"texture": "#unwrap2"
				}
			}
		},
		{
			"name": "cube",
			"from": [7.5, 2.5, 3],
			"to": [8.5, 3, 4],
			"faces": {
				"north": {
					"uv": [2, 2.5, 1.5, 3],
					"texture": "#unwrap2"
				},
				"east": {
					"uv": [2.5, 2.5, 1.5, 3],
					"texture": "#unwrap2"
				},
				"south": {
					"uv": [2, 2.5, 2.5, 3],
					"texture": "#unwrap2"
				},
				"west": {
					"uv": [1.5, 2.5, 2.5, 3],
					"texture": "#unwrap2"
				},
				"up": {
					"uv": [1.5, 2.5, 2.5, 3],
					"texture": "#unwrap2",
					"rotation": 90
				},
				"down": {
					"uv": [2.5, 3, 1.5, 2.5],
					"texture": "#unwrap2",
					"rotation": 90
				}
			}
		},
		{
			"name": "cube",
			"from": [7.25, 0, 4],
			"to": [8.75, 3, 5],
			"faces": {
				"north": {
					"uv": [3, 2.5, 2.5, 5.5],
					"texture": "#unwrap2"
				},
				"east": {
					"uv": [3.5, 2.5, 2.5, 5.5],
					"texture": "#unwrap2"
				},
				"south": {
					"uv": [3, 2.5, 3.5, 5.5],
					"texture": "#unwrap2"
				},
				"west": {
					"uv": [2.5, 2.5, 3.5, 5.5],
					"texture": "#unwrap2"
				},
				"up": {
					"uv": [2.5, 2.5, 3.5, 3],
					"texture": "#unwrap2",
					"rotation": 90
				},
				"down": {
					"uv": [3.5, 5.5, 2.5, 5],
					"texture": "#unwrap2",
					"rotation": 90
				}
			}
		},
		{
			"name": "cube",
			"from": [7.5, 1.5, 2],
			"to": [8.5, 2, 4],
			"faces": {
				"north": {
					"uv": [1, 3.5, 0.5, 4],
					"texture": "#unwrap2"
				},
				"east": {
					"uv": [2.5, 3.5, 0.5, 4],
					"texture": "#unwrap2"
				},
				"south": {
					"uv": [2, 3.5, 2.5, 4],
					"texture": "#unwrap2"
				},
				"west": {
					"uv": [0.5, 3.5, 2.5, 4],
					"texture": "#unwrap2"
				},
				"up": {
					"uv": [0.5, 3.5, 2.5, 4],
					"texture": "#unwrap2",
					"rotation": 90
				},
				"down": {
					"uv": [2.5, 4, 0.5, 3.5],
					"texture": "#unwrap2",
					"rotation": 90
				}
			}
		},
		{
			"name": "cube",
			"from": [7.5, 0.5, 1.5],
			"to": [8.5, 1.5, 2],
			"faces": {
				"north": {
					"uv": [0.5, 4, 0, 5],
					"texture": "#unwrap2"
				},
				"east": {
					"uv": [0.5, 4, 0, 5],
					"texture": "#unwrap2"
				},
				"south": {
					"uv": [0, 4, 0.5, 5],
					"texture": "#unwrap2"
				},
				"west": {
					"uv": [0, 4, 0.5, 5],
					"texture": "#unwrap2"
				},
				"up": {
					"uv": [0, 4, 0.5, 4.5],
					"texture": "#unwrap2"
				},
				"down": {
					"uv": [0.5, 4.5, 0, 5],
					"texture": "#unwrap2"
				}
			}
		},
		{
			"name": "cube",
			"from": [7.5, 0, 2],
			"to": [8.5, 0.5, 4],
			"faces": {
				"north": {
					"uv": [1, 5, 0.5, 5.5],
					"texture": "#unwrap2"
				},
				"east": {
					"uv": [2.5, 5, 0.5, 5.5],
					"texture": "#unwrap2"
				},
				"south": {
					"uv": [2, 5, 2.5, 5.5],
					"texture": "#unwrap2"
				},
				"west": {
					"uv": [0.5, 5, 2.5, 5.5],
					"texture": "#unwrap2"
				},
				"up": {
					"uv": [0.5, 5, 2.5, 5.5],
					"texture": "#unwrap2",
					"rotation": 90
				},
				"down": {
					"uv": [2.5, 5.5, 0.5, 5],
					"texture": "#unwrap2",
					"rotation": 90
				}
			}
		},
		{
			"name": "cube",
			"from": [7.5, -1.5, 4],
			"to": [8.5, 0, 4.5],
			"faces": {
				"north": {
					"uv": [3, 5.5, 2.5, 7],
					"texture": "#unwrap2"
				},
				"east": {
					"uv": [3, 5.5, 2.5, 7],
					"texture": "#unwrap2"
				},
				"south": {
					"uv": [2.5, 5.5, 3, 7],
					"texture": "#unwrap2"
				},
				"west": {
					"uv": [2.5, 5.5, 3, 7],
					"texture": "#unwrap2"
				},
				"up": {
					"uv": [2.5, 5.5, 3, 6],
					"texture": "#unwrap2"
				},
				"down": {
					"uv": [3, 7, 2.5, 6.5],
					"texture": "#unwrap2"
				}
			}
		},
		{
			"name": "cube",
			"from": [7.5, -1.5, 3],
			"to": [8.5, -1, 4],
			"faces": {
				"north": {
					"uv": [2, 6.5, 1.5, 7],
					"texture": "#unwrap2"
				},
				"east": {
					"uv": [2.5, 6.5, 1.5, 7],
					"texture": "#unwrap2"
				},
				"south": {
					"uv": [2, 6.5, 2.5, 7],
					"texture": "#unwrap2"
				},
				"west": {
					"uv": [1.5, 6.5, 2.5, 7],
					"texture": "#unwrap2"
				},
				"up": {
					"uv": [1.5, 6.5, 2.5, 7],
					"texture": "#unwrap2",
					"rotation": 90
				},
				"down": {
					"uv": [2.5, 7, 1.5, 6.5],
					"texture": "#unwrap2",
					"rotation": 90
				}
			}
		},
		{
			"name": "cube",
			"from": [7.5, -2.5, 2.5],
			"to": [8.5, -1.5, 3],
			"faces": {
				"north": {
					"uv": [1.5, 7, 1, 8],
					"texture": "#unwrap2"
				},
				"east": {
					"uv": [1.5, 7, 1, 8],
					"texture": "#unwrap2"
				},
				"south": {
					"uv": [1, 7, 1.5, 8],
					"texture": "#unwrap2"
				},
				"west": {
					"uv": [1, 7, 1.5, 8],
					"texture": "#unwrap2"
				},
				"up": {
					"uv": [1, 7, 1.5, 7.5],
					"texture": "#unwrap2"
				},
				"down": {
					"uv": [1.5, 8, 1, 7.5],
					"texture": "#unwrap2"
				}
			}
		},
		{
			"name": "cube",
			"from": [7.5, -3, 3],
			"to": [8.5, -2.5, 4.5],
			"faces": {
				"north": {
					"uv": [2, 8, 1.5, 8.5],
					"texture": "#unwrap2"
				},
				"east": {
					"uv": [3, 8, 1.5, 8.5],
					"texture": "#unwrap2"
				},
				"south": {
					"uv": [2.5, 8, 3, 8.5],
					"texture": "#unwrap2"
				},
				"west": {
					"uv": [1.5, 8, 3, 8.5],
					"texture": "#unwrap2"
				},
				"up": {
					"uv": [1.5, 8, 3, 8.5],
					"texture": "#unwrap2",
					"rotation": 90
				},
				"down": {
					"uv": [3, 8.5, 1.5, 8],
					"texture": "#unwrap2",
					"rotation": 90
				}
			}
		},
		{
			"name": "cube",
			"from": [7.25, -2.5, 4.5],
			"to": [8.75, -2, 6],
			"faces": {
				"north": {
					"uv": [3.5, 7.5, 3, 8],
					"texture": "#unwrap2"
				},
				"east": {
					"uv": [4.5, 7.5, 3, 8],
					"texture": "#unwrap2"
				},
				"south": {
					"uv": [3.5, 7.5, 4, 8],
					"texture": "#unwrap2"
				},
				"west": {
					"uv": [3, 7.5, 4.5, 8],
					"texture": "#unwrap2"
				},
				"up": {
					"uv": [3, 7.5, 4.5, 8],
					"texture": "#unwrap2",
					"rotation": 90
				},
				"down": {
					"uv": [4.5, 8, 3, 7.5],
					"texture": "#unwrap2",
					"rotation": 90
				}
			}
		},
		{
			"name": "cube",
			"from": [7.25, -3, 5.5],
			"to": [8.75, -2.5, 7.5],
			"faces": {
				"north": {
					"uv": [4.5, 8, 4, 8.5],
					"texture": "#unwrap2"
				},
				"east": {
					"uv": [6, 8, 4, 8.5],
					"texture": "#unwrap2"
				},
				"south": {
					"uv": [5.5, 8, 6, 8.5],
					"texture": "#unwrap2"
				},
				"west": {
					"uv": [4, 8, 6, 8.5],
					"texture": "#unwrap2"
				},
				"up": {
					"uv": [4, 8, 6, 8.5],
					"texture": "#unwrap2",
					"rotation": 90
				},
				"down": {
					"uv": [6, 8.5, 4, 8],
					"texture": "#unwrap2",
					"rotation": 90
				}
			}
		},
		{
			"name": "cube",
			"from": [7.5, -3.5, 6.5],
			"to": [8.5, -3, 7],
			"faces": {
				"north": {
					"uv": [5.5, 8.5, 5, 9],
					"texture": "#unwrap2"
				},
				"east": {
					"uv": [5.5, 8.5, 5, 9],
					"texture": "#unwrap2"
				},
				"south": {
					"uv": [5, 8.5, 5.5, 9],
					"texture": "#unwrap2"
				},
				"west": {
					"uv": [5, 8.5, 5.5, 9],
					"texture": "#unwrap2"
				},
				"up": {
					"uv": [5, 8.5, 5.5, 9],
					"texture": "#unwrap2"
				},
				"down": {
					"uv": [5.5, 9, 5, 8.5],
					"texture": "#unwrap2"
				}
			}
		},
		{
			"name": "cube",
			"from": [7.5, 3.5, 11.5],
			"to": [8.5, 4.5, 12],
			"faces": {
				"north": {
					"uv": [10.5, 1, 10, 2],
					"texture": "#unwrap2"
				},
				"east": {
					"uv": [10.5, 1, 10, 2],
					"texture": "#unwrap2"
				},
				"south": {
					"uv": [10, 1, 10.5, 2],
					"texture": "#unwrap2"
				},
				"west": {
					"uv": [10, 1, 10.5, 2],
					"texture": "#unwrap2"
				},
				"up": {
					"uv": [10, 1, 10.5, 1.5],
					"texture": "#unwrap2"
				},
				"down": {
					"uv": [10.5, 2, 10, 1.5],
					"texture": "#unwrap2"
				}
			}
		},
		{
			"name": "cube",
			"from": [7.5, -1.5, 12],
			"to": [8.5, 3.5, 12.5],
			"faces": {
				"north": {
					"uv": [11, 2, 10.5, 7],
					"texture": "#unwrap2"
				},
				"east": {
					"uv": [11, 2, 10.5, 7],
					"texture": "#unwrap2"
				},
				"south": {
					"uv": [10.5, 2, 11, 7],
					"texture": "#unwrap2"
				},
				"west": {
					"uv": [10.5, 2, 11, 7],
					"texture": "#unwrap2"
				},
				"up": {
					"uv": [10.5, 2, 11, 2.5],
					"texture": "#unwrap2"
				},
				"down": {
					"uv": [11, 7, 10.5, 6.5],
					"texture": "#unwrap2"
				}
			}
		},
		{
			"name": "cube",
			"from": [7.5, -0.5, 11.5],
			"to": [8.5, 1, 12],
			"faces": {
				"north": {
					"uv": [10.5, 4.5, 10, 6],
					"texture": "#unwrap2"
				},
				"east": {
					"uv": [10.5, 4.5, 10, 6],
					"texture": "#unwrap2"
				},
				"south": {
					"uv": [10, 4.5, 10.5, 6],
					"texture": "#unwrap2"
				},
				"west": {
					"uv": [10, 4.5, 10.5, 6],
					"texture": "#unwrap2"
				},
				"up": {
					"uv": [10, 4.5, 10.5, 5],
					"texture": "#unwrap2"
				},
				"down": {
					"uv": [10.5, 5.5, 10, 6],
					"texture": "#unwrap2"
				}
			}
		},
		{
			"name": "cube",
			"from": [7.5, 1, 11],
			"to": [8.5, 2, 11.5],
			"faces": {
				"north": {
					"uv": [10, 3.5, 9.5, 4.5],
					"texture": "#unwrap2"
				},
				"east": {
					"uv": [10, 3.5, 9.5, 4.5],
					"texture": "#unwrap2"
				},
				"south": {
					"uv": [9.5, 3.5, 10, 4.5],
					"texture": "#unwrap2"
				},
				"west": {
					"uv": [9.5, 3.5, 10, 4.5],
					"texture": "#unwrap2"
				},
				"up": {
					"uv": [9.5, 3.5, 10, 4],
					"texture": "#unwrap2"
				},
				"down": {
					"uv": [10, 4.5, 9.5, 4],
					"texture": "#unwrap2"
				}
			}
		},
		{
			"name": "cube",
			"from": [7.25, 1.5, 10.5],
			"to": [8.75, 2.5, 11.5],
			"faces": {
				"north": {
					"uv": [9.5, 3, 9, 4],
					"texture": "#unwrap2"
				},
				"east": {
					"uv": [10, 3, 9, 4],
					"texture": "#unwrap2"
				},
				"south": {
					"uv": [9.5, 3, 10, 4],
					"texture": "#unwrap2"
				},
				"west": {
					"uv": [9, 3, 10, 4],
					"texture": "#unwrap2"
				},
				"up": {
					"uv": [9, 3, 10, 3.5],
					"texture": "#unwrap2",
					"rotation": 90
				},
				"down": {
					"uv": [10, 4, 9, 3.5],
					"texture": "#unwrap2",
					"rotation": 90
				}
			}
		},
		{
			"name": "cube",
			"from": [6.5, 2.5, 5],
			"to": [9.5, 3, 7.5],
			"faces": {
				"north": {
					"uv": [4, 2.5, 3.5, 3],
					"texture": "#unwrap2"
				},
				"east": {
					"uv": [6, 2.5, 3.5, 3],
					"texture": "#unwrap2"
				},
				"south": {
					"uv": [5.5, 2.5, 6, 3],
					"texture": "#unwrap2"
				},
				"west": {
					"uv": [3.5, 2.5, 6, 3],
					"texture": "#unwrap2"
				},
				"up": {
					"uv": [3.5, 2.5, 6, 3],
					"texture": "#unwrap2",
					"rotation": 90
				},
				"down": {
					"uv": [6, 3, 3.5, 2.5],
					"texture": "#unwrap2",
					"rotation": 90
				}
			}
		},
		{
			"name": "cube",
			"from": [6.5, 2, 7.5],
			"to": [9.5, 2.5, 8.5],
			"faces": {
				"north": {
					"uv": [6.5, 3, 6, 3.5],
					"texture": "#unwrap2"
				},
				"east": {
					"uv": [7, 3, 6, 3.5],
					"texture": "#unwrap2"
				},
				"south": {
					"uv": [6.5, 3, 7, 3.5],
					"texture": "#unwrap2"
				},
				"west": {
					"uv": [6, 3, 7, 3.5],
					"texture": "#unwrap2"
				},
				"up": {
					"uv": [6, 3, 7, 3.5],
					"texture": "#unwrap2",
					"rotation": 90
				},
				"down": {
					"uv": [7, 3.5, 6, 3],
					"texture": "#unwrap2",
					"rotation": 90
				}
			}
		},
		{
			"name": "cube",
			"from": [6.75, 1.5, 8.5],
			"to": [9.25, 2, 9.5],
			"faces": {
				"north": {
					"uv": [7.5, 3.5, 7, 4],
					"texture": "#unwrap2"
				},
				"east": {
					"uv": [8, 3.5, 7, 4],
					"texture": "#unwrap2"
				},
				"south": {
					"uv": [7.5, 3.5, 8, 4],
					"texture": "#unwrap2"
				},
				"west": {
					"uv": [7, 3.5, 8, 4],
					"texture": "#unwrap2"
				},
				"up": {
					"uv": [7, 3.5, 8, 4],
					"texture": "#unwrap2",
					"rotation": 90
				},
				"down": {
					"uv": [8, 4, 7, 3.5],
					"texture": "#unwrap2",
					"rotation": 90
				}
			}
		},
		{
			"name": "cube",
			"from": [7, 0.5, 9.5],
			"to": [9, 1.5, 10],
			"faces": {
				"north": {
					"uv": [8.5, 4, 8, 5],
					"texture": "#unwrap2"
				},
				"east": {
					"uv": [8.5, 4, 8, 5],
					"texture": "#unwrap2"
				},
				"south": {
					"uv": [8, 4, 8.5, 5],
					"texture": "#unwrap2"
				},
				"west": {
					"uv": [8, 4, 8.5, 5],
					"texture": "#unwrap2"
				},
				"up": {
					"uv": [8, 4, 8.5, 4.5],
					"texture": "#unwrap2"
				},
				"down": {
					"uv": [8.5, 5, 8, 4.5],
					"texture": "#unwrap2"
				}
			}
		},
		{
			"name": "cube",
			"from": [7.25, -3.5, 10],
			"to": [8.75, 0.5, 10.5],
			"faces": {
				"north": {
					"uv": [9, 5, 8.5, 9],
					"texture": "#unwrap2"
				},
				"east": {
					"uv": [9, 5, 8.5, 9],
					"texture": "#unwrap2"
				},
				"south": {
					"uv": [8.5, 5, 9, 9],
					"texture": "#unwrap2"
				},
				"west": {
					"uv": [8.5, 5, 9, 9],
					"texture": "#unwrap2"
				},
				"up": {
					"uv": [8.5, 5, 9, 5.5],
					"texture": "#unwrap2"
				},
				"down": {
					"uv": [9, 9, 8.5, 8.5],
					"texture": "#unwrap2"
				}
			}
		},
		{
			"name": "cube",
			"from": [7.5, -5, 10.5],
			"to": [8.5, -1.5, 11],
			"faces": {
				"north": {
					"uv": [9.5, 7, 9, 10.5],
					"texture": "#unwrap2"
				},
				"east": {
					"uv": [9.5, 7, 9, 10.5],
					"texture": "#unwrap2"
				},
				"south": {
					"uv": [9, 7, 9.5, 10.5],
					"texture": "#unwrap2"
				},
				"west": {
					"uv": [9, 7, 9.5, 10.5],
					"texture": "#unwrap2"
				},
				"up": {
					"uv": [9, 7, 9.5, 7.5],
					"texture": "#unwrap2"
				},
				"down": {
					"uv": [9.5, 10.5, 9, 10],
					"texture": "#unwrap2"
				}
			}
		},
		{
			"name": "cube",
			"from": [7.5, -4.5, 10],
			"to": [8.5, -3.5, 10.5],
			"faces": {
				"north": {
					"uv": [9, 9, 8.5, 10],
					"texture": "#unwrap2"
				},
				"east": {
					"uv": [9, 9, 8.5, 10],
					"texture": "#unwrap2"
				},
				"south": {
					"uv": [8.5, 9, 9, 10],
					"texture": "#unwrap2"
				},
				"west": {
					"uv": [8.5, 9, 9, 10],
					"texture": "#unwrap2"
				},
				"up": {
					"uv": [8.5, 9, 9, 9.5],
					"texture": "#unwrap2"
				},
				"down": {
					"uv": [9, 10, 8.5, 9.5],
					"texture": "#unwrap2"
				}
			}
		},
		{
			"name": "cube",
			"from": [7.5, -3.5, 9.5],
			"to": [8.5, -2.5, 10],
			"faces": {
				"north": {
					"uv": [8.5, 8, 8, 9],
					"texture": "#unwrap2"
				},
				"east": {
					"uv": [8.5, 8, 8, 9],
					"texture": "#unwrap2"
				},
				"south": {
					"uv": [8, 8, 8.5, 9],
					"texture": "#unwrap2"
				},
				"west": {
					"uv": [8, 8, 8.5, 9],
					"texture": "#unwrap2"
				},
				"up": {
					"uv": [8, 8, 8.5, 8.5],
					"texture": "#unwrap2"
				},
				"down": {
					"uv": [8.5, 9, 8, 8.5],
					"texture": "#unwrap2"
				}
			}
		},
		{
			"name": "cube",
			"from": [7, -10.5, 7.5],
			"to": [9, -3.5, 8.5],
			"faces": {
				"north": {
					"uv": [12.5, 6, 14.5, 12.5],
					"texture": "#unwrap2"
				},
				"east": {
					"uv": [13, 6, 14, 13],
					"texture": "#unwrap2"
				},
				"south": {
					"uv": [12.5, 6, 14.5, 13],
					"texture": "#unwrap2"
				},
				"west": {
					"uv": [13, 6, 14, 13],
					"texture": "#unwrap2"
				},
				"up": {
					"uv": [12.5, 6, 14.5, 6.5],
					"texture": "#unwrap2"
				},
				"down": {
					"uv": [14.5, 13, 12.5, 12.5],
					"texture": "#unwrap2"
				}
			}
		},
		{
			"name": "cube",
			"from": [7.5, -10.5, 7],
			"to": [8.5, -3.5, 9],
			"faces": {
				"north": {
					"uv": [13, 6, 14, 13],
					"texture": "#unwrap2"
				},
				"east": {
					"uv": [12.5, 6, 14.5, 13],
					"texture": "#unwrap2"
				},
				"south": {
					"uv": [13, 6, 14, 13],
					"texture": "#unwrap2"
				},
				"west": {
					"uv": [12.5, 6, 14.5, 13],
					"texture": "#unwrap2"
				},
				"up": {
					"uv": [12.5, 6, 14.5, 6.5],
					"texture": "#unwrap2",
					"rotation": 90
				},
				"down": {
					"uv": [14.5, 13, 12.5, 12.5],
					"texture": "#unwrap2",
					"rotation": 90
				}
			}
		},
		{
			"name": "cube",
			"from": [7, -3.5, 7.5],
			"to": [9, -1.5, 8.5],
			"faces": {
				"north": {
					"uv": [7.5, 7, 5.5, 9],
					"texture": "#unwrap2"
				},
				"east": {"uv": [7, 7, 6, 9], "texture": "#unwrap2"},
				"south": {
					"uv": [5.5, 7, 7.5, 9],
					"texture": "#unwrap2"
				},
				"west": {"uv": [6, 7, 7, 9], "texture": "#unwrap2"},
				"up": {
					"uv": [5.5, 7, 7.5, 7.5],
					"texture": "#unwrap2"
				},
				"down": {
					"uv": [7.5, 9, 5.5, 8.5],
					"texture": "#unwrap2"
				}
			}
		},
		{
			"name": "cube",
			"from": [7.5, -3.5, 7],
			"to": [8.5, -1.5, 9],
			"faces": {
				"north": {
					"uv": [7, 7, 6, 9],
					"texture": "#unwrap2"
				},
				"east": {
					"uv": [7.5, 7, 5.5, 9],
					"texture": "#unwrap2"
				},
				"south": {
					"uv": [6, 7, 7, 9],
					"texture": "#unwrap2"
				},
				"west": {
					"uv": [5.5, 7, 7.5, 9],
					"texture": "#unwrap2"
				},
				"up": {
					"uv": [5.5, 7, 7.5, 7.5],
					"texture": "#unwrap2",
					"rotation": 90
				},
				"down": {
					"uv": [7.5, 9, 5.5, 8.5],
					"texture": "#unwrap2",
					"rotation": 90
				}
			}
		},
		{
			"name": "cube",
			"from": [6.75, 2.5, 10.5],
			"to": [9.25, 4, 11],
			"faces": {
				"north": {
					"uv": [9.5, 1.5, 9, 3],
					"texture": "#unwrap2"
				},
				"east": {
					"uv": [9.5, 1.5, 9, 3],
					"texture": "#unwrap2"
				},
				"south": {
					"uv": [9, 1.5, 9.5, 3],
					"texture": "#unwrap2"
				},
				"west": {
					"uv": [9, 1.5, 9.5, 3],
					"texture": "#unwrap2"
				},
				"up": {
					"uv": [9, 1.5, 9.5, 2],
					"texture": "#unwrap2"
				},
				"down": {
					"uv": [9.5, 3, 9, 2.5],
					"texture": "#unwrap2"
				}
			}
		},
		{
			"name": "cube",
			"from": [7, 2, 10],
			"to": [9, 2.5, 10.5],
			"faces": {
				"north": {
					"uv": [9, 3, 8.5, 3.5],
					"texture": "#unwrap2"
				},
				"east": {
					"uv": [9, 3, 8.5, 3.5],
					"texture": "#unwrap2"
				},
				"south": {
					"uv": [8.5, 3, 9, 3.5],
					"texture": "#unwrap2"
				},
				"west": {
					"uv": [8.5, 3, 9, 3.5],
					"texture": "#unwrap2"
				},
				"up": {
					"uv": [8.5, 3, 9, 3.5],
					"texture": "#unwrap2"
				},
				"down": {
					"uv": [9, 3.5, 8.5, 3],
					"texture": "#unwrap2"
				}
			}
		},
		{
			"name": "cube",
			"from": [6.75, 4, 8],
			"to": [9.25, 4.5, 10.5],
			"faces": {
				"north": {
					"uv": [7, 1, 6.5, 1.5],
					"texture": "#unwrap2"
				},
				"east": {
					"uv": [9, 1, 6.5, 1.5],
					"texture": "#unwrap2"
				},
				"south": {
					"uv": [8.5, 1, 9, 1.5],
					"texture": "#unwrap2"
				},
				"west": {
					"uv": [6.5, 1, 9, 1.5],
					"texture": "#unwrap2"
				},
				"up": {
					"uv": [6.5, 1, 9, 1.5],
					"texture": "#unwrap2",
					"rotation": 90
				},
				"down": {
					"uv": [9, 1.5, 6.5, 1],
					"texture": "#unwrap2",
					"rotation": 90
				}
			}
		},
		{
			"name": "cube",
			"from": [6.75, 3.5, 6.5],
			"to": [9.25, 4, 9.5],
			"faces": {
				"north": {
					"uv": [5.5, 1.5, 5, 2],
					"texture": "#unwrap2"
				},
				"east": {
					"uv": [8, 1.5, 5, 2],
					"texture": "#unwrap2"
				},
				"south": {
					"uv": [7.5, 1.5, 8, 2],
					"texture": "#unwrap2"
				},
				"west": {
					"uv": [5, 1.5, 8, 2],
					"texture": "#unwrap2"
				},
				"up": {
					"uv": [5, 1.5, 8, 2],
					"texture": "#unwrap2",
					"rotation": 90
				},
				"down": {
					"uv": [8, 2, 5, 1.5],
					"texture": "#unwrap2",
					"rotation": 90
				}
			}
		},
		{
			"name": "cube",
			"from": [6.75, 2.5, 8.5],
			"to": [9.25, 3.5, 9],
			"faces": {
				"north": {
					"uv": [7.5, 2, 7, 3],
					"texture": "#unwrap2"
				},
				"east": {
					"uv": [7.5, 2, 7, 3],
					"texture": "#unwrap2"
				},
				"south": {
					"uv": [7, 2, 7.5, 3],
					"texture": "#unwrap2"
				},
				"west": {
					"uv": [7, 2, 7.5, 3],
					"texture": "#unwrap2"
				},
				"up": {
					"uv": [7, 2, 7.5, 2.5],
					"texture": "#unwrap2"
				},
				"down": {
					"uv": [7.5, 3, 7, 2.5],
					"texture": "#unwrap2"
				}
			}
		},
		{
			"name": "cube",
			"from": [7, 4, 6],
			"to": [9, 4.5, 8],
			"faces": {
				"north": {
					"uv": [5, 1, 4.5, 1.5],
					"texture": "#unwrap2"
				},
				"east": {
					"uv": [6.5, 1, 4.5, 1.5],
					"texture": "#unwrap2"
				},
				"south": {
					"uv": [6, 1, 6.5, 1.5],
					"texture": "#unwrap2"
				},
				"west": {
					"uv": [4.5, 1, 6.5, 1.5],
					"texture": "#unwrap2"
				},
				"up": {
					"uv": [4.5, 1, 6.5, 1.5],
					"texture": "#unwrap2",
					"rotation": 90
				},
				"down": {
					"uv": [6.5, 1.5, 4.5, 1],
					"texture": "#unwrap2",
					"rotation": 90
				}
			}
		},
		{
			"name": "cube",
			"from": [7, 4, 10.5],
			"to": [9, 4.5, 11.5],
			"faces": {
				"north": {
					"uv": [9.5, 1, 9, 1.5],
					"texture": "#unwrap2"
				},
				"east": {
					"uv": [10, 1, 9, 1.5],
					"texture": "#unwrap2"
				},
				"south": {
					"uv": [9.5, 1, 10, 1.5],
					"texture": "#unwrap2"
				},
				"west": {
					"uv": [9, 1, 10, 1.5],
					"texture": "#unwrap2"
				},
				"up": {
					"uv": [9, 1, 10, 1.5],
					"texture": "#unwrap2",
					"rotation": 90
				},
				"down": {
					"uv": [10, 1.5, 9, 1],
					"texture": "#unwrap2",
					"rotation": 90
				}
			}
		},
		{
			"name": "cube",
			"from": [7, 4.5, 8],
			"to": [9, 5, 10.5],
			"faces": {
				"north": {
					"uv": [7, 0.5, 6.5, 1],
					"texture": "#unwrap2"
				},
				"east": {
					"uv": [9, 0.5, 6.5, 1],
					"texture": "#unwrap2"
				},
				"south": {
					"uv": [8.5, 0.5, 9, 1],
					"texture": "#unwrap2"
				},
				"west": {
					"uv": [6.5, 0.5, 9, 1],
					"texture": "#unwrap2"
				},
				"up": {
					"uv": [6.5, 0.5, 9, 1],
					"texture": "#unwrap2",
					"rotation": 90
				},
				"down": {
					"uv": [9, 1, 6.5, 0.5],
					"texture": "#unwrap2",
					"rotation": 90
				}
			}
		},
		{
			"name": "cube",
			"from": [7.25, 1, 11.5],
			"to": [8.75, 3.5, 12],
			"faces": {
				"north": {
					"uv": [10.5, 2, 10, 4.5],
					"texture": "#unwrap2"
				},
				"east": {
					"uv": [10.5, 2, 10, 4.5],
					"texture": "#unwrap2"
				},
				"south": {
					"uv": [10, 2, 10.5, 4.5],
					"texture": "#unwrap2"
				},
				"west": {
					"uv": [10, 2, 10.5, 4.5],
					"texture": "#unwrap2"
				},
				"up": {
					"uv": [10, 2, 10.5, 2.5],
					"texture": "#unwrap2"
				},
				"down": {
					"uv": [10.5, 4.5, 10, 4],
					"texture": "#unwrap2"
				}
			}
		},
		{
			"name": "cube",
			"from": [7, 2, 11],
			"to": [9, 4, 11.5],
			"faces": {
				"north": {
					"uv": [10, 1.5, 9.5, 3.5],
					"texture": "#unwrap2"
				},
				"east": {
					"uv": [10, 1.5, 9.5, 3.5],
					"texture": "#unwrap2"
				},
				"south": {
					"uv": [9.5, 1.5, 10, 3.5],
					"texture": "#unwrap2"
				},
				"west": {
					"uv": [9.5, 1.5, 10, 3.5],
					"texture": "#unwrap2"
				},
				"up": {
					"uv": [9.5, 1.5, 10, 2],
					"texture": "#unwrap2"
				},
				"down": {
					"uv": [10, 3.5, 9.5, 3],
					"texture": "#unwrap2"
				}
			}
		},
		{
			"name": "cube",
			"from": [6.5, 1.5, 4.5],
			"to": [9.5, 2.5, 5],
			"faces": {
				"north": {
					"uv": [3.5, 3, 3, 4],
					"texture": "#unwrap2"
				},
				"east": {
					"uv": [3.5, 3, 3, 4],
					"texture": "#unwrap2"
				},
				"south": {
					"uv": [3, 3, 3.5, 4],
					"texture": "#unwrap2"
				},
				"west": {
					"uv": [3, 3, 3.5, 4],
					"texture": "#unwrap2"
				},
				"up": {
					"uv": [3, 3, 3.5, 3.5],
					"texture": "#unwrap2"
				},
				"down": {
					"uv": [3.5, 4, 3, 3.5],
					"texture": "#unwrap2"
				}
			}
		},
		{
			"name": "cube",
			"from": [7.25, 1.5, 7.5],
			"to": [8.75, 3, 10.5],
			"faces": {
				"north": {
					"uv": [6.5, 2.5, 6, 4],
					"texture": "#unwrap2"
				},
				"east": {
					"uv": [9, 2.5, 6, 4],
					"texture": "#unwrap2"
				},
				"south": {
					"uv": [8.5, 2.5, 9, 4],
					"texture": "#unwrap2"
				},
				"west": {
					"uv": [6, 2.5, 9, 4],
					"texture": "#unwrap2"
				},
				"up": {
					"uv": [6, 2.5, 9, 3],
					"texture": "#unwrap2",
					"rotation": 90
				},
				"down": {
					"uv": [9, 4, 6, 3.5],
					"texture": "#unwrap2",
					"rotation": 90
				}
			}
		},
		{
			"name": "cube",
			"from": [7.25, 3, 3],
			"to": [8.75, 4, 5.5],
			"faces": {
				"north": {
					"uv": [2, 1.5, 1.5, 2.5],
					"texture": "#unwrap2"
				},
				"east": {
					"uv": [4, 1.5, 1.5, 2.5],
					"texture": "#unwrap2"
				},
				"south": {
					"uv": [3.5, 1.5, 4, 2.5],
					"texture": "#unwrap2"
				},
				"west": {
					"uv": [1.5, 1.5, 4, 2.5],
					"texture": "#unwrap2"
				},
				"up": {
					"uv": [1.5, 1.5, 4, 2],
					"texture": "#unwrap2",
					"rotation": 90
				},
				"down": {
					"uv": [4, 2.5, 1.5, 2],
					"texture": "#unwrap2",
					"rotation": 90
				}
			}
		},
		{
			"name": "cube",
			"from": [7, 3, 5.5],
			"to": [9, 4, 10.5],
			"faces": {
				"north": {
					"uv": [4.5, 1.5, 4, 2.5],
					"texture": "#unwrap2"
				},
				"east": {
					"uv": [9, 1.5, 4, 2.5],
					"texture": "#unwrap2"
				},
				"south": {
					"uv": [8.5, 1.5, 9, 2.5],
					"texture": "#unwrap2"
				},
				"west": {
					"uv": [4, 1.5, 9, 2.5],
					"texture": "#unwrap2"
				},
				"up": {
					"uv": [4, 1.5, 9, 2],
					"texture": "#unwrap2",
					"rotation": 90
				},
				"down": {
					"uv": [9, 2.5, 4, 2],
					"texture": "#unwrap2",
					"rotation": 90
				}
			}
		},
		{
			"name": "cube",
			"from": [7.5, 1, 10],
			"to": [8.5, 1.5, 10.5],
			"faces": {
				"north": {
					"uv": [9, 4, 8.5, 4.5],
					"texture": "#unwrap2"
				},
				"east": {
					"uv": [9, 4, 8.5, 4.5],
					"texture": "#unwrap2"
				},
				"south": {
					"uv": [8.5, 4, 9, 4.5],
					"texture": "#unwrap2"
				},
				"west": {
					"uv": [8.5, 4, 9, 4.5],
					"texture": "#unwrap2"
				},
				"up": {
					"uv": [8.5, 4, 9, 4.5],
					"texture": "#unwrap2"
				},
				"down": {
					"uv": [9, 4.5, 8.5, 4],
					"texture": "#unwrap2"
				}
			}
		},
		{
			"name": "cube",
			"from": [6.25, 1.5, 5],
			"to": [9.75, 2.5, 7.5],
			"faces": {
				"north": {
					"uv": [4, 3, 3.5, 4],
					"texture": "#unwrap2"
				},
				"east": {
					"uv": [6, 3, 3.5, 4],
					"texture": "#unwrap2"
				},
				"south": {
					"uv": [5.5, 3, 6, 4],
					"texture": "#unwrap2"
				},
				"west": {
					"uv": [3.5, 3, 6, 4],
					"texture": "#unwrap2"
				},
				"up": {
					"uv": [3.5, 3, 6, 3.5],
					"texture": "#unwrap2",
					"rotation": 90
				},
				"down": {
					"uv": [6, 4, 3.5, 3.5],
					"texture": "#unwrap2",
					"rotation": 90
				}
			}
		},
		{
			"name": "cube",
			"from": [6.25, 1, 5],
			"to": [9.75, 2, 8.5],
			"faces": {
				"north": {
					"uv": [4, 3.5, 3.5, 4.5],
					"texture": "#unwrap2"
				},
				"east": {
					"uv": [7, 3.5, 3.5, 4.5],
					"texture": "#unwrap2"
				},
				"south": {
					"uv": [6.5, 3.5, 7, 4.5],
					"texture": "#unwrap2"
				},
				"west": {
					"uv": [3.5, 3.5, 7, 4.5],
					"texture": "#unwrap2"
				},
				"up": {
					"uv": [3.5, 3.5, 7, 4],
					"texture": "#unwrap2",
					"rotation": 90
				},
				"down": {
					"uv": [7, 4.5, 3.5, 4],
					"texture": "#unwrap2",
					"rotation": 90
				}
			}
		},
		{
			"name": "cube",
			"from": [6.25, 0.5, 6],
			"to": [9.75, 1, 7],
			"faces": {
				"north": {
					"uv": [5, 4.5, 4.5, 5],
					"texture": "#unwrap2"
				},
				"east": {
					"uv": [5.5, 4.5, 4.5, 5],
					"texture": "#unwrap2"
				},
				"south": {
					"uv": [5, 4.5, 5.5, 5],
					"texture": "#unwrap2"
				},
				"west": {
					"uv": [4.5, 4.5, 5.5, 5],
					"texture": "#unwrap2"
				},
				"up": {
					"uv": [4.5, 4.5, 5.5, 5],
					"texture": "#unwrap2",
					"rotation": 90
				},
				"down": {
					"uv": [5.5, 5, 4.5, 4.5],
					"texture": "#unwrap2",
					"rotation": 90
				}
			}
		},
		{
			"name": "cube",
			"from": [7.25, 0.5, 2],
			"to": [8.75, 1.5, 4],
			"faces": {
				"north": {
					"uv": [1, 4, 0.5, 5],
					"texture": "#unwrap2"
				},
				"east": {
					"uv": [2.5, 4, 0.5, 5],
					"texture": "#unwrap2"
				},
				"south": {
					"uv": [2, 4, 2.5, 5],
					"texture": "#unwrap2"
				},
				"west": {
					"uv": [0.5, 4, 2.5, 5],
					"texture": "#unwrap2"
				},
				"up": {
					"uv": [0.5, 4, 2.5, 4.5],
					"texture": "#unwrap2",
					"rotation": 90
				},
				"down": {
					"uv": [2.5, 5, 0.5, 4.5],
					"texture": "#unwrap2",
					"rotation": 90
				}
			}
		},
		{
			"name": "cube",
			"from": [7.25, -2.5, 3],
			"to": [8.75, -1.5, 4.5],
			"faces": {
				"north": {
					"uv": [2, 7, 1.5, 8],
					"texture": "#unwrap2"
				},
				"east": {
					"uv": [3, 7, 1.5, 8],
					"texture": "#unwrap2"
				},
				"south": {
					"uv": [2.5, 7, 3, 8],
					"texture": "#unwrap2"
				},
				"west": {
					"uv": [1.5, 7, 3, 8],
					"texture": "#unwrap2"
				},
				"up": {
					"uv": [1.5, 7, 3, 7.5],
					"texture": "#unwrap2",
					"rotation": 90
				},
				"down": {
					"uv": [3, 8, 1.5, 7.5],
					"texture": "#unwrap2",
					"rotation": 90
				}
			}
		},
		{
			"name": "cube",
			"from": [6.5, -0.5, 8.5],
			"to": [9.5, 1.5, 9.5],
			"faces": {
				"north": {
					"uv": [7.5, 4, 7, 6],
					"texture": "#unwrap2"
				},
				"east": {"uv": [8, 4, 7, 6], "texture": "#unwrap2"},
				"south": {
					"uv": [7.5, 4, 8, 6],
					"texture": "#unwrap2"
				},
				"west": {"uv": [7, 4, 8, 6], "texture": "#unwrap2"},
				"up": {
					"uv": [7, 4, 8, 4.5],
					"texture": "#unwrap2",
					"rotation": 90
				},
				"down": {
					"uv": [8, 6, 7, 5.5],
					"texture": "#unwrap2",
					"rotation": 90
				}
			}
		},
		{
			"name": "cube",
			"from": [6.25, -0.5, 8.5],
			"to": [9.75, 1, 9],
			"faces": {
				"north": {
					"uv": [7.5, 4.5, 7, 6],
					"texture": "#unwrap2"
				},
				"east": {
					"uv": [7.5, 4.5, 7, 6],
					"texture": "#unwrap2"
				},
				"south": {
					"uv": [7, 4.5, 7.5, 6],
					"texture": "#unwrap2"
				},
				"west": {
					"uv": [7, 4.5, 7.5, 6],
					"texture": "#unwrap2"
				},
				"up": {
					"uv": [7, 4.5, 7.5, 5],
					"texture": "#unwrap2"
				},
				"down": {
					"uv": [7.5, 6, 7, 5.5],
					"texture": "#unwrap2"
				}
			}
		},
		{
			"name": "cube",
			"from": [6.5, -1, 8],
			"to": [9.5, -0.5, 8.5],
			"faces": {
				"north": {
					"uv": [7, 6, 6.5, 6.5],
					"texture": "#unwrap2"
				},
				"east": {
					"uv": [7, 6, 6.5, 6.5],
					"texture": "#unwrap2"
				},
				"south": {
					"uv": [6.5, 6, 7, 6.5],
					"texture": "#unwrap2"
				},
				"west": {
					"uv": [6.5, 6, 7, 6.5],
					"texture": "#unwrap2"
				},
				"up": {
					"uv": [6.5, 6, 7, 6.5],
					"texture": "#unwrap2",
					"rotation": 90
				},
				"down": {
					"uv": [7, 6.5, 6.5, 6],
					"texture": "#unwrap2",
					"rotation": 90
				}
			}
		},
		{
			"name": "cube",
			"from": [6.25, 0.5, 7],
			"to": [9.75, 1, 7.5],
			"faces": {
				"north": {
					"uv": [6, 4.5, 5.5, 5],
					"texture": "#unwrap2"
				},
				"east": {
					"uv": [6, 4.5, 5.5, 5],
					"texture": "#unwrap2"
				},
				"south": {
					"uv": [5.5, 4.5, 6, 5],
					"texture": "#unwrap2"
				},
				"west": {
					"uv": [5.5, 4.5, 6, 5],
					"texture": "#unwrap2"
				},
				"up": {
					"uv": [5.5, 4.5, 6, 5],
					"texture": "#unwrap2"
				},
				"down": {
					"uv": [6, 5, 5.5, 4.5],
					"texture": "#unwrap2"
				}
			}
		},
		{
			"name": "cube",
			"from": [6.5, 0, 6],
			"to": [9.5, 0.5, 7],
			"faces": {
				"north": {
					"uv": [5, 5, 4.5, 5.5],
					"texture": "#unwrap2"
				},
				"east": {
					"uv": [5.5, 5, 4.5, 5.5],
					"texture": "#unwrap2"
				},
				"south": {
					"uv": [5, 5, 5.5, 5.5],
					"texture": "#unwrap2"
				},
				"west": {
					"uv": [4.5, 5, 5.5, 5.5],
					"texture": "#unwrap2"
				},
				"up": {
					"uv": [4.5, 5, 5.5, 5.5],
					"texture": "#unwrap2",
					"rotation": 90
				},
				"down": {
					"uv": [5.5, 5.5, 4.5, 5],
					"texture": "#unwrap2",
					"rotation": 90
				}
			}
		},
		{
			"name": "cube",
			"from": [7, -2, 8.5],
			"to": [9, 0.5, 10],
			"faces": {
				"north": {
					"uv": [7.5, 5, 7, 7.5],
					"texture": "#unwrap2"
				},
				"east": {
					"uv": [8.5, 5, 7, 7.5],
					"texture": "#unwrap2"
				},
				"south": {
					"uv": [8, 5, 8.5, 7.5],
					"texture": "#unwrap2"
				},
				"west": {
					"uv": [7, 5, 8.5, 7.5],
					"texture": "#unwrap2"
				},
				"up": {
					"uv": [7, 5, 8.5, 5.5],
					"texture": "#unwrap2",
					"rotation": 90
				},
				"down": {
					"uv": [8.5, 7.5, 7, 7],
					"texture": "#unwrap2",
					"rotation": 90
				}
			}
		},
		{
			"name": "cube",
			"from": [6.75, 0, 5],
			"to": [9.25, 1, 6],
			"faces": {
				"north": {
					"uv": [4, 4.5, 3.5, 5.5],
					"texture": "#unwrap2"
				},
				"east": {
					"uv": [4.5, 4.5, 3.5, 5.5],
					"texture": "#unwrap2"
				},
				"south": {
					"uv": [4, 4.5, 4.5, 5.5],
					"texture": "#unwrap2"
				},
				"west": {
					"uv": [3.5, 4.5, 4.5, 5.5],
					"texture": "#unwrap2"
				},
				"up": {
					"uv": [3.5, 4.5, 4.5, 5],
					"texture": "#unwrap2",
					"rotation": 90
				},
				"down": {
					"uv": [4.5, 5.5, 3.5, 5],
					"texture": "#unwrap2",
					"rotation": 90
				}
			}
		},
		{
			"name": "cube",
			"from": [7.25, -2, 4.5],
			"to": [8.75, 0, 6],
			"faces": {
				"north": {
					"uv": [3.5, 5.5, 3, 7.5],
					"texture": "#unwrap2"
				},
				"east": {
					"uv": [4.5, 5.5, 3, 7.5],
					"texture": "#unwrap2"
				},
				"south": {
					"uv": [4, 5.5, 4.5, 7.5],
					"texture": "#unwrap2"
				},
				"west": {
					"uv": [3, 5.5, 4.5, 7.5],
					"texture": "#unwrap2"
				},
				"up": {
					"uv": [3, 5.5, 4.5, 6],
					"texture": "#unwrap2",
					"rotation": 90
				},
				"down": {
					"uv": [4.5, 7.5, 3, 7],
					"texture": "#unwrap2",
					"rotation": 90
				}
			}
		},
		{
			"name": "cube",
			"from": [7, -1.5, 5],
			"to": [9, -0.5, 5.5],
			"faces": {
				"north": {
					"uv": [4, 6, 3.5, 7],
					"texture": "#unwrap2"
				},
				"east": {
					"uv": [4, 6, 3.5, 7],
					"texture": "#unwrap2"
				},
				"south": {
					"uv": [3.5, 6, 4, 7],
					"texture": "#unwrap2"
				},
				"west": {
					"uv": [3.5, 6, 4, 7],
					"texture": "#unwrap2"
				},
				"up": {
					"uv": [3.5, 6, 4, 6.5],
					"texture": "#unwrap2"
				},
				"down": {
					"uv": [4, 7, 3.5, 6.5],
					"texture": "#unwrap2"
				}
			}
		},
		{
			"name": "cube",
			"from": [7, -2, 5.5],
			"to": [9, 0, 6],
			"faces": {
				"north": {
					"uv": [4.5, 5.5, 4, 7.5],
					"texture": "#unwrap2"
				},
				"east": {
					"uv": [4.5, 5.5, 4, 7.5],
					"texture": "#unwrap2"
				},
				"south": {
					"uv": [4, 5.5, 4.5, 7.5],
					"texture": "#unwrap2"
				},
				"west": {
					"uv": [4, 5.5, 4.5, 7.5],
					"texture": "#unwrap2"
				},
				"up": {
					"uv": [4, 5.5, 4.5, 6],
					"texture": "#unwrap2"
				},
				"down": {
					"uv": [4.5, 7.5, 4, 7],
					"texture": "#unwrap2"
				}
			}
		},
		{
			"name": "cube",
			"from": [7, -2.5, 6],
			"to": [9, -1, 6.5],
			"faces": {
				"north": {
					"uv": [5, 6.5, 4.5, 8],
					"texture": "#unwrap2"
				},
				"east": {
					"uv": [5, 6.5, 4.5, 8],
					"texture": "#unwrap2"
				},
				"south": {
					"uv": [4.5, 6.5, 5, 8],
					"texture": "#unwrap2"
				},
				"west": {
					"uv": [4.5, 6.5, 5, 8],
					"texture": "#unwrap2"
				},
				"up": {
					"uv": [4.5, 6.5, 5, 7],
					"texture": "#unwrap2"
				},
				"down": {
					"uv": [5, 8, 4.5, 7.5],
					"texture": "#unwrap2"
				}
			}
		},
		{
			"name": "cube",
			"from": [7, -2.5, 6.5],
			"to": [9, -1.5, 7.5],
			"faces": {
				"north": {
					"uv": [5.5, 7, 5, 8],
					"texture": "#unwrap2"
				},
				"east": {"uv": [6, 7, 5, 8], "texture": "#unwrap2"},
				"south": {
					"uv": [5.5, 7, 6, 8],
					"texture": "#unwrap2"
				},
				"west": {"uv": [5, 7, 6, 8], "texture": "#unwrap2"},
				"up": {
					"uv": [5, 7, 6, 7.5],
					"texture": "#unwrap2",
					"rotation": 90
				},
				"down": {
					"uv": [6, 8, 5, 7.5],
					"texture": "#unwrap2",
					"rotation": 90
				}
			}
		},
		{
			"name": "cube",
			"from": [6.75, -1, 6],
			"to": [9.25, 1, 8.5],
			"faces": {
				"north": {
					"uv": [5, 4.5, 4.5, 6.5],
					"texture": "#unwrap2"
				},
				"east": {
					"uv": [7, 4.5, 4.5, 6.5],
					"texture": "#unwrap2"
				},
				"south": {
					"uv": [6.5, 4.5, 7, 6.5],
					"texture": "#unwrap2"
				},
				"west": {
					"uv": [4.5, 4.5, 7, 6.5],
					"texture": "#unwrap2"
				},
				"up": {
					"uv": [4.5, 4.5, 7, 5],
					"texture": "#unwrap2",
					"rotation": 90
				},
				"down": {
					"uv": [7, 6.5, 4.5, 6],
					"texture": "#unwrap2",
					"rotation": 90
				}
			}
		},
		{
			"name": "cube",
			"from": [6.75, -1.5, 6.5],
			"to": [9.25, -1, 8.5],
			"faces": {
				"north": {
					"uv": [5.5, 6.5, 5, 7],
					"texture": "#unwrap2"
				},
				"east": {
					"uv": [7, 6.5, 5, 7],
					"texture": "#unwrap2"
				},
				"south": {
					"uv": [6.5, 6.5, 7, 7],
					"texture": "#unwrap2"
				},
				"west": {
					"uv": [5, 6.5, 7, 7],
					"texture": "#unwrap2"
				},
				"up": {
					"uv": [5, 6.5, 7, 7],
					"texture": "#unwrap2",
					"rotation": 90
				},
				"down": {
					"uv": [7, 7, 5, 6.5],
					"texture": "#unwrap2",
					"rotation": 90
				}
			}
		},
		{
			"name": "cube",
			"from": [6.75, -1.5, 8.5],
			"to": [9.25, -0.5, 9.5],
			"faces": {
				"north": {
					"uv": [7.5, 6, 7, 7],
					"texture": "#unwrap2"
				},
				"east": {"uv": [8, 6, 7, 7], "texture": "#unwrap2"},
				"south": {
					"uv": [7.5, 6, 8, 7],
					"texture": "#unwrap2"
				},
				"west": {"uv": [7, 6, 8, 7], "texture": "#unwrap2"},
				"up": {
					"uv": [7, 6, 8, 6.5],
					"texture": "#unwrap2",
					"rotation": 90
				},
				"down": {
					"uv": [8, 7, 7, 6.5],
					"texture": "#unwrap2",
					"rotation": 90
				}
			}
		},
		{
			"name": "cube",
			"from": [7.25, -2.5, 9],
			"to": [8.75, -2, 10],
			"faces": {
				"north": {
					"uv": [8, 7.5, 7.5, 8],
					"texture": "#unwrap2"
				},
				"east": {
					"uv": [8.5, 7.5, 7.5, 8],
					"texture": "#unwrap2"
				},
				"south": {
					"uv": [8, 7.5, 8.5, 8],
					"texture": "#unwrap2"
				},
				"west": {
					"uv": [7.5, 7.5, 8.5, 8],
					"texture": "#unwrap2"
				},
				"up": {
					"uv": [7.5, 7.5, 8.5, 8],
					"texture": "#unwrap2",
					"rotation": 90
				},
				"down": {
					"uv": [8.5, 8, 7.5, 7.5],
					"texture": "#unwrap2",
					"rotation": 90
				}
			}
		},
		{
			"name": "cube",
			"from": [7.75, -11, 5],
			"to": [8.25, -9.5, 5.5],
			"faces": {
				"north": {
					"uv": [11, 12, 10.5, 13.5],
					"texture": "#unwrap2"
				},
				"east": {
					"uv": [11, 12, 10.5, 13.5],
					"texture": "#unwrap2"
				},
				"south": {
					"uv": [10.5, 12, 11, 13.5],
					"texture": "#unwrap2"
				},
				"west": {
					"uv": [10.5, 12, 11, 13.5],
					"texture": "#unwrap2"
				},
				"up": {
					"uv": [10.5, 12, 11, 12.5],
					"texture": "#unwrap2"
				},
				"down": {
					"uv": [11, 13.5, 10.5, 13],
					"texture": "#unwrap2"
				}
			}
		},
		{
			"name": "cube",
			"from": [7.5, -11.5, 5.5],
			"to": [8.5, -10, 6],
			"faces": {
				"north": {
					"uv": [11.5, 12.5, 11, 14],
					"texture": "#unwrap2"
				},
				"east": {
					"uv": [11.5, 12.5, 11, 14],
					"texture": "#unwrap2"
				},
				"south": {
					"uv": [11, 12.5, 11.5, 14],
					"texture": "#unwrap2"
				},
				"west": {
					"uv": [11, 12.5, 11.5, 14],
					"texture": "#unwrap2"
				},
				"up": {
					"uv": [11, 12.5, 11.5, 13],
					"texture": "#unwrap2"
				},
				"down": {
					"uv": [11.5, 14, 11, 13.5],
					"texture": "#unwrap2"
				}
			}
		},
		{
			"name": "cube",
			"from": [7.5, -12.5, 6],
			"to": [8.5, -11.5, 9.5],
			"faces": {
				"north": {
					"uv": [12, 14, 11.5, 15],
					"texture": "#unwrap2"
				},
				"east": {
					"uv": [15, 14, 11.5, 15],
					"texture": "#unwrap2"
				},
				"south": {
					"uv": [14.5, 14, 15, 15],
					"texture": "#unwrap2"
				},
				"west": {
					"uv": [11.5, 14, 15, 15],
					"texture": "#unwrap2"
				},
				"up": {
					"uv": [11.5, 14, 15, 14.5],
					"texture": "#unwrap2",
					"rotation": 90
				},
				"down": {
					"uv": [15, 15, 11.5, 14.5],
					"texture": "#unwrap2",
					"rotation": 90
				}
			}
		},
		{
			"name": "cube",
			"from": [7.5, -13, 6.5],
			"to": [8.5, -12.5, 9],
			"faces": {
				"north": {
					"uv": [12.5, 15, 12, 15.5],
					"texture": "#unwrap2"
				},
				"east": {
					"uv": [14.5, 15, 12, 15.5],
					"texture": "#unwrap2"
				},
				"south": {
					"uv": [14, 15, 14.5, 15.5],
					"texture": "#unwrap2"
				},
				"west": {
					"uv": [12, 15, 14.5, 15.5],
					"texture": "#unwrap2"
				},
				"up": {
					"uv": [12, 15, 14.5, 15.5],
					"texture": "#unwrap2",
					"rotation": 90
				},
				"down": {
					"uv": [14.5, 15.5, 12, 15],
					"texture": "#unwrap2",
					"rotation": 90
				}
			}
		},
		{
			"name": "cube",
			"from": [7.5, -13.5, 7],
			"to": [8.5, -13, 8.5],
			"faces": {
				"north": {
					"uv": [13, 15.5, 12.5, 16],
					"texture": "#unwrap2"
				},
				"east": {
					"uv": [14, 15.5, 12.5, 16],
					"texture": "#unwrap2"
				},
				"south": {
					"uv": [13.5, 15.5, 14, 16],
					"texture": "#unwrap2"
				},
				"west": {
					"uv": [12.5, 15.5, 14, 16],
					"texture": "#unwrap2"
				},
				"up": {
					"uv": [12.5, 15.5, 14, 16],
					"texture": "#unwrap2",
					"rotation": 90
				},
				"down": {
					"uv": [14, 16, 12.5, 15.5],
					"texture": "#unwrap2",
					"rotation": 90
				}
			}
		},
		{
			"name": "cube",
			"from": [7.5, -12, 9.5],
			"to": [8.5, -10, 10],
			"faces": {
				"north": {
					"uv": [15.5, 12.5, 15, 14.5],
					"texture": "#unwrap2"
				},
				"east": {
					"uv": [15.5, 12.5, 15, 14.5],
					"texture": "#unwrap2"
				},
				"south": {
					"uv": [15, 12.5, 15.5, 14.5],
					"texture": "#unwrap2"
				},
				"west": {
					"uv": [15, 12.5, 15.5, 14.5],
					"texture": "#unwrap2"
				},
				"up": {
					"uv": [15, 12.5, 15.5, 13],
					"texture": "#unwrap2"
				},
				"down": {
					"uv": [15.5, 14.5, 15, 14],
					"texture": "#unwrap2"
				}
			}
		},
		{
			"name": "cube",
			"from": [7.75, -11, 10],
			"to": [8.25, -9.5, 10.5],
			"faces": {
				"north": {
					"uv": [16, 12, 15.5, 13.5],
					"texture": "#unwrap2"
				},
				"east": {
					"uv": [16, 12, 15.5, 13.5],
					"texture": "#unwrap2"
				},
				"south": {
					"uv": [15.5, 12, 16, 13.5],
					"texture": "#unwrap2"
				},
				"west": {
					"uv": [15.5, 12, 16, 13.5],
					"texture": "#unwrap2"
				},
				"up": {
					"uv": [15.5, 12, 16, 12.5],
					"texture": "#unwrap2"
				},
				"down": {
					"uv": [16, 13.5, 15.5, 13],
					"texture": "#unwrap2"
				}
			}
		},
		{
			"name": "cube",
			"from": [7, -11.5, 6],
			"to": [9, -10, 7.5],
			"faces": {
				"north": {
					"uv": [12, 12.5, 11.5, 14],
					"texture": "#unwrap2"
				},
				"east": {
					"uv": [13, 12.5, 11.5, 14],
					"texture": "#unwrap2"
				},
				"south": {
					"uv": [12.5, 12.5, 13, 14],
					"texture": "#unwrap2"
				},
				"west": {
					"uv": [11.5, 12.5, 13, 14],
					"texture": "#unwrap2"
				},
				"up": {
					"uv": [11.5, 12.5, 13, 13],
					"texture": "#unwrap2",
					"rotation": 90
				},
				"down": {
					"uv": [13, 14, 11.5, 13.5],
					"texture": "#unwrap2",
					"rotation": 90
				}
			}
		},
		{
			"name": "cube",
			"from": [7, -12.5, 6.5],
			"to": [9, -11.5, 9],
			"faces": {
				"north": {
					"uv": [12.5, 14, 12, 15],
					"texture": "#unwrap2"
				},
				"east": {
					"uv": [14.5, 14, 12, 15],
					"texture": "#unwrap2"
				},
				"south": {
					"uv": [14, 14, 14.5, 15],
					"texture": "#unwrap2"
				},
				"west": {
					"uv": [12, 14, 14.5, 15],
					"texture": "#unwrap2"
				},
				"up": {
					"uv": [12, 14, 14.5, 14.5],
					"texture": "#unwrap2",
					"rotation": 90
				},
				"down": {
					"uv": [14.5, 15, 12, 14.5],
					"texture": "#unwrap2"
				}
			}
		},
		{
			"name": "cube",
			"from": [7, -12, 7.5],
			"to": [9, -10.5, 9.5],
			"faces": {
				"north": {
					"uv": [13.5, 13, 13, 14.5],
					"texture": "#unwrap2"
				},
				"east": {
					"uv": [15, 13, 13, 14.5],
					"texture": "#unwrap2"
				},
				"south": {
					"uv": [14.5, 13, 15, 14.5],
					"texture": "#unwrap2"
				},
				"west": {
					"uv": [13, 13, 15, 14.5],
					"texture": "#unwrap2"
				},
				"up": {
					"uv": [13, 13, 15, 13.5],
					"texture": "#unwrap2",
					"rotation": 90
				},
				"down": {
					"uv": [15, 14.5, 13, 14],
					"texture": "#unwrap2",
					"rotation": 90
				}
			}
		},
		{
			"name": "cube",
			"from": [6.75, -11.5, 6.5],
			"to": [9.25, -10.5, 9],
			"faces": {
				"north": {
					"uv": [12.5, 13, 12, 14],
					"texture": "#unwrap2"
				},
				"east": {
					"uv": [14.5, 13, 12, 14],
					"texture": "#unwrap2"
				},
				"south": {
					"uv": [14, 13, 14.5, 14],
					"texture": "#unwrap2"
				},
				"west": {
					"uv": [12, 13, 14.5, 14],
					"texture": "#unwrap2"
				},
				"up": {
					"uv": [12, 13, 14.5, 13.5],
					"texture": "#unwrap2",
					"rotation": 90
				},
				"down": {
					"uv": [14.5, 14, 12, 13.5],
					"texture": "#unwrap2",
					"rotation": 90
				}
			}
		},
		{
			"name": "cube",
			"from": [7, -13, 7.5],
			"to": [9, -12.5, 8.5],
			"faces": {
				"north": {
					"uv": [13.5, 15, 13, 15.5],
					"texture": "#unwrap2"
				},
				"east": {
					"uv": [14, 15, 13, 15.5],
					"texture": "#unwrap2"
				},
				"south": {
					"uv": [13.5, 15, 14, 15.5],
					"texture": "#unwrap2"
				},
				"west": {
					"uv": [13, 15, 14, 15.5],
					"texture": "#unwrap2"
				},
				"up": {
					"uv": [13, 15, 14, 15.5],
					"texture": "#unwrap2",
					"rotation": 90
				},
				"down": {
					"uv": [14, 15.5, 13, 15],
					"texture": "#unwrap2",
					"rotation": 90
				}
			}
		},
		{
			"name": "cube",
			"from": [6.75, -12, 7],
			"to": [9.25, -11.5, 8.5],
			"faces": {
				"north": {
					"uv": [13, 14, 12.5, 14.5],
					"texture": "#unwrap2"
				},
				"east": {
					"uv": [14, 14, 12.5, 14.5],
					"texture": "#unwrap2"
				},
				"south": {
					"uv": [13.5, 14, 14, 14.5],
					"texture": "#unwrap2"
				},
				"west": {
					"uv": [12.5, 14, 14, 14.5],
					"texture": "#unwrap2"
				},
				"up": {
					"uv": [12.5, 14, 14, 14.5],
					"texture": "#unwrap2",
					"rotation": 90
				},
				"down": {
					"uv": [14, 14.5, 12.5, 14],
					"texture": "#unwrap2",
					"rotation": 90
				}
			}
		},
		{
			"name": "cube",
			"from": [8, 0, -1.5],
			"to": [8.0625, 32, 17.5],
			"faces": {
				"east": {
					"uv": [13.25, 0, 3.75, 16],
					"texture": "#ani1"
				},
				"west": {
					"uv": [3.75, 0, 13.25, 16],
					"texture": "#ani1"
				}
			}
		}
	],
	"groups": [
		0,
		1,
		2,
		3,
		4,
		5,
		6,
		7,
		8,
		9,
		10,
		11,
		12,
		13,
		14,
		15,
		16,
		17,
		18,
		19,
		20,
		21,
		22,
		23,
		24,
		25,
		26,
		27,
		28,
		29,
		30,
		31,
		32,
		33,
		34,
		35,
		36,
		37,
		38,
		39,
		40,
		41,
		42,
		43,
		44,
		45,
		46,
		47,
		48,
		49,
		50,
		51,
		52,
		53,
		54,
		55,
		56,
		57,
		58,
		59,
		60,
		61,
		62,
		63,
		64,
		65,
		66,
		67,
		68,
		69,
		70,
		71,
		72,
		73,
		74,
		75,
		76,
		77,
		78,
		79,
		80,
		81,
		82,
		83,
		84,
		85,
		86,
		87,
		88,
		89,
		90,
		91,
		92,
		93,
		94,
		95,
		96,
		97
	],
	"display": {
		"thirdperson_righthand": {
			"rotation": [0, 0, 4],
			"translation": [-1.13, 12.47, 0.5],
			"scale": [1, 1, 1]
		},
		"firstperson_righthand": {
			"rotation": [-7, 17, 2],
			"translation": [8, 4, -7.5],
			"scale": [1, 1, 1]
		},
		"gui": {
			"rotation": [90, -135, 90],
			"translation": [0.19, 0.19, 0],
			"scale": [0.5, 0.5, 0.5]
		},
		"thirdperson_lefthand": {
			"scale": [1, 1, 1],
			"rotation": [0, 0, 4],
			"translation": [-1.13, 12.47, 0.5]
		},
		"firstperson_lefthand": {
			"scale": [1, 1, 1],
			"rotation": [-7, 17, 2],
			"translation": [8, 4, -7.5]
		},
		"head": {
			"scale": [1, 1.075, 1],
			"translation": [0, -18.5, 6],
			"rotation": [88, -41, -93]
		},
		"ground": {
			"scale": [1, 1, 1],
			"rotation": [90, 98, 0]
		},
		"fixed": {
			"scale": [1, 1, 1],
			"rotation": [0, 95, 0],
			"translation": [0.5, 0, -3]
		}
	}
}