{
	"credit": "Made By Bailey",
	"textures": {"texture": "block/diamond_sword/27"},
	"elements": [
		{
			"name": "cube",
			"from": [6.5, 1, 6.5],
			"to": [7.5, 16, 8.5],
			"faces": {
				"north": {
					"uv": [1.5, 0, 0.5, 15],
					"texture": "#texture"
				},
				"east": {
					"uv": [0, 0, 2, 15],
					"texture": "#texture"
				},
				"south": {
					"uv": [0.5, 0, 1.5, 15],
					"texture": "#texture"
				},
				"west": {"uv": [2, 0, 0, 15], "texture": "#texture"}
			}
		},
		{
			"name": "cube",
			"from": [6, 1, 7],
			"to": [8, 16, 8],
			"faces": {
				"north": {
					"uv": [2, 0, 0, 15],
					"texture": "#texture"
				},
				"east": {
					"uv": [0.5, 0, 1.5, 15],
					"texture": "#texture"
				},
				"south": {
					"uv": [0, 0, 2, 15],
					"texture": "#texture"
				},
				"west": {
					"uv": [1.5, 0, 0.5, 15],
					"texture": "#texture"
				}
			}
		},
		{
			"name": "cube",
			"from": [6, -1.625, 6],
			"to": [8, 1, 9],
			"faces": {
				"north": {
					"uv": [11.5, 0, 13.5, 1],
					"texture": "#texture",
					"cullface": "down"
				},
				"east": {
					"uv": [11, 0, 14, 1],
					"texture": "#texture",
					"cullface": "down"
				},
				"south": {
					"uv": [11.5, 0, 13.5, 1],
					"texture": "#texture",
					"cullface": "down"
				},
				"west": {
					"uv": [11, 0, 14, 1],
					"texture": "#texture",
					"cullface": "down"
				},
				"up": {
					"uv": [12, 4, 14, 7],
					"texture": "#texture",
					"cullface": "down"
				},
				"down": {
					"uv": [14, 7, 12, 4],
					"texture": "#texture",
					"cullface": "down"
				}
			}
		},
		{
			"name": "cube",
			"from": [5, -1, 6],
			"to": [9, 0, 9],
			"faces": {
				"north": {
					"uv": [14.5, 1, 10.5, 2],
					"texture": "#texture",
					"cullface": "down"
				},
				"east": {
					"uv": [11.5, 1, 14.5, 2],
					"texture": "#texture",
					"cullface": "down"
				},
				"south": {
					"uv": [10.5, 1, 14.5, 2],
					"texture": "#texture",
					"cullface": "down"
				},
				"west": {
					"uv": [10.5, 1, 13.5, 2],
					"texture": "#texture",
					"cullface": "down"
				},
				"up": {
					"uv": [11, 4, 15, 7],
					"texture": "#texture",
					"cullface": "down"
				},
				"down": {
					"uv": [15, 6.5, 11, 3.5],
					"texture": "#texture",
					"cullface": "down"
				}
			}
		},
		{
			"name": "cube",
			"from": [5.5, -1.5, 6.5],
			"to": [8.5, 1, 8.5],
			"faces": {
				"north": {
					"uv": [14, 0, 11, 1],
					"texture": "#texture",
					"cullface": "down"
				},
				"east": {
					"uv": [12, 0, 14, 1],
					"texture": "#texture",
					"cullface": "down"
				},
				"south": {
					"uv": [11, 0, 14, 1],
					"texture": "#texture",
					"cullface": "down"
				},
				"west": {
					"uv": [11, 0, 13, 1],
					"texture": "#texture",
					"cullface": "down"
				},
				"up": {
					"uv": [11.5, 4, 14.5, 6],
					"texture": "#texture",
					"cullface": "down"
				},
				"down": {
					"uv": [14.5, 6, 11.5, 4],
					"texture": "#texture",
					"cullface": "down"
				}
			}
		},
		{
			"name": "cube",
			"from": [5.5, -1, 5.5],
			"to": [8.5, 0, 9.5],
			"faces": {
				"north": {
					"uv": [10.5, 1, 13.5, 2],
					"texture": "#texture",
					"cullface": "down"
				},
				"east": {
					"uv": [10.5, 1, 14.5, 2],
					"texture": "#texture",
					"cullface": "down"
				},
				"south": {
					"uv": [11.5, 1, 14.5, 2],
					"texture": "#texture",
					"cullface": "down"
				},
				"west": {
					"uv": [14.5, 1, 10.5, 2],
					"texture": "#texture",
					"cullface": "down"
				},
				"up": {
					"uv": [11.5, 4, 14.5, 8],
					"texture": "#texture",
					"cullface": "down"
				},
				"down": {
					"uv": [14.5, 7.5, 11.5, 3.5],
					"texture": "#texture",
					"cullface": "down"
				}
			}
		},
		{
			"name": "cube",
			"from": [6, 16, 6.5],
			"to": [8, 16.5, 8.5],
			"faces": {
				"north": {
					"uv": [7, 7.5, 9, 8],
					"texture": "#texture",
					"cullface": "up"
				},
				"east": {
					"uv": [7, 7.5, 9, 8],
					"texture": "#texture",
					"cullface": "up"
				},
				"south": {
					"uv": [7, 7.5, 9, 8],
					"texture": "#texture",
					"cullface": "up"
				},
				"west": {
					"uv": [7, 7.5, 9, 8],
					"texture": "#texture",
					"cullface": "up"
				},
				"up": {
					"uv": [12, 5, 14, 7],
					"texture": "#texture",
					"cullface": "up"
				},
				"down": {
					"uv": [14, 6.5, 12, 4.5],
					"texture": "#texture",
					"cullface": "up"
				}
			}
		},
		{
			"name": "cube",
			"from": [5.5, 17, 6.5],
			"to": [8.5, 18.5, 8.5],
			"faces": {
				"north": {
					"uv": [6.5, 6, 9.5, 7.5],
					"texture": "#texture",
					"cullface": "up"
				},
				"east": {
					"uv": [6.5, 6, 8.5, 7.5],
					"texture": "#texture",
					"cullface": "up"
				},
				"south": {
					"uv": [6.5, 6, 9.5, 7.5],
					"texture": "#texture",
					"cullface": "up"
				},
				"west": {
					"uv": [6.5, 6, 8.5, 7.5],
					"texture": "#texture",
					"cullface": "up"
				},
				"down": {
					"uv": [11.5, 4.5, 14.5, 6.5],
					"texture": "#texture",
					"cullface": "up"
				}
			}
		},
		{
			"name": "cube",
			"from": [6, 16.5, 7],
			"to": [8, 17, 8],
			"faces": {
				"north": {
					"uv": [7, 7.5, 9, 8],
					"texture": "#texture",
					"cullface": "up"
				},
				"east": {
					"uv": [7.5, 7.5, 8.5, 8],
					"texture": "#texture",
					"cullface": "up"
				},
				"south": {
					"uv": [7, 7.5, 9, 8],
					"texture": "#texture",
					"cullface": "up"
				},
				"west": {
					"uv": [7.5, 7.5, 8.5, 8],
					"texture": "#texture",
					"cullface": "up"
				}
			}
		},
		{
			"name": "cube",
			"from": [6.5, 16.5, 6.5],
			"to": [7.5, 17, 8.5],
			"faces": {
				"north": {
					"uv": [7.5, 7.5, 8.5, 8],
					"texture": "#texture",
					"cullface": "up"
				},
				"east": {
					"uv": [7, 7.5, 9, 8],
					"texture": "#texture",
					"cullface": "up"
				},
				"south": {
					"uv": [7.5, 7.5, 8.5, 8],
					"texture": "#texture",
					"cullface": "up"
				},
				"west": {
					"uv": [7, 7.5, 9, 8],
					"texture": "#texture",
					"cullface": "up"
				}
			}
		},
		{
			"name": "cube",
			"from": [5.5, 18.5, 6],
			"to": [8.5, 23, 9],
			"faces": {
				"north": {
					"uv": [9.5, 1.5, 6.5, 6],
					"texture": "#texture",
					"cullface": "up"
				},
				"south": {
					"uv": [6.5, 1.5, 9.5, 6],
					"texture": "#texture",
					"cullface": "up"
				},
				"up": {
					"uv": [12, 4.5, 15, 7.5],
					"texture": "#texture",
					"cullface": "up"
				},
				"down": {
					"uv": [14.5, 8, 11.5, 5],
					"texture": "#texture",
					"cullface": "up"
				}
			}
		},
		{
			"name": "cube",
			"from": [5, 18.5, 5.5],
			"to": [5.5, 24, 9.5],
			"faces": {
				"north": {
					"uv": [6, 0.5, 6.5, 6.5],
					"texture": "#texture",
					"cullface": "up"
				},
				"east": {
					"uv": [11, 3.5, 15, 9],
					"texture": "#texture",
					"cullface": "up"
				},
				"south": {
					"uv": [6, 0.5, 6.5, 6.5],
					"texture": "#texture",
					"cullface": "up"
				},
				"up": {
					"uv": [6, 1, 6.5, 5],
					"texture": "#texture",
					"cullface": "up"
				},
				"down": {
					"uv": [6.5, 5, 6, 1],
					"texture": "#texture",
					"cullface": "up"
				}
			}
		},
		{
			"name": "cube",
			"from": [8.5, 18.5, 5.5],
			"to": [9, 24, 9.5],
			"faces": {
				"north": {
					"uv": [9.5, 0.5, 10, 6],
					"texture": "#texture",
					"cullface": "up"
				},
				"south": {
					"uv": [9.5, 0.5, 10, 6],
					"texture": "#texture",
					"cullface": "up"
				},
				"west": {
					"uv": [11, 3.5, 15, 9],
					"texture": "#texture",
					"cullface": "up"
				},
				"up": {
					"uv": [9.5, 1, 10, 5],
					"texture": "#texture",
					"cullface": "up"
				},
				"down": {
					"uv": [9.5, 1, 10, 5],
					"texture": "#texture",
					"cullface": "up"
				}
			}
		},
		{
			"name": "cube",
			"from": [6, 23.5, 7],
			"to": [8, 24.125, 8],
			"faces": {
				"north": {
					"uv": [7, 0.5, 9, 1],
					"texture": "#texture",
					"cullface": "up"
				},
				"east": {
					"uv": [8, 0.5, 9, 1],
					"texture": "#texture",
					"cullface": "up"
				},
				"south": {
					"uv": [7, 0.5, 9, 1],
					"texture": "#texture",
					"cullface": "up"
				},
				"west": {
					"uv": [7, 0.5, 8, 1],
					"texture": "#texture",
					"cullface": "up"
				},
				"up": {
					"uv": [0, 0, 2, 1],
					"texture": "#texture",
					"cullface": "up"
				}
			}
		},
		{
			"name": "cube",
			"from": [6.5, 23.5, 6.5],
			"to": [7.5, 24, 8.5],
			"faces": {
				"north": {
					"uv": [7.5, 0.5, 8.5, 1],
					"texture": "#texture",
					"cullface": "up"
				},
				"east": {
					"uv": [7, 0.5, 9, 1],
					"texture": "#texture",
					"cullface": "up"
				},
				"south": {
					"uv": [7.5, 0.5, 8.5, 1],
					"texture": "#texture",
					"cullface": "up"
				},
				"west": {
					"uv": [7, 0.5, 9, 1],
					"texture": "#texture",
					"cullface": "up"
				},
				"up": {
					"uv": [0.5, 0, 1.5, 2],
					"texture": "#texture",
					"cullface": "up"
				}
			}
		},
		{
			"name": "cube",
			"from": [1.5, 18, 5.5],
			"to": [5, 24.5, 9.5],
			"faces": {
				"north": {
					"uv": [6, 0, 2.5, 6.5],
					"texture": "#texture",
					"cullface": "up"
				},
				"east": {
					"uv": [11, 3, 15, 9.5],
					"texture": "#texture",
					"cullface": "up"
				},
				"south": {
					"uv": [2.5, 0, 6, 6.5],
					"texture": "#texture",
					"cullface": "up"
				},
				"west": {
					"uv": [11, 3, 15, 9.5],
					"texture": "#texture",
					"cullface": "up"
				},
				"up": {
					"uv": [11.5, 4, 15, 8],
					"texture": "#texture",
					"cullface": "up"
				},
				"down": {
					"uv": [11.5, 4, 15, 8],
					"texture": "#texture",
					"cullface": "up"
				}
			}
		},
		{
			"name": "cube",
			"from": [9, 18, 5.5],
			"to": [12.5, 24.5, 9.5],
			"faces": {
				"north": {
					"uv": [6, 7.5, 2.5, 14],
					"texture": "#texture",
					"cullface": "up"
				},
				"east": {
					"uv": [11, 3, 15, 9.5],
					"texture": "#texture",
					"cullface": "up"
				},
				"south": {
					"uv": [2.5, 7.5, 6, 14],
					"texture": "#texture",
					"cullface": "up"
				},
				"west": {
					"uv": [11, 3, 15, 9.5],
					"texture": "#texture",
					"cullface": "up"
				},
				"up": {
					"uv": [11.5, 3.5, 15, 7.5],
					"texture": "#texture",
					"cullface": "up"
				},
				"down": {
					"uv": [11.5, 3.5, 15, 7.5],
					"texture": "#texture",
					"cullface": "up"
				}
			}
		},
		{
			"name": "cube",
			"from": [9.5, 17.5, 5.5],
			"to": [12.5, 18, 9.5],
			"faces": {
				"north": {
					"uv": [11.5, 9.5, 14.5, 10],
					"texture": "#texture",
					"cullface": "up"
				},
				"east": {
					"uv": [11, 9.5, 15, 10],
					"texture": "#texture",
					"cullface": "up"
				},
				"south": {
					"uv": [11.5, 9.5, 14.5, 10],
					"texture": "#texture",
					"cullface": "up"
				},
				"west": {
					"uv": [11, 9.5, 15, 10],
					"texture": "#texture",
					"cullface": "up"
				},
				"down": {
					"uv": [11.5, 4.5, 14.5, 8.5],
					"texture": "#texture",
					"cullface": "up"
				}
			}
		},
		{
			"name": "cube",
			"from": [1.5, 18, 5],
			"to": [4.5, 24, 5.5],
			"faces": {
				"north": {
					"uv": [5.5, 0.5, 2.5, 6.5],
					"texture": "#texture",
					"cullface": "up"
				},
				"east": {
					"uv": [10.5, 3.5, 11, 9.5],
					"texture": "#texture",
					"cullface": "up"
				},
				"west": {
					"uv": [10.5, 3.5, 11, 9.5],
					"texture": "#texture",
					"cullface": "up"
				},
				"up": {
					"uv": [5.5, 0, 2.5, 0.5],
					"texture": "#texture",
					"cullface": "up"
				},
				"down": {
					"uv": [5.5, 6, 2.5, 6.5],
					"texture": "#texture",
					"cullface": "up"
				}
			}
		},
		{
			"name": "cube",
			"from": [1.5, 17.5, 5.5],
			"to": [4.5, 18, 9.5],
			"faces": {
				"north": {
					"uv": [2.5, 6.5, 5.5, 7],
					"texture": "#texture",
					"cullface": "up"
				},
				"east": {
					"uv": [2.5, 5.5, 6.5, 6],
					"texture": "#texture",
					"cullface": "up"
				},
				"south": {
					"uv": [2.5, 6.5, 5.5, 7],
					"texture": "#texture",
					"cullface": "up"
				},
				"west": {
					"uv": [2.5, 5.5, 6.5, 6],
					"texture": "#texture",
					"cullface": "up"
				},
				"down": {
					"uv": [11.5, 4, 14.5, 8],
					"texture": "#texture",
					"cullface": "up"
				}
			}
		},
		{
			"name": "cube",
			"from": [9.5, 18, 9.5],
			"to": [12.5, 24, 10],
			"faces": {
				"east": {
					"uv": [10.5, 3.5, 11, 9.5],
					"texture": "#texture",
					"cullface": "up"
				},
				"south": {
					"uv": [3, 8, 6, 14.5],
					"texture": "#texture",
					"cullface": "up"
				},
				"west": {
					"uv": [10.5, 3.5, 11, 9.5],
					"texture": "#texture",
					"cullface": "up"
				},
				"up": {
					"uv": [2.5, 7.5, 5.5, 8],
					"texture": "#texture",
					"cullface": "up"
				},
				"down": {
					"uv": [6, 14.5, 3, 14],
					"texture": "#texture",
					"cullface": "up"
				}
			}
		},
		{
			"name": "cube",
			"from": [1.5, 18, 9.5],
			"to": [4.5, 24, 10],
			"faces": {
				"east": {
					"uv": [15, 3.5, 15.5, 9],
					"texture": "#texture",
					"cullface": "up"
				},
				"south": {
					"uv": [2.5, 0.5, 5.5, 6.5],
					"texture": "#texture",
					"cullface": "up"
				},
				"west": {
					"uv": [15, 3.5, 15.5, 9],
					"texture": "#texture",
					"cullface": "up"
				},
				"up": {
					"uv": [2.5, 0, 5.5, 0.5],
					"texture": "#texture",
					"cullface": "up"
				},
				"down": {
					"uv": [2.5, 6, 5.5, 6.5],
					"texture": "#texture",
					"cullface": "up"
				}
			}
		},
		{
			"name": "cube",
			"from": [5.5, 23, 6.5],
			"to": [8.5, 23.5, 8.5],
			"faces": {
				"north": {
					"uv": [6.5, 1, 9.5, 1.5],
					"texture": "#texture",
					"cullface": "up"
				},
				"south": {
					"uv": [6.5, 1, 9.5, 1.5],
					"texture": "#texture",
					"cullface": "up"
				},
				"up": {
					"uv": [11.5, 5, 14.5, 7],
					"texture": "#texture",
					"cullface": "up"
				}
			}
		},
		{
			"name": "cube",
			"from": [9.5, 18, 5],
			"to": [12.5, 24, 5.5],
			"faces": {
				"north": {
					"uv": [6, 8, 3, 14.5],
					"texture": "#texture",
					"cullface": "up"
				},
				"east": {
					"uv": [10.5, 3.5, 11, 9.5],
					"texture": "#texture",
					"cullface": "up"
				},
				"west": {
					"uv": [10.5, 3.5, 11, 9.5],
					"texture": "#texture",
					"cullface": "up"
				},
				"up": {
					"uv": [2.5, 7.5, 5.5, 8],
					"texture": "#texture",
					"cullface": "up"
				},
				"down": {
					"uv": [6, 14.5, 3, 14],
					"texture": "#texture",
					"cullface": "up"
				}
			}
		}
	],
	"groups": [
		0,
		1,
		2,
		3,
		4,
		5,
		6,
		7,
		8,
		9,
		10,
		11,
		12,
		13,
		14,
		15,
		16,
		17,
		18,
		19,
		20,
		21,
		22,
		23
	],
	"display": {
		"thirdperson_righthand": {
			"rotation": [43, 96, -45],
			"translation": [0, 0.57, -1],
			"scale": [1, 1, 1]
		},
		"firstperson_righthand": {
			"rotation": [1, 98, 0],
			"translation": [9, -2.08, -11.5],
			"scale": [1, 1, 1]
		},
		"gui": {
			"rotation": [0, 0, -45],
			"translation": [-1.89, -2.83, 0],
			"scale": [0.6, 0.6, 0.6]
		},
		"thirdperson_lefthand": {
			"scale": [1, 1, 1],
			"rotation": [43, 96, -45],
			"translation": [0, 0.57, 1]
		},
		"firstperson_lefthand": {
			"scale": [1, 1, 1],
			"rotation": [1, 98, 0],
			"translation": [10, -2, -10.5]
		},
		"head": {
			"scale": [1, 1, 1],
			"translation": [-6, -12, 6.5],
			"rotation": [0, 0, -144]
		},
		"ground": {
			"scale": [1, 1, 1],
			"rotation": [91, 0, 0]
		},
		"fixed": {"scale": [1, 1, 1]}
	}
}