{
	"credit": "Made By Bailey",
	"textures": {
		"unwrap1": "block/diamond_sword/30_0",
		"unwrap2": "block/diamond_sword/30_1",
		"rubythornanim2": "block/diamond_sword/30_2"
	},
	"elements": [
		{
			"name": "cube",
			"from": [7.75, 30.5, 7.5],
			"to": [8.25, 31.5, 8.5],
			"faces": {
				"north": {
					"uv": [13.5, 5.5, 13, 6.5],
					"texture": "#unwrap1",
					"cullface": "up"
				},
				"east": {
					"uv": [14, 5.5, 13, 6.5],
					"texture": "#unwrap1",
					"cullface": "up"
				},
				"south": {
					"uv": [13.5, 5.5, 14, 6.5],
					"texture": "#unwrap1",
					"cullface": "up"
				},
				"west": {
					"uv": [13, 5.5, 14, 6.5],
					"texture": "#unwrap1",
					"cullface": "up"
				},
				"up": {
					"uv": [13, 5.5, 14, 6],
					"texture": "#unwrap1",
					"cullface": "up",
					"rotation": 90
				}
			}
		},
		{
			"name": "cube",
			"from": [7.75, 29, 7],
			"to": [8.25, 30.5, 9],
			"faces": {
				"north": {
					"uv": [13, 6.5, 12.5, 8],
					"texture": "#unwrap1",
					"cullface": "up"
				},
				"east": {
					"uv": [14.5, 6.5, 12.5, 8],
					"texture": "#unwrap1",
					"cullface": "up"
				},
				"south": {
					"uv": [14, 6.5, 14.5, 8],
					"texture": "#unwrap1",
					"cullface": "up"
				},
				"west": {
					"uv": [12.5, 6.5, 14.5, 8],
					"texture": "#unwrap1",
					"cullface": "up"
				},
				"up": {
					"uv": [12.5, 6.5, 14.5, 7],
					"texture": "#unwrap1",
					"cullface": "up",
					"rotation": 90
				}
			}
		},
		{
			"name": "cube",
			"from": [7.75, 28, 6.5],
			"to": [8.25, 29, 9.5],
			"faces": {
				"north": {
					"uv": [12.5, 8, 12, 9],
					"texture": "#unwrap1",
					"cullface": "up"
				},
				"east": {
					"uv": [15, 8, 12, 9],
					"texture": "#unwrap1",
					"cullface": "up"
				},
				"south": {
					"uv": [14.5, 8, 15, 9],
					"texture": "#unwrap1",
					"cullface": "up"
				},
				"west": {
					"uv": [12, 8, 15, 9],
					"texture": "#unwrap1",
					"cullface": "up"
				},
				"up": {
					"uv": [12, 8, 15, 8.5],
					"texture": "#unwrap1",
					"cullface": "up",
					"rotation": 90
				}
			}
		},
		{
			"name": "cube",
			"from": [7.75, 24.5, 6],
			"to": [8.25, 28, 10],
			"faces": {
				"north": {
					"uv": [12, 9, 11.5, 12.5],
					"texture": "#unwrap1",
					"cullface": "up"
				},
				"east": {
					"uv": [15.5, 9, 11.5, 12.5],
					"texture": "#unwrap1",
					"cullface": "up"
				},
				"south": {
					"uv": [15, 9, 15.5, 12.5],
					"texture": "#unwrap1",
					"cullface": "up"
				},
				"west": {
					"uv": [11.5, 9, 15.5, 12.5],
					"texture": "#unwrap1",
					"cullface": "up"
				},
				"up": {
					"uv": [11.5, 9, 15.5, 9.5],
					"texture": "#unwrap1",
					"cullface": "up",
					"rotation": 90
				},
				"down": {
					"uv": [15.5, 12.5, 11.5, 12],
					"texture": "#unwrap1",
					"cullface": "up",
					"rotation": 90
				}
			}
		},
		{
			"name": "cube",
			"from": [7.5, 29, 7.5],
			"to": [8.5, 30, 8.5],
			"faces": {
				"north": {
					"uv": [13.5, 7, 13, 8],
					"texture": "#unwrap1",
					"cullface": "up"
				},
				"east": {
					"uv": [14, 7, 13, 8],
					"texture": "#unwrap1",
					"cullface": "up"
				},
				"south": {
					"uv": [13.5, 7, 14, 8],
					"texture": "#unwrap1",
					"cullface": "up"
				},
				"west": {
					"uv": [13, 7, 14, 8],
					"texture": "#unwrap1",
					"cullface": "up"
				},
				"up": {
					"uv": [13, 7, 14, 7.5],
					"texture": "#unwrap1",
					"cullface": "up",
					"rotation": 90
				}
			}
		},
		{
			"name": "cube",
			"from": [7.5, 28, 7],
			"to": [8.5, 29, 9],
			"faces": {
				"north": {
					"uv": [13, 8, 12.5, 9],
					"texture": "#unwrap1",
					"cullface": "up"
				},
				"east": {
					"uv": [14.5, 8, 12.5, 9],
					"texture": "#unwrap1",
					"cullface": "up"
				},
				"south": {
					"uv": [14, 8, 14.5, 9],
					"texture": "#unwrap1",
					"cullface": "up"
				},
				"west": {
					"uv": [12.5, 8, 14.5, 9],
					"texture": "#unwrap1",
					"cullface": "up"
				},
				"up": {
					"uv": [12.5, 8, 14.5, 8.5],
					"texture": "#unwrap1",
					"cullface": "up",
					"rotation": 90
				}
			}
		},
		{
			"name": "cube",
			"from": [7.5, 25.5, 6.5],
			"to": [8.5, 27, 9.5],
			"faces": {
				"north": {
					"uv": [12.5, 10, 12, 11.5],
					"texture": "#unwrap1",
					"cullface": "up"
				},
				"east": {
					"uv": [15, 10, 12, 11.5],
					"texture": "#unwrap1",
					"cullface": "up"
				},
				"south": {
					"uv": [14.5, 10, 15, 11.5],
					"texture": "#unwrap1",
					"cullface": "up"
				},
				"west": {
					"uv": [12, 10, 15, 11.5],
					"texture": "#unwrap1",
					"cullface": "up"
				}
			}
		},
		{
			"name": "cube",
			"from": [7.25, 26.5, 7.5],
			"to": [8.75, 29, 8.5],
			"faces": {
				"north": {
					"uv": [13.5, 8, 13, 10.5],
					"texture": "#unwrap1",
					"cullface": "up"
				},
				"east": {
					"uv": [14, 8, 13, 10.5],
					"texture": "#unwrap1",
					"cullface": "up"
				},
				"south": {
					"uv": [13.5, 8, 14, 10.5],
					"texture": "#unwrap1",
					"cullface": "up"
				},
				"west": {
					"uv": [13, 8, 14, 10.5],
					"texture": "#unwrap1",
					"cullface": "up"
				},
				"up": {
					"uv": [13, 8, 14, 8.5],
					"texture": "#unwrap1",
					"cullface": "up",
					"rotation": 90
				}
			}
		},
		{
			"name": "cube",
			"from": [7.25, 26, 7],
			"to": [8.75, 28, 7.5],
			"faces": {
				"north": {
					"uv": [13, 9, 12.5, 11],
					"texture": "#unwrap1",
					"cullface": "up"
				},
				"east": {
					"uv": [13, 9, 12.5, 11],
					"texture": "#unwrap1",
					"cullface": "up"
				},
				"south": {
					"uv": [12.5, 9, 13, 11],
					"texture": "#unwrap1",
					"cullface": "up"
				},
				"west": {
					"uv": [12.5, 9, 13, 11],
					"texture": "#unwrap1",
					"cullface": "up"
				},
				"up": {
					"uv": [12.5, 9, 13, 9.5],
					"texture": "#unwrap1",
					"cullface": "up"
				}
			}
		},
		{
			"name": "cube",
			"from": [7.25, 26, 8.5],
			"to": [8.75, 28, 9],
			"faces": {
				"north": {
					"uv": [14.5, 9, 14, 11],
					"texture": "#unwrap1",
					"cullface": "up"
				},
				"east": {
					"uv": [14.5, 9, 14, 11],
					"texture": "#unwrap1",
					"cullface": "up"
				},
				"south": {
					"uv": [14, 9, 14.5, 11],
					"texture": "#unwrap1",
					"cullface": "up"
				},
				"west": {
					"uv": [14, 9, 14.5, 11],
					"texture": "#unwrap1",
					"cullface": "up"
				},
				"up": {
					"uv": [14, 9, 14.5, 9.5],
					"texture": "#unwrap1",
					"cullface": "up"
				}
			}
		},
		{
			"name": "cube",
			"from": [7, 23.5, 7],
			"to": [9, 26, 9],
			"faces": {
				"north": {
					"uv": [14.5, 11, 12.5, 13.5],
					"texture": "#unwrap1",
					"cullface": "up"
				},
				"east": {
					"uv": [14.5, 11, 12.5, 13.5],
					"texture": "#unwrap1",
					"cullface": "up"
				},
				"south": {
					"uv": [12.5, 11, 14.5, 13.5],
					"texture": "#unwrap1",
					"cullface": "up"
				},
				"west": {
					"uv": [12.5, 11, 14.5, 13.5],
					"texture": "#unwrap1",
					"cullface": "up"
				},
				"up": {
					"uv": [12.5, 11, 14.5, 11.5],
					"texture": "#unwrap1",
					"cullface": "up",
					"rotation": 90
				},
				"down": {
					"uv": [14.5, 13.5, 12.5, 13],
					"texture": "#unwrap1",
					"cullface": "up",
					"rotation": 90
				}
			}
		},
		{
			"name": "cube",
			"from": [7.25, 23.5, 6.5],
			"to": [8.75, 25.5, 9.5],
			"faces": {
				"north": {
					"uv": [12.5, 11.5, 12, 13.5],
					"texture": "#unwrap1",
					"cullface": "up"
				},
				"east": {
					"uv": [15, 11.5, 12, 13.5],
					"texture": "#unwrap1",
					"cullface": "up"
				},
				"south": {
					"uv": [14.5, 11.5, 15, 13.5],
					"texture": "#unwrap1",
					"cullface": "up"
				},
				"west": {
					"uv": [12, 11.5, 15, 13.5],
					"texture": "#unwrap1",
					"cullface": "up"
				},
				"up": {
					"uv": [12, 11.5, 15, 12],
					"texture": "#unwrap1",
					"cullface": "up",
					"rotation": 90
				},
				"down": {
					"uv": [15, 13.5, 12, 13],
					"texture": "#unwrap1",
					"cullface": "up",
					"rotation": 90
				}
			}
		},
		{
			"name": "cube",
			"from": [7.5, 23, 6],
			"to": [8.5, 24.5, 6.5],
			"faces": {
				"north": {
					"uv": [12, 12.5, 11.5, 14],
					"texture": "#unwrap1",
					"cullface": "up"
				},
				"east": {
					"uv": [12, 12.5, 11.5, 14],
					"texture": "#unwrap1",
					"cullface": "up"
				},
				"south": {
					"uv": [11.5, 12.5, 12, 14],
					"texture": "#unwrap1",
					"cullface": "up"
				},
				"west": {
					"uv": [11.5, 12.5, 12, 14],
					"texture": "#unwrap1",
					"cullface": "up"
				},
				"up": {
					"uv": [11.5, 12.5, 12, 13],
					"texture": "#unwrap1",
					"cullface": "up"
				},
				"down": {
					"uv": [12, 14, 11.5, 13.5],
					"texture": "#unwrap1",
					"cullface": "up"
				}
			}
		},
		{
			"name": "cube",
			"from": [7.5, 23, 9.5],
			"to": [8.5, 24.5, 10],
			"faces": {
				"north": {
					"uv": [15.5, 12.5, 15, 14],
					"texture": "#unwrap1",
					"cullface": "up"
				},
				"east": {
					"uv": [15.5, 12.5, 15, 14],
					"texture": "#unwrap1",
					"cullface": "up"
				},
				"south": {
					"uv": [15, 12.5, 15.5, 14],
					"texture": "#unwrap1",
					"cullface": "up"
				},
				"west": {
					"uv": [15, 12.5, 15.5, 14],
					"texture": "#unwrap1",
					"cullface": "up"
				},
				"up": {
					"uv": [15, 12.5, 15.5, 13],
					"texture": "#unwrap1",
					"cullface": "up"
				},
				"down": {
					"uv": [15.5, 14, 15, 13.5],
					"texture": "#unwrap1",
					"cullface": "up"
				}
			}
		},
		{
			"name": "cube",
			"from": [7, 23.5, 7.5],
			"to": [9, 26.5, 8.5],
			"faces": {
				"north": {
					"uv": [13.5, 10.5, 13, 13.5],
					"texture": "#unwrap1",
					"cullface": "up"
				},
				"east": {
					"uv": [14, 10.5, 13, 13.5],
					"texture": "#unwrap1",
					"cullface": "up"
				},
				"south": {
					"uv": [13.5, 10.5, 14, 13.5],
					"texture": "#unwrap1",
					"cullface": "up"
				},
				"west": {
					"uv": [13, 10.5, 14, 13.5],
					"texture": "#unwrap1",
					"cullface": "up"
				},
				"up": {
					"uv": [13, 10.5, 14, 11],
					"texture": "#unwrap1",
					"cullface": "up",
					"rotation": 90
				}
			}
		},
		{
			"name": "cube",
			"from": [7.5, 21, 7],
			"to": [8.5, 23.5, 9],
			"faces": {
				"north": {
					"uv": [14, 13.5, 13, 16],
					"texture": "#unwrap1",
					"cullface": "up"
				},
				"east": {
					"uv": [14.5, 13.5, 12.5, 16],
					"texture": "#unwrap1",
					"cullface": "up"
				},
				"south": {
					"uv": [13, 13.5, 14, 16],
					"texture": "#unwrap1",
					"cullface": "up"
				},
				"west": {
					"uv": [12.5, 13.5, 14.5, 16],
					"texture": "#unwrap1",
					"cullface": "up"
				}
			}
		},
		{
			"name": "cube",
			"from": [7, 15.5, 7],
			"to": [9, 21, 9],
			"faces": {
				"north": {
					"uv": [6.5, 6, 4.5, 11.5],
					"texture": "#unwrap1",
					"cullface": "up"
				},
				"east": {
					"uv": [6.5, 6, 4.5, 11.5],
					"texture": "#unwrap1",
					"cullface": "up"
				},
				"south": {
					"uv": [4.5, 6, 6.5, 11.5],
					"texture": "#unwrap1",
					"cullface": "up"
				},
				"west": {
					"uv": [4.5, 6, 6.5, 11.5],
					"texture": "#unwrap1",
					"cullface": "up"
				},
				"up": {
					"uv": [4.5, 6, 6.5, 6.5],
					"texture": "#unwrap1",
					"cullface": "up",
					"rotation": 90
				}
			}
		},
		{
			"name": "cube",
			"from": [7.75, 21.5, 5.5],
			"to": [8.25, 22.5, 6],
			"faces": {
				"north": {
					"uv": [3.5, 4.5, 3, 5.5],
					"texture": "#unwrap1",
					"cullface": "up"
				},
				"east": {
					"uv": [3.5, 4.5, 3, 5.5],
					"texture": "#unwrap1",
					"cullface": "up"
				},
				"south": {
					"uv": [3, 4.5, 3.5, 5.5],
					"texture": "#unwrap1",
					"cullface": "up"
				},
				"west": {
					"uv": [3, 4.5, 3.5, 5.5],
					"texture": "#unwrap1",
					"cullface": "up"
				},
				"up": {
					"uv": [3, 4.5, 3.5, 5],
					"texture": "#unwrap1",
					"cullface": "up"
				}
			}
		},
		{
			"name": "cube",
			"from": [7.75, 20, 5],
			"to": [8.25, 22, 5.5],
			"faces": {
				"north": {
					"uv": [3, 5, 2.5, 7],
					"texture": "#unwrap1",
					"cullface": "up"
				},
				"east": {
					"uv": [3, 5, 2.5, 7],
					"texture": "#unwrap1",
					"cullface": "up"
				},
				"south": {
					"uv": [2.5, 5, 3, 7],
					"texture": "#unwrap1",
					"cullface": "up"
				},
				"west": {
					"uv": [2.5, 5, 3, 7],
					"texture": "#unwrap1",
					"cullface": "up"
				},
				"up": {
					"uv": [2.5, 5, 3, 5.5],
					"texture": "#unwrap1",
					"cullface": "up"
				}
			}
		},
		{
			"name": "cube",
			"from": [7.5, 20, 5.5],
			"to": [8.5, 21.5, 6],
			"faces": {
				"north": {
					"uv": [3.5, 5.5, 3, 7],
					"texture": "#unwrap1",
					"cullface": "up"
				},
				"east": {
					"uv": [3.5, 5.5, 3, 7],
					"texture": "#unwrap1",
					"cullface": "up"
				},
				"south": {
					"uv": [3, 5.5, 3.5, 7],
					"texture": "#unwrap1",
					"cullface": "up"
				},
				"west": {
					"uv": [3, 5.5, 3.5, 7],
					"texture": "#unwrap1",
					"cullface": "up"
				},
				"up": {
					"uv": [3, 5.5, 3.5, 6],
					"texture": "#unwrap1",
					"cullface": "up"
				}
			}
		},
		{
			"name": "cube",
			"from": [7.25, 20, 6],
			"to": [8.75, 21, 6.5],
			"faces": {
				"north": {
					"uv": [4, 6, 3.5, 7],
					"texture": "#unwrap1",
					"cullface": "up"
				},
				"east": {
					"uv": [4, 6, 3.5, 7],
					"texture": "#unwrap1",
					"cullface": "up"
				},
				"south": {
					"uv": [3.5, 6, 4, 7],
					"texture": "#unwrap1",
					"cullface": "up"
				},
				"west": {
					"uv": [3.5, 6, 4, 7],
					"texture": "#unwrap1",
					"cullface": "up"
				},
				"up": {
					"uv": [3.5, 6, 4, 6.5],
					"texture": "#unwrap1",
					"cullface": "up"
				}
			}
		},
		{
			"name": "cube",
			"from": [7, 19.5, 6.5],
			"to": [9, 20.5, 9.5],
			"faces": {
				"north": {
					"uv": [4.5, 6.5, 4, 7.5],
					"texture": "#unwrap1",
					"cullface": "up"
				},
				"east": {
					"uv": [7, 6.5, 4, 7.5],
					"texture": "#unwrap1",
					"cullface": "up"
				},
				"south": {
					"uv": [6.5, 6.5, 7, 7.5],
					"texture": "#unwrap1",
					"cullface": "up"
				},
				"west": {
					"uv": [4, 6.5, 7, 7.5],
					"texture": "#unwrap1",
					"cullface": "up"
				},
				"up": {
					"uv": [4, 6.5, 7, 7],
					"texture": "#unwrap1",
					"cullface": "up",
					"rotation": 90
				},
				"down": {
					"uv": [7, 7.5, 4, 7],
					"texture": "#unwrap1",
					"cullface": "up",
					"rotation": 90
				}
			}
		},
		{
			"name": "cube",
			"from": [7.5, 19.5, 3.5],
			"to": [8.5, 20, 12.5],
			"faces": {
				"north": {
					"uv": [1.5, 7, 1, 7.5],
					"texture": "#unwrap1",
					"cullface": "up"
				},
				"east": {
					"uv": [10, 7, 1, 7.5],
					"texture": "#unwrap1",
					"cullface": "up"
				},
				"south": {
					"uv": [9.5, 7, 10, 7.5],
					"texture": "#unwrap1",
					"cullface": "up"
				},
				"west": {
					"uv": [1, 7, 10, 7.5],
					"texture": "#unwrap1",
					"cullface": "up"
				},
				"up": {
					"uv": [1, 7, 10, 7.5],
					"texture": "#unwrap1",
					"cullface": "up",
					"rotation": 90
				},
				"down": {
					"uv": [10, 7.5, 1, 7],
					"texture": "#unwrap1",
					"cullface": "up",
					"rotation": 90
				}
			}
		},
		{
			"name": "cube",
			"from": [7.25, 19.5, 4.5],
			"to": [8.75, 20, 11.5],
			"faces": {
				"north": {
					"uv": [2.5, 7, 2, 7.5],
					"texture": "#unwrap1",
					"cullface": "up"
				},
				"east": {
					"uv": [9, 7, 2, 7.5],
					"texture": "#unwrap1",
					"cullface": "up"
				},
				"south": {
					"uv": [8.5, 7, 9, 7.5],
					"texture": "#unwrap1",
					"cullface": "up"
				},
				"west": {
					"uv": [2, 7, 9, 7.5],
					"texture": "#unwrap1",
					"cullface": "up"
				},
				"up": {
					"uv": [2, 7, 9, 7.5],
					"texture": "#unwrap1",
					"cullface": "up",
					"rotation": 90
				},
				"down": {
					"uv": [9, 7.5, 2, 7],
					"texture": "#unwrap1",
					"cullface": "up",
					"rotation": 90
				}
			}
		},
		{
			"name": "cube",
			"from": [7, 19, 5],
			"to": [9, 20, 5.5],
			"faces": {
				"north": {
					"uv": [3, 7, 2.5, 8],
					"texture": "#unwrap1",
					"cullface": "up"
				},
				"east": {
					"uv": [3, 7, 2.5, 8],
					"texture": "#unwrap1",
					"cullface": "up"
				},
				"west": {
					"uv": [2.5, 7, 3, 8],
					"texture": "#unwrap1",
					"cullface": "up"
				},
				"up": {
					"uv": [2.5, 7, 3, 7.5],
					"texture": "#unwrap1",
					"cullface": "up"
				},
				"down": {
					"uv": [3, 8, 2.5, 7.5],
					"texture": "#unwrap1",
					"cullface": "up"
				}
			}
		},
		{
			"name": "cube",
			"from": [7.75, 19, 3.5],
			"to": [8.25, 19.5, 12.5],
			"faces": {
				"north": {
					"uv": [1.5, 7.5, 1, 8],
					"texture": "#unwrap1",
					"cullface": "up"
				},
				"east": {
					"uv": [10, 7.5, 1, 8],
					"texture": "#unwrap1",
					"cullface": "up"
				},
				"south": {
					"uv": [9.5, 7.5, 10, 8],
					"texture": "#unwrap1",
					"cullface": "up"
				},
				"west": {
					"uv": [1, 7.5, 10, 8],
					"texture": "#unwrap1",
					"cullface": "up"
				},
				"down": {
					"uv": [10, 8, 1, 7.5],
					"texture": "#unwrap1",
					"cullface": "up",
					"rotation": 90
				}
			}
		},
		{
			"name": "cube",
			"from": [7.5, 19, 4.5],
			"to": [8.5, 19.5, 11.5],
			"faces": {
				"north": {
					"uv": [2.5, 7.5, 2, 8],
					"texture": "#unwrap1",
					"cullface": "up"
				},
				"east": {
					"uv": [9, 7.5, 2, 8],
					"texture": "#unwrap1",
					"cullface": "up"
				},
				"south": {
					"uv": [8.5, 7.5, 9, 8],
					"texture": "#unwrap1",
					"cullface": "up"
				},
				"west": {
					"uv": [2, 7.5, 9, 8],
					"texture": "#unwrap1",
					"cullface": "up"
				},
				"down": {
					"uv": [9, 8, 2, 7.5],
					"texture": "#unwrap1",
					"cullface": "up",
					"rotation": 90
				}
			}
		},
		{
			"name": "cube",
			"from": [7.25, 18.5, 5],
			"to": [8.75, 19, 11],
			"faces": {
				"north": {
					"uv": [3, 8, 2.5, 8.5],
					"texture": "#unwrap1",
					"cullface": "up"
				},
				"east": {
					"uv": [8.5, 8, 2.5, 8.5],
					"texture": "#unwrap1",
					"cullface": "up"
				},
				"south": {
					"uv": [8, 8, 8.5, 8.5],
					"texture": "#unwrap1",
					"cullface": "up"
				},
				"west": {
					"uv": [2.5, 8, 8.5, 8.5],
					"texture": "#unwrap1",
					"cullface": "up"
				},
				"up": {
					"uv": [2.5, 8, 8.5, 8.5],
					"texture": "#unwrap1",
					"cullface": "up",
					"rotation": 90
				},
				"down": {
					"uv": [8.5, 8.5, 2.5, 8],
					"texture": "#unwrap1",
					"cullface": "up",
					"rotation": 90
				}
			}
		},
		{
			"name": "cube",
			"from": [6.75, 18.5, 5.5],
			"to": [9.25, 20, 6],
			"faces": {
				"north": {
					"uv": [3.5, 7, 3, 8.5],
					"texture": "#unwrap1",
					"cullface": "up"
				},
				"east": {
					"uv": [3.5, 7, 3, 8.5],
					"texture": "#unwrap1",
					"cullface": "up"
				},
				"south": {
					"uv": [3, 7, 3.5, 8.5],
					"texture": "#unwrap1",
					"cullface": "up"
				},
				"west": {
					"uv": [3, 7, 3.5, 8.5],
					"texture": "#unwrap1",
					"cullface": "up"
				},
				"up": {
					"uv": [3, 7, 3.5, 7.5],
					"texture": "#unwrap1",
					"cullface": "up"
				},
				"down": {
					"uv": [3.5, 8.5, 3, 8],
					"texture": "#unwrap1",
					"cullface": "up"
				}
			}
		},
		{
			"name": "cube",
			"from": [7.25, 18, 5.5],
			"to": [8.75, 18.5, 10.5],
			"faces": {
				"north": {
					"uv": [3.5, 8.5, 3, 9],
					"texture": "#unwrap1",
					"cullface": "up"
				},
				"east": {
					"uv": [8, 8.5, 3, 9],
					"texture": "#unwrap1",
					"cullface": "up"
				},
				"south": {
					"uv": [7.5, 8.5, 8, 9],
					"texture": "#unwrap1",
					"cullface": "up"
				},
				"west": {
					"uv": [3, 8.5, 8, 9],
					"texture": "#unwrap1",
					"cullface": "up"
				},
				"down": {
					"uv": [8, 9, 3, 8.5],
					"texture": "#unwrap1",
					"cullface": "up",
					"rotation": 90
				}
			}
		},
		{
			"name": "cube",
			"from": [6.5, 18, 6],
			"to": [9.5, 19.5, 7],
			"faces": {
				"north": {
					"uv": [4, 7.5, 3.5, 9],
					"texture": "#unwrap1",
					"cullface": "up"
				},
				"east": {
					"uv": [4.5, 7.5, 3.5, 9],
					"texture": "#unwrap1",
					"cullface": "up"
				},
				"south": {
					"uv": [4, 7.5, 4.5, 9],
					"texture": "#unwrap1",
					"cullface": "up"
				},
				"west": {
					"uv": [3.5, 7.5, 4.5, 9],
					"texture": "#unwrap1",
					"cullface": "up"
				},
				"up": {
					"uv": [3.5, 7.5, 4.5, 8],
					"texture": "#unwrap1",
					"cullface": "up",
					"rotation": 90
				},
				"down": {
					"uv": [4.5, 9, 3.5, 8.5],
					"texture": "#unwrap1",
					"cullface": "up",
					"rotation": 90
				}
			}
		},
		{
			"name": "cube",
			"from": [7, 17.5, 6],
			"to": [9, 18, 10],
			"faces": {
				"north": {
					"uv": [4, 9, 3.5, 9.5],
					"texture": "#unwrap1",
					"cullface": "up"
				},
				"east": {
					"uv": [7.5, 9, 3.5, 9.5],
					"texture": "#unwrap1",
					"cullface": "up"
				},
				"south": {
					"uv": [7, 9, 7.5, 9.5],
					"texture": "#unwrap1",
					"cullface": "up"
				},
				"west": {
					"uv": [3.5, 9, 7.5, 9.5],
					"texture": "#unwrap1",
					"cullface": "up"
				},
				"up": {
					"uv": [3.5, 9, 7.5, 9.5],
					"texture": "#unwrap1",
					"cullface": "up",
					"rotation": 90
				}
			}
		},
		{
			"name": "cube",
			"from": [6.75, 17.5, 6.5],
			"to": [9.25, 19.5, 7.5],
			"faces": {
				"north": {
					"uv": [4.5, 7.5, 4, 9.5],
					"texture": "#unwrap1",
					"cullface": "up"
				},
				"east": {
					"uv": [5, 7.5, 4, 9.5],
					"texture": "#unwrap1",
					"cullface": "up"
				},
				"south": {
					"uv": [4.5, 7.5, 5, 9.5],
					"texture": "#unwrap1",
					"cullface": "up"
				},
				"west": {
					"uv": [4, 7.5, 5, 9.5],
					"texture": "#unwrap1",
					"cullface": "up"
				},
				"up": {
					"uv": [4, 7.5, 5, 8],
					"texture": "#unwrap1",
					"cullface": "up",
					"rotation": 90
				}
			}
		},
		{
			"name": "cube",
			"from": [7.75, 19.5, 3],
			"to": [8.25, 20, 13],
			"faces": {
				"north": {
					"uv": [1, 7, 0.5, 7.5],
					"texture": "#unwrap1",
					"cullface": "up"
				},
				"east": {
					"uv": [10.5, 7, 0.5, 7.5],
					"texture": "#unwrap1",
					"cullface": "up"
				},
				"south": {
					"uv": [10, 7, 10.5, 7.5],
					"texture": "#unwrap1",
					"cullface": "up"
				},
				"west": {
					"uv": [0.5, 7, 10.5, 7.5],
					"texture": "#unwrap1",
					"cullface": "up"
				},
				"up": {
					"uv": [0.5, 7, 10.5, 7.5],
					"texture": "#unwrap1",
					"cullface": "up",
					"rotation": 90
				},
				"down": {
					"uv": [10.5, 7.5, 0.5, 7],
					"texture": "#unwrap1",
					"cullface": "up",
					"rotation": 90
				}
			}
		},
		{
			"name": "cube",
			"from": [7, 14.5, 6.5],
			"to": [9, 15.5, 9.5],
			"faces": {
				"north": {
					"uv": [6.5, 11.5, 4.5, 12.5],
					"texture": "#unwrap1"
				},
				"east": {
					"uv": [7, 11.5, 4, 12.5],
					"texture": "#unwrap1"
				},
				"south": {
					"uv": [4.5, 11.5, 6.5, 12.5],
					"texture": "#unwrap1"
				},
				"west": {
					"uv": [4, 11.5, 7, 12.5],
					"texture": "#unwrap1"
				},
				"down": {
					"uv": [7, 12.5, 4, 12],
					"texture": "#unwrap1",
					"rotation": 90
				}
			}
		},
		{
			"name": "cube",
			"from": [7, 11, 7],
			"to": [9, 14.5, 9],
			"faces": {
				"north": {
					"uv": [6.5, 12.5, 4.5, 16],
					"texture": "#unwrap1"
				},
				"east": {
					"uv": [6.5, 12.5, 4.5, 16],
					"texture": "#unwrap1"
				},
				"south": {
					"uv": [4.5, 12.5, 6.5, 16],
					"texture": "#unwrap1"
				},
				"west": {
					"uv": [4.5, 12.5, 6.5, 16],
					"texture": "#unwrap1"
				},
				"down": {
					"uv": [6.5, 16, 4.5, 15.5],
					"texture": "#unwrap1",
					"rotation": 90
				}
			}
		},
		{
			"name": "cube",
			"from": [7.5, -5, 7],
			"to": [8.5, 11, 9],
			"faces": {
				"north": {
					"uv": [3, 0, 2, 16],
					"texture": "#unwrap2",
					"cullface": "down"
				},
				"east": {
					"uv": [3.5, 0, 1.5, 16],
					"texture": "#unwrap2",
					"cullface": "down"
				},
				"south": {
					"uv": [2, 0, 3, 16],
					"texture": "#unwrap2",
					"cullface": "down"
				},
				"west": {
					"uv": [1.5, 0, 3.5, 16],
					"texture": "#unwrap2",
					"cullface": "down"
				}
			}
		},
		{
			"name": "cube",
			"from": [7, -5, 7.5],
			"to": [9, 11, 8.5],
			"faces": {
				"north": {
					"uv": [1.5, 0, 3.5, 16],
					"texture": "#unwrap2",
					"cullface": "down"
				},
				"east": {
					"uv": [2, 0, 3, 16],
					"texture": "#unwrap2",
					"cullface": "down"
				},
				"south": {
					"uv": [1.5, 0, 3.5, 16],
					"texture": "#unwrap2",
					"cullface": "down"
				},
				"west": {
					"uv": [2, 0, 3, 16],
					"texture": "#unwrap2",
					"cullface": "down"
				}
			}
		},
		{
			"name": "cube",
			"from": [7.5, -11.5, 7],
			"to": [8.5, -5, 9],
			"faces": {
				"north": {
					"uv": [11, 5.5, 10, 12],
					"texture": "#unwrap2",
					"cullface": "down"
				},
				"east": {
					"uv": [11.5, 5.5, 9.5, 12],
					"texture": "#unwrap2",
					"cullface": "down"
				},
				"south": {
					"uv": [10, 5.5, 11, 12],
					"texture": "#unwrap2",
					"cullface": "down"
				},
				"west": {
					"uv": [9.5, 5.5, 11.5, 12],
					"texture": "#unwrap2",
					"cullface": "down"
				}
			}
		},
		{
			"name": "cube",
			"from": [7, -11.5, 7.5],
			"to": [9, -5, 8.5],
			"faces": {
				"north": {
					"uv": [11.5, 5.5, 9.5, 12],
					"texture": "#unwrap2",
					"cullface": "down"
				},
				"east": {
					"uv": [11, 5.5, 10, 12],
					"texture": "#unwrap2",
					"cullface": "down"
				},
				"south": {
					"uv": [9.5, 5.5, 11.5, 12],
					"texture": "#unwrap2",
					"cullface": "down"
				},
				"west": {
					"uv": [10, 5.5, 11, 12],
					"texture": "#unwrap2",
					"cullface": "down"
				}
			}
		},
		{
			"name": "cube",
			"from": [6.5, 15.5, 6],
			"to": [9.5, 17, 7.5],
			"faces": {
				"north": {
					"uv": [4, 10, 3.5, 11.5],
					"texture": "#unwrap1",
					"cullface": "up"
				},
				"east": {
					"uv": [5, 10, 3.5, 11.5],
					"texture": "#unwrap1",
					"cullface": "up"
				},
				"south": {
					"uv": [4.5, 10, 5, 11.5],
					"texture": "#unwrap1",
					"cullface": "up"
				},
				"west": {
					"uv": [3.5, 10, 5, 11.5],
					"texture": "#unwrap1",
					"cullface": "up"
				},
				"up": {
					"uv": [3.5, 10, 5, 10.5],
					"texture": "#unwrap1",
					"cullface": "up",
					"rotation": 90
				},
				"down": {
					"uv": [5, 11.5, 3.5, 11],
					"texture": "#unwrap1",
					"cullface": "up",
					"rotation": 90
				}
			}
		},
		{
			"name": "cube",
			"from": [6.75, 15.5, 5.5],
			"to": [9.25, 17, 6],
			"faces": {
				"north": {
					"uv": [3.5, 10, 3, 11.5],
					"texture": "#unwrap1",
					"cullface": "up"
				},
				"east": {
					"uv": [3.5, 10, 3, 11.5],
					"texture": "#unwrap1",
					"cullface": "up"
				},
				"west": {
					"uv": [3, 10, 3.5, 11.5],
					"texture": "#unwrap1",
					"cullface": "up"
				},
				"up": {
					"uv": [3, 10, 3.5, 10.5],
					"texture": "#unwrap1",
					"cullface": "up",
					"rotation": 90
				},
				"down": {
					"uv": [3.5, 11.5, 3, 11],
					"texture": "#unwrap1",
					"cullface": "up",
					"rotation": 90
				}
			}
		},
		{
			"name": "cube",
			"from": [7, 15.5, 5],
			"to": [9, 16.5, 11],
			"faces": {
				"north": {
					"uv": [3, 10.5, 2.5, 11.5],
					"texture": "#unwrap1",
					"cullface": "up"
				},
				"east": {
					"uv": [8.5, 10.5, 2.5, 11.5],
					"texture": "#unwrap1",
					"cullface": "up"
				},
				"south": {
					"uv": [8, 10.5, 8.5, 11.5],
					"texture": "#unwrap1",
					"cullface": "up"
				},
				"west": {
					"uv": [2.5, 10.5, 8.5, 11.5],
					"texture": "#unwrap1",
					"cullface": "up"
				},
				"up": {
					"uv": [2.5, 10.5, 8.5, 11],
					"texture": "#unwrap1",
					"cullface": "up",
					"rotation": 90
				},
				"down": {
					"uv": [8.5, 11.5, 2.5, 11],
					"texture": "#unwrap1",
					"cullface": "up",
					"rotation": 90
				}
			}
		},
		{
			"name": "cube",
			"from": [7.25, 15.5, 4.5],
			"to": [8.75, 16.5, 11.5],
			"faces": {
				"north": {
					"uv": [2.5, 10.5, 2, 11.5],
					"texture": "#unwrap1",
					"cullface": "up"
				},
				"east": {
					"uv": [9, 10.5, 2, 11.5],
					"texture": "#unwrap1",
					"cullface": "up"
				},
				"south": {
					"uv": [8.5, 10.5, 9, 11.5],
					"texture": "#unwrap1",
					"cullface": "up"
				},
				"west": {
					"uv": [2, 10.5, 9, 11.5],
					"texture": "#unwrap1",
					"cullface": "up"
				},
				"up": {
					"uv": [2, 10.5, 9, 11],
					"texture": "#unwrap1",
					"cullface": "up",
					"rotation": 90
				},
				"down": {
					"uv": [9, 11.5, 2, 11],
					"texture": "#unwrap1",
					"cullface": "up",
					"rotation": 90
				}
			}
		},
		{
			"name": "cube",
			"from": [7.5, 16.5, 4.5],
			"to": [8.5, 17, 11.5],
			"faces": {
				"north": {
					"uv": [2.5, 10, 2, 10.5],
					"texture": "#unwrap1",
					"cullface": "up"
				},
				"east": {
					"uv": [9, 10, 2, 10.5],
					"texture": "#unwrap1",
					"cullface": "up"
				},
				"south": {
					"uv": [8.5, 10, 9, 10.5],
					"texture": "#unwrap1",
					"cullface": "up"
				},
				"west": {
					"uv": [2, 10, 9, 10.5],
					"texture": "#unwrap1",
					"cullface": "up"
				},
				"up": {
					"uv": [2, 10, 9, 10.5],
					"texture": "#unwrap1",
					"cullface": "up",
					"rotation": 90
				}
			}
		},
		{
			"name": "cube",
			"from": [7.5, 15.5, 4],
			"to": [8.5, 16.5, 12],
			"faces": {
				"north": {
					"uv": [2, 10.5, 1.5, 11.5],
					"texture": "#unwrap1",
					"cullface": "up"
				},
				"east": {
					"uv": [9.5, 10.5, 1.5, 11.5],
					"texture": "#unwrap1",
					"cullface": "up"
				},
				"south": {
					"uv": [9, 10.5, 9.5, 11.5],
					"texture": "#unwrap1",
					"cullface": "up"
				},
				"west": {
					"uv": [1.5, 10.5, 9.5, 11.5],
					"texture": "#unwrap1",
					"cullface": "up"
				},
				"up": {
					"uv": [1.5, 10.5, 9.5, 11],
					"texture": "#unwrap1",
					"cullface": "up",
					"rotation": 90
				},
				"down": {
					"uv": [9.5, 11.5, 1.5, 11],
					"texture": "#unwrap1",
					"cullface": "up",
					"rotation": 90
				}
			}
		},
		{
			"name": "cube",
			"from": [7.5, 15, 3.5],
			"to": [8.5, 16, 4],
			"faces": {
				"north": {
					"uv": [1.5, 11, 1, 12],
					"texture": "#unwrap1"
				},
				"east": {
					"uv": [1.5, 11, 1, 12],
					"texture": "#unwrap1"
				},
				"south": {
					"uv": [1, 11, 1.5, 12],
					"texture": "#unwrap1"
				},
				"west": {
					"uv": [1, 11, 1.5, 12],
					"texture": "#unwrap1"
				},
				"up": {
					"uv": [1, 11, 1.5, 11.5],
					"texture": "#unwrap1",
					"cullface": "up"
				},
				"down": {
					"uv": [1.5, 12, 1, 11.5],
					"texture": "#unwrap1"
				}
			}
		},
		{
			"name": "cube",
			"from": [7.75, 14.5, 3],
			"to": [8.25, 15.5, 3.5],
			"faces": {
				"north": {
					"uv": [1, 11.5, 0.5, 12.5],
					"texture": "#unwrap1"
				},
				"east": {
					"uv": [1, 11.5, 0.5, 12.5],
					"texture": "#unwrap1"
				},
				"south": {
					"uv": [0.5, 11.5, 1, 12.5],
					"texture": "#unwrap1"
				},
				"west": {
					"uv": [0.5, 11.5, 1, 12.5],
					"texture": "#unwrap1"
				},
				"up": {
					"uv": [0.5, 11.5, 1, 12],
					"texture": "#unwrap1"
				},
				"down": {
					"uv": [1, 12.5, 0.5, 12],
					"texture": "#unwrap1"
				}
			}
		},
		{
			"name": "cube",
			"from": [7.25, 16.5, 5],
			"to": [8.75, 17, 11],
			"faces": {
				"north": {
					"uv": [3, 10, 2.5, 10.5],
					"texture": "#unwrap1",
					"cullface": "up"
				},
				"east": {
					"uv": [8.5, 10, 2.5, 10.5],
					"texture": "#unwrap1",
					"cullface": "up"
				},
				"south": {
					"uv": [8, 10, 8.5, 10.5],
					"texture": "#unwrap1",
					"cullface": "up"
				},
				"west": {
					"uv": [2.5, 10, 8.5, 10.5],
					"texture": "#unwrap1",
					"cullface": "up"
				},
				"up": {
					"uv": [2.5, 10, 8.5, 10.5],
					"texture": "#unwrap1",
					"cullface": "up",
					"rotation": 90
				}
			}
		},
		{
			"name": "cube",
			"from": [7, 17, 5.5],
			"to": [9, 17.5, 10.5],
			"faces": {
				"north": {
					"uv": [3.5, 9.5, 3, 10],
					"texture": "#unwrap1",
					"cullface": "up"
				},
				"east": {
					"uv": [8, 9.5, 3, 10],
					"texture": "#unwrap1",
					"cullface": "up"
				},
				"south": {
					"uv": [7.5, 9.5, 8, 10],
					"texture": "#unwrap1",
					"cullface": "up"
				},
				"west": {
					"uv": [3, 9.5, 8, 10],
					"texture": "#unwrap1",
					"cullface": "up"
				},
				"up": {
					"uv": [3, 9.5, 8, 10],
					"texture": "#unwrap1",
					"cullface": "up",
					"rotation": 90
				},
				"down": {
					"uv": [8, 10, 3, 9.5],
					"texture": "#unwrap1",
					"cullface": "up",
					"rotation": 90
				}
			}
		},
		{
			"name": "cube",
			"from": [7.25, 13, 6.5],
			"to": [8.75, 14.5, 9.5],
			"faces": {
				"north": {
					"uv": [4.5, 12.5, 4, 14],
					"texture": "#unwrap1"
				},
				"east": {
					"uv": [7, 12.5, 4, 14],
					"texture": "#unwrap1"
				},
				"south": {
					"uv": [6.5, 12.5, 7, 14],
					"texture": "#unwrap1"
				},
				"west": {
					"uv": [4, 12.5, 7, 14],
					"texture": "#unwrap1"
				},
				"down": {
					"uv": [7, 14, 4, 13.5],
					"texture": "#unwrap1",
					"rotation": 90
				}
			}
		},
		{
			"name": "cube",
			"from": [7.5, 13, 6],
			"to": [8.5, 14, 10],
			"faces": {
				"north": {
					"uv": [4, 13, 3.5, 14],
					"texture": "#unwrap1"
				},
				"east": {
					"uv": [7.5, 13, 3.5, 14],
					"texture": "#unwrap1"
				},
				"south": {
					"uv": [7, 13, 7.5, 14],
					"texture": "#unwrap1"
				},
				"west": {
					"uv": [3.5, 13, 7.5, 14],
					"texture": "#unwrap1"
				},
				"up": {
					"uv": [3.5, 13, 7.5, 13.5],
					"texture": "#unwrap1",
					"rotation": 90
				},
				"down": {
					"uv": [7.5, 14, 3.5, 13.5],
					"texture": "#unwrap1",
					"rotation": 90
				}
			}
		},
		{
			"name": "cube",
			"from": [7.75, 12.5, 5.5],
			"to": [8.25, 13.5, 6],
			"faces": {
				"north": {
					"uv": [3.5, 13.5, 3, 14.5],
					"texture": "#unwrap1"
				},
				"east": {
					"uv": [3.5, 13.5, 3, 14.5],
					"texture": "#unwrap1"
				},
				"south": {
					"uv": [3, 13.5, 3.5, 14.5],
					"texture": "#unwrap1"
				},
				"west": {
					"uv": [3, 13.5, 3.5, 14.5],
					"texture": "#unwrap1"
				},
				"up": {
					"uv": [3, 13.5, 3.5, 14],
					"texture": "#unwrap1"
				},
				"down": {
					"uv": [3.5, 14.5, 3, 14],
					"texture": "#unwrap1"
				}
			}
		},
		{
			"name": "cube",
			"from": [6.75, 17.5, 8.5],
			"to": [9.25, 19.5, 9.5],
			"faces": {
				"north": {
					"uv": [6.5, 7.5, 6, 9.5],
					"texture": "#unwrap1",
					"cullface": "up"
				},
				"east": {
					"uv": [7, 7.5, 6, 9.5],
					"texture": "#unwrap1",
					"cullface": "up"
				},
				"south": {
					"uv": [6.5, 7.5, 7, 9.5],
					"texture": "#unwrap1",
					"cullface": "up"
				},
				"west": {
					"uv": [6, 7.5, 7, 9.5],
					"texture": "#unwrap1",
					"cullface": "up"
				},
				"up": {
					"uv": [6, 7.5, 7, 8],
					"texture": "#unwrap1",
					"cullface": "up",
					"rotation": 90
				}
			}
		},
		{
			"name": "cube",
			"from": [6.5, 18, 9],
			"to": [9.5, 19.5, 10],
			"faces": {
				"north": {
					"uv": [7, 7.5, 6.5, 9],
					"texture": "#unwrap1",
					"cullface": "up"
				},
				"east": {
					"uv": [7.5, 7.5, 6.5, 9],
					"texture": "#unwrap1",
					"cullface": "up"
				},
				"south": {
					"uv": [7, 7.5, 7.5, 9],
					"texture": "#unwrap1",
					"cullface": "up"
				},
				"west": {
					"uv": [6.5, 7.5, 7.5, 9],
					"texture": "#unwrap1",
					"cullface": "up"
				},
				"up": {
					"uv": [6.5, 7.5, 7.5, 8],
					"texture": "#unwrap1",
					"cullface": "up",
					"rotation": 90
				},
				"down": {
					"uv": [7.5, 9, 6.5, 8.5],
					"texture": "#unwrap1",
					"cullface": "up",
					"rotation": 90
				}
			}
		},
		{
			"name": "cube",
			"from": [6.75, 18.5, 10],
			"to": [9.25, 20, 10.5],
			"faces": {
				"north": {
					"uv": [8, 7, 7.5, 8.5],
					"texture": "#unwrap1",
					"cullface": "up"
				},
				"east": {
					"uv": [8, 7, 7.5, 8.5],
					"texture": "#unwrap1",
					"cullface": "up"
				},
				"south": {
					"uv": [7.5, 7, 8, 8.5],
					"texture": "#unwrap1",
					"cullface": "up"
				},
				"west": {
					"uv": [7.5, 7, 8, 8.5],
					"texture": "#unwrap1",
					"cullface": "up"
				},
				"up": {
					"uv": [7.5, 7, 8, 7.5],
					"texture": "#unwrap1",
					"cullface": "up"
				},
				"down": {
					"uv": [8, 8.5, 7.5, 8],
					"texture": "#unwrap1",
					"cullface": "up"
				}
			}
		},
		{
			"name": "cube",
			"from": [7, 19, 10.5],
			"to": [9, 20, 11],
			"faces": {
				"east": {
					"uv": [8.5, 7, 8, 8],
					"texture": "#unwrap1",
					"cullface": "up"
				},
				"south": {
					"uv": [8, 7, 8.5, 8],
					"texture": "#unwrap1",
					"cullface": "up"
				},
				"west": {
					"uv": [8, 7, 8.5, 8],
					"texture": "#unwrap1",
					"cullface": "up"
				},
				"up": {
					"uv": [8, 7, 8.5, 7.5],
					"texture": "#unwrap1",
					"cullface": "up"
				},
				"down": {
					"uv": [8.5, 8, 8, 7.5],
					"texture": "#unwrap1",
					"cullface": "up"
				}
			}
		},
		{
			"name": "cube",
			"from": [7.25, 20, 9.5],
			"to": [8.75, 21, 10],
			"faces": {
				"north": {
					"uv": [7.5, 6, 7, 7],
					"texture": "#unwrap1",
					"cullface": "up"
				},
				"east": {
					"uv": [7.5, 6, 7, 7],
					"texture": "#unwrap1",
					"cullface": "up"
				},
				"south": {
					"uv": [7, 6, 7.5, 7],
					"texture": "#unwrap1",
					"cullface": "up"
				},
				"west": {
					"uv": [7, 6, 7.5, 7],
					"texture": "#unwrap1",
					"cullface": "up"
				},
				"up": {
					"uv": [7, 6, 7.5, 6.5],
					"texture": "#unwrap1",
					"cullface": "up"
				}
			}
		},
		{
			"name": "cube",
			"from": [7.5, 20, 10],
			"to": [8.5, 21.5, 10.5],
			"faces": {
				"north": {
					"uv": [8, 5.5, 7.5, 7],
					"texture": "#unwrap1",
					"cullface": "up"
				},
				"east": {
					"uv": [8, 5.5, 7.5, 7],
					"texture": "#unwrap1",
					"cullface": "up"
				},
				"south": {
					"uv": [7.5, 5.5, 8, 7],
					"texture": "#unwrap1",
					"cullface": "up"
				},
				"west": {
					"uv": [7.5, 5.5, 8, 7],
					"texture": "#unwrap1",
					"cullface": "up"
				},
				"up": {
					"uv": [7.5, 5.5, 8, 6],
					"texture": "#unwrap1",
					"cullface": "up"
				}
			}
		},
		{
			"name": "cube",
			"from": [7.75, 20, 10.5],
			"to": [8.25, 22, 11],
			"faces": {
				"north": {
					"uv": [8.5, 5, 8, 7],
					"texture": "#unwrap1",
					"cullface": "up"
				},
				"east": {
					"uv": [8.5, 5, 8, 7],
					"texture": "#unwrap1",
					"cullface": "up"
				},
				"south": {
					"uv": [8, 5, 8.5, 7],
					"texture": "#unwrap1",
					"cullface": "up"
				},
				"west": {
					"uv": [8, 5, 8.5, 7],
					"texture": "#unwrap1",
					"cullface": "up"
				},
				"up": {
					"uv": [8, 5, 8.5, 5.5],
					"texture": "#unwrap1",
					"cullface": "up"
				}
			}
		},
		{
			"name": "cube",
			"from": [7.75, 21.5, 10],
			"to": [8.25, 22.5, 10.5],
			"faces": {
				"north": {
					"uv": [8, 4.5, 7.5, 5.5],
					"texture": "#unwrap1",
					"cullface": "up"
				},
				"east": {
					"uv": [8, 4.5, 7.5, 5.5],
					"texture": "#unwrap1",
					"cullface": "up"
				},
				"south": {
					"uv": [7.5, 4.5, 8, 5.5],
					"texture": "#unwrap1",
					"cullface": "up"
				},
				"west": {
					"uv": [7.5, 4.5, 8, 5.5],
					"texture": "#unwrap1",
					"cullface": "up"
				},
				"up": {
					"uv": [7.5, 4.5, 8, 5],
					"texture": "#unwrap1",
					"cullface": "up"
				}
			}
		},
		{
			"name": "cube",
			"from": [6.75, 17, 6],
			"to": [9.25, 17.5, 7.5],
			"faces": {
				"north": {
					"uv": [4, 9.5, 3.5, 10],
					"texture": "#unwrap1",
					"cullface": "up"
				},
				"east": {
					"uv": [5, 9.5, 3.5, 10],
					"texture": "#unwrap1",
					"cullface": "up"
				},
				"south": {
					"uv": [4.5, 9.5, 5, 10],
					"texture": "#unwrap1",
					"cullface": "up"
				},
				"west": {
					"uv": [3.5, 9.5, 5, 10],
					"texture": "#unwrap1",
					"cullface": "up"
				},
				"up": {
					"uv": [3.5, 9.5, 5, 10],
					"texture": "#unwrap1",
					"cullface": "up",
					"rotation": 90
				}
			}
		},
		{
			"name": "cube",
			"from": [6.75, 17, 8.5],
			"to": [9.25, 17.5, 10],
			"faces": {
				"north": {
					"uv": [6.5, 9.5, 6, 10],
					"texture": "#unwrap1",
					"cullface": "up"
				},
				"east": {
					"uv": [7.5, 9.5, 6, 10],
					"texture": "#unwrap1",
					"cullface": "up"
				},
				"south": {
					"uv": [7, 9.5, 7.5, 10],
					"texture": "#unwrap1",
					"cullface": "up"
				},
				"west": {
					"uv": [6, 9.5, 7.5, 10],
					"texture": "#unwrap1",
					"cullface": "up"
				},
				"up": {
					"uv": [6, 9.5, 7.5, 10],
					"texture": "#unwrap1",
					"cullface": "up",
					"rotation": 90
				}
			}
		},
		{
			"name": "cube",
			"from": [6.5, 15.5, 8.5],
			"to": [9.5, 17, 10],
			"faces": {
				"north": {
					"uv": [6.5, 10, 6, 11.5],
					"texture": "#unwrap1",
					"cullface": "up"
				},
				"east": {
					"uv": [7.5, 10, 6, 11.5],
					"texture": "#unwrap1",
					"cullface": "up"
				},
				"south": {
					"uv": [7, 10, 7.5, 11.5],
					"texture": "#unwrap1",
					"cullface": "up"
				},
				"west": {
					"uv": [6, 10, 7.5, 11.5],
					"texture": "#unwrap1",
					"cullface": "up"
				},
				"up": {
					"uv": [6, 10, 7.5, 10.5],
					"texture": "#unwrap1",
					"cullface": "up",
					"rotation": 90
				},
				"down": {
					"uv": [7.5, 11.5, 6, 11],
					"texture": "#unwrap1",
					"cullface": "up",
					"rotation": 90
				}
			}
		},
		{
			"name": "cube",
			"from": [6.75, 15.5, 10],
			"to": [9.25, 17, 10.5],
			"faces": {
				"east": {
					"uv": [8, 10, 7.5, 11.5],
					"texture": "#unwrap1",
					"cullface": "up"
				},
				"south": {
					"uv": [7.5, 10, 8, 11.5],
					"texture": "#unwrap1",
					"cullface": "up"
				},
				"west": {
					"uv": [7.5, 10, 8, 11.5],
					"texture": "#unwrap1",
					"cullface": "up"
				},
				"up": {
					"uv": [7.5, 10, 8, 10.5],
					"texture": "#unwrap1",
					"cullface": "up"
				},
				"down": {
					"uv": [8, 11.5, 7.5, 11],
					"texture": "#unwrap1",
					"cullface": "up"
				}
			}
		},
		{
			"name": "cube",
			"from": [7.5, 15, 12],
			"to": [8.5, 16, 12.5],
			"faces": {
				"north": {
					"uv": [10, 11, 9.5, 12],
					"texture": "#unwrap1"
				},
				"east": {
					"uv": [10, 11, 9.5, 12],
					"texture": "#unwrap1"
				},
				"south": {
					"uv": [9.5, 11, 10, 12],
					"texture": "#unwrap1"
				},
				"west": {
					"uv": [9.5, 11, 10, 12],
					"texture": "#unwrap1"
				},
				"up": {
					"uv": [9.5, 11, 10, 11.5],
					"texture": "#unwrap1",
					"cullface": "up"
				},
				"down": {
					"uv": [10, 12, 9.5, 11.5],
					"texture": "#unwrap1"
				}
			}
		},
		{
			"name": "cube",
			"from": [7.75, 14.5, 12.5],
			"to": [8.25, 15.5, 13],
			"faces": {
				"north": {
					"uv": [10.5, 11.5, 10, 12.5],
					"texture": "#unwrap1"
				},
				"east": {
					"uv": [10.5, 11.5, 10, 12.5],
					"texture": "#unwrap1"
				},
				"south": {
					"uv": [10, 11.5, 10.5, 12.5],
					"texture": "#unwrap1"
				},
				"west": {
					"uv": [10, 11.5, 10.5, 12.5],
					"texture": "#unwrap1"
				},
				"up": {
					"uv": [10, 11.5, 10.5, 12],
					"texture": "#unwrap1"
				},
				"down": {
					"uv": [10.5, 12.5, 10, 12],
					"texture": "#unwrap1"
				}
			}
		},
		{
			"name": "cube",
			"from": [7.75, 12.5, 10],
			"to": [8.25, 13.5, 10.5],
			"faces": {
				"north": {
					"uv": [8, 13.5, 7.5, 14.5],
					"texture": "#unwrap1"
				},
				"east": {
					"uv": [8, 13.5, 7.5, 14.5],
					"texture": "#unwrap1"
				},
				"south": {
					"uv": [7.5, 13.5, 8, 14.5],
					"texture": "#unwrap1"
				},
				"west": {
					"uv": [7.5, 13.5, 8, 14.5],
					"texture": "#unwrap1"
				},
				"up": {
					"uv": [7.5, 13.5, 8, 14],
					"texture": "#unwrap1"
				},
				"down": {
					"uv": [8, 14.5, 7.5, 14],
					"texture": "#unwrap1"
				}
			}
		},
		{
			"name": "cube",
			"from": [7, -13.5, 7],
			"to": [9, -11.5, 9],
			"faces": {
				"north": {
					"uv": [11.5, 12, 9.5, 14],
					"texture": "#unwrap2",
					"cullface": "down"
				},
				"east": {
					"uv": [11.5, 12, 9.5, 14],
					"texture": "#unwrap2",
					"cullface": "down"
				},
				"south": {
					"uv": [9.5, 12, 11.5, 14],
					"texture": "#unwrap2",
					"cullface": "down"
				},
				"west": {
					"uv": [9.5, 12, 11.5, 14],
					"texture": "#unwrap2",
					"cullface": "down"
				},
				"up": {
					"uv": [9.5, 12, 11.5, 12.5],
					"texture": "#unwrap2",
					"cullface": "down",
					"rotation": 90
				},
				"down": {
					"uv": [11.5, 14, 9.5, 13.5],
					"texture": "#unwrap2",
					"cullface": "down",
					"rotation": 90
				}
			}
		},
		{
			"name": "cube",
			"from": [7.25, -14, 6.5],
			"to": [8.75, -11.5, 7],
			"faces": {
				"north": {
					"uv": [9.5, 12, 9, 14.5],
					"texture": "#unwrap2",
					"cullface": "down"
				},
				"east": {
					"uv": [9.5, 12, 9, 14.5],
					"texture": "#unwrap2",
					"cullface": "down"
				},
				"south": {
					"uv": [9, 12, 9.5, 14.5],
					"texture": "#unwrap2",
					"cullface": "down"
				},
				"west": {
					"uv": [9, 12, 9.5, 14.5],
					"texture": "#unwrap2",
					"cullface": "down"
				},
				"up": {
					"uv": [9, 12, 9.5, 12.5],
					"texture": "#unwrap2",
					"cullface": "down"
				},
				"down": {
					"uv": [9.5, 14.5, 9, 14],
					"texture": "#unwrap2",
					"cullface": "down"
				}
			}
		},
		{
			"name": "cube",
			"from": [7.25, -14, 9],
			"to": [8.75, -11.5, 9.5],
			"faces": {
				"north": {
					"uv": [12, 12, 11.5, 14.5],
					"texture": "#unwrap2",
					"cullface": "down"
				},
				"east": {
					"uv": [12, 12, 11.5, 14.5],
					"texture": "#unwrap2",
					"cullface": "down"
				},
				"south": {
					"uv": [11.5, 12, 12, 14.5],
					"texture": "#unwrap2",
					"cullface": "down"
				},
				"west": {
					"uv": [11.5, 12, 12, 14.5],
					"texture": "#unwrap2",
					"cullface": "down"
				},
				"up": {
					"uv": [11.5, 12, 12, 12.5],
					"texture": "#unwrap2",
					"cullface": "down"
				},
				"down": {
					"uv": [12, 14.5, 11.5, 14],
					"texture": "#unwrap2",
					"cullface": "down"
				}
			}
		},
		{
			"name": "cube",
			"from": [7.5, -15.5, 6],
			"to": [8.5, -11.5, 6.5],
			"faces": {
				"north": {
					"uv": [9, 12, 8.5, 16],
					"texture": "#unwrap2",
					"cullface": "down"
				},
				"east": {
					"uv": [9, 12, 8.5, 16],
					"texture": "#unwrap2",
					"cullface": "down"
				},
				"south": {
					"uv": [8.5, 12, 9, 16],
					"texture": "#unwrap2",
					"cullface": "down"
				},
				"west": {
					"uv": [8.5, 12, 9, 16],
					"texture": "#unwrap2",
					"cullface": "down"
				},
				"up": {
					"uv": [8.5, 12, 9, 12.5],
					"texture": "#unwrap2",
					"cullface": "down"
				},
				"down": {
					"uv": [9, 16, 8.5, 15.5],
					"texture": "#unwrap2",
					"cullface": "down"
				}
			}
		},
		{
			"name": "cube",
			"from": [7.5, -15.5, 9.5],
			"to": [8.5, -11.5, 10],
			"faces": {
				"north": {
					"uv": [12.5, 12, 12, 16],
					"texture": "#unwrap2",
					"cullface": "down"
				},
				"east": {
					"uv": [12.5, 12, 12, 16],
					"texture": "#unwrap2",
					"cullface": "down"
				},
				"south": {
					"uv": [12, 12, 12.5, 16],
					"texture": "#unwrap2",
					"cullface": "down"
				},
				"west": {
					"uv": [12, 12, 12.5, 16],
					"texture": "#unwrap2",
					"cullface": "down"
				},
				"up": {
					"uv": [12, 12, 12.5, 12.5],
					"texture": "#unwrap2",
					"cullface": "down"
				},
				"down": {
					"uv": [12.5, 16, 12, 15.5],
					"texture": "#unwrap2",
					"cullface": "down"
				}
			}
		},
		{
			"name": "cube",
			"from": [7.5, -15, 5.5],
			"to": [8.5, -10.5, 6],
			"faces": {
				"north": {
					"uv": [8.5, 11, 8, 15.5],
					"texture": "#unwrap2",
					"cullface": "down"
				},
				"east": {
					"uv": [8.5, 11, 8, 15.5],
					"texture": "#unwrap2",
					"cullface": "down"
				},
				"south": {
					"uv": [8, 11, 8.5, 15.5],
					"texture": "#unwrap2",
					"cullface": "down"
				},
				"west": {
					"uv": [8, 11, 8.5, 15.5],
					"texture": "#unwrap2",
					"cullface": "down"
				},
				"up": {
					"uv": [8, 11, 8.5, 11.5],
					"texture": "#unwrap2",
					"cullface": "down"
				},
				"down": {
					"uv": [8.5, 15.5, 8, 15],
					"texture": "#unwrap2",
					"cullface": "down"
				}
			}
		},
		{
			"name": "cube",
			"from": [7.5, -15, 10],
			"to": [8.5, -10.5, 10.5],
			"faces": {
				"north": {
					"uv": [13, 11, 12.5, 15.5],
					"texture": "#unwrap2",
					"cullface": "down"
				},
				"east": {
					"uv": [13, 11, 12.5, 15.5],
					"texture": "#unwrap2",
					"cullface": "down"
				},
				"south": {
					"uv": [12.5, 11, 13, 15.5],
					"texture": "#unwrap2",
					"cullface": "down"
				},
				"west": {
					"uv": [12.5, 11, 13, 15.5],
					"texture": "#unwrap2",
					"cullface": "down"
				},
				"up": {
					"uv": [12.5, 11, 13, 11.5],
					"texture": "#unwrap2",
					"cullface": "down"
				},
				"down": {
					"uv": [13, 15.5, 12.5, 15],
					"texture": "#unwrap2",
					"cullface": "down"
				}
			}
		},
		{
			"name": "cube",
			"from": [7.5, -14, 5],
			"to": [8.5, -10, 5.5],
			"faces": {
				"north": {
					"uv": [8, 10.5, 7.5, 14.5],
					"texture": "#unwrap2",
					"cullface": "down"
				},
				"east": {
					"uv": [8, 10.5, 7.5, 14.5],
					"texture": "#unwrap2",
					"cullface": "down"
				},
				"south": {
					"uv": [7.5, 10.5, 8, 14.5],
					"texture": "#unwrap2",
					"cullface": "down"
				},
				"west": {
					"uv": [7.5, 10.5, 8, 14.5],
					"texture": "#unwrap2",
					"cullface": "down"
				},
				"up": {
					"uv": [7.5, 10.5, 8, 11],
					"texture": "#unwrap2",
					"cullface": "down"
				},
				"down": {
					"uv": [8, 14.5, 7.5, 14],
					"texture": "#unwrap2",
					"cullface": "down"
				}
			}
		},
		{
			"name": "cube",
			"from": [7.5, -14, 10.5],
			"to": [8.5, -10, 11],
			"faces": {
				"north": {
					"uv": [13.5, 10.5, 13, 14.5],
					"texture": "#unwrap2",
					"cullface": "down"
				},
				"east": {
					"uv": [13.5, 10.5, 13, 14.5],
					"texture": "#unwrap2",
					"cullface": "down"
				},
				"south": {
					"uv": [13, 10.5, 13.5, 14.5],
					"texture": "#unwrap2",
					"cullface": "down"
				},
				"west": {
					"uv": [13, 10.5, 13.5, 14.5],
					"texture": "#unwrap2",
					"cullface": "down"
				},
				"up": {
					"uv": [13, 10.5, 13.5, 11],
					"texture": "#unwrap2",
					"cullface": "down"
				},
				"down": {
					"uv": [13.5, 14.5, 13, 14],
					"texture": "#unwrap2",
					"cullface": "down"
				}
			}
		},
		{
			"name": "cube",
			"from": [7.75, -15.5, 5.5],
			"to": [8.25, -15, 6],
			"faces": {
				"north": {
					"uv": [8.5, 15.5, 8, 16],
					"texture": "#unwrap2",
					"cullface": "down"
				},
				"east": {
					"uv": [8.5, 15.5, 8, 16],
					"texture": "#unwrap2",
					"cullface": "down"
				},
				"west": {
					"uv": [8, 15.5, 8.5, 16],
					"texture": "#unwrap2",
					"cullface": "down"
				},
				"down": {
					"uv": [8.5, 16, 8, 15.5],
					"texture": "#unwrap2",
					"cullface": "down"
				}
			}
		},
		{
			"name": "cube",
			"from": [7.75, -15, 5],
			"to": [8.25, -9, 5.5],
			"faces": {
				"north": {
					"uv": [8, 9.5, 7.5, 15.5],
					"texture": "#unwrap2",
					"cullface": "down"
				},
				"east": {
					"uv": [8, 9.5, 7.5, 15.5],
					"texture": "#unwrap2",
					"cullface": "down"
				},
				"south": {
					"uv": [7.5, 9.5, 8, 15.5],
					"texture": "#unwrap2",
					"cullface": "down"
				},
				"west": {
					"uv": [7.5, 9.5, 8, 15.5],
					"texture": "#unwrap2",
					"cullface": "down"
				},
				"up": {
					"uv": [7.5, 9.5, 8, 10],
					"texture": "#unwrap2",
					"cullface": "down"
				},
				"down": {
					"uv": [8, 15.5, 7.5, 15],
					"texture": "#unwrap2",
					"cullface": "down"
				}
			}
		},
		{
			"name": "cube",
			"from": [7.75, -13.5, 4.5],
			"to": [8.25, -9.5, 5],
			"faces": {
				"north": {
					"uv": [7.5, 10, 7, 14],
					"texture": "#unwrap2",
					"cullface": "down"
				},
				"east": {
					"uv": [7.5, 10, 7, 14],
					"texture": "#unwrap2",
					"cullface": "down"
				},
				"west": {
					"uv": [7, 10, 7.5, 14],
					"texture": "#unwrap2",
					"cullface": "down"
				},
				"up": {
					"uv": [7, 10, 7.5, 10.5],
					"texture": "#unwrap2",
					"cullface": "down"
				},
				"down": {
					"uv": [7.5, 14, 7, 13.5],
					"texture": "#unwrap2",
					"cullface": "down"
				}
			}
		},
		{
			"name": "cube",
			"from": [7.75, -15, 10.5],
			"to": [8.25, -9, 11],
			"faces": {
				"north": {
					"uv": [13.5, 9.5, 13, 15.5],
					"texture": "#unwrap2",
					"cullface": "down"
				},
				"east": {
					"uv": [13.5, 9.5, 13, 15.5],
					"texture": "#unwrap2",
					"cullface": "down"
				},
				"south": {
					"uv": [13, 9.5, 13.5, 15.5],
					"texture": "#unwrap2",
					"cullface": "down"
				},
				"west": {
					"uv": [13, 9.5, 13.5, 15.5],
					"texture": "#unwrap2",
					"cullface": "down"
				},
				"up": {
					"uv": [13, 9.5, 13.5, 10],
					"texture": "#unwrap2",
					"cullface": "down"
				},
				"down": {
					"uv": [13.5, 15.5, 13, 15],
					"texture": "#unwrap2",
					"cullface": "down"
				}
			}
		},
		{
			"name": "cube",
			"from": [7.5, -9, 5.5],
			"to": [8, -8.5, 6],
			"faces": {
				"north": {
					"uv": [8.5, 9, 8, 9.5],
					"texture": "#unwrap2",
					"cullface": "down"
				},
				"south": {
					"uv": [8, 9, 8.5, 9.5],
					"texture": "#unwrap2",
					"cullface": "down"
				},
				"west": {
					"uv": [8, 9, 8.5, 9.5],
					"texture": "#unwrap2",
					"cullface": "down"
				},
				"up": {
					"uv": [8, 9, 8.5, 9.5],
					"texture": "#unwrap2",
					"cullface": "down"
				},
				"down": {
					"uv": [8.5, 9.5, 8, 9],
					"texture": "#unwrap2",
					"cullface": "down"
				}
			}
		},
		{
			"name": "cube",
			"from": [7.75, -15.5, 10],
			"to": [8.25, -15, 10.5],
			"faces": {
				"east": {
					"uv": [13, 15.5, 12.5, 16],
					"texture": "#unwrap2",
					"cullface": "down"
				},
				"south": {
					"uv": [12.5, 15.5, 13, 16],
					"texture": "#unwrap2",
					"cullface": "down"
				},
				"west": {
					"uv": [12.5, 15.5, 13, 16],
					"texture": "#unwrap2",
					"cullface": "down"
				},
				"down": {
					"uv": [13, 16, 12.5, 15.5],
					"texture": "#unwrap2",
					"cullface": "down"
				}
			}
		},
		{
			"name": "cube",
			"from": [7.75, -13.5, 11],
			"to": [8.25, -9.5, 11.5],
			"faces": {
				"east": {
					"uv": [14, 10, 13.5, 14],
					"texture": "#unwrap2",
					"cullface": "down"
				},
				"south": {
					"uv": [13.5, 10, 14, 14],
					"texture": "#unwrap2",
					"cullface": "down"
				},
				"west": {
					"uv": [13.5, 10, 14, 14],
					"texture": "#unwrap2",
					"cullface": "down"
				},
				"up": {
					"uv": [13.5, 10, 14, 10.5],
					"texture": "#unwrap2",
					"cullface": "down"
				},
				"down": {
					"uv": [14, 14, 13.5, 13.5],
					"texture": "#unwrap2",
					"cullface": "down"
				}
			}
		},
		{
			"name": "cube",
			"from": [7.75, -9, 10],
			"to": [8.25, -8.5, 10.5],
			"faces": {
				"north": {
					"uv": [13, 9, 12.5, 9.5],
					"texture": "#unwrap2",
					"cullface": "down"
				},
				"east": {
					"uv": [13, 9, 12.5, 9.5],
					"texture": "#unwrap2",
					"cullface": "down"
				},
				"south": {
					"uv": [12.5, 9, 13, 9.5],
					"texture": "#unwrap2",
					"cullface": "down"
				},
				"west": {
					"uv": [12.5, 9, 13, 9.5],
					"texture": "#unwrap2",
					"cullface": "down"
				},
				"up": {
					"uv": [12.5, 9, 13, 9.5],
					"texture": "#unwrap2",
					"cullface": "down"
				},
				"down": {
					"uv": [13, 9.5, 12.5, 9],
					"texture": "#unwrap2",
					"cullface": "down"
				}
			}
		},
		{
			"name": "cube",
			"from": [7.5, 27, 6.5],
			"to": [8.5, 28, 9.5],
			"faces": {
				"north": {
					"uv": [12.5, 9, 12, 10],
					"texture": "#unwrap1",
					"cullface": "up"
				},
				"east": {
					"uv": [15, 9, 12, 10],
					"texture": "#unwrap1",
					"cullface": "up"
				},
				"south": {
					"uv": [14.5, 9, 15, 10],
					"texture": "#unwrap1",
					"cullface": "up"
				},
				"west": {
					"uv": [12, 9, 15, 10],
					"texture": "#unwrap1",
					"cullface": "up"
				},
				"up": {
					"uv": [12, 9, 15, 9.5],
					"texture": "#unwrap1",
					"cullface": "up",
					"rotation": 90
				}
			}
		},
		{
			"name": "cube",
			"from": [7, 21, 7.5],
			"to": [9, 23.5, 8.5],
			"faces": {
				"north": {
					"uv": [14.5, 13.5, 12.5, 16],
					"texture": "#unwrap1",
					"cullface": "up"
				},
				"east": {
					"uv": [14, 13.5, 13, 16],
					"texture": "#unwrap1",
					"cullface": "up"
				},
				"south": {
					"uv": [12.5, 13.5, 14.5, 16],
					"texture": "#unwrap1",
					"cullface": "up"
				},
				"west": {
					"uv": [13, 13.5, 14, 16],
					"texture": "#unwrap1",
					"cullface": "up"
				}
			}
		},
		{
			"name": "cube",
			"from": [8, -16, -16],
			"to": [8.0625, 32, 32],
			"faces": {
				"east": {
					"uv": [0, 0, 16, 16],
					"texture": "#rubythornanim2"
				},
				"west": {
					"uv": [0, 0, 16, 16],
					"texture": "#rubythornanim2"
				}
			}
		}
	],
	"groups": [
		0,
		1,
		2,
		3,
		4,
		5,
		6,
		7,
		8,
		9,
		10,
		11,
		12,
		13,
		14,
		15,
		16,
		17,
		18,
		19,
		20,
		21,
		22,
		23,
		24,
		25,
		26,
		27,
		28,
		29,
		30,
		31,
		32,
		33,
		34,
		35,
		36,
		37,
		38,
		39,
		40,
		41,
		42,
		43,
		44,
		45,
		46,
		47,
		48,
		49,
		50,
		51,
		52,
		53,
		54,
		55,
		56,
		57,
		58,
		59,
		60,
		61,
		62,
		63,
		64,
		65,
		66,
		67,
		68,
		69,
		70,
		71,
		72,
		73,
		74,
		75,
		76,
		77,
		78,
		79,
		80,
		81,
		82,
		83,
		84,
		85,
		86,
		87
	],
	"display": {
		"thirdperson_righthand": {
			"rotation": [0, 0, 0],
			"translation": [0, 2, 1.51],
			"scale": [1, 1, 1]
		},
		"firstperson_righthand": {
			"rotation": [-10, 6, 11],
			"translation": [10.58, -2.65, -9.83],
			"scale": [1, 1, 1]
		},
		"gui": {
			"rotation": [90, -135, 90],
			"translation": [0.19, 0.19, 0],
			"scale": [0.4, 0.4, 0.4]
		},
		"thirdperson_lefthand": {
			"scale": [1, 1, 1],
			"translation": [0, 1.5, 0]
		},
		"firstperson_lefthand": {
			"scale": [1, 1, 1],
			"rotation": [-10, 6, 11],
			"translation": [10.5, -4, -9]
		},
		"head": {
			"scale": [1, 1, 1],
			"translation": [0, -18.5, 6.5],
			"rotation": [76, -43, -101]
		},
		"ground": {
			"scale": [1, 1, 1],
			"rotation": [95, 71, 0],
			"translation": [0, 1.5, 0]
		},
		"fixed": {"scale": [1, 1, 1]}
	}
}