{
	"credit": "Made By Bailey",
	"textures": {
		"texture": "block/diamond_sword/36_1",
		"particle": "block/diamond_sword/36_0"
	},
	"elements": [
		{
			"name": "cube",
			"from": [7, -13, 6.5],
			"to": [9, -12, 7.5],
			"faces": {
				"north": {
					"uv": [9.5, 13.5, 7.5, 14.5],
					"texture": "#texture",
					"cullface": "down"
				},
				"east": {
					"uv": [7.5, 13.5, 8.5, 14.5],
					"texture": "#texture",
					"cullface": "down"
				},
				"south": {
					"uv": [7.5, 13.5, 9.5, 14.5],
					"texture": "#texture",
					"cullface": "down"
				},
				"west": {
					"uv": [7.5, 13.5, 8.5, 14.5],
					"texture": "#texture",
					"cullface": "down"
				},
				"down": {
					"uv": [7.5, 13.5, 9.5, 14.5],
					"texture": "#texture",
					"cullface": "down"
				}
			}
		},
		{
			"name": "cube",
			"from": [7.5, -13, 6],
			"to": [8.5, -12, 8],
			"faces": {
				"north": {
					"uv": [9, 13.5, 8, 14.5],
					"texture": "#texture",
					"cullface": "down"
				},
				"east": {
					"uv": [7.5, 13.5, 9.5, 14.5],
					"texture": "#texture",
					"cullface": "down"
				},
				"south": {
					"uv": [8, 13.5, 9, 14.5],
					"texture": "#texture",
					"cullface": "down"
				},
				"west": {
					"uv": [9.5, 13.5, 7.5, 14.5],
					"texture": "#texture",
					"cullface": "down"
				},
				"down": {
					"uv": [8, 13.5, 9, 14.5],
					"texture": "#texture",
					"cullface": "down"
				}
			}
		},
		{
			"name": "cube",
			"from": [6.5, -12, 6.25],
			"to": [9.5, -11, 7.75],
			"faces": {
				"north": {
					"uv": [10, 12.5, 7, 13.5],
					"texture": "#texture",
					"cullface": "down"
				},
				"east": {
					"uv": [9, 12.5, 10, 13.5],
					"texture": "#texture",
					"cullface": "down"
				},
				"south": {
					"uv": [7, 12.5, 10, 13.5],
					"texture": "#texture",
					"cullface": "down"
				},
				"west": {
					"uv": [7, 12.5, 8, 13.5],
					"texture": "#texture",
					"cullface": "down"
				},
				"up": {
					"uv": [7, 12.5, 10, 13],
					"texture": "#texture",
					"cullface": "down"
				},
				"down": {
					"uv": [7, 13, 10, 13.5],
					"texture": "#texture",
					"cullface": "down"
				}
			}
		},
		{
			"name": "cube",
			"from": [7.25, -12, 5.5],
			"to": [8.75, -11, 8.5],
			"faces": {
				"north": {
					"uv": [7.75, 12.5, 9.25, 13.5],
					"texture": "#texture",
					"cullface": "down"
				},
				"east": {
					"uv": [7, 12.5, 10, 13.5],
					"texture": "#texture",
					"cullface": "down"
				},
				"south": {
					"uv": [7.75, 12.5, 9.25, 13.5],
					"texture": "#texture",
					"cullface": "down"
				},
				"west": {
					"uv": [7, 12.5, 10, 13.5],
					"texture": "#texture",
					"cullface": "down"
				},
				"up": {
					"uv": [7.75, 13.25, 9.25, 14.5],
					"texture": "#texture",
					"cullface": "down"
				},
				"down": {
					"uv": [7.75, 13.25, 9.25, 14.5],
					"texture": "#texture",
					"cullface": "down"
				}
			}
		},
		{
			"name": "cube",
			"from": [6, -11, 6.5],
			"to": [10, -10, 7.5],
			"faces": {
				"north": {
					"uv": [10.5, 11.5, 6.5, 12.5],
					"texture": "#texture",
					"cullface": "down"
				},
				"east": {
					"uv": [9.5, 11.5, 10.5, 12.5],
					"texture": "#texture",
					"cullface": "down"
				},
				"south": {
					"uv": [6.5, 11.5, 10.5, 12.5],
					"texture": "#texture",
					"cullface": "down"
				},
				"west": {
					"uv": [6.5, 11.5, 7.5, 12.5],
					"texture": "#texture",
					"cullface": "down"
				},
				"up": {
					"uv": [6.5, 11.5, 10.5, 12],
					"texture": "#texture",
					"cullface": "down"
				},
				"down": {
					"uv": [6.5, 12, 10.5, 12.5],
					"texture": "#texture",
					"cullface": "down"
				}
			}
		},
		{
			"name": "cube",
			"from": [7.5, -11, 5],
			"to": [8.5, -10, 9],
			"faces": {
				"north": {
					"uv": [8, 13.25, 9, 14.25],
					"texture": "#texture",
					"cullface": "down"
				},
				"east": {
					"uv": [6.5, 11.5, 10.5, 12.5],
					"texture": "#texture",
					"cullface": "down"
				},
				"south": {
					"uv": [8, 13.5, 9, 14.5],
					"texture": "#texture",
					"cullface": "down"
				},
				"west": {
					"uv": [6.5, 11.5, 10.5, 12.5],
					"texture": "#texture",
					"cullface": "down"
				},
				"up": {
					"uv": [8, 7, 9, 11],
					"texture": "#texture",
					"cullface": "down"
				},
				"down": {
					"uv": [8, 7, 9, 11],
					"texture": "#texture",
					"cullface": "down"
				}
			}
		},
		{
			"name": "cube",
			"from": [6.75, -11, 5.75],
			"to": [9.25, -10, 8.25],
			"faces": {
				"north": {
					"uv": [7.25, 11.5, 9.75, 12.5],
					"texture": "#texture",
					"cullface": "down"
				},
				"east": {
					"uv": [7.25, 11.5, 9.75, 12.5],
					"texture": "#texture",
					"cullface": "down"
				},
				"south": {
					"uv": [7.25, 11.5, 9.75, 12.5],
					"texture": "#texture",
					"cullface": "down"
				},
				"west": {
					"uv": [7.25, 11.5, 9.75, 12.5],
					"texture": "#texture",
					"cullface": "down"
				},
				"up": {
					"uv": [7.25, 13, 9.75, 13.5],
					"texture": "#texture",
					"cullface": "down"
				},
				"down": {
					"uv": [7.25, 13, 9.75, 13.5],
					"texture": "#texture",
					"cullface": "down"
				}
			}
		},
		{
			"name": "cube",
			"from": [7, -10, 5.5],
			"to": [9, -9.5, 8.5],
			"faces": {
				"north": {
					"uv": [7.5, 13, 9.5, 13.5],
					"texture": "#texture",
					"cullface": "down"
				},
				"east": {
					"uv": [7, 11, 10, 11.5],
					"texture": "#texture",
					"cullface": "down"
				},
				"south": {
					"uv": [7.5, 13, 9.5, 13.5],
					"texture": "#texture",
					"cullface": "down"
				},
				"west": {
					"uv": [7, 11, 10, 11.5],
					"texture": "#texture",
					"cullface": "down"
				},
				"up": {
					"uv": [7, 11, 10, 11.5],
					"texture": "#texture",
					"cullface": "down",
					"rotation": 90
				},
				"down": {
					"uv": [7, 11, 10, 11.5],
					"texture": "#texture",
					"cullface": "down",
					"rotation": 90
				}
			}
		},
		{
			"name": "cube",
			"from": [6.5, -2, 6],
			"to": [9.5, -1.5, 8],
			"faces": {
				"north": {
					"uv": [7, 11, 10, 11.5],
					"texture": "#texture",
					"cullface": "down"
				},
				"east": {
					"uv": [9.5, 11, 10, 11.5],
					"texture": "#texture",
					"cullface": "down"
				},
				"south": {
					"uv": [7, 11, 10, 11.5],
					"texture": "#texture",
					"cullface": "down"
				},
				"west": {
					"uv": [7, 11, 7.5, 11.5],
					"texture": "#texture",
					"cullface": "down"
				},
				"up": {
					"uv": [7, 11, 10, 11.5],
					"texture": "#texture",
					"cullface": "down"
				},
				"down": {
					"uv": [7, 11, 10, 11.5],
					"texture": "#texture",
					"cullface": "down"
				}
			}
		},
		{
			"name": "cube",
			"from": [7, -9.5, 6.5],
			"to": [9, -2, 7.5],
			"faces": {
				"north": {
					"uv": [7.5, 3.5, 9.5, 10.5],
					"texture": "#texture",
					"cullface": "down"
				},
				"east": {
					"uv": [9, 3.5, 9.5, 10.5],
					"texture": "#texture",
					"cullface": "down"
				},
				"south": {
					"uv": [7.5, 3.5, 9.5, 10.5],
					"texture": "#texture",
					"cullface": "down"
				},
				"west": {
					"uv": [7.5, 3.5, 8, 10.5],
					"texture": "#texture",
					"cullface": "down"
				}
			}
		},
		{
			"name": "cube",
			"from": [7.5, -9.5, 6],
			"to": [8.5, -2, 8],
			"faces": {
				"north": {
					"uv": [8, 3.5, 9, 10.5],
					"texture": "#texture",
					"cullface": "down"
				},
				"east": {
					"uv": [8, 3.5, 9, 10.5],
					"texture": "#texture",
					"cullface": "down"
				},
				"south": {
					"uv": [8, 3.5, 9, 10.5],
					"texture": "#texture",
					"cullface": "down"
				},
				"west": {
					"uv": [8, 3.5, 9, 10.5],
					"texture": "#texture",
					"cullface": "down"
				}
			}
		},
		{
			"name": "cube",
			"from": [7.5, -0.5, 5],
			"to": [8.5, 0.5, 9],
			"faces": {
				"north": {
					"uv": [7, 12.5, 8, 13.5],
					"texture": "#texture",
					"cullface": "down"
				},
				"east": {
					"uv": [7, 12.5, 8, 13.5],
					"texture": "#texture",
					"cullface": "down"
				},
				"south": {
					"uv": [7, 12.5, 8, 13.5],
					"texture": "#texture",
					"cullface": "down"
				},
				"west": {
					"uv": [7, 12.5, 8, 13.5],
					"texture": "#texture",
					"cullface": "down"
				},
				"up": {
					"uv": [8, 5, 9, 9],
					"texture": "#texture",
					"cullface": "down"
				},
				"down": {
					"uv": [9, 9, 8, 5],
					"texture": "#texture",
					"cullface": "down"
				}
			}
		},
		{
			"name": "cube",
			"from": [7, 1, 6.5],
			"to": [9, 5.5, 7.5],
			"faces": {
				"north": {
					"uv": [4, 5.5, 2, 10],
					"texture": "#texture"
				},
				"east": {
					"uv": [3.5, 5.5, 4, 10],
					"texture": "#texture"
				},
				"south": {
					"uv": [2, 5.5, 4, 10],
					"texture": "#texture"
				},
				"west": {
					"uv": [2, 5.5, 2.5, 10],
					"texture": "#texture"
				}
			}
		},
		{
			"name": "cube",
			"from": [7.5, 1, 6],
			"to": [8.5, 5.5, 8],
			"faces": {
				"north": {
					"uv": [2.5, 6, 3.5, 9.5],
					"texture": "#texture"
				},
				"east": {
					"uv": [2.5, 6, 3.5, 9.5],
					"texture": "#texture"
				},
				"south": {
					"uv": [2.5, 6, 3.5, 9.5],
					"texture": "#texture"
				},
				"west": {
					"uv": [2.5, 6, 3.5, 9.5],
					"texture": "#texture"
				}
			}
		},
		{
			"name": "cube",
			"from": [7, 5.5, 6],
			"to": [9, 6, 8],
			"faces": {
				"north": {
					"uv": [1.5, 5, 3.5, 5.5],
					"texture": "#texture"
				},
				"south": {
					"uv": [1.5, 5, 3.5, 5.5],
					"texture": "#texture"
				},
				"down": {
					"uv": [1.5, 5, 3.5, 5.5],
					"texture": "#texture"
				}
			}
		},
		{
			"name": "cube",
			"from": [7, 6, 5.75],
			"to": [9, 6.5, 8.25],
			"faces": {
				"north": {
					"uv": [2, 4.5, 4, 5],
					"texture": "#texture"
				},
				"south": {
					"uv": [2, 4.5, 4, 5],
					"texture": "#texture"
				},
				"down": {
					"uv": [2, 4.5, 4, 5],
					"texture": "#texture"
				}
			}
		},
		{
			"name": "cube",
			"from": [5.5, 7, 6],
			"to": [10.5, 7.5, 8],
			"faces": {
				"north": {
					"uv": [0.5, 3.5, 5.5, 4],
					"texture": "#texture"
				},
				"east": {
					"uv": [4, 3.5, 5.5, 4],
					"texture": "#texture"
				},
				"south": {
					"uv": [0.5, 3.5, 5.5, 4],
					"texture": "#texture"
				},
				"west": {
					"uv": [0.5, 3.5, 2, 4],
					"texture": "#texture"
				},
				"up": {
					"uv": [0.5, 3.5, 5.5, 4],
					"texture": "#texture"
				},
				"down": {
					"uv": [0.5, 3.5, 5.5, 4],
					"texture": "#texture"
				}
			}
		},
		{
			"name": "cube",
			"from": [7, 7, 5.75],
			"to": [9, 8, 8.25],
			"faces": {
				"north": {
					"uv": [2, 3, 4, 4],
					"texture": "#texture"
				},
				"east": {"uv": [2, 3, 4, 4], "texture": "#texture"},
				"south": {
					"uv": [2, 3, 4, 4],
					"texture": "#texture"
				},
				"west": {"uv": [2, 3, 4, 4], "texture": "#texture"},
				"up": {"uv": [2, 3, 4, 4], "texture": "#texture"}
			}
		},
		{
			"name": "cube",
			"from": [9.5, 6, 5.75],
			"to": [10, 6.5, 8.25],
			"faces": {
				"north": {
					"uv": [4.5, 4.5, 5, 5],
					"texture": "#texture"
				},
				"east": {
					"uv": [2, 9.5, 4, 10],
					"texture": "#texture"
				},
				"south": {
					"uv": [4.5, 4.5, 5, 5],
					"texture": "#texture"
				},
				"down": {
					"uv": [8.25, 6.5, 8.75, 9],
					"texture": "#texture"
				}
			}
		},
		{
			"name": "cube",
			"from": [9, 5.5, 5.75],
			"to": [9.5, 6, 8.25],
			"faces": {
				"north": {
					"uv": [3.5, 5, 4, 5.5],
					"texture": "#texture"
				},
				"east": {
					"uv": [1.5, 5, 4, 5.5],
					"texture": "#texture"
				},
				"south": {
					"uv": [3.5, 5, 4, 5.5],
					"texture": "#texture"
				},
				"west": {
					"uv": [1, 5, 3.5, 5.5],
					"texture": "#texture"
				},
				"down": {
					"uv": [3, 5.25, 3.5, 7.75],
					"texture": "#texture"
				}
			}
		},
		{
			"name": "cube",
			"from": [5.5, 7.5, 5.75],
			"to": [6, 9, 8.25],
			"faces": {
				"north": {
					"uv": [0.5, 2, 1, 3.5],
					"texture": "#texture"
				},
				"south": {
					"uv": [0.5, 2, 1, 3.5],
					"texture": "#texture"
				},
				"west": {
					"uv": [2, 4.5, 4, 5.75],
					"texture": "#texture"
				},
				"up": {
					"uv": [3.5, 5.75, 4, 8.25],
					"texture": "#texture"
				},
				"down": {
					"uv": [3.5, 5.75, 4, 8.25],
					"texture": "#texture"
				}
			}
		},
		{
			"name": "cube",
			"from": [5, 8, 6],
			"to": [5.5, 9, 8],
			"faces": {
				"north": {
					"uv": [0, 2, 0.5, 3],
					"texture": "#texture"
				},
				"south": {
					"uv": [0, 2, 0.5, 3],
					"texture": "#texture"
				},
				"west": {
					"uv": [0, 2, 0.5, 3],
					"texture": "#texture"
				},
				"down": {
					"uv": [0, 2.5, 0.5, 3],
					"texture": "#texture"
				}
			}
		},
		{
			"name": "cube",
			"from": [7.5, 8, 5.75],
			"to": [8.5, 8.5, 8.25],
			"faces": {
				"north": {
					"uv": [2.5, 2.5, 3.5, 3],
					"texture": "#texture"
				},
				"south": {
					"uv": [2.5, 2.5, 3.5, 3],
					"texture": "#texture"
				},
				"up": {"uv": [8, 7, 9, 9.5], "texture": "#texture"}
			}
		},
		{
			"name": "cube",
			"from": [7, 8.5, 6],
			"to": [9, 9, 8],
			"faces": {
				"north": {
					"uv": [2, 2, 4, 2.5],
					"texture": "#texture"
				},
				"south": {
					"uv": [2, 2, 4, 2.5],
					"texture": "#texture"
				},
				"down": {
					"uv": [2, 2, 4, 2.5],
					"texture": "#texture"
				}
			}
		},
		{
			"name": "cube",
			"from": [5, 9, 6],
			"to": [11, 9.5, 8],
			"faces": {
				"north": {
					"uv": [0, 1.5, 6, 2],
					"texture": "#texture"
				},
				"east": {
					"uv": [5, 1.5, 6, 2],
					"texture": "#texture"
				},
				"south": {
					"uv": [0, 1.5, 6, 2],
					"texture": "#texture"
				},
				"west": {
					"uv": [0, 1.5, 1, 2],
					"texture": "#texture"
				},
				"up": {"uv": [0, 1.5, 6, 2], "texture": "#texture"},
				"down": {
					"uv": [0, 1.5, 6, 2],
					"texture": "#texture"
				}
			}
		},
		{
			"name": "cube",
			"from": [6, 9.5, 6],
			"to": [10, 10, 8],
			"faces": {
				"north": {
					"uv": [1, 1, 5, 1.5],
					"texture": "#texture"
				},
				"east": {
					"uv": [2, 1, 4, 1.5],
					"texture": "#texture"
				},
				"south": {
					"uv": [1, 1, 5, 1.5],
					"texture": "#texture"
				},
				"west": {
					"uv": [2, 1, 4, 1.5],
					"texture": "#texture"
				},
				"up": {"uv": [1, 1, 5, 1.5], "texture": "#texture"}
			}
		},
		{
			"name": "cube",
			"from": [7, 10, 6.25],
			"to": [9, 10.5, 7.75],
			"faces": {
				"north": {
					"uv": [2, 0.5, 4, 1],
					"texture": "#texture"
				},
				"east": {
					"uv": [2, 0.5, 3.5, 1],
					"texture": "#texture"
				},
				"south": {
					"uv": [2, 0.5, 4, 1],
					"texture": "#texture"
				},
				"west": {
					"uv": [2, 0.5, 3.5, 1],
					"texture": "#texture"
				},
				"up": {"uv": [2, 0.5, 4, 1], "texture": "#texture"}
			}
		},
		{
			"name": "cube",
			"from": [7.5, 10.5, 6.5],
			"to": [8.5, 11, 7.5],
			"faces": {
				"north": {
					"uv": [2.5, 0, 3.5, 0.5],
					"texture": "#texture"
				},
				"east": {
					"uv": [2.5, 0, 3.5, 0.5],
					"texture": "#texture"
				},
				"south": {
					"uv": [2.5, 0, 3.5, 0.5],
					"texture": "#texture"
				},
				"west": {
					"uv": [2.5, 0, 3.5, 0.5],
					"texture": "#texture"
				},
				"up": {
					"uv": [2.5, 0, 3.5, 0.5],
					"texture": "#texture"
				}
			}
		},
		{
			"name": "cube",
			"from": [6, 7.5, 5.5],
			"to": [7, 9, 8.5],
			"faces": {
				"north": {
					"uv": [2, 2, 1, 3.5],
					"texture": "#texture"
				},
				"east": {
					"uv": [1, 2, 2, 3.5],
					"texture": "#texture"
				},
				"south": {
					"uv": [1, 2, 2, 3.5],
					"texture": "#texture"
				},
				"west": {
					"uv": [1, 2, 2, 3.5],
					"texture": "#texture"
				},
				"up": {"uv": [1, 2, 2, 3.5], "texture": "#texture"},
				"down": {
					"uv": [1, 2, 2, 3.5],
					"texture": "#texture"
				}
			}
		},
		{
			"name": "cube",
			"from": [9, 7.5, 5.5],
			"to": [10, 9, 8.5],
			"faces": {
				"north": {
					"uv": [5, 2, 4, 3.5],
					"texture": "#texture"
				},
				"east": {
					"uv": [4, 2, 5, 3.5],
					"texture": "#texture"
				},
				"south": {
					"uv": [5, 2, 4, 3.5],
					"texture": "#texture"
				},
				"west": {
					"uv": [4, 2, 5, 3.5],
					"texture": "#texture"
				},
				"up": {"uv": [4, 2, 5, 3.5], "texture": "#texture"},
				"down": {
					"uv": [4, 2, 5, 3.5],
					"texture": "#texture"
				}
			}
		},
		{
			"name": "cube",
			"from": [9, 6, 5.5],
			"to": [9.5, 6.5, 8.5],
			"faces": {
				"north": {
					"uv": [4, 4.5, 4.5, 5],
					"texture": "#texture"
				},
				"east": {
					"uv": [4, 4.5, 4.5, 5],
					"texture": "#texture"
				},
				"south": {
					"uv": [4, 4.5, 4.5, 5],
					"texture": "#texture"
				},
				"west": {
					"uv": [4, 4.5, 4.5, 5],
					"texture": "#texture"
				},
				"up": {
					"uv": [4, 4.5, 4.5, 5],
					"texture": "#texture"
				},
				"down": {
					"uv": [4, 4.5, 4.5, 5],
					"texture": "#texture"
				}
			}
		},
		{
			"name": "cube",
			"from": [7, 6.5, 5.5],
			"to": [9, 7, 8.5],
			"faces": {
				"north": {
					"uv": [2, 4, 4, 4.5],
					"texture": "#texture"
				},
				"east": {
					"uv": [2, 4, 4, 4.5],
					"texture": "#texture"
				},
				"south": {
					"uv": [2, 4, 4, 4.5],
					"texture": "#texture"
				},
				"west": {
					"uv": [2, 4, 4, 4.5],
					"texture": "#texture"
				},
				"up": {"uv": [2, 4, 4, 4.5], "texture": "#texture"},
				"down": {
					"uv": [2, 4, 4, 4.5],
					"texture": "#texture"
				}
			}
		},
		{
			"name": "cube",
			"from": [8.5, 8, 5.5],
			"to": [9, 8.5, 8.5],
			"faces": {
				"north": {
					"uv": [3.5, 2.5, 4, 3],
					"texture": "#texture"
				},
				"south": {
					"uv": [3.5, 2.5, 4, 3],
					"texture": "#texture"
				},
				"west": {
					"uv": [3.5, 2.5, 4, 3],
					"texture": "#texture"
				},
				"up": {
					"uv": [3.5, 2.5, 4, 3],
					"texture": "#texture"
				},
				"down": {
					"uv": [3.5, 2.5, 4, 3],
					"texture": "#texture"
				}
			}
		},
		{
			"name": "cube",
			"from": [6, 9, 5.75],
			"to": [10, 9.5, 8.25],
			"faces": {
				"north": {
					"uv": [1, 1.5, 5, 2],
					"texture": "#texture"
				},
				"east": {
					"uv": [1.75, 1.5, 4.25, 2],
					"texture": "#texture"
				},
				"south": {
					"uv": [1, 1.5, 5, 2],
					"texture": "#texture"
				},
				"west": {
					"uv": [1.75, 1.5, 4.25, 2],
					"texture": "#texture"
				},
				"up": {"uv": [1, 1.5, 5, 2], "texture": "#texture"},
				"down": {
					"uv": [1, 1.5, 5, 2],
					"texture": "#texture"
				}
			}
		},
		{
			"name": "cube",
			"from": [5, 5.5, 6.25],
			"to": [6.5, 6, 7.75],
			"faces": {
				"north": {
					"uv": [5, 10, 6.5, 10.5],
					"texture": "#particle"
				},
				"south": {
					"uv": [5, 10, 6.5, 10.5],
					"texture": "#particle"
				},
				"west": {
					"uv": [5, 10, 6.5, 10.5],
					"texture": "#particle"
				},
				"up": {
					"uv": [5, 13, 5.5, 13.5],
					"texture": "#particle"
				},
				"down": {
					"uv": [5, 13, 5.5, 13.5],
					"texture": "#particle"
				}
			}
		},
		{
			"name": "cube",
			"from": [5, 5, 6.25],
			"to": [5.5, 5.5, 7.75],
			"faces": {
				"north": {
					"uv": [5, 9.5, 5.5, 10],
					"texture": "#particle"
				},
				"east": {
					"uv": [5, 9, 6.5, 9.5],
					"texture": "#particle"
				},
				"south": {
					"uv": [5, 9.5, 5.5, 10],
					"texture": "#particle"
				},
				"west": {
					"uv": [5, 9, 6.5, 9.5],
					"texture": "#particle"
				},
				"down": {
					"uv": [5, 8.5, 5.5, 10],
					"texture": "#particle"
				}
			}
		},
		{
			"name": "cube",
			"from": [4.5, 6, 6.25],
			"to": [6, 6.5, 7.75],
			"faces": {
				"north": {
					"uv": [4.5, 9.5, 6, 10],
					"texture": "#particle"
				},
				"south": {
					"uv": [4.5, 9.5, 6, 10],
					"texture": "#particle"
				},
				"west": {
					"uv": [5, 10, 6.5, 10.5],
					"texture": "#particle"
				},
				"up": {
					"uv": [5, 13, 6, 14],
					"texture": "#particle"
				},
				"down": {
					"uv": [5, 13, 6, 14],
					"texture": "#particle"
				}
			}
		},
		{
			"name": "cube",
			"from": [5, 6.5, 6.25],
			"to": [5.5, 7, 7.75],
			"faces": {
				"north": {
					"uv": [5, 9, 5.5, 9.5],
					"texture": "#particle"
				},
				"south": {
					"uv": [5, 9, 5.5, 9.5],
					"texture": "#particle"
				},
				"west": {
					"uv": [4.5, 9.5, 6, 10],
					"texture": "#particle"
				},
				"up": {
					"uv": [5, 9, 5.5, 10.5],
					"texture": "#particle"
				}
			}
		},
		{
			"name": "cube",
			"from": [4.5, 4.5, 6.25],
			"to": [5, 5, 7.75],
			"faces": {
				"north": {
					"uv": [4.5, 11, 5, 11.5],
					"texture": "#particle"
				},
				"east": {
					"uv": [6.25, 13, 7.75, 13.5],
					"texture": "#particle"
				},
				"south": {
					"uv": [4.5, 11, 5, 11.5],
					"texture": "#particle"
				},
				"west": {
					"uv": [6.25, 13, 7.75, 13.5],
					"texture": "#particle"
				},
				"up": {
					"uv": [3.5, 12, 4, 13.5],
					"texture": "#particle"
				},
				"down": {
					"uv": [3.5, 12, 4, 13.5],
					"texture": "#particle"
				}
			}
		},
		{
			"name": "cube",
			"from": [4, 4, 6.25],
			"to": [4.5, 4.5, 7.75],
			"faces": {
				"north": {
					"uv": [4, 11.5, 4.5, 12],
					"texture": "#particle"
				},
				"east": {
					"uv": [6.25, 13, 7.75, 13.5],
					"texture": "#particle"
				},
				"south": {
					"uv": [4.5, 11, 5, 11.5],
					"texture": "#particle"
				},
				"west": {
					"uv": [6.25, 13, 7.75, 13.5],
					"texture": "#particle"
				},
				"up": {
					"uv": [3.5, 12, 4, 13.5],
					"texture": "#particle"
				},
				"down": {
					"uv": [3.5, 11, 4, 12.5],
					"texture": "#particle"
				}
			}
		},
		{
			"name": "cube",
			"from": [3.5, 1.5, 6.25],
			"to": [4, 4, 7.75],
			"faces": {
				"north": {
					"uv": [3.5, 12, 4, 14.5],
					"texture": "#particle"
				},
				"east": {
					"uv": [5, 13, 5.5, 15.5],
					"texture": "#particle"
				},
				"south": {
					"uv": [3.5, 12, 4, 14.5],
					"texture": "#particle"
				},
				"west": {
					"uv": [5, 13, 5.5, 15.5],
					"texture": "#particle"
				},
				"up": {
					"uv": [3.5, 12, 4, 13.5],
					"texture": "#particle"
				},
				"down": {
					"uv": [3.5, 12, 4, 13.5],
					"texture": "#particle"
				}
			}
		},
		{
			"name": "cube",
			"from": [3, 7.5, 6.25],
			"to": [3.5, 8.5, 7.75],
			"faces": {
				"north": {
					"uv": [3, 7.5, 3.5, 8.5],
					"texture": "#particle"
				},
				"east": {
					"uv": [3, 7.5, 3.5, 8.5],
					"texture": "#particle"
				},
				"south": {
					"uv": [3, 7.5, 3.5, 8.5],
					"texture": "#particle"
				},
				"west": {
					"uv": [3, 7.5, 3.5, 8.5],
					"texture": "#particle"
				},
				"up": {
					"uv": [3, 7.5, 3.5, 8.5],
					"texture": "#particle"
				},
				"down": {
					"uv": [3, 7.5, 3.5, 8.5],
					"texture": "#particle"
				}
			}
		},
		{
			"name": "cube",
			"from": [5, 12.5, 6.25],
			"to": [5.5, 14.5, 7.75],
			"faces": {
				"north": {
					"uv": [5, 1, 5.5, 3],
					"texture": "#particle"
				},
				"east": {
					"uv": [5, 1, 5.5, 3],
					"texture": "#particle"
				},
				"south": {
					"uv": [5, 1, 5.5, 3],
					"texture": "#particle"
				},
				"west": {
					"uv": [5, 1, 5.5, 3],
					"texture": "#particle"
				},
				"up": {
					"uv": [5, 1, 5.5, 2.5],
					"texture": "#particle"
				},
				"down": {
					"uv": [5, 1, 5.5, 2.5],
					"texture": "#particle"
				}
			}
		},
		{
			"name": "cube",
			"from": [5.5, 14.5, 6.25],
			"to": [6, 16, 7.75],
			"faces": {
				"north": {
					"uv": [9, 6, 9.5, 7.5],
					"texture": "#particle"
				},
				"east": {
					"uv": [9, 6, 9.5, 7.5],
					"texture": "#particle"
				},
				"south": {
					"uv": [9, 6, 9.5, 7.5],
					"texture": "#particle"
				},
				"west": {
					"uv": [9, 6, 9.5, 7.5],
					"texture": "#particle"
				},
				"up": {
					"uv": [9, 6, 9.5, 7.5],
					"texture": "#particle",
					"cullface": "up"
				},
				"down": {
					"uv": [9, 6, 9.5, 7.5],
					"texture": "#particle"
				}
			}
		},
		{
			"name": "cube",
			"from": [3, 2, 6.5],
			"to": [3.5, 7.5, 7.5],
			"faces": {
				"north": {
					"uv": [12.5, 8.5, 13, 14],
					"texture": "#particle"
				},
				"east": {
					"uv": [12.5, 8.5, 13, 14],
					"texture": "#particle"
				},
				"south": {
					"uv": [3, 8.5, 3.5, 14],
					"texture": "#particle"
				},
				"west": {
					"uv": [12.5, 8.5, 13, 14],
					"texture": "#particle"
				},
				"down": {
					"uv": [3, 9.75, 3.5, 10.75],
					"texture": "#particle"
				}
			}
		},
		{
			"name": "cube",
			"from": [2.5, 3, 6.5],
			"to": [3, 8.5, 7.5],
			"faces": {
				"north": {
					"uv": [13, 7.5, 13.5, 13],
					"texture": "#particle"
				},
				"east": {
					"uv": [13, 7.5, 13.5, 13],
					"texture": "#particle"
				},
				"south": {
					"uv": [2.5, 7.5, 3, 13],
					"texture": "#particle"
				},
				"west": {
					"uv": [13, 7.5, 13.5, 13],
					"texture": "#particle"
				},
				"down": {
					"uv": [2.75, 10, 3.25, 11],
					"texture": "#particle"
				}
			}
		},
		{
			"name": "cube",
			"from": [2, 7, 6.5],
			"to": [2.5, 8.5, 7.5],
			"faces": {
				"north": {
					"uv": [13.5, 7.5, 14, 9],
					"texture": "#particle"
				},
				"south": {
					"uv": [2, 7.5, 2.5, 9],
					"texture": "#particle"
				},
				"west": {
					"uv": [13, 6.5, 14, 8],
					"texture": "#particle"
				},
				"up": {
					"uv": [3.25, 9, 3.75, 10],
					"texture": "#particle"
				},
				"down": {
					"uv": [3.25, 9, 3.75, 10],
					"texture": "#particle"
				}
			}
		},
		{
			"name": "cube",
			"from": [1, 7.5, 6.5],
			"to": [2, 8, 7.5],
			"faces": {
				"north": {
					"uv": [2.5, 8, 1.5, 8.5],
					"texture": "#particle"
				},
				"south": {
					"uv": [1.5, 8, 2.5, 8.5],
					"texture": "#particle"
				},
				"west": {
					"uv": [3, 10, 4, 10.5],
					"texture": "#particle"
				},
				"up": {
					"uv": [2.75, 10, 3.75, 11],
					"texture": "#particle"
				},
				"down": {
					"uv": [2.75, 10, 3.75, 11],
					"texture": "#particle"
				}
			}
		},
		{
			"name": "cube",
			"from": [3.5, 4, 6.5],
			"to": [4, 7, 7.5],
			"faces": {
				"north": {
					"uv": [3.5, 9, 4, 12],
					"texture": "#particle"
				},
				"east": {
					"uv": [2.5, 8.75, 3.5, 11.75],
					"texture": "#particle"
				},
				"south": {
					"uv": [3.5, 9, 4, 12],
					"texture": "#particle"
				},
				"up": {
					"uv": [3.5, 10, 4, 11],
					"texture": "#particle"
				}
			}
		},
		{
			"name": "cube",
			"from": [4, 4.5, 6.5],
			"to": [4.5, 6.5, 7.5],
			"faces": {
				"north": {
					"uv": [11.5, 9.5, 12, 11.5],
					"texture": "#particle"
				},
				"east": {
					"uv": [3, 9.5, 4, 11.5],
					"texture": "#particle"
				},
				"south": {
					"uv": [4, 9.5, 4.5, 11.5],
					"texture": "#particle"
				},
				"up": {
					"uv": [2.5, 10.25, 3, 11.25],
					"texture": "#particle"
				}
			}
		},
		{
			"name": "cube",
			"from": [4.5, 5, 6.5],
			"to": [5, 6, 7.5],
			"faces": {
				"north": {
					"uv": [11, 10, 11.5, 11],
					"texture": "#particle"
				},
				"east": {
					"uv": [3, 10.25, 4, 11.25],
					"texture": "#particle"
				},
				"south": {
					"uv": [4.5, 10, 5, 11],
					"texture": "#particle"
				}
			}
		},
		{
			"name": "cube",
			"from": [2.5, 8.5, 6.5],
			"to": [3.5, 9, 7.5],
			"faces": {
				"north": {
					"uv": [12.5, 7, 13.5, 7.5],
					"texture": "#particle"
				},
				"south": {
					"uv": [2.5, 7, 3.5, 7.5],
					"texture": "#particle"
				},
				"west": {
					"uv": [3, 10, 4, 10.5],
					"texture": "#particle"
				},
				"up": {
					"uv": [2.75, 9.5, 3.75, 10.5],
					"texture": "#particle"
				},
				"down": {
					"uv": [2.75, 9.5, 3.75, 10.5],
					"texture": "#particle"
				}
			}
		},
		{
			"name": "cube",
			"from": [3, 9, 6.5],
			"to": [4, 11.5, 7.5],
			"faces": {
				"north": {
					"uv": [4, 4.5, 3, 7],
					"texture": "#particle"
				},
				"east": {
					"uv": [3.5, 4, 4, 6.5],
					"texture": "#particle"
				},
				"south": {
					"uv": [3, 4.5, 4, 7],
					"texture": "#particle"
				},
				"west": {
					"uv": [3, 4, 3.5, 6.5],
					"texture": "#particle"
				},
				"down": {
					"uv": [3, 6.5, 4, 7],
					"texture": "#particle"
				}
			}
		},
		{
			"name": "cube",
			"from": [4.5, 9.5, 6.5],
			"to": [5, 10, 7.5],
			"faces": {
				"north": {
					"uv": [11, 6, 11.5, 6.5],
					"texture": "#particle"
				},
				"south": {
					"uv": [4.5, 6, 5, 6.5],
					"texture": "#particle"
				},
				"up": {
					"uv": [3.25, 9.75, 3.75, 10.75],
					"texture": "#particle"
				}
			}
		},
		{
			"name": "cube",
			"from": [5, 10, 6.5],
			"to": [5.5, 10.5, 7.5],
			"faces": {
				"north": {
					"uv": [10.5, 5.5, 11, 6],
					"texture": "#particle"
				},
				"east": {
					"uv": [5, 10, 6, 10.5],
					"texture": "#particle"
				},
				"south": {
					"uv": [5, 5.5, 5.5, 6],
					"texture": "#particle"
				},
				"west": {
					"uv": [5, 10, 6, 10.5],
					"texture": "#particle"
				},
				"up": {
					"uv": [5, 9.25, 5.5, 10.25],
					"texture": "#particle"
				}
			}
		},
		{
			"name": "cube",
			"from": [3, 11.5, 6.5],
			"to": [4.5, 12.5, 7.5],
			"faces": {
				"north": {
					"uv": [4.5, 3.5, 3, 4.5],
					"texture": "#particle"
				},
				"south": {
					"uv": [3, 3.5, 4.5, 4.5],
					"texture": "#particle"
				},
				"west": {
					"uv": [2.75, 9.75, 3.75, 10.75],
					"texture": "#particle"
				},
				"up": {
					"uv": [2.75, 9.5, 4.25, 10.5],
					"texture": "#particle"
				},
				"down": {
					"uv": [2.75, 9.5, 4.25, 10.5],
					"texture": "#particle"
				}
			}
		},
		{
			"name": "cube",
			"from": [3.5, 12.5, 6.5],
			"to": [5, 13, 7.5],
			"faces": {
				"north": {
					"uv": [5, 3, 3.5, 3.5],
					"texture": "#particle"
				},
				"south": {
					"uv": [3.5, 3, 5, 3.5],
					"texture": "#particle"
				},
				"west": {
					"uv": [3.5, 3, 4.5, 3.5],
					"texture": "#particle"
				},
				"up": {
					"uv": [3.5, 3, 5, 3.5],
					"texture": "#particle"
				},
				"down": {
					"uv": [3.5, 3, 5, 3.5],
					"texture": "#particle"
				}
			}
		},
		{
			"name": "cube",
			"from": [4, 13, 6.5],
			"to": [5, 14, 7.5],
			"faces": {
				"north": {
					"uv": [5, 2, 4, 3],
					"texture": "#particle"
				},
				"south": {
					"uv": [4, 2, 5, 3],
					"texture": "#particle"
				},
				"west": {
					"uv": [2.5, 10, 3.5, 11],
					"texture": "#particle"
				},
				"up": {
					"uv": [3, 9.75, 4, 10.75],
					"texture": "#particle"
				}
			}
		},
		{
			"name": "cube",
			"from": [4.5, 14, 6.5],
			"to": [5, 15, 7.5],
			"faces": {
				"north": {
					"uv": [5, 1, 5.5, 2],
					"texture": "#particle"
				},
				"east": {
					"uv": [5, 1, 5.5, 2],
					"texture": "#particle"
				},
				"south": {
					"uv": [4.5, 1, 5, 2],
					"texture": "#particle"
				},
				"west": {
					"uv": [5, 1, 5.5, 2],
					"texture": "#particle"
				},
				"up": {"uv": [5, 1, 5.5, 2], "texture": "#particle"}
			}
		},
		{
			"name": "cube",
			"from": [5, 14.5, 6.5],
			"to": [5.5, 15.5, 7.5],
			"faces": {
				"north": {
					"uv": [8.5, 6.5, 9, 7.5],
					"texture": "#particle"
				},
				"south": {
					"uv": [8.5, 6.5, 9, 7.5],
					"texture": "#particle"
				},
				"west": {
					"uv": [3.25, 10.5, 4.25, 11.5],
					"texture": "#particle"
				},
				"up": {
					"uv": [8.5, 6.5, 9, 7.5],
					"texture": "#particle"
				}
			}
		},
		{
			"name": "cube",
			"from": [2.5, 9, 6.5],
			"to": [3, 11, 7.5],
			"faces": {
				"north": {
					"uv": [2.5, 5, 3, 7],
					"texture": "#particle"
				},
				"south": {
					"uv": [2.5, 5, 3, 7],
					"texture": "#particle"
				},
				"west": {
					"uv": [2.5, 5, 3, 7],
					"texture": "#particle"
				},
				"up": {"uv": [2.5, 5, 3, 6], "texture": "#particle"}
			}
		},
		{
			"name": "cube",
			"from": [10.5, 14.5, 6.5],
			"to": [11, 15.5, 7.5],
			"faces": {
				"north": {
					"uv": [6.5, 2.5, 7, 3.5],
					"texture": "#particle"
				},
				"east": {
					"uv": [10, 9.5, 11, 10.5],
					"texture": "#particle"
				},
				"south": {
					"uv": [6.5, 2.5, 7, 3.5],
					"texture": "#particle"
				},
				"up": {
					"uv": [6.5, 2.5, 7, 3.5],
					"texture": "#particle"
				}
			}
		},
		{
			"name": "cube",
			"from": [11, 12.5, 6.5],
			"to": [11.5, 14.5, 7.5],
			"faces": {
				"north": {
					"uv": [11.5, 1.5, 11, 3.5],
					"texture": "#particle"
				},
				"east": {
					"uv": [11, 1.5, 11.5, 3.5],
					"texture": "#particle"
				},
				"south": {
					"uv": [11, 1.5, 11.5, 3.5],
					"texture": "#particle"
				},
				"up": {
					"uv": [11, 1.5, 11.5, 2.5],
					"texture": "#particle"
				}
			}
		},
		{
			"name": "cube",
			"from": [11.5, 9.5, 6.5],
			"to": [12, 14, 7.5],
			"faces": {
				"north": {
					"uv": [11.5, 2, 12, 6.5],
					"texture": "#particle"
				},
				"east": {
					"uv": [11.5, 2, 12, 6.5],
					"texture": "#particle"
				},
				"south": {
					"uv": [11.5, 2, 12, 6.5],
					"texture": "#particle"
				},
				"west": {
					"uv": [11.5, 2, 12, 6.5],
					"texture": "#particle"
				},
				"up": {
					"uv": [12.25, 5.5, 12.75, 6.5],
					"texture": "#particle"
				}
			}
		},
		{
			"name": "cube",
			"from": [12, 12.5, 6.5],
			"to": [12.5, 13, 7.5],
			"faces": {
				"north": {
					"uv": [12, 3, 12.5, 3.5],
					"texture": "#particle"
				},
				"east": {
					"uv": [12, 3, 12.5, 3.5],
					"texture": "#particle"
				},
				"south": {
					"uv": [12, 3, 12.5, 3.5],
					"texture": "#particle"
				},
				"up": {
					"uv": [12, 3, 12.5, 3.5],
					"texture": "#particle"
				}
			}
		},
		{
			"name": "cube",
			"from": [12, 9, 6.5],
			"to": [13, 12.5, 7.5],
			"faces": {
				"north": {
					"uv": [12.5, 3.5, 13.5, 7],
					"texture": "#particle"
				},
				"east": {
					"uv": [13, 3.5, 13.5, 7],
					"texture": "#particle"
				},
				"south": {
					"uv": [12, 3.5, 13, 7],
					"texture": "#particle"
				},
				"west": {
					"uv": [12.5, 3.5, 13, 7],
					"texture": "#particle"
				},
				"up": {
					"uv": [12.5, 3.5, 13.5, 4.5],
					"texture": "#particle"
				},
				"down": {
					"uv": [13.5, 7.25, 12.5, 6.25],
					"texture": "#particle"
				}
			}
		},
		{
			"name": "cube",
			"from": [12.5, 8.5, 6.5],
			"to": [13, 9, 7.5],
			"faces": {
				"north": {
					"uv": [12.5, 7, 13, 7.5],
					"texture": "#particle"
				},
				"south": {
					"uv": [12.5, 7, 13, 7.5],
					"texture": "#particle"
				}
			}
		},
		{
			"name": "cube",
			"from": [13, 3, 6.5],
			"to": [13.5, 11, 7.5],
			"faces": {
				"north": {
					"uv": [13, 5, 13.5, 13],
					"texture": "#particle"
				},
				"east": {
					"uv": [13, 5, 13.5, 13],
					"texture": "#particle"
				},
				"south": {
					"uv": [13, 5, 13.5, 13],
					"texture": "#particle"
				},
				"west": {
					"uv": [13, 5, 13.5, 13],
					"texture": "#particle"
				},
				"up": {
					"uv": [13, 6.5, 13.5, 7.5],
					"texture": "#particle"
				},
				"down": {
					"uv": [13, 6.5, 13.5, 7.5],
					"texture": "#particle"
				}
			}
		},
		{
			"name": "cube",
			"from": [12.5, 2, 6.5],
			"to": [13, 7.5, 7.5],
			"faces": {
				"north": {
					"uv": [12.5, 8.5, 13, 14],
					"texture": "#particle"
				},
				"east": {
					"uv": [12.5, 8.5, 13, 14],
					"texture": "#particle"
				},
				"south": {
					"uv": [12.5, 8.5, 13, 14],
					"texture": "#particle"
				},
				"west": {
					"uv": [12.5, 8.5, 13, 14],
					"texture": "#particle"
				},
				"down": {
					"uv": [12.75, 9, 13.25, 10],
					"texture": "#particle"
				}
			}
		},
		{
			"name": "cube",
			"from": [11, 5, 6.5],
			"to": [11.5, 6, 7.5],
			"faces": {
				"north": {
					"uv": [11, 10, 11.5, 11],
					"texture": "#particle"
				},
				"south": {
					"uv": [11, 10, 11.5, 11],
					"texture": "#particle"
				},
				"west": {
					"uv": [11.75, 10.25, 12.75, 11.25],
					"texture": "#particle"
				}
			}
		},
		{
			"name": "cube",
			"from": [11.5, 4.5, 6.5],
			"to": [12, 6.5, 7.5],
			"faces": {
				"north": {
					"uv": [11.5, 9.5, 12, 11.5],
					"texture": "#particle"
				},
				"south": {
					"uv": [11.5, 9.5, 12, 11.5],
					"texture": "#particle"
				},
				"west": {
					"uv": [11.5, 9.5, 12.5, 11.5],
					"texture": "#particle"
				},
				"up": {
					"uv": [12.5, 10.25, 13, 11.25],
					"texture": "#particle"
				}
			}
		},
		{
			"name": "cube",
			"from": [12, 4, 6.5],
			"to": [12.5, 7, 7.5],
			"faces": {
				"north": {
					"uv": [12, 9, 12.5, 12],
					"texture": "#particle"
				},
				"south": {
					"uv": [12, 9, 12.5, 12],
					"texture": "#particle"
				},
				"west": {
					"uv": [12, 9, 13, 12],
					"texture": "#particle"
				},
				"up": {
					"uv": [12.5, 9.25, 13, 10.25],
					"texture": "#particle"
				}
			}
		},
		{
			"name": "cube",
			"from": [13.5, 7, 6.5],
			"to": [14, 9.5, 7.5],
			"faces": {
				"north": {
					"uv": [13.5, 7.5, 14, 9],
					"texture": "#particle"
				},
				"east": {
					"uv": [12.25, 5, 13.25, 6.5],
					"texture": "#particle"
				},
				"south": {
					"uv": [13.5, 7.5, 14, 9],
					"texture": "#particle"
				},
				"up": {
					"uv": [13.5, 6.5, 14, 7],
					"texture": "#particle"
				},
				"down": {
					"uv": [13.5, 7.25, 14, 7.75],
					"texture": "#particle"
				}
			}
		},
		{
			"name": "cube",
			"from": [15, 8, 6.5],
			"to": [15.5, 8.5, 7.5],
			"faces": {
				"north": {
					"uv": [14, 8, 15, 8.5],
					"texture": "#particle"
				},
				"east": {
					"uv": [13.25, 7.75, 14.25, 8.25],
					"texture": "#particle"
				},
				"south": {
					"uv": [14, 8, 15, 8.5],
					"texture": "#particle"
				},
				"up": {
					"uv": [13.25, 7.25, 14.25, 8.25],
					"texture": "#particle"
				},
				"down": {
					"uv": [13.25, 7.25, 14.25, 8.25],
					"texture": "#particle"
				}
			}
		},
		{
			"name": "cube",
			"from": [11, 9.5, 6.5],
			"to": [11.5, 10, 7.5],
			"faces": {
				"north": {
					"uv": [11, 6, 11.5, 6.5],
					"texture": "#particle"
				},
				"south": {
					"uv": [11, 6, 11.5, 6.5],
					"texture": "#particle"
				},
				"up": {
					"uv": [12.25, 5.75, 12.75, 6.75],
					"texture": "#particle"
				}
			}
		},
		{
			"name": "cube",
			"from": [10.5, 10, 6.5],
			"to": [11, 10.5, 7.5],
			"faces": {
				"north": {
					"uv": [10.5, 5.5, 11, 6],
					"texture": "#particle"
				},
				"east": {
					"uv": [10, 6, 11, 6.5],
					"texture": "#particle"
				},
				"south": {
					"uv": [10.5, 5.5, 11, 6],
					"texture": "#particle"
				},
				"west": {
					"uv": [10, 6, 11, 6.5],
					"texture": "#particle"
				},
				"up": {
					"uv": [10.5, 5.5, 11, 6.5],
					"texture": "#particle"
				}
			}
		},
		{
			"name": "cube",
			"from": [4, 9.5, 6.5],
			"to": [4.5, 11.5, 7.5],
			"faces": {
				"north": {
					"uv": [4, 4.5, 4.5, 6.5],
					"texture": "#particle"
				},
				"east": {
					"uv": [3.5, 4.5, 4.5, 6.5],
					"texture": "#particle"
				},
				"south": {
					"uv": [4, 4.5, 4.5, 6.5],
					"texture": "#particle"
				}
			}
		},
		{
			"name": "cube",
			"from": [4, 6.5, 6.75],
			"to": [5, 7, 7.25],
			"faces": {
				"north": {
					"uv": [4, 9, 5, 9.5],
					"texture": "#particle"
				},
				"south": {
					"uv": [4, 9, 5, 9.5],
					"texture": "#particle"
				},
				"up": {
					"uv": [8.5, 13, 9.5, 13.5],
					"texture": "#particle"
				},
				"down": {
					"uv": [8.5, 13, 9.5, 13.5],
					"texture": "#particle"
				}
			}
		},
		{
			"name": "cube",
			"from": [11, 6.5, 6.75],
			"to": [12, 7, 7.25],
			"faces": {
				"north": {
					"uv": [4, 9, 5, 9.5],
					"texture": "#particle"
				},
				"south": {
					"uv": [11, 9, 12, 9.5],
					"texture": "#particle"
				},
				"up": {
					"uv": [4, 9, 5, 9.5],
					"texture": "#particle"
				},
				"down": {
					"uv": [5, 9.5, 4, 9],
					"texture": "#particle"
				}
			}
		},
		{
			"name": "cube",
			"from": [3.5, 7, 6.75],
			"to": [4, 7.5, 7.25],
			"faces": {
				"north": {
					"uv": [12, 8.5, 12.5, 9],
					"texture": "#particle"
				},
				"east": {
					"uv": [8, 13, 8.5, 13.5],
					"texture": "#particle"
				},
				"south": {
					"uv": [3.5, 8.5, 4, 9],
					"texture": "#particle"
				},
				"up": {
					"uv": [3.5, 6.75, 4, 7.25],
					"texture": "#particle"
				}
			}
		},
		{
			"name": "cube",
			"from": [12, 7, 6.75],
			"to": [12.5, 7.5, 7.25],
			"faces": {
				"north": {
					"uv": [3.5, 8.5, 4, 9],
					"texture": "#particle"
				},
				"south": {
					"uv": [3.5, 8.5, 4, 9],
					"texture": "#particle"
				},
				"west": {
					"uv": [8, 13, 8.5, 13.5],
					"texture": "#particle"
				},
				"up": {
					"uv": [12, 6.75, 12.5, 7.25],
					"texture": "#particle"
				}
			}
		},
		{
			"name": "cube",
			"from": [3.5, 16, 6.75],
			"to": [6, 16.5, 7.25],
			"faces": {
				"north": {
					"uv": [9.5, 5.5, 7, 6],
					"texture": "#particle",
					"cullface": "up"
				},
				"east": {
					"uv": [9, 5.5, 9.5, 6],
					"texture": "#particle",
					"cullface": "up"
				},
				"south": {
					"uv": [7, 5.5, 9.5, 6],
					"texture": "#particle",
					"cullface": "up"
				},
				"west": {
					"uv": [7, 5.5, 7.5, 6],
					"texture": "#particle",
					"cullface": "up"
				},
				"up": {
					"uv": [7, 5.5, 9.5, 6],
					"texture": "#particle",
					"cullface": "up"
				},
				"down": {
					"uv": [7, 5.5, 9.5, 6],
					"texture": "#particle",
					"cullface": "up"
				}
			}
		},
		{
			"name": "cube",
			"from": [10, 16, 6.75],
			"to": [12.5, 16.5, 7.25],
			"faces": {
				"north": {
					"uv": [9, 1.5, 6.5, 2],
					"texture": "#particle",
					"cullface": "up"
				},
				"east": {
					"uv": [8, 1, 8.5, 1.5],
					"texture": "#particle",
					"cullface": "up"
				},
				"south": {
					"uv": [6.5, 1.5, 9, 2],
					"texture": "#particle",
					"cullface": "up"
				},
				"west": {
					"uv": [6.5, 1, 7, 1.5],
					"texture": "#particle",
					"cullface": "up"
				},
				"up": {
					"uv": [6.5, 1.5, 9, 2],
					"texture": "#particle",
					"cullface": "up"
				},
				"down": {
					"uv": [6.5, 1.5, 9, 2],
					"texture": "#particle",
					"cullface": "up"
				}
			}
		},
		{
			"name": "cube",
			"from": [10, 16.5, 6.75],
			"to": [12, 17, 7.25],
			"faces": {
				"north": {
					"uv": [8.5, 1, 6.5, 1.5],
					"texture": "#particle",
					"cullface": "up"
				},
				"east": {
					"uv": [8, 1, 8.5, 1.5],
					"texture": "#particle",
					"cullface": "up"
				},
				"south": {
					"uv": [6.5, 1, 8.5, 1.5],
					"texture": "#particle",
					"cullface": "up"
				},
				"west": {
					"uv": [6.5, 1, 7, 1.5],
					"texture": "#particle",
					"cullface": "up"
				},
				"up": {
					"uv": [6.5, 1, 8.5, 1.5],
					"texture": "#particle",
					"cullface": "up"
				}
			}
		},
		{
			"name": "cube",
			"from": [10, 17, 6.75],
			"to": [11.5, 17.5, 7.25],
			"faces": {
				"north": {
					"uv": [8, 0.5, 6.5, 1],
					"texture": "#particle",
					"cullface": "up"
				},
				"east": {
					"uv": [7.5, 0.5, 8, 1],
					"texture": "#particle",
					"cullface": "up"
				},
				"south": {
					"uv": [6.5, 0.5, 8, 1],
					"texture": "#particle",
					"cullface": "up"
				},
				"west": {
					"uv": [6.5, 0.5, 7, 1],
					"texture": "#particle",
					"cullface": "up"
				},
				"up": {
					"uv": [6.5, 0.5, 8, 1],
					"texture": "#particle",
					"cullface": "up"
				}
			}
		},
		{
			"name": "cube",
			"from": [10, 17.5, 6.75],
			"to": [11, 18, 7.25],
			"faces": {
				"north": {
					"uv": [6.5, 0, 7.5, 0.5],
					"texture": "#particle",
					"cullface": "up"
				},
				"east": {
					"uv": [6.5, 0, 7, 0.5],
					"texture": "#particle",
					"cullface": "up"
				},
				"south": {
					"uv": [6.5, 0, 7.5, 0.5],
					"texture": "#particle",
					"cullface": "up"
				},
				"west": {
					"uv": [6.5, 0, 7, 0.5],
					"texture": "#particle",
					"cullface": "up"
				},
				"up": {
					"uv": [6.5, 0, 7.5, 0.5],
					"texture": "#particle",
					"cullface": "up"
				}
			}
		},
		{
			"name": "cube",
			"from": [5, 17.5, 6.75],
			"to": [6, 18, 7.25],
			"faces": {
				"north": {
					"uv": [8.5, 4, 9.5, 4.5],
					"texture": "#particle",
					"cullface": "up"
				},
				"east": {
					"uv": [8.5, 4, 9, 4.5],
					"texture": "#particle",
					"cullface": "up"
				},
				"south": {
					"uv": [8.5, 4, 9.5, 4.5],
					"texture": "#particle",
					"cullface": "up"
				},
				"west": {
					"uv": [8.5, 4, 9, 4.5],
					"texture": "#particle",
					"cullface": "up"
				},
				"up": {
					"uv": [8.5, 4, 9.5, 4.5],
					"texture": "#particle",
					"cullface": "up"
				}
			}
		},
		{
			"name": "cube",
			"from": [4.5, 17, 6.75],
			"to": [6, 17.5, 7.25],
			"faces": {
				"north": {
					"uv": [9.5, 4.5, 8, 5],
					"texture": "#particle",
					"cullface": "up"
				},
				"east": {
					"uv": [9, 4.5, 9.5, 5],
					"texture": "#particle",
					"cullface": "up"
				},
				"south": {
					"uv": [8, 4.5, 9.5, 5],
					"texture": "#particle",
					"cullface": "up"
				},
				"west": {
					"uv": [8, 4.5, 8.5, 5],
					"texture": "#particle",
					"cullface": "up"
				},
				"up": {
					"uv": [8, 4.5, 9.5, 5],
					"texture": "#particle",
					"cullface": "up"
				}
			}
		},
		{
			"name": "cube",
			"from": [4, 16.5, 6.75],
			"to": [6, 17, 7.25],
			"faces": {
				"north": {
					"uv": [9.5, 5, 7.5, 5.5],
					"texture": "#particle",
					"cullface": "up"
				},
				"east": {
					"uv": [9, 5, 9.5, 5.5],
					"texture": "#particle",
					"cullface": "up"
				},
				"south": {
					"uv": [7.5, 5, 9.5, 5.5],
					"texture": "#particle",
					"cullface": "up"
				},
				"west": {
					"uv": [7.5, 5, 8, 5.5],
					"texture": "#particle",
					"cullface": "up"
				},
				"up": {
					"uv": [7.5, 5, 9.5, 5.5],
					"texture": "#particle",
					"cullface": "up"
				}
			}
		},
		{
			"name": "cube",
			"from": [3, 15.5, 6.75],
			"to": [5.5, 16, 7.25],
			"faces": {
				"north": {
					"uv": [9, 6, 6.5, 6.5],
					"texture": "#particle"
				},
				"south": {
					"uv": [6.5, 6, 9, 6.5],
					"texture": "#particle"
				},
				"west": {
					"uv": [6.5, 6, 7, 6.5],
					"texture": "#particle"
				},
				"up": {
					"uv": [6.5, 6, 9, 6.5],
					"texture": "#particle",
					"cullface": "up"
				},
				"down": {
					"uv": [6.5, 6, 9, 6.5],
					"texture": "#particle"
				}
			}
		},
		{
			"name": "cube",
			"from": [10.5, 15.5, 6.75],
			"to": [13, 16, 7.25],
			"faces": {
				"north": {
					"uv": [6.5, 1.5, 9, 2],
					"texture": "#particle"
				},
				"east": {
					"uv": [8.5, 1.5, 9, 2],
					"texture": "#particle"
				},
				"south": {
					"uv": [6.5, 1.5, 9, 2],
					"texture": "#particle"
				},
				"up": {
					"uv": [6.5, 1.5, 9, 2],
					"texture": "#particle",
					"cullface": "up"
				},
				"down": {
					"uv": [6.5, 1.5, 9, 2],
					"texture": "#particle"
				}
			}
		},
		{
			"name": "cube",
			"from": [2.5, 14.5, 6.75],
			"to": [5, 15.5, 7.25],
			"faces": {
				"north": {
					"uv": [8.5, 6.5, 6, 7.5],
					"texture": "#particle"
				},
				"south": {
					"uv": [6, 6.5, 8.5, 7.5],
					"texture": "#particle"
				},
				"west": {
					"uv": [6, 6.5, 6.5, 7.5],
					"texture": "#particle"
				},
				"up": {
					"uv": [6, 6.5, 8.5, 7],
					"texture": "#particle"
				},
				"down": {
					"uv": [6, 6.5, 8.5, 7],
					"texture": "#particle"
				}
			}
		},
		{
			"name": "cube",
			"from": [11, 14.5, 6.75],
			"to": [13.5, 15.5, 7.25],
			"faces": {
				"north": {
					"uv": [10, 2.5, 7.5, 3.5],
					"texture": "#particle"
				},
				"east": {
					"uv": [9.5, 2.5, 10, 3.5],
					"texture": "#particle"
				},
				"south": {
					"uv": [7.5, 2.5, 10, 3.5],
					"texture": "#particle"
				},
				"up": {
					"uv": [7.5, 2.5, 10, 3],
					"texture": "#particle"
				},
				"down": {
					"uv": [10, 3.5, 7.5, 3],
					"texture": "#particle"
				}
			}
		},
		{
			"name": "cube",
			"from": [2, 14, 6.75],
			"to": [4.5, 14.5, 7.25],
			"faces": {
				"north": {
					"uv": [4, 1.5, 1.5, 2],
					"texture": "#particle"
				},
				"south": {
					"uv": [1.5, 1.5, 4, 2],
					"texture": "#particle"
				},
				"west": {
					"uv": [1.5, 1.5, 2, 2],
					"texture": "#particle"
				},
				"up": {
					"uv": [1.5, 1.5, 4, 2],
					"texture": "#particle"
				},
				"down": {
					"uv": [1.5, 1.5, 4, 2],
					"texture": "#particle"
				}
			}
		},
		{
			"name": "cube",
			"from": [1.5, 13.5, 6.75],
			"to": [4, 14, 7.25],
			"faces": {
				"north": {
					"uv": [3.5, 2, 1, 2.5],
					"texture": "#particle"
				},
				"south": {
					"uv": [1, 2, 3.5, 2.5],
					"texture": "#particle"
				},
				"west": {
					"uv": [1, 2, 1.5, 2.5],
					"texture": "#particle"
				},
				"up": {
					"uv": [1, 2, 3.5, 2.5],
					"texture": "#particle"
				}
			}
		},
		{
			"name": "cube",
			"from": [11.5, 14, 6.75],
			"to": [14, 14.5, 7.25],
			"faces": {
				"north": {
					"uv": [14, 1, 11.5, 1.5],
					"texture": "#particle"
				},
				"east": {
					"uv": [14, 1.5, 14.5, 2],
					"texture": "#particle"
				},
				"south": {
					"uv": [11.5, 1, 14, 1.5],
					"texture": "#particle"
				},
				"up": {
					"uv": [11.5, 1, 14, 1.5],
					"texture": "#particle"
				},
				"down": {
					"uv": [11.5, 1, 14, 1.5],
					"texture": "#particle"
				}
			}
		},
		{
			"name": "cube",
			"from": [12, 13.5, 6.75],
			"to": [14.5, 14, 7.25],
			"faces": {
				"north": {
					"uv": [14.5, 1.5, 12, 2],
					"texture": "#particle"
				},
				"east": {
					"uv": [14, 1.5, 14.5, 2],
					"texture": "#particle"
				},
				"south": {
					"uv": [12, 1.5, 14.5, 2],
					"texture": "#particle"
				},
				"up": {
					"uv": [12, 1.5, 14.5, 2],
					"texture": "#particle"
				}
			}
		},
		{
			"name": "cube",
			"from": [1, 12, 6.75],
			"to": [4.5, 13.5, 7.25],
			"faces": {
				"north": {
					"uv": [4.5, 2.5, 1, 4],
					"texture": "#particle"
				},
				"east": {
					"uv": [1, 2, 1.5, 4],
					"texture": "#particle"
				},
				"south": {
					"uv": [1, 2.5, 4.5, 4],
					"texture": "#particle"
				},
				"west": {
					"uv": [1, 2, 1.5, 4],
					"texture": "#particle"
				},
				"up": {
					"uv": [11.5, 2.5, 15, 3],
					"texture": "#particle"
				},
				"down": {
					"uv": [4.5, 3, 1, 2.5],
					"texture": "#particle"
				}
			}
		},
		{
			"name": "cube",
			"from": [11.5, 12, 6.75],
			"to": [15, 13.5, 7.25],
			"faces": {
				"north": {
					"uv": [15, 2.5, 11.5, 4],
					"texture": "#particle"
				},
				"east": {
					"uv": [14.5, 2.5, 15, 4],
					"texture": "#particle"
				},
				"south": {
					"uv": [11.5, 2.5, 15, 4],
					"texture": "#particle"
				},
				"west": {
					"uv": [11.5, 2.5, 12, 4.5],
					"texture": "#particle"
				},
				"up": {
					"uv": [11.5, 2.5, 15, 3],
					"texture": "#particle"
				},
				"down": {
					"uv": [11.5, 2.5, 15, 3],
					"texture": "#particle"
				}
			}
		},
		{
			"name": "cube",
			"from": [12, 10, 6.75],
			"to": [15.5, 12, 7.25],
			"faces": {
				"north": {
					"uv": [15.5, 4, 12, 6],
					"texture": "#particle"
				},
				"east": {
					"uv": [15, 4, 15.5, 6],
					"texture": "#particle"
				},
				"south": {
					"uv": [12, 4, 15.5, 6],
					"texture": "#particle"
				},
				"up": {
					"uv": [12, 4, 15.5, 4.5],
					"texture": "#particle"
				},
				"down": {
					"uv": [12, 4, 15.5, 4.5],
					"texture": "#particle"
				}
			}
		},
		{
			"name": "cube",
			"from": [0.5, 10, 6.75],
			"to": [4, 12, 7.25],
			"faces": {
				"north": {
					"uv": [4, 4.25, 0.5, 6.25],
					"texture": "#particle"
				},
				"east": {
					"uv": [0.5, 4, 1, 6],
					"texture": "#particle"
				},
				"south": {
					"uv": [0.5, 4, 4, 6],
					"texture": "#particle"
				},
				"west": {
					"uv": [0.5, 4, 1, 6],
					"texture": "#particle"
				},
				"up": {
					"uv": [0.5, 4, 4, 4.5],
					"texture": "#particle"
				},
				"down": {
					"uv": [0.5, 4, 4, 4.5],
					"texture": "#particle"
				}
			}
		},
		{
			"name": "cube",
			"from": [0, 7, 6.75],
			"to": [2.5, 10, 7.25],
			"faces": {
				"north": {
					"uv": [2.5, 6, 0, 9],
					"texture": "#particle"
				},
				"east": {
					"uv": [0, 6, 0.5, 9],
					"texture": "#particle"
				},
				"south": {
					"uv": [0, 6, 2.5, 9],
					"texture": "#particle"
				},
				"west": {
					"uv": [0, 6, 0.5, 9],
					"texture": "#particle",
					"cullface": "west"
				},
				"up": {
					"uv": [0, 6.25, 2.5, 6.75],
					"texture": "#particle"
				},
				"down": {
					"uv": [0, 6.25, 2.5, 6.75],
					"texture": "#particle"
				}
			}
		},
		{
			"name": "cube",
			"from": [13.5, 7, 6.75],
			"to": [16, 10, 7.25],
			"faces": {
				"north": {
					"uv": [16, 6, 13.5, 9],
					"texture": "#particle"
				},
				"east": {
					"uv": [15.5, 6, 16, 9],
					"texture": "#particle",
					"cullface": "east"
				},
				"south": {
					"uv": [13.5, 6, 16, 9],
					"texture": "#particle"
				},
				"up": {
					"uv": [13.5, 6, 16, 6.5],
					"texture": "#particle"
				},
				"down": {
					"uv": [13.5, 6, 16, 6.5],
					"texture": "#particle"
				}
			}
		},
		{
			"name": "cube",
			"from": [0.5, 5, 6.75],
			"to": [2.5, 7, 7.25],
			"faces": {
				"north": {
					"uv": [2.5, 9, 0.5, 11],
					"texture": "#particle"
				},
				"south": {
					"uv": [0.5, 9, 2.5, 11],
					"texture": "#particle"
				},
				"west": {
					"uv": [0.5, 9, 1, 11],
					"texture": "#particle"
				},
				"down": {
					"uv": [0.5, 9, 2.5, 9.5],
					"texture": "#particle"
				}
			}
		},
		{
			"name": "cube",
			"from": [13.5, 5, 6.75],
			"to": [15.5, 7, 7.25],
			"faces": {
				"north": {
					"uv": [0.5, 9, 2.5, 11],
					"texture": "#particle"
				},
				"east": {
					"uv": [0.5, 9, 1, 11],
					"texture": "#particle"
				},
				"south": {
					"uv": [13.5, 9, 15.5, 11],
					"texture": "#particle"
				},
				"down": {
					"uv": [2.5, 7.25, 0.5, 6.75],
					"texture": "#particle"
				}
			}
		},
		{
			"name": "cube",
			"from": [1, 3.5, 6.75],
			"to": [3, 5, 7.25],
			"faces": {
				"north": {
					"uv": [3, 11, 1, 12.5],
					"texture": "#particle"
				},
				"south": {
					"uv": [1, 11, 3, 12.5],
					"texture": "#particle"
				},
				"west": {
					"uv": [1, 11, 1.5, 12.5],
					"texture": "#particle"
				},
				"up": {
					"uv": [1, 11, 3, 11.5],
					"texture": "#particle"
				},
				"down": {
					"uv": [1, 11, 3, 11.5],
					"texture": "#particle"
				}
			}
		},
		{
			"name": "cube",
			"from": [13, 3.5, 6.75],
			"to": [15, 5, 7.25],
			"faces": {
				"north": {
					"uv": [1, 11, 3, 12.5],
					"texture": "#particle"
				},
				"east": {
					"uv": [1, 11, 1.5, 12.5],
					"texture": "#particle"
				},
				"south": {
					"uv": [13, 11, 15, 12.5],
					"texture": "#particle"
				},
				"up": {
					"uv": [13, 6.75, 15, 7.25],
					"texture": "#particle"
				},
				"down": {
					"uv": [3, 7.25, 1, 6.75],
					"texture": "#particle"
				}
			}
		},
		{
			"name": "cube",
			"from": [1.5, 2.5, 6.75],
			"to": [3.5, 3.5, 7.25],
			"faces": {
				"north": {
					"uv": [3.5, 12.5, 1.5, 13.5],
					"texture": "#particle"
				},
				"south": {
					"uv": [1.5, 12.5, 3.5, 13.5],
					"texture": "#particle"
				},
				"west": {
					"uv": [1.5, 12.5, 2, 13.5],
					"texture": "#particle"
				},
				"up": {
					"uv": [1.5, 12.5, 3.5, 13],
					"texture": "#particle"
				},
				"down": {
					"uv": [1.5, 12.5, 3.5, 13],
					"texture": "#particle"
				}
			}
		},
		{
			"name": "cube",
			"from": [12.5, 2.5, 6.75],
			"to": [14.5, 3.5, 7.25],
			"faces": {
				"north": {
					"uv": [1.5, 12.5, 3.5, 13.5],
					"texture": "#particle"
				},
				"east": {
					"uv": [1, 11.5, 1.5, 12.5],
					"texture": "#particle"
				},
				"south": {
					"uv": [12.5, 12.5, 14.5, 13.5],
					"texture": "#particle"
				},
				"up": {
					"uv": [12.5, 6.75, 14.5, 7.25],
					"texture": "#particle"
				},
				"down": {
					"uv": [3.5, 7.25, 1.5, 6.75],
					"texture": "#particle"
				}
			}
		},
		{
			"name": "cube",
			"from": [2, 2, 6.75],
			"to": [3.5, 2.5, 7.25],
			"faces": {
				"north": {
					"uv": [3.5, 13.5, 2, 14],
					"texture": "#particle"
				},
				"south": {
					"uv": [2, 13.5, 3.5, 14],
					"texture": "#particle"
				},
				"west": {
					"uv": [2, 13.5, 2.5, 14],
					"texture": "#particle"
				},
				"down": {
					"uv": [2, 13.5, 3.5, 14],
					"texture": "#particle"
				}
			}
		},
		{
			"name": "cube",
			"from": [12.5, 2, 6.75],
			"to": [14, 2.5, 7.25],
			"faces": {
				"north": {
					"uv": [2, 13.5, 3.5, 14],
					"texture": "#particle"
				},
				"east": {
					"uv": [2.5, 14, 3, 14.5],
					"texture": "#particle"
				},
				"south": {
					"uv": [12.5, 13.5, 14, 14],
					"texture": "#particle"
				},
				"down": {
					"uv": [3.5, 7.25, 2, 6.75],
					"texture": "#particle"
				}
			}
		},
		{
			"name": "cube",
			"from": [12.5, 1.5, 6.75],
			"to": [13.5, 2, 7.25],
			"faces": {
				"north": {
					"uv": [2.5, 14, 3.5, 14.5],
					"texture": "#particle"
				},
				"east": {
					"uv": [2, 13.5, 2.5, 14],
					"texture": "#particle"
				},
				"south": {
					"uv": [12.5, 14, 13.5, 14.5],
					"texture": "#particle"
				},
				"down": {
					"uv": [3.5, 7.25, 2.5, 6.75],
					"texture": "#particle"
				}
			}
		},
		{
			"name": "cube",
			"from": [2.5, 1.5, 6.75],
			"to": [3.5, 2, 7.25],
			"faces": {
				"north": {
					"uv": [2.5, 14, 3.5, 14.5],
					"texture": "#particle"
				},
				"south": {
					"uv": [2.5, 14, 3.5, 14.5],
					"texture": "#particle"
				},
				"west": {
					"uv": [2.5, 14, 3, 14.5],
					"texture": "#particle"
				},
				"down": {
					"uv": [2.5, 14, 3.5, 14.5],
					"texture": "#particle"
				}
			}
		},
		{
			"name": "cube",
			"from": [6.5, -10, 6],
			"to": [9.5, -9.5, 8],
			"faces": {
				"north": {
					"uv": [7, 11, 10, 11.5],
					"texture": "#texture",
					"cullface": "down"
				},
				"east": {
					"uv": [9.5, 11, 10, 11.5],
					"texture": "#texture",
					"cullface": "down"
				},
				"south": {
					"uv": [7, 11, 10, 11.5],
					"texture": "#texture",
					"cullface": "down"
				},
				"west": {
					"uv": [7, 11, 7.5, 11.5],
					"texture": "#texture",
					"cullface": "down"
				},
				"up": {
					"uv": [7, 11, 10, 11.5],
					"texture": "#texture",
					"cullface": "down"
				},
				"down": {
					"uv": [7, 11, 10, 11.5],
					"texture": "#texture",
					"cullface": "down"
				}
			}
		},
		{
			"name": "cube",
			"from": [7, -2, 5.5],
			"to": [9, -1.5, 8.5],
			"faces": {
				"north": {
					"uv": [7.5, 13, 9.5, 13.5],
					"texture": "#texture",
					"cullface": "down"
				},
				"east": {
					"uv": [7, 11, 10, 11.5],
					"texture": "#texture",
					"cullface": "down"
				},
				"south": {
					"uv": [7.5, 13, 9.5, 13.5],
					"texture": "#texture",
					"cullface": "down"
				},
				"west": {
					"uv": [7, 11, 10, 11.5],
					"texture": "#texture",
					"cullface": "down"
				},
				"up": {
					"uv": [7, 11, 10, 11.5],
					"texture": "#texture",
					"cullface": "down",
					"rotation": 90
				},
				"down": {
					"uv": [7, 11, 10, 11.5],
					"texture": "#texture",
					"cullface": "down",
					"rotation": 90
				}
			}
		},
		{
			"name": "cube",
			"from": [6.5, -0.5, 5.5],
			"to": [9.5, 0.5, 8.5],
			"faces": {
				"north": {
					"uv": [10, 12.5, 7, 13.5],
					"texture": "#texture",
					"cullface": "down"
				},
				"east": {
					"uv": [9, 12.5, 10, 13.5],
					"texture": "#texture",
					"cullface": "down"
				},
				"south": {
					"uv": [7, 12.5, 10, 13.5],
					"texture": "#texture",
					"cullface": "down"
				},
				"west": {
					"uv": [7, 12.5, 8, 13.5],
					"texture": "#texture",
					"cullface": "down"
				},
				"up": {
					"uv": [7, 12.5, 10, 13],
					"texture": "#texture",
					"cullface": "down"
				},
				"down": {
					"uv": [7, 13, 10, 13.5],
					"texture": "#texture",
					"cullface": "down"
				}
			}
		},
		{
			"name": "cube",
			"from": [7.25, -1.5, 5.5],
			"to": [8.75, -0.5, 8.5],
			"faces": {
				"north": {
					"uv": [7.75, 12.5, 9.25, 13.5],
					"texture": "#texture",
					"cullface": "down"
				},
				"east": {
					"uv": [7, 12.5, 10, 13.5],
					"texture": "#texture",
					"cullface": "down"
				},
				"south": {
					"uv": [7.75, 12.5, 9.25, 13.5],
					"texture": "#texture",
					"cullface": "down"
				},
				"west": {
					"uv": [7, 12.5, 10, 13.5],
					"texture": "#texture",
					"cullface": "down"
				}
			}
		},
		{
			"name": "cube",
			"from": [6, -0.5, 6.5],
			"to": [10, 0.5, 7.5],
			"faces": {
				"north": {
					"uv": [10.5, 11.5, 6.5, 12.5],
					"texture": "#texture",
					"cullface": "down"
				},
				"east": {
					"uv": [9.5, 11.5, 10.5, 12.5],
					"texture": "#texture",
					"cullface": "down"
				},
				"south": {
					"uv": [6.5, 11.5, 10.5, 12.5],
					"texture": "#texture",
					"cullface": "down"
				},
				"west": {
					"uv": [6.5, 11.5, 7.5, 12.5],
					"texture": "#texture",
					"cullface": "down"
				},
				"up": {
					"uv": [6.5, 11.5, 10.5, 12],
					"texture": "#texture",
					"cullface": "down"
				},
				"down": {
					"uv": [6.5, 12, 10.5, 12.5],
					"texture": "#texture",
					"cullface": "down"
				}
			}
		},
		{
			"name": "cube",
			"from": [6.75, -1.5, 5.75],
			"to": [9.25, -0.5, 8.25],
			"faces": {
				"north": {
					"uv": [7.25, 11.5, 9.75, 12.5],
					"texture": "#texture",
					"cullface": "down"
				},
				"east": {
					"uv": [7.25, 11.5, 9.75, 12.5],
					"texture": "#texture",
					"cullface": "down"
				},
				"south": {
					"uv": [7.25, 11.5, 9.75, 12.5],
					"texture": "#texture",
					"cullface": "down"
				},
				"west": {
					"uv": [7.25, 11.5, 9.75, 12.5],
					"texture": "#texture",
					"cullface": "down"
				},
				"down": {
					"uv": [7.25, 13, 9.75, 13.5],
					"texture": "#texture",
					"cullface": "down"
				}
			}
		},
		{
			"name": "cube",
			"from": [7, 0.5, 5.5],
			"to": [9, 1, 8.5],
			"faces": {
				"north": {
					"uv": [7.5, 13, 9.5, 13.5],
					"texture": "#texture"
				},
				"east": {
					"uv": [7, 11, 10, 11.5],
					"texture": "#texture"
				},
				"south": {
					"uv": [7.5, 13, 9.5, 13.5],
					"texture": "#texture"
				},
				"west": {
					"uv": [7, 11, 10, 11.5],
					"texture": "#texture"
				},
				"up": {
					"uv": [7, 11, 10, 11.5],
					"texture": "#texture",
					"rotation": 90
				}
			}
		},
		{
			"name": "cube",
			"from": [6.5, 0.5, 6],
			"to": [9.5, 1, 8],
			"faces": {
				"north": {
					"uv": [7, 11, 10, 11.5],
					"texture": "#texture"
				},
				"east": {
					"uv": [9.5, 11, 10, 11.5],
					"texture": "#texture"
				},
				"south": {
					"uv": [7, 11, 10, 11.5],
					"texture": "#texture"
				},
				"west": {
					"uv": [7, 11, 7.5, 11.5],
					"texture": "#texture"
				},
				"up": {
					"uv": [7, 11, 10, 11.5],
					"texture": "#texture"
				}
			}
		},
		{
			"name": "cube",
			"from": [6.5, 5.5, 5.75],
			"to": [7, 6, 8.25],
			"faces": {
				"north": {
					"uv": [3.5, 5, 4, 5.5],
					"texture": "#texture"
				},
				"east": {
					"uv": [1.5, 5, 4, 5.5],
					"texture": "#texture"
				},
				"south": {
					"uv": [3.5, 5, 4, 5.5],
					"texture": "#texture"
				},
				"west": {
					"uv": [1, 5, 3.5, 5.5],
					"texture": "#texture"
				},
				"down": {
					"uv": [3, 5.25, 3.5, 7.75],
					"texture": "#texture"
				}
			}
		},
		{
			"name": "cube",
			"from": [5.5, 6.5, 5.75],
			"to": [7, 7, 8.25],
			"faces": {
				"north": {
					"uv": [4, 4, 5.5, 4.5],
					"texture": "#texture"
				},
				"south": {
					"uv": [4, 4, 5.5, 4.5],
					"texture": "#texture"
				},
				"west": {
					"uv": [4, 4, 5.5, 4.5],
					"texture": "#texture"
				},
				"up": {
					"uv": [4, 4, 5.5, 4.5],
					"texture": "#texture"
				},
				"down": {
					"uv": [4, 4, 5.5, 4.5],
					"texture": "#texture"
				}
			}
		},
		{
			"name": "cube",
			"from": [7, 8, 5.5],
			"to": [7.5, 8.5, 8.5],
			"faces": {
				"north": {
					"uv": [3.5, 2.5, 4, 3],
					"texture": "#texture"
				},
				"east": {
					"uv": [3.5, 2.5, 4, 3],
					"texture": "#texture"
				},
				"south": {
					"uv": [3.5, 2.5, 4, 3],
					"texture": "#texture"
				},
				"up": {
					"uv": [3.5, 2.5, 4, 3],
					"texture": "#texture"
				},
				"down": {
					"uv": [3.5, 2.5, 4, 3],
					"texture": "#texture"
				}
			}
		},
		{
			"name": "cube",
			"from": [10, 7.5, 5.75],
			"to": [10.5, 9, 8.25],
			"faces": {
				"north": {
					"uv": [0.5, 2, 1, 3.5],
					"texture": "#texture"
				},
				"east": {
					"uv": [2, 4.5, 4, 5.75],
					"texture": "#texture"
				},
				"south": {
					"uv": [0.5, 2, 1, 3.5],
					"texture": "#texture"
				},
				"up": {
					"uv": [3.5, 5.75, 4, 8.25],
					"texture": "#texture"
				},
				"down": {
					"uv": [3.5, 5.75, 4, 8.25],
					"texture": "#texture"
				}
			}
		},
		{
			"name": "cube",
			"from": [9, 6.5, 5.75],
			"to": [10.5, 7, 8.25],
			"faces": {
				"north": {
					"uv": [4, 4, 5.5, 4.5],
					"texture": "#texture"
				},
				"east": {
					"uv": [4, 4, 5.5, 4.5],
					"texture": "#texture"
				},
				"south": {
					"uv": [4, 4, 5.5, 4.5],
					"texture": "#texture"
				},
				"up": {
					"uv": [4, 4, 5.5, 4.5],
					"texture": "#texture"
				},
				"down": {
					"uv": [4, 4, 5.5, 4.5],
					"texture": "#texture"
				}
			}
		},
		{
			"name": "cube",
			"from": [6.5, 6, 5.5],
			"to": [7, 6.5, 8.5],
			"faces": {
				"north": {
					"uv": [4, 4.5, 4.5, 5],
					"texture": "#texture"
				},
				"east": {
					"uv": [4, 4.5, 4.5, 5],
					"texture": "#texture"
				},
				"south": {
					"uv": [4, 4.5, 4.5, 5],
					"texture": "#texture"
				},
				"west": {
					"uv": [4, 4.5, 4.5, 5],
					"texture": "#texture"
				},
				"up": {
					"uv": [4, 4.5, 4.5, 5],
					"texture": "#texture"
				},
				"down": {
					"uv": [4, 4.5, 4.5, 5],
					"texture": "#texture"
				}
			}
		},
		{
			"name": "cube",
			"from": [6, 6, 5.75],
			"to": [6.5, 6.5, 8.25],
			"faces": {
				"north": {
					"uv": [4.5, 4.5, 5, 5],
					"texture": "#texture"
				},
				"south": {
					"uv": [4.5, 4.5, 5, 5],
					"texture": "#texture"
				},
				"west": {
					"uv": [2, 9.5, 4, 10],
					"texture": "#texture"
				},
				"down": {
					"uv": [8.25, 6.5, 8.75, 9],
					"texture": "#texture"
				}
			}
		},
		{
			"name": "cube",
			"from": [10.5, 8, 6],
			"to": [11, 9, 8],
			"faces": {
				"north": {
					"uv": [0, 2, 0.5, 3],
					"texture": "#texture"
				},
				"east": {
					"uv": [0, 2, 0.5, 3],
					"texture": "#texture"
				},
				"south": {
					"uv": [0, 2, 0.5, 3],
					"texture": "#texture"
				},
				"down": {
					"uv": [0, 2.5, 0.5, 3],
					"texture": "#texture"
				}
			}
		},
		{
			"name": "cube",
			"from": [10.5, 6.5, 6.25],
			"to": [11, 7, 7.75],
			"faces": {
				"north": {
					"uv": [5, 9, 5.5, 9.5],
					"texture": "#particle"
				},
				"east": {
					"uv": [4.5, 9.5, 6, 10],
					"texture": "#particle"
				},
				"south": {
					"uv": [5, 9, 5.5, 9.5],
					"texture": "#particle"
				},
				"up": {
					"uv": [5, 9, 5.5, 10.5],
					"texture": "#particle"
				}
			}
		},
		{
			"name": "cube",
			"from": [10, 6, 6.25],
			"to": [11.5, 6.5, 7.75],
			"faces": {
				"north": {
					"uv": [4.5, 9.5, 6, 10],
					"texture": "#particle"
				},
				"east": {
					"uv": [5, 10, 6.5, 10.5],
					"texture": "#particle"
				},
				"south": {
					"uv": [4.5, 9.5, 6, 10],
					"texture": "#particle"
				},
				"up": {
					"uv": [5, 13, 6, 14],
					"texture": "#particle"
				},
				"down": {
					"uv": [5, 13, 6, 14],
					"texture": "#particle"
				}
			}
		},
		{
			"name": "cube",
			"from": [9.5, 5.5, 6.25],
			"to": [11, 6, 7.75],
			"faces": {
				"north": {
					"uv": [5, 10, 6.5, 10.5],
					"texture": "#particle"
				},
				"east": {
					"uv": [5, 10, 6.5, 10.5],
					"texture": "#particle"
				},
				"south": {
					"uv": [5, 10, 6.5, 10.5],
					"texture": "#particle"
				},
				"up": {
					"uv": [5, 13, 5.5, 13.5],
					"texture": "#particle"
				},
				"down": {
					"uv": [5, 13, 5.5, 13.5],
					"texture": "#particle"
				}
			}
		},
		{
			"name": "cube",
			"from": [10.5, 5, 6.25],
			"to": [11, 5.5, 7.75],
			"faces": {
				"north": {
					"uv": [5, 9.5, 5.5, 10],
					"texture": "#particle"
				},
				"east": {
					"uv": [5, 9, 6.5, 9.5],
					"texture": "#particle"
				},
				"south": {
					"uv": [5, 9.5, 5.5, 10],
					"texture": "#particle"
				},
				"west": {
					"uv": [5, 9, 6.5, 9.5],
					"texture": "#particle"
				},
				"down": {
					"uv": [5, 8.5, 5.5, 10],
					"texture": "#particle"
				}
			}
		},
		{
			"name": "cube",
			"from": [11, 4.5, 6.25],
			"to": [11.5, 5, 7.75],
			"faces": {
				"north": {
					"uv": [5, 9.5, 5.5, 10],
					"texture": "#particle"
				},
				"east": {
					"uv": [6.25, 13, 7.75, 13.5],
					"texture": "#particle"
				},
				"south": {
					"uv": [5, 9.5, 5.5, 10],
					"texture": "#particle"
				},
				"west": {
					"uv": [6.25, 13, 7.75, 13.5],
					"texture": "#particle"
				},
				"up": {
					"uv": [3.5, 12, 4, 13.5],
					"texture": "#particle"
				},
				"down": {
					"uv": [3.5, 12, 4, 13.5],
					"texture": "#particle"
				}
			}
		},
		{
			"name": "cube",
			"from": [12, 1.5, 6.25],
			"to": [12.5, 4, 7.75],
			"faces": {
				"north": {
					"uv": [3.5, 12, 4, 14.5],
					"texture": "#particle"
				},
				"east": {
					"uv": [5, 13, 5.5, 15.5],
					"texture": "#particle"
				},
				"south": {
					"uv": [3.5, 12, 4, 14.5],
					"texture": "#particle"
				},
				"west": {
					"uv": [5, 13, 5.5, 15.5],
					"texture": "#particle"
				},
				"up": {
					"uv": [3.5, 12, 4, 13.5],
					"texture": "#particle"
				},
				"down": {
					"uv": [3.5, 12.5, 4, 14],
					"texture": "#particle"
				}
			}
		},
		{
			"name": "cube",
			"from": [3.5, 8.5, 6.25],
			"to": [4, 9, 7.75],
			"faces": {
				"north": {
					"uv": [5, 9.5, 5.5, 10],
					"texture": "#particle"
				},
				"east": {
					"uv": [5, 10, 6.5, 10.5],
					"texture": "#particle"
				},
				"south": {
					"uv": [5, 9.5, 5.5, 10],
					"texture": "#particle"
				},
				"west": {
					"uv": [5, 10, 6.5, 10.5],
					"texture": "#particle"
				},
				"up": {
					"uv": [5, 9, 5.5, 10.5],
					"texture": "#particle"
				},
				"down": {
					"uv": [5, 8.5, 5.5, 10],
					"texture": "#particle"
				}
			}
		},
		{
			"name": "cube",
			"from": [4, 9, 6.25],
			"to": [5, 9.5, 7.75],
			"faces": {
				"north": {
					"uv": [5, 9.5, 5.5, 10],
					"texture": "#particle"
				},
				"south": {
					"uv": [5, 9.5, 5.5, 10],
					"texture": "#particle"
				},
				"west": {
					"uv": [5, 10, 6.5, 10.5],
					"texture": "#particle"
				},
				"up": {
					"uv": [5, 9.25, 5.5, 10.75],
					"texture": "#particle"
				},
				"down": {
					"uv": [5, 9.25, 5.5, 10.75],
					"texture": "#particle"
				}
			}
		},
		{
			"name": "cube",
			"from": [5, 9.5, 6.25],
			"to": [6, 10, 7.75],
			"faces": {
				"north": {
					"uv": [5, 9.5, 5.5, 10],
					"texture": "#particle"
				},
				"south": {
					"uv": [5, 9.5, 5.5, 10],
					"texture": "#particle"
				},
				"west": {
					"uv": [5, 10, 6.5, 10.5],
					"texture": "#particle"
				},
				"up": {
					"uv": [5, 9, 5.5, 10.5],
					"texture": "#particle"
				}
			}
		},
		{
			"name": "cube",
			"from": [4.5, 11.5, 6.25],
			"to": [5, 12.5, 7.75],
			"faces": {
				"north": {
					"uv": [4.5, 3, 5, 4],
					"texture": "#particle"
				},
				"east": {
					"uv": [4.5, 3, 5, 4],
					"texture": "#particle"
				},
				"south": {
					"uv": [4.5, 3, 5, 4],
					"texture": "#particle"
				},
				"west": {
					"uv": [4.5, 3, 5, 4],
					"texture": "#particle"
				},
				"up": {
					"uv": [4.5, 3, 5, 4],
					"texture": "#particle"
				},
				"down": {
					"uv": [4.5, 3, 5, 4],
					"texture": "#particle"
				}
			}
		},
		{
			"name": "cube",
			"from": [11, 11.5, 6.25],
			"to": [11.5, 12.5, 7.75],
			"faces": {
				"north": {
					"uv": [11, 3, 11.5, 4],
					"texture": "#particle"
				},
				"east": {
					"uv": [11, 3, 11.5, 4],
					"texture": "#particle"
				},
				"south": {
					"uv": [11, 3, 11.5, 4],
					"texture": "#particle"
				},
				"west": {
					"uv": [11, 3, 11.5, 4],
					"texture": "#particle"
				},
				"up": {
					"uv": [11, 3, 11.5, 4],
					"texture": "#particle"
				},
				"down": {
					"uv": [11, 3, 11.5, 4],
					"texture": "#particle"
				}
			}
		},
		{
			"name": "cube",
			"from": [10, 14.5, 6.25],
			"to": [10.5, 16, 7.75],
			"faces": {
				"north": {
					"uv": [6.5, 2, 7, 3.5],
					"texture": "#particle"
				},
				"east": {
					"uv": [6.5, 2, 7, 3.5],
					"texture": "#particle"
				},
				"south": {
					"uv": [6.5, 2, 7, 3.5],
					"texture": "#particle"
				},
				"west": {
					"uv": [6.5, 2, 7, 3.5],
					"texture": "#particle"
				},
				"up": {
					"uv": [6.5, 2, 7, 3.5],
					"texture": "#particle",
					"cullface": "up"
				},
				"down": {
					"uv": [6.5, 2, 7, 3.5],
					"texture": "#particle"
				}
			}
		},
		{
			"name": "cube",
			"from": [10.5, 12.5, 6.25],
			"to": [11, 14.5, 7.75],
			"faces": {
				"north": {
					"uv": [10.5, 1, 11, 3],
					"texture": "#particle"
				},
				"east": {
					"uv": [10.5, 1, 11, 3],
					"texture": "#particle"
				},
				"south": {
					"uv": [10.5, 1, 11, 3],
					"texture": "#particle"
				},
				"west": {
					"uv": [10.5, 1, 11, 3],
					"texture": "#particle"
				},
				"up": {
					"uv": [10.5, 1, 11, 2.5],
					"texture": "#particle"
				},
				"down": {
					"uv": [10.5, 1, 11, 2.5],
					"texture": "#particle"
				}
			}
		},
		{
			"name": "cube",
			"from": [4.5, 10, 6.75],
			"to": [5, 11.5, 7.25],
			"faces": {
				"north": {
					"uv": [5, 4.5, 4.5, 6],
					"texture": "#particle"
				},
				"east": {
					"uv": [4.5, 5.5, 5, 6],
					"texture": "#particle"
				},
				"south": {
					"uv": [4.5, 4.5, 5, 6],
					"texture": "#particle"
				}
			}
		},
		{
			"name": "cube",
			"from": [11, 10, 6.75],
			"to": [11.5, 11.5, 7.25],
			"faces": {
				"north": {
					"uv": [11.5, 4.5, 11, 6],
					"texture": "#particle"
				},
				"south": {
					"uv": [11, 4.5, 11.5, 6],
					"texture": "#particle"
				},
				"west": {
					"uv": [11, 4.25, 11.5, 4.75],
					"texture": "#particle"
				}
			}
		},
		{
			"name": "cube",
			"from": [14, 7.5, 6.5],
			"to": [15, 9, 7.5],
			"faces": {
				"north": {
					"uv": [13.5, 7.5, 14, 9],
					"texture": "#particle"
				},
				"east": {
					"uv": [12.25, 5, 13.25, 6.5],
					"texture": "#particle"
				},
				"south": {
					"uv": [13.5, 7.5, 14, 9],
					"texture": "#particle"
				},
				"up": {
					"uv": [13.5, 6.5, 14, 7],
					"texture": "#particle"
				},
				"down": {
					"uv": [13.5, 7.25, 14, 7.75],
					"texture": "#particle"
				}
			}
		},
		{
			"name": "cube",
			"from": [11.5, 4, 6.25],
			"to": [12, 4.5, 7.75],
			"faces": {
				"north": {
					"uv": [5, 10, 5.5, 10.5],
					"texture": "#particle"
				},
				"east": {
					"uv": [6.25, 13, 7.75, 13.5],
					"texture": "#particle"
				},
				"south": {
					"uv": [5, 9.5, 5.5, 10],
					"texture": "#particle"
				},
				"west": {
					"uv": [6.25, 13, 7.75, 13.5],
					"texture": "#particle"
				},
				"up": {
					"uv": [3.5, 12.75, 4, 14.25],
					"texture": "#particle"
				},
				"down": {
					"uv": [3.5, 12.75, 4, 14.25],
					"texture": "#particle"
				}
			}
		},
		{
			"name": "cube",
			"from": [10, 9.5, 6.25],
			"to": [11, 10, 7.75],
			"faces": {
				"north": {
					"uv": [5, 9.5, 5.5, 10],
					"texture": "#particle"
				},
				"east": {
					"uv": [5, 10, 6.5, 10.5],
					"texture": "#particle"
				},
				"south": {
					"uv": [5, 9.5, 5.5, 10],
					"texture": "#particle"
				},
				"up": {
					"uv": [5, 9, 5.5, 10.5],
					"texture": "#particle"
				}
			}
		},
		{
			"name": "cube",
			"from": [11, 9, 6.25],
			"to": [12, 9.5, 7.75],
			"faces": {
				"north": {
					"uv": [5, 9.5, 5.5, 10],
					"texture": "#particle"
				},
				"east": {
					"uv": [5, 10, 6.5, 10.5],
					"texture": "#particle"
				},
				"south": {
					"uv": [5, 9.5, 5.5, 10],
					"texture": "#particle"
				},
				"up": {
					"uv": [5, 9.25, 5.5, 10.75],
					"texture": "#particle"
				},
				"down": {
					"uv": [5, 9.25, 5.5, 10.75],
					"texture": "#particle"
				}
			}
		},
		{
			"name": "cube",
			"from": [12, 8.5, 6.25],
			"to": [12.5, 9, 7.75],
			"faces": {
				"north": {
					"uv": [5, 9.5, 5.5, 10],
					"texture": "#particle"
				},
				"east": {
					"uv": [5, 10, 6.5, 10.5],
					"texture": "#particle"
				},
				"south": {
					"uv": [5, 9.5, 5.5, 10],
					"texture": "#particle"
				},
				"west": {
					"uv": [5, 10, 6.5, 10.5],
					"texture": "#particle"
				},
				"up": {
					"uv": [5, 9, 5.5, 10.5],
					"texture": "#particle"
				},
				"down": {
					"uv": [5, 8.5, 5.5, 10],
					"texture": "#particle"
				}
			}
		},
		{
			"name": "cube",
			"from": [12.5, 7.5, 6.25],
			"to": [13, 8.5, 7.75],
			"faces": {
				"north": {
					"uv": [3, 7.5, 3.5, 8.5],
					"texture": "#particle"
				},
				"east": {
					"uv": [3, 7.5, 3.5, 8.5],
					"texture": "#particle"
				},
				"south": {
					"uv": [3, 7.5, 3.5, 8.5],
					"texture": "#particle"
				},
				"west": {
					"uv": [3, 7.5, 3.5, 8.5],
					"texture": "#particle"
				},
				"up": {
					"uv": [3, 7.5, 3.5, 8.5],
					"texture": "#particle"
				},
				"down": {
					"uv": [3, 7.5, 3.5, 8.5],
					"texture": "#particle"
				}
			}
		}
	],
	"groups": [
		0,
		1,
		2,
		3,
		4,
		5,
		6,
		7,
		8,
		9,
		10,
		11,
		12,
		13,
		14,
		15,
		16,
		17,
		18,
		19,
		20,
		21,
		22,
		23,
		24,
		25,
		26,
		27,
		28,
		29,
		30,
		31,
		32,
		33,
		34,
		35,
		36,
		37,
		38,
		39,
		40,
		41,
		42,
		43,
		44,
		45,
		46,
		47,
		48,
		49,
		50,
		51,
		52,
		53,
		54,
		55,
		56,
		57,
		58,
		59,
		60,
		61,
		62,
		63,
		64,
		65,
		66,
		67,
		68,
		69,
		70,
		71,
		72,
		73,
		74,
		75,
		76,
		77,
		78,
		79,
		80,
		81,
		82,
		83,
		84,
		85,
		86,
		87,
		88,
		89,
		90,
		91,
		92,
		93,
		94,
		95,
		96,
		97,
		98,
		99,
		100,
		101,
		102,
		103,
		104,
		105,
		106,
		107,
		108,
		109,
		110,
		111,
		112,
		113,
		114,
		115,
		116,
		117,
		118,
		119,
		120,
		121,
		122,
		123,
		124,
		125,
		126,
		127,
		128,
		129,
		130,
		131,
		132,
		133,
		134,
		135,
		136,
		137,
		138,
		139,
		140,
		141,
		142,
		143,
		144,
		145,
		146,
		147,
		148,
		149
	],
	"display": {
		"thirdperson_righthand": {
			"rotation": [-26, 67, 20],
			"translation": [-0.57, 12, -0.5],
			"scale": [1, 1, 1]
		},
		"firstperson_righthand": {
			"rotation": [-28, -75, 0],
			"translation": [-0.38, 8.13, -6.24],
			"scale": [1, 1, 1]
		},
		"gui": {
			"rotation": [0, 0, -45],
			"translation": [1.89, 1.89, 0],
			"scale": [0.6, 0.6, 0.6]
		},
		"thirdperson_lefthand": {
			"scale": [1, 1, 1],
			"rotation": [-26, 67, 20],
			"translation": [-0.57, 12, -0.5]
		},
		"firstperson_lefthand": {
			"scale": [1, 1, 1],
			"rotation": [-28, -75, 0],
			"translation": [-0.5, 8, -5.5]
		},
		"head": {
			"translation": [4, -21.5, 7],
			"scale": [1.525, 1.6, 0],
			"rotation": [0, 0, -142]
		},
		"ground": {
			"scale": [1.45, 1.3, 1.075],
			"translation": [0, 1, 0],
			"rotation": [83, 0, 0]
		},
		"fixed": {"scale": [1, 1, 1]}
	}
}