{
	"credit": "Made By Bailey",
	"textures": {"texture": "block/diamond_sword/8"},
	"elements": [
		{
			"name": "cube",
			"from": [2.19608, 5.33333, 1.88235],
			"to": [4.70588, 5.64706, 2.19608],
			"faces": {
				"north": {
					"uv": [9.75, 4.9375, 10.25, 5],
					"texture": "#texture"
				},
				"south": {
					"uv": [10.25, 4.9375, 10.75, 5],
					"texture": "#texture"
				}
			}
		},
		{
			"name": "cube",
			"from": [22.9019, 5.64707, 0.941187],
			"to": [23.5294, 6.58825, 1.25491],
			"faces": {
				"north": {
					"uv": [7.875, 0, 8, 0.1875],
					"texture": "#texture"
				},
				"east": {
					"uv": [7.875, 0, 7.9375, 0.1875],
					"texture": "#texture"
				},
				"west": {
					"uv": [7.9375, 0, 8, 0.1875],
					"texture": "#texture"
				},
				"up": {
					"uv": [0.9375, 0.875, 1, 1],
					"texture": "#texture",
					"rotation": 270
				},
				"down": {
					"uv": [0.75, 0.625, 0.8125, 0.75],
					"texture": "#texture",
					"rotation": 270
				}
			}
		},
		{
			"name": "cube",
			"from": [21.0196, 5.64707, 3.13726],
			"to": [21.6471, 6.58825, 3.45098],
			"faces": {
				"east": {
					"uv": [9.125, 0, 9.1875, 0.1875],
					"texture": "#texture"
				},
				"south": {
					"uv": [9.25, 0, 9.375, 0.1875],
					"texture": "#texture"
				},
				"west": {
					"uv": [9.1875, 0, 9.25, 0.1875],
					"texture": "#texture"
				},
				"up": {
					"uv": [3.25, 0.125, 3.3125, 0.25],
					"texture": "#texture",
					"rotation": 270
				},
				"down": {
					"uv": [13.8125, 0.0625, 13.875, 0.1875],
					"texture": "#texture",
					"rotation": 270
				}
			}
		},
		{
			"name": "cube",
			"from": [-15.0588, 0.313724, 1.88235],
			"to": [-14.1176, 0.62745, 2.19608],
			"faces": {
				"north": {
					"uv": [9.375, 5.0625, 9.5625, 5.125],
					"texture": "#texture"
				},
				"east": {
					"uv": [9.375, 5.0625, 9.4375, 5.125],
					"texture": "#texture"
				},
				"south": {
					"uv": [9.5625, 5.0625, 9.75, 5.125],
					"texture": "#texture"
				},
				"down": {
					"uv": [13.625, 0, 13.6875, 0.1875],
					"texture": "#texture",
					"rotation": 270
				}
			}
		},
		{
			"name": "cube",
			"from": [-16, 0.313724, 1.88235],
			"to": [-15.0588, 0.62745, 2.19608],
			"faces": {
				"north": {
					"uv": [9.75, 5.0625, 9.9375, 5.125],
					"texture": "#texture"
				},
				"south": {
					"uv": [9.9375, 5.0625, 10.125, 5.125],
					"texture": "#texture"
				},
				"west": {
					"uv": [9.875, 5.0625, 9.9375, 5.125],
					"texture": "#texture"
				},
				"up": {
					"uv": [13.6875, 0, 13.75, 0.1875],
					"texture": "#texture",
					"rotation": 270
				},
				"down": {
					"uv": [13.6875, 0, 13.75, 0.1875],
					"texture": "#texture",
					"rotation": 270
				}
			}
		},
		{
			"name": "cube",
			"from": [25.4118, 5.33333, 1.25488],
			"to": [26.9804, 5.64706, 1.5686],
			"faces": {
				"north": {
					"uv": [14.6875, 5, 15, 5.0625],
					"texture": "#texture"
				},
				"down": {
					"uv": [5.625, 0, 5.6875, 0.3125],
					"texture": "#texture",
					"rotation": 270
				}
			}
		},
		{
			"name": "cube",
			"from": [18.1961, 5.33332, 2.82353],
			"to": [18.8235, 6.2745, 3.13726],
			"faces": {
				"west": {
					"uv": [9.4375, 0, 9.5, 0.1875],
					"texture": "#texture"
				}
			}
		},
		{
			"name": "cube",
			"from": [20.7059, 6.58821, 2.82353],
			"to": [21.6471, 6.90194, 3.13726],
			"faces": {
				"east": {
					"uv": [10.125, 5.0625, 10.1875, 5.125],
					"texture": "#texture"
				},
				"south": {
					"uv": [10.3125, 5.0625, 10.5, 5.125],
					"texture": "#texture"
				},
				"up": {
					"uv": [13.75, 0, 13.8125, 0.1875],
					"texture": "#texture",
					"rotation": 270
				}
			}
		},
		{
			"name": "cube",
			"from": [29.8039, 5.64706, 1.25488],
			"to": [30.7451, 5.96079, 1.5686],
			"faces": {
				"north": {
					"uv": [10.5, 5.0625, 10.6875, 5.125],
					"texture": "#texture"
				}
			}
		},
		{
			"name": "cube",
			"from": [20.0784, 6.27453, 1.25488],
			"to": [24.7843, 6.58825, 1.5686],
			"faces": {
				"north": {
					"uv": [9.625, 4.4375, 10.5625, 4.5],
					"texture": "#texture"
				}
			}
		},
		{
			"name": "cube",
			"from": [23.2157, 5.01961, 2.19608],
			"to": [24.7843, 5.33333, 2.50981],
			"faces": {
				"south": {
					"uv": [0.3125, 5.0625, 0.625, 5.125],
					"texture": "#texture"
				},
				"down": {
					"uv": [5.6875, 0, 5.75, 0.3125],
					"texture": "#texture",
					"rotation": 270
				}
			}
		},
		{
			"name": "cube",
			"from": [18.1961, 5.64705, 0.627438],
			"to": [19.1372, 6.2745, 0.941163],
			"faces": {
				"west": {
					"uv": [15.625, 0, 15.6875, 0.125],
					"texture": "#texture"
				}
			}
		},
		{
			"name": "cube",
			"from": [16.6274, 5.9608, 1.56862],
			"to": [17.5686, 6.58825, 1.88235],
			"faces": {
				"north": {
					"uv": [0, 3.1875, 0.1875, 3.3125],
					"texture": "#texture"
				},
				"west": {
					"uv": [0.125, 3.1875, 0.1875, 3.3125],
					"texture": "#texture"
				}
			}
		},
		{
			"name": "cube",
			"from": [16.6274, 5.64706, 1.56862],
			"to": [17.8823, 5.96079, 1.88235],
			"faces": {
				"north": {
					"uv": [4.625, 5.0625, 4.875, 5.125],
					"texture": "#texture"
				},
				"west": {
					"uv": [4.8125, 5.0625, 4.875, 5.125],
					"texture": "#texture"
				}
			}
		},
		{
			"name": "cube",
			"from": [18.1961, 6.58826, 3.13726],
			"to": [19.1372, 7.52944, 3.45098],
			"faces": {
				"east": {
					"uv": [7.5, 0, 7.5625, 0.1875],
					"texture": "#texture"
				},
				"south": {
					"uv": [7.5, 0, 7.6875, 0.1875],
					"texture": "#texture"
				},
				"west": {
					"uv": [7.5, 0, 7.5625, 0.1875],
					"texture": "#texture"
				},
				"up": {
					"uv": [1, 0.3125, 1.0625, 0.5],
					"texture": "#texture",
					"rotation": 270
				}
			}
		},
		{
			"name": "cube",
			"from": [24.7843, 5.64707, 0.941187],
			"to": [25.4118, 6.58825, 1.25491],
			"faces": {
				"north": {
					"uv": [9.625, 0, 9.75, 0.1875],
					"texture": "#texture"
				},
				"east": {
					"uv": [9.625, 0, 9.6875, 0.1875],
					"texture": "#texture"
				},
				"west": {
					"uv": [9.6875, 0, 9.75, 0.1875],
					"texture": "#texture"
				},
				"up": {
					"uv": [0.1875, 0.0625, 0.25, 0.1875],
					"texture": "#texture",
					"rotation": 270
				},
				"down": {
					"uv": [2.8125, 0.4375, 2.875, 0.5625],
					"texture": "#texture",
					"rotation": 270
				}
			}
		},
		{
			"name": "cube",
			"from": [13.1765, 5.64706, 1.88235],
			"to": [14.7451, 5.96079, 2.19608],
			"faces": {
				"north": {
					"uv": [0.625, 5.0625, 0.9375, 5.125],
					"texture": "#texture"
				},
				"south": {
					"uv": [0.9375, 5.0625, 1.25, 5.125],
					"texture": "#texture"
				},
				"down": {
					"uv": [5.75, 0, 5.8125, 0.3125],
					"texture": "#texture",
					"rotation": 270
				}
			}
		},
		{
			"name": "cube",
			"from": [10.3529, 5.33333, 1.88235],
			"to": [14.1177, 5.64706, 2.19608],
			"faces": {
				"north": {
					"uv": [7.3125, 4.875, 8.0625, 4.9375],
					"texture": "#texture"
				},
				"east": {
					"uv": [7.3125, 4.875, 7.375, 4.9375],
					"texture": "#texture"
				},
				"south": {
					"uv": [8.0625, 4.875, 8.8125, 4.9375],
					"texture": "#texture"
				},
				"down": {
					"uv": [2.6875, 0, 2.75, 0.75],
					"texture": "#texture",
					"rotation": 270
				}
			}
		},
		{
			"name": "cube",
			"from": [30.7451, 5.96077, 2.50981],
			"to": [31.6863, 6.2745, 2.82353],
			"faces": {
				"east": {
					"uv": [9.5625, 4.375, 9.625, 4.4375],
					"texture": "#texture"
				},
				"south": {
					"uv": [5.3125, 4.4375, 5.5, 4.5],
					"texture": "#texture"
				}
			}
		},
		{
			"name": "cube",
			"from": [13.4902, 6.27453, 1.88235],
			"to": [14.4314, 6.58825, 2.19608],
			"faces": {
				"north": {
					"uv": [10.875, 5.0625, 11.0625, 5.125],
					"texture": "#texture"
				},
				"south": {
					"uv": [11.0625, 5.0625, 11.25, 5.125],
					"texture": "#texture"
				}
			}
		},
		{
			"name": "cube",
			"from": [21.6471, 5.33334, 1.25488],
			"to": [22.902, 5.96079, 1.5686],
			"faces": {
				"north": {
					"uv": [15.375, 0, 15.625, 0.125],
					"texture": "#texture"
				},
				"down": {
					"uv": [6.4375, 0, 6.5, 0.25],
					"texture": "#texture",
					"rotation": 270
				}
			}
		},
		{
			"name": "cube",
			"from": [-1.88237, 4.70588, 1.88235],
			"to": [-0.627475, 5.01961, 2.19608],
			"faces": {
				"north": {
					"uv": [4.875, 5.0625, 5.125, 5.125],
					"texture": "#texture"
				},
				"south": {
					"uv": [5.125, 5.0625, 5.375, 5.125],
					"texture": "#texture"
				},
				"west": {
					"uv": [5.0625, 5.0625, 5.125, 5.125],
					"texture": "#texture"
				},
				"up": {
					"uv": [6.5, 0, 6.5625, 0.25],
					"texture": "#texture",
					"rotation": 270
				}
			}
		},
		{
			"name": "cube",
			"from": [30.4314, 5.64707, 2.82353],
			"to": [31.0588, 6.58825, 3.13726],
			"faces": {
				"east": {
					"uv": [9.75, 0, 9.8125, 0.1875],
					"texture": "#texture"
				},
				"south": {
					"uv": [9.875, 0, 10, 0.1875],
					"texture": "#texture"
				},
				"west": {
					"uv": [9.8125, 0, 9.875, 0.1875],
					"texture": "#texture"
				},
				"up": {
					"uv": [1.1875, 0.375, 1.25, 0.5],
					"texture": "#texture",
					"rotation": 270
				},
				"down": {
					"uv": [2.0625, 3.1875, 2.125, 3.3125],
					"texture": "#texture",
					"rotation": 270
				}
			}
		},
		{
			"name": "cube",
			"from": [20.7059, 5.64705, 2.82353],
			"to": [21.6471, 6.2745, 3.13726],
			"faces": {
				"east": {
					"uv": [0.1875, 3.1875, 0.25, 3.3125],
					"texture": "#texture"
				},
				"south": {
					"uv": [0.375, 3.1875, 0.5625, 3.3125],
					"texture": "#texture"
				}
			}
		},
		{
			"name": "cube",
			"from": [29.4902, 5.64707, 2.82353],
			"to": [30.1176, 6.58825, 3.13726],
			"faces": {
				"east": {
					"uv": [10, 0, 10.0625, 0.1875],
					"texture": "#texture"
				},
				"south": {
					"uv": [10.125, 0, 10.25, 0.1875],
					"texture": "#texture"
				},
				"west": {
					"uv": [10.0625, 0, 10.125, 0.1875],
					"texture": "#texture"
				},
				"up": {
					"uv": [2.1875, 3.1875, 2.25, 3.3125],
					"texture": "#texture",
					"rotation": 270
				},
				"down": {
					"uv": [2.125, 3.1875, 2.1875, 3.3125],
					"texture": "#texture",
					"rotation": 270
				}
			}
		},
		{
			"name": "cube",
			"from": [31.3726, 5.33333, 2.19608],
			"to": [32, 5.64706, 2.50981],
			"faces": {
				"east": {
					"uv": [10.25, 5.0625, 10.3125, 5.125],
					"texture": "#texture"
				},
				"south": {
					"uv": [2.5625, 4.5625, 2.6875, 4.625],
					"texture": "#texture"
				},
				"down": {
					"uv": [2.25, 3.1875, 2.3125, 3.3125],
					"texture": "#texture",
					"rotation": 270
				}
			}
		},
		{
			"name": "cube",
			"from": [28.549, 5.64707, 2.82353],
			"to": [29.1765, 6.58825, 3.13726],
			"faces": {
				"east": {
					"uv": [10.25, 0, 10.3125, 0.1875],
					"texture": "#texture"
				},
				"south": {
					"uv": [10.375, 0, 10.5, 0.1875],
					"texture": "#texture"
				},
				"west": {
					"uv": [10.3125, 0, 10.375, 0.1875],
					"texture": "#texture"
				},
				"up": {
					"uv": [0.75, 0.25, 0.8125, 0.375],
					"texture": "#texture",
					"rotation": 270
				},
				"down": {
					"uv": [2.3125, 3.1875, 2.375, 3.3125],
					"texture": "#texture",
					"rotation": 270
				}
			}
		},
		{
			"name": "cube",
			"from": [30.1176, 6.90196, 2.19608],
			"to": [31.6863, 7.21569, 2.50981],
			"faces": {
				"east": {
					"uv": [10.4375, 4.4375, 10.5, 4.5],
					"texture": "#texture"
				},
				"south": {
					"uv": [1.25, 5.0625, 1.5625, 5.125],
					"texture": "#texture"
				},
				"up": {
					"uv": [5.875, 0, 5.9375, 0.3125],
					"texture": "#texture",
					"rotation": 270
				}
			}
		},
		{
			"name": "cube",
			"from": [18.1961, 6.58826, 0.627438],
			"to": [19.1372, 7.52944, 0.941163],
			"faces": {
				"north": {
					"uv": [7.6875, 0, 7.875, 0.1875],
					"texture": "#texture"
				},
				"east": {
					"uv": [7.6875, 0, 7.75, 0.1875],
					"texture": "#texture"
				},
				"west": {
					"uv": [7.6875, 0, 7.75, 0.1875],
					"texture": "#texture"
				},
				"up": {
					"uv": [5.8125, 0.0625, 5.875, 0.25],
					"texture": "#texture",
					"rotation": 270
				}
			}
		},
		{
			"name": "cube",
			"from": [18.8235, 5.64706, 2.82353],
			"to": [20.7058, 5.96079, 3.13726],
			"faces": {
				"south": {
					"uv": [12.4375, 5, 12.8125, 5.0625],
					"texture": "#texture"
				}
			}
		},
		{
			"name": "cube",
			"from": [30.7451, 5.33334, 1.25488],
			"to": [31.6863, 5.96079, 1.5686],
			"faces": {
				"north": {
					"uv": [0.5625, 3.1875, 0.75, 3.3125],
					"texture": "#texture"
				},
				"east": {
					"uv": [0.5625, 3.1875, 0.625, 3.3125],
					"texture": "#texture"
				},
				"down": {
					"uv": [13.875, 0, 13.9375, 0.1875],
					"texture": "#texture",
					"rotation": 270
				}
			}
		},
		{
			"name": "cube",
			"from": [24.7843, 6.90196, 1.56862],
			"to": [26.0392, 7.21569, 1.88235],
			"faces": {
				"north": {
					"uv": [5.375, 5.0625, 5.625, 5.125],
					"texture": "#texture"
				},
				"up": {
					"uv": [6.5625, 0, 6.625, 0.25],
					"texture": "#texture",
					"rotation": 270
				}
			}
		},
		{
			"name": "cube",
			"from": [31.3726, 5.9608, 1.56862],
			"to": [32, 6.58825, 1.88235],
			"faces": {
				"north": {
					"uv": [1.6875, 3.1875, 1.8125, 3.3125],
					"texture": "#texture"
				},
				"east": {
					"uv": [1.6875, 3.1875, 1.75, 3.3125],
					"texture": "#texture"
				}
			}
		},
		{
			"name": "cube",
			"from": [-3.13725, 3.76471, 1.88235],
			"to": [-1.88235, 4.07843, 2.19608],
			"faces": {
				"north": {
					"uv": [5.625, 5.0625, 5.875, 5.125],
					"texture": "#texture"
				},
				"south": {
					"uv": [5.875, 5.0625, 6.125, 5.125],
					"texture": "#texture"
				}
			}
		},
		{
			"name": "cube",
			"from": [18.1961, 7.21571, 1.56862],
			"to": [21.647, 7.52944, 1.88235],
			"faces": {
				"north": {
					"uv": [11.75, 4.875, 12.4375, 4.9375],
					"texture": "#texture"
				},
				"east": {
					"uv": [1.75, 3.1875, 1.8125, 3.25],
					"texture": "#texture"
				},
				"west": {
					"uv": [15.625, 0, 15.6875, 0.0625],
					"texture": "#texture"
				},
				"up": {
					"uv": [3.1875, 0, 3.25, 0.6875],
					"texture": "#texture",
					"rotation": 270
				}
			}
		},
		{
			"name": "cube",
			"from": [23.8431, 5.64707, 2.82353],
			"to": [24.4706, 6.58825, 3.13726],
			"faces": {
				"east": {
					"uv": [10.5, 0, 10.5625, 0.1875],
					"texture": "#texture"
				},
				"south": {
					"uv": [10.625, 0, 10.75, 0.1875],
					"texture": "#texture"
				},
				"west": {
					"uv": [10.5625, 0, 10.625, 0.1875],
					"texture": "#texture"
				},
				"up": {
					"uv": [2.375, 3.1875, 2.4375, 3.3125],
					"texture": "#texture",
					"rotation": 270
				},
				"down": {
					"uv": [2.5, 0.5, 2.5625, 0.625],
					"texture": "#texture",
					"rotation": 270
				}
			}
		},
		{
			"name": "cube",
			"from": [18.1961, 4.70588, 0.941187],
			"to": [19.1372, 5.33333, 1.25491],
			"faces": {
				"east": {
					"uv": [7.5625, 0.0625, 7.625, 0.1875],
					"texture": "#texture"
				},
				"west": {
					"uv": [7.5625, 0.0625, 7.625, 0.1875],
					"texture": "#texture"
				},
				"down": {
					"uv": [3.0625, 0, 3.125, 0.1875],
					"texture": "#texture",
					"rotation": 270
				}
			}
		},
		{
			"name": "cube",
			"from": [-7.84313, 2.50981, 1.88235],
			"to": [-5.33333, 2.82353, 2.19608],
			"faces": {
				"north": {
					"uv": [10.75, 4.9375, 11.25, 5],
					"texture": "#texture"
				},
				"east": {
					"uv": [10.75, 4.9375, 10.8125, 5],
					"texture": "#texture"
				},
				"south": {
					"uv": [11.25, 4.9375, 11.75, 5],
					"texture": "#texture"
				},
				"down": {
					"uv": [3.9375, 0, 4, 0.5],
					"texture": "#texture",
					"rotation": 270
				}
			}
		},
		{
			"name": "cube",
			"from": [19.1373, 5.64705, 0.627438],
			"to": [19.7647, 6.2745, 0.941163],
			"faces": {
				"north": {
					"uv": [1.8125, 3.1875, 1.9375, 3.3125],
					"texture": "#texture"
				},
				"east": {
					"uv": [1.8125, 3.1875, 1.875, 3.3125],
					"texture": "#texture"
				},
				"down": {
					"uv": [2.4375, 3.1875, 2.5, 3.3125],
					"texture": "#texture",
					"rotation": 270
				}
			}
		},
		{
			"name": "cube",
			"from": [-1.88237, 3.45098, 1.88235],
			"to": [-0.941199, 3.76471, 2.19608],
			"faces": {
				"north": {
					"uv": [11.25, 5.0625, 11.4375, 5.125],
					"texture": "#texture"
				},
				"east": {
					"uv": [11.25, 5.0625, 11.3125, 5.125],
					"texture": "#texture"
				},
				"south": {
					"uv": [11.4375, 5.0625, 11.625, 5.125],
					"texture": "#texture"
				},
				"down": {
					"uv": [13.9375, 0, 14, 0.1875],
					"texture": "#texture",
					"rotation": 270
				}
			}
		},
		{
			"name": "cube",
			"from": [20.0784, 5.64707, 3.13726],
			"to": [20.7059, 6.58825, 3.45098],
			"faces": {
				"east": {
					"uv": [10.75, 0, 10.8125, 0.1875],
					"texture": "#texture"
				},
				"south": {
					"uv": [10.875, 0, 11, 0.1875],
					"texture": "#texture"
				},
				"west": {
					"uv": [9.1875, 0, 9.25, 0.1875],
					"texture": "#texture"
				},
				"up": {
					"uv": [2.5, 3.1875, 2.5625, 3.3125],
					"texture": "#texture",
					"rotation": 270
				},
				"down": {
					"uv": [1.1875, 0.9375, 1.25, 1.0625],
					"texture": "#texture",
					"rotation": 270
				}
			}
		},
		{
			"name": "cube",
			"from": [18.1961, 4.70588, 0.627438],
			"to": [19.1372, 5.64706, 0.941163],
			"faces": {
				"north": {
					"uv": [8.1875, 0, 8.375, 0.1875],
					"texture": "#texture"
				},
				"east": {
					"uv": [8.1875, 0, 8.25, 0.1875],
					"texture": "#texture"
				},
				"west": {
					"uv": [8.1875, 0, 8.25, 0.1875],
					"texture": "#texture"
				},
				"down": {
					"uv": [14, 0, 14.0625, 0.1875],
					"texture": "#texture",
					"rotation": 270
				}
			}
		},
		{
			"name": "cube",
			"from": [30.4314, 6.27453, 1.88235],
			"to": [32, 6.58825, 2.19608],
			"faces": {
				"east": {
					"uv": [11.875, 4.875, 11.9375, 4.9375],
					"texture": "#texture"
				}
			}
		},
		{
			"name": "cube",
			"from": [-10.9804, 1.56862, 1.88235],
			"to": [-9.41174, 1.88235, 2.19608],
			"faces": {
				"north": {
					"uv": [1.5625, 5.0625, 1.875, 5.125],
					"texture": "#texture"
				},
				"east": {
					"uv": [1.5625, 5.0625, 1.625, 5.125],
					"texture": "#texture"
				},
				"south": {
					"uv": [1.875, 5.0625, 2.1875, 5.125],
					"texture": "#texture"
				},
				"down": {
					"uv": [5.9375, 0, 6, 0.3125],
					"texture": "#texture",
					"rotation": 270
				}
			}
		},
		{
			"name": "cube",
			"from": [-13.4902, 1.56862, 1.88235],
			"to": [-10.9804, 1.88235, 2.19608],
			"faces": {
				"north": {
					"uv": [11.75, 4.9375, 12.25, 5],
					"texture": "#texture"
				},
				"south": {
					"uv": [12.25, 4.9375, 12.75, 5],
					"texture": "#texture"
				}
			}
		},
		{
			"name": "cube",
			"from": [28.2353, 6.90196, 1.56862],
			"to": [29.1765, 7.21569, 1.88235],
			"faces": {
				"north": {
					"uv": [11.625, 5.0625, 11.8125, 5.125],
					"texture": "#texture"
				},
				"up": {
					"uv": [14.0625, 0, 14.125, 0.1875],
					"texture": "#texture",
					"rotation": 270
				}
			}
		},
		{
			"name": "cube",
			"from": [26.6667, 5.64707, 0.941187],
			"to": [27.2941, 6.58825, 1.25491],
			"faces": {
				"north": {
					"uv": [11, 0, 11.125, 0.1875],
					"texture": "#texture"
				},
				"east": {
					"uv": [11, 0, 11.0625, 0.1875],
					"texture": "#texture"
				},
				"west": {
					"uv": [11.0625, 0, 11.125, 0.1875],
					"texture": "#texture"
				},
				"up": {
					"uv": [5.625, 0.125, 5.6875, 0.25],
					"texture": "#texture",
					"rotation": 270
				},
				"down": {
					"uv": [2.5625, 3.1875, 2.625, 3.3125],
					"texture": "#texture",
					"rotation": 270
				}
			}
		},
		{
			"name": "cube",
			"from": [27.6078, 5.64707, 0.941187],
			"to": [28.2353, 6.58825, 1.25491],
			"faces": {
				"north": {
					"uv": [11.125, 0, 11.25, 0.1875],
					"texture": "#texture"
				},
				"east": {
					"uv": [11.125, 0, 11.1875, 0.1875],
					"texture": "#texture"
				},
				"west": {
					"uv": [9.1875, 0, 9.25, 0.1875],
					"texture": "#texture"
				},
				"up": {
					"uv": [0.125, 0.5625, 0.1875, 0.6875],
					"texture": "#texture",
					"rotation": 270
				},
				"down": {
					"uv": [0.75, 1.1875, 0.8125, 1.3125],
					"texture": "#texture",
					"rotation": 270
				}
			}
		},
		{
			"name": "cube",
			"from": [20.0784, 5.64707, 0.627438],
			"to": [20.7059, 6.58825, 0.941163],
			"faces": {
				"north": {
					"uv": [11.25, 0, 11.375, 0.1875],
					"texture": "#texture"
				},
				"east": {
					"uv": [11.25, 0, 11.3125, 0.1875],
					"texture": "#texture"
				},
				"west": {
					"uv": [11.3125, 0, 11.375, 0.1875],
					"texture": "#texture"
				},
				"up": {
					"uv": [2.6875, 3.1875, 2.75, 3.3125],
					"texture": "#texture",
					"rotation": 270
				},
				"down": {
					"uv": [2.625, 3.1875, 2.6875, 3.3125],
					"texture": "#texture",
					"rotation": 270
				}
			}
		},
		{
			"name": "cube",
			"from": [21.9608, 5.64707, 0.941187],
			"to": [22.5883, 6.58825, 1.25491],
			"faces": {
				"north": {
					"uv": [11.375, 0, 11.5, 0.1875],
					"texture": "#texture"
				},
				"east": {
					"uv": [11.375, 0, 11.4375, 0.1875],
					"texture": "#texture"
				},
				"west": {
					"uv": [11.4375, 0, 11.5, 0.1875],
					"texture": "#texture"
				},
				"up": {
					"uv": [2.8125, 3.1875, 2.875, 3.3125],
					"texture": "#texture",
					"rotation": 270
				},
				"down": {
					"uv": [2.75, 3.1875, 2.8125, 3.3125],
					"texture": "#texture",
					"rotation": 270
				}
			}
		},
		{
			"name": "cube",
			"from": [19.451, 5.96077, 0.941187],
			"to": [20.7059, 6.2745, 1.25491],
			"faces": {
				"north": {
					"uv": [6.125, 5.0625, 6.375, 5.125],
					"texture": "#texture"
				}
			}
		},
		{
			"name": "cube",
			"from": [20.0784, 5.64706, 2.50981],
			"to": [22.5882, 5.96079, 2.82353],
			"faces": {
				"south": {
					"uv": [13.25, 4.9375, 13.75, 5],
					"texture": "#texture"
				}
			}
		},
		{
			"name": "cube",
			"from": [26.3529, 5.33333, 2.50981],
			"to": [30.1176, 5.64706, 2.82353],
			"faces": {
				"south": {
					"uv": [8.8125, 4.875, 9.5625, 4.9375],
					"texture": "#texture"
				},
				"down": {
					"uv": [2.75, 0, 2.8125, 0.75],
					"texture": "#texture",
					"rotation": 270
				}
			}
		},
		{
			"name": "cube",
			"from": [16.6274, 5.64706, 2.19608],
			"to": [17.2549, 5.96079, 2.50981],
			"faces": {
				"south": {
					"uv": [13.0625, 5.0625, 13.1875, 5.125],
					"texture": "#texture"
				},
				"west": {
					"uv": [13, 5.0625, 13.0625, 5.125],
					"texture": "#texture"
				}
			}
		},
		{
			"name": "cube",
			"from": [21.0196, 4.70588, 2.19608],
			"to": [21.6471, 5.01961, 2.50981],
			"faces": {
				"east": {
					"uv": [13.1875, 5.0625, 13.25, 5.125],
					"texture": "#texture"
				},
				"south": {
					"uv": [13.3125, 5.0625, 13.4375, 5.125],
					"texture": "#texture"
				},
				"down": {
					"uv": [2.875, 3.1875, 2.9375, 3.3125],
					"texture": "#texture",
					"rotation": 270
				}
			}
		},
		{
			"name": "cube",
			"from": [20.7059, 6.58821, 0.941187],
			"to": [21.6471, 6.90194, 1.25491],
			"faces": {
				"north": {
					"uv": [11.8125, 5.0625, 12, 5.125],
					"texture": "#texture"
				},
				"east": {
					"uv": [10.8125, 5.0625, 10.875, 5.125],
					"texture": "#texture"
				},
				"up": {
					"uv": [14.125, 0, 14.1875, 0.1875],
					"texture": "#texture",
					"rotation": 270
				}
			}
		},
		{
			"name": "cube",
			"from": [-0.31375, 3.76471, 1.88235],
			"to": [0.94115, 4.07843, 2.19608],
			"faces": {
				"north": {
					"uv": [6.375, 5.0625, 6.625, 5.125],
					"texture": "#texture"
				},
				"east": {
					"uv": [6.375, 5.0625, 6.4375, 5.125],
					"texture": "#texture"
				},
				"south": {
					"uv": [6.625, 5.0625, 6.875, 5.125],
					"texture": "#texture"
				},
				"down": {
					"uv": [6.625, 0, 6.6875, 0.25],
					"texture": "#texture",
					"rotation": 270
				}
			}
		},
		{
			"name": "cube",
			"from": [18.1961, 7.21567, 2.50981],
			"to": [19.1372, 7.84312, 2.82353],
			"faces": {
				"east": {
					"uv": [5.8125, 0.0625, 5.875, 0.1875],
					"texture": "#texture"
				},
				"south": {
					"uv": [0.9375, 3.1875, 1.125, 3.3125],
					"texture": "#texture"
				},
				"west": {
					"uv": [5.8125, 0.0625, 5.875, 0.1875],
					"texture": "#texture"
				},
				"up": {
					"uv": [2.5, 0.0625, 2.5625, 0.25],
					"texture": "#texture",
					"rotation": 270
				}
			}
		},
		{
			"name": "cube",
			"from": [18.5098, 6.90199, 3.45098],
			"to": [18.8235, 7.52944, 3.76471],
			"faces": {
				"east": {
					"uv": [5.8125, 0.0625, 5.875, 0.1875],
					"texture": "#texture"
				},
				"south": {
					"uv": [5.8125, 0.0625, 5.875, 0.1875],
					"texture": "#texture"
				},
				"west": {
					"uv": [5.8125, 0.0625, 5.875, 0.1875],
					"texture": "#texture"
				},
				"up": {
					"uv": [15.625, 0, 15.6875, 0.0625],
					"texture": "#texture",
					"rotation": 270
				}
			}
		},
		{
			"name": "cube",
			"from": [18.1961, 5.33331, 0.31375],
			"to": [19.1372, 6.90194, 0.627476],
			"faces": {
				"north": {
					"uv": [5.25, 0, 5.4375, 0.3125],
					"texture": "#texture"
				},
				"east": {
					"uv": [5.25, 0, 5.3125, 0.3125],
					"texture": "#texture"
				},
				"west": {
					"uv": [5.25, 0, 5.3125, 0.3125],
					"texture": "#texture"
				},
				"up": {
					"uv": [14.1875, 0, 14.25, 0.1875],
					"texture": "#texture",
					"rotation": 270
				},
				"down": {
					"uv": [5.8125, 0.0625, 5.875, 0.25],
					"texture": "#texture",
					"rotation": 270
				}
			}
		},
		{
			"name": "cube",
			"from": [26.6667, 5.64707, 2.82353],
			"to": [27.2941, 6.58825, 3.13726],
			"faces": {
				"east": {
					"uv": [11.5, 0, 11.5625, 0.1875],
					"texture": "#texture"
				},
				"south": {
					"uv": [11.625, 0, 11.75, 0.1875],
					"texture": "#texture"
				},
				"west": {
					"uv": [11.5625, 0, 11.625, 0.1875],
					"texture": "#texture"
				},
				"up": {
					"uv": [5.875, 0.1875, 5.9375, 0.3125],
					"texture": "#texture",
					"rotation": 270
				},
				"down": {
					"uv": [2.9375, 3.1875, 3, 3.3125],
					"texture": "#texture",
					"rotation": 270
				}
			}
		},
		{
			"name": "cube",
			"from": [18.1961, 4.39216, 1.25488],
			"to": [19.1372, 5.01961, 1.5686],
			"faces": {
				"north": {
					"uv": [1.125, 3.1875, 1.3125, 3.3125],
					"texture": "#texture"
				},
				"east": {
					"uv": [7.5625, 0.0625, 7.625, 0.1875],
					"texture": "#texture"
				},
				"west": {
					"uv": [7.5625, 0.0625, 7.625, 0.1875],
					"texture": "#texture"
				},
				"down": {
					"uv": [4.0625, 0.3125, 4.125, 0.5],
					"texture": "#texture",
					"rotation": 270
				}
			}
		},
		{
			"name": "cube",
			"from": [18.1961, 6.90199, 2.82353],
			"to": [19.1372, 7.52944, 3.13726],
			"faces": {
				"east": {
					"uv": [1.3125, 3.1875, 1.375, 3.3125],
					"texture": "#texture"
				},
				"west": {
					"uv": [1.3125, 3.1875, 1.375, 3.3125],
					"texture": "#texture"
				},
				"up": {
					"uv": [14.25, 0, 14.3125, 0.1875],
					"texture": "#texture",
					"rotation": 270
				}
			}
		},
		{
			"name": "cube",
			"from": [29.4902, 5.64707, 0.941187],
			"to": [30.1176, 6.58825, 1.25491],
			"faces": {
				"north": {
					"uv": [11.75, 0, 11.875, 0.1875],
					"texture": "#texture"
				},
				"east": {
					"uv": [11.75, 0, 11.8125, 0.1875],
					"texture": "#texture"
				},
				"west": {
					"uv": [11.8125, 0, 11.875, 0.1875],
					"texture": "#texture"
				},
				"up": {
					"uv": [0.4375, 1.6875, 0.5, 1.8125],
					"texture": "#texture",
					"rotation": 270
				},
				"down": {
					"uv": [1.6875, 0.9375, 1.75, 1.0625],
					"texture": "#texture",
					"rotation": 270
				}
			}
		},
		{
			"name": "cube",
			"from": [19.7647, 5.96077, 2.82353],
			"to": [20.7059, 6.2745, 3.13726],
			"faces": {
				"south": {
					"uv": [3.0625, 4.9375, 3.25, 5],
					"texture": "#texture"
				}
			}
		},
		{
			"name": "cube",
			"from": [16.6274, 5.96077, 2.19608],
			"to": [19.1372, 6.2745, 2.50981],
			"faces": {
				"south": {
					"uv": [14.25, 4.9375, 14.75, 5],
					"texture": "#texture"
				},
				"west": {
					"uv": [14.1875, 4.9375, 14.25, 5],
					"texture": "#texture"
				}
			}
		},
		{
			"name": "cube",
			"from": [18.1961, 7.21567, 1.25488],
			"to": [19.1372, 7.84312, 1.5686],
			"faces": {
				"north": {
					"uv": [8.1875, 0, 8.375, 0.125],
					"texture": "#texture"
				},
				"east": {
					"uv": [5.8125, 0.0625, 5.875, 0.1875],
					"texture": "#texture"
				},
				"west": {
					"uv": [5.8125, 0.0625, 5.875, 0.1875],
					"texture": "#texture"
				},
				"up": {
					"uv": [5.8125, 0.0625, 5.875, 0.25],
					"texture": "#texture",
					"rotation": 270
				}
			}
		},
		{
			"name": "cube",
			"from": [-15.6863, 0.62745, 1.88235],
			"to": [-13.1765, 0.941175, 2.19608],
			"faces": {
				"north": {
					"uv": [14.75, 4.9375, 15.25, 5],
					"texture": "#texture"
				},
				"east": {
					"uv": [14.75, 4.9375, 14.8125, 5],
					"texture": "#texture"
				},
				"south": {
					"uv": [0.5, 5, 1, 5.0625],
					"texture": "#texture"
				},
				"west": {
					"uv": [15.1875, 4.9375, 15.25, 5],
					"texture": "#texture"
				},
				"up": {
					"uv": [4.125, 0, 4.1875, 0.5],
					"texture": "#texture",
					"rotation": 270
				},
				"down": {
					"uv": [4.125, 0, 4.1875, 0.5],
					"texture": "#texture",
					"rotation": 270
				}
			}
		},
		{
			"name": "cube",
			"from": [17.8824, 5.96077, 1.25488],
			"to": [19.7647, 6.2745, 1.5686],
			"faces": {
				"north": {
					"uv": [12.8125, 5, 13.1875, 5.0625],
					"texture": "#texture"
				},
				"west": {
					"uv": [13.125, 5, 13.1875, 5.0625],
					"texture": "#texture"
				}
			}
		},
		{
			"name": "cube",
			"from": [17.8824, 5.33334, 1.25488],
			"to": [18.5098, 5.96079, 1.5686],
			"faces": {
				"north": {
					"uv": [1.9375, 3.1875, 2.0625, 3.3125],
					"texture": "#texture"
				},
				"west": {
					"uv": [2, 3.1875, 2.0625, 3.3125],
					"texture": "#texture"
				},
				"down": {
					"uv": [3, 3.1875, 3.0625, 3.3125],
					"texture": "#texture",
					"rotation": 270
				}
			}
		},
		{
			"name": "cube",
			"from": [16, 6.58821, 1.88235],
			"to": [20.7059, 6.90194, 2.19608],
			"faces": {
				"north": {
					"uv": [11.5, 4.8125, 12.4375, 4.875],
					"texture": "#texture"
				},
				"south": {
					"uv": [12.4375, 4.8125, 13.375, 4.875],
					"texture": "#texture"
				},
				"up": {
					"uv": [2.25, 0, 2.3125, 0.9375],
					"texture": "#texture",
					"rotation": 270
				}
			}
		},
		{
			"name": "cube",
			"from": [-3.451, 4.39216, 1.88235],
			"to": [-1.25492, 4.70588, 2.19608],
			"faces": {
				"north": {
					"uv": [8.5, 5, 8.9375, 5.0625],
					"texture": "#texture"
				},
				"south": {
					"uv": [8.9375, 5, 9.375, 5.0625],
					"texture": "#texture"
				},
				"west": {
					"uv": [8.875, 5, 8.9375, 5.0625],
					"texture": "#texture"
				},
				"up": {
					"uv": [4.75, 0, 4.8125, 0.4375],
					"texture": "#texture",
					"rotation": 270
				}
			}
		},
		{
			"name": "cube",
			"from": [22.9019, 5.64707, 2.82353],
			"to": [23.5294, 6.58825, 3.13726],
			"faces": {
				"east": {
					"uv": [11.875, 0, 11.9375, 0.1875],
					"texture": "#texture"
				},
				"south": {
					"uv": [12, 0, 12.125, 0.1875],
					"texture": "#texture"
				},
				"west": {
					"uv": [11.9375, 0, 12, 0.1875],
					"texture": "#texture"
				},
				"up": {
					"uv": [3.125, 3.1875, 3.1875, 3.3125],
					"texture": "#texture",
					"rotation": 270
				},
				"down": {
					"uv": [3.0625, 3.1875, 3.125, 3.3125],
					"texture": "#texture",
					"rotation": 270
				}
			}
		},
		{
			"name": "cube",
			"from": [17.8824, 6.58821, 1.25488],
			"to": [19.451, 6.90194, 1.5686],
			"faces": {
				"north": {
					"uv": [2.1875, 5.0625, 2.5, 5.125],
					"texture": "#texture"
				},
				"west": {
					"uv": [2.4375, 5.0625, 2.5, 5.125],
					"texture": "#texture"
				},
				"up": {
					"uv": [6, 0, 6.0625, 0.3125],
					"texture": "#texture",
					"rotation": 270
				}
			}
		},
		{
			"name": "cube",
			"from": [18.5098, 4.70588, 3.45098],
			"to": [18.8235, 5.33333, 3.76471],
			"faces": {
				"east": {
					"uv": [7.5625, 0, 7.625, 0.125],
					"texture": "#texture"
				},
				"south": {
					"uv": [7.5625, 0, 7.625, 0.125],
					"texture": "#texture"
				},
				"west": {
					"uv": [7.5625, 0, 7.625, 0.125],
					"texture": "#texture"
				},
				"down": {
					"uv": [15.625, 0, 15.6875, 0.0625],
					"texture": "#texture",
					"rotation": 270
				}
			}
		},
		{
			"name": "cube",
			"from": [18.1961, 7.21571, 1.88235],
			"to": [18.8235, 7.52944, 2.19608],
			"faces": {
				"west": {
					"uv": [15.625, 0, 15.6875, 0.0625],
					"texture": "#texture"
				}
			}
		},
		{
			"name": "cube",
			"from": [26.6667, 6.90196, 2.19608],
			"to": [30.1177, 7.21569, 2.50981],
			"faces": {
				"south": {
					"uv": [12.4375, 4.875, 13.125, 4.9375],
					"texture": "#texture"
				},
				"up": {
					"uv": [3.25, 0, 3.3125, 0.6875],
					"texture": "#texture",
					"rotation": 270
				}
			}
		},
		{
			"name": "cube",
			"from": [14.7451, 5.64706, 1.88235],
			"to": [16.3138, 5.96079, 2.19608],
			"faces": {
				"north": {
					"uv": [2.5, 5.0625, 2.8125, 5.125],
					"texture": "#texture"
				},
				"south": {
					"uv": [2.8125, 5.0625, 3.125, 5.125],
					"texture": "#texture"
				},
				"down": {
					"uv": [6.0625, 0, 6.125, 0.3125],
					"texture": "#texture",
					"rotation": 270
				}
			}
		},
		{
			"name": "cube",
			"from": [17.5686, 5.96077, 1.56862],
			"to": [20.7059, 6.2745, 1.88235],
			"faces": {
				"north": {
					"uv": [6.1875, 4.9375, 6.8125, 5],
					"texture": "#texture"
				}
			}
		},
		{
			"name": "cube",
			"from": [17.8824, 5.96077, 2.50981],
			"to": [20.3922, 6.2745, 2.82353],
			"faces": {
				"south": {
					"uv": [1.5, 5, 2, 5.0625],
					"texture": "#texture"
				},
				"west": {
					"uv": [13.9375, 4.9375, 14, 5],
					"texture": "#texture"
				}
			}
		},
		{
			"name": "cube",
			"from": [-1.25488, 4.39216, 1.88235],
			"to": [0.000025, 4.70588, 2.19608],
			"faces": {
				"north": {
					"uv": [6.875, 5.0625, 7.125, 5.125],
					"texture": "#texture"
				},
				"south": {
					"uv": [7.125, 5.0625, 7.375, 5.125],
					"texture": "#texture"
				}
			}
		},
		{
			"name": "cube",
			"from": [18.5098, 6.90199, 0.31375],
			"to": [18.8235, 7.52944, 0.627476],
			"faces": {
				"north": {
					"uv": [7.5625, 0, 7.625, 0.125],
					"texture": "#texture"
				},
				"east": {
					"uv": [7.5625, 0, 7.625, 0.125],
					"texture": "#texture"
				},
				"west": {
					"uv": [7.5625, 0, 7.625, 0.125],
					"texture": "#texture"
				},
				"up": {
					"uv": [9.4375, 0.0625, 9.5, 0.125],
					"texture": "#texture",
					"rotation": 270
				}
			}
		},
		{
			"name": "cube",
			"from": [18.1961, 6.90196, 1.25488],
			"to": [21.647, 7.21569, 1.5686],
			"faces": {
				"north": {
					"uv": [13.125, 4.875, 13.8125, 4.9375],
					"texture": "#texture"
				},
				"east": {
					"uv": [9.1875, 0, 9.25, 0.0625],
					"texture": "#texture"
				},
				"west": {
					"uv": [15.625, 0, 15.6875, 0.0625],
					"texture": "#texture"
				},
				"up": {
					"uv": [3.3125, 0, 3.375, 0.6875],
					"texture": "#texture",
					"rotation": 270
				}
			}
		},
		{
			"name": "cube",
			"from": [18.8235, 5.33333, 2.82353],
			"to": [21.647, 5.64706, 3.13726],
			"faces": {
				"east": {
					"uv": [15.0625, 5, 15.125, 5.0625],
					"texture": "#texture"
				},
				"south": {
					"uv": [8.0625, 4.9375, 8.625, 5],
					"texture": "#texture"
				},
				"down": {
					"uv": [3.75, 0, 3.8125, 0.5625],
					"texture": "#texture",
					"rotation": 270
				}
			}
		},
		{
			"name": "cube",
			"from": [31.0588, 5.64706, 1.56862],
			"to": [32, 5.96079, 1.88235],
			"faces": {
				"north": {
					"uv": [12, 5.0625, 12.1875, 5.125],
					"texture": "#texture"
				},
				"east": {
					"uv": [9.5625, 4.375, 9.625, 4.4375],
					"texture": "#texture"
				}
			}
		},
		{
			"name": "cube",
			"from": [4.70588, 5.33333, 1.88235],
			"to": [10.3529, 5.64706, 2.19608],
			"faces": {
				"north": {
					"uv": [4.75, 4.75, 5.875, 4.8125],
					"texture": "#texture"
				},
				"south": {
					"uv": [5.875, 4.75, 7, 4.8125],
					"texture": "#texture"
				},
				"down": {
					"uv": [1.625, 0, 1.6875, 1.125],
					"texture": "#texture",
					"rotation": 270
				}
			}
		},
		{
			"name": "cube",
			"from": [18.1961, 5.01961, 1.25488],
			"to": [21.0196, 5.33333, 1.5686],
			"faces": {
				"north": {
					"uv": [8.625, 4.9375, 9.1875, 5],
					"texture": "#texture"
				},
				"west": {
					"uv": [15.625, 0, 15.6875, 0.0625],
					"texture": "#texture"
				},
				"down": {
					"uv": [3.8125, 0, 3.875, 0.5625],
					"texture": "#texture",
					"rotation": 270
				}
			}
		},
		{
			"name": "cube",
			"from": [-5.96081, 2.82353, 1.88235],
			"to": [-3.76473, 3.13726, 2.19608],
			"faces": {
				"north": {
					"uv": [9.375, 5, 9.8125, 5.0625],
					"texture": "#texture"
				},
				"east": {
					"uv": [9.375, 5, 9.4375, 5.0625],
					"texture": "#texture"
				},
				"south": {
					"uv": [9.8125, 5, 10.25, 5.0625],
					"texture": "#texture"
				},
				"down": {
					"uv": [4.8125, 0, 4.875, 0.4375],
					"texture": "#texture",
					"rotation": 270
				}
			}
		},
		{
			"name": "cube",
			"from": [24.7843, 5.64707, 2.82353],
			"to": [25.4118, 6.58825, 3.13726],
			"faces": {
				"east": {
					"uv": [12.125, 0, 12.1875, 0.1875],
					"texture": "#texture"
				},
				"south": {
					"uv": [12.25, 0, 12.375, 0.1875],
					"texture": "#texture"
				},
				"west": {
					"uv": [12.1875, 0, 12.25, 0.1875],
					"texture": "#texture"
				},
				"up": {
					"uv": [0.0625, 1.5625, 0.125, 1.6875],
					"texture": "#texture",
					"rotation": 270
				},
				"down": {
					"uv": [3.1875, 3.1875, 3.25, 3.3125],
					"texture": "#texture",
					"rotation": 270
				}
			}
		},
		{
			"name": "cube",
			"from": [30.7451, 6.90196, 1.88235],
			"to": [31.6863, 7.21569, 2.19608],
			"faces": {
				"east": {
					"uv": [15.5625, 0.0625, 15.625, 0.125],
					"texture": "#texture"
				},
				"up": {
					"uv": [14.3125, 0, 14.375, 0.1875],
					"texture": "#texture",
					"rotation": 270
				}
			}
		},
		{
			"name": "cube",
			"from": [17.8824, 6.90196, 1.56862],
			"to": [22.2745, 7.21569, 1.88235],
			"faces": {
				"north": {
					"uv": [5.625, 4.875, 6.5, 4.9375],
					"texture": "#texture"
				},
				"west": {
					"uv": [6.4375, 4.875, 6.5, 4.9375],
					"texture": "#texture"
				},
				"up": {
					"uv": [2.5, 0, 2.5625, 0.875],
					"texture": "#texture",
					"rotation": 270
				}
			}
		},
		{
			"name": "cube",
			"from": [27.9216, 5.33333, 1.56862],
			"to": [32, 5.64706, 1.88235],
			"faces": {
				"north": {
					"uv": [6.5, 4.875, 7.3125, 4.9375],
					"texture": "#texture"
				},
				"east": {
					"uv": [1.875, 3.25, 1.9375, 3.3125],
					"texture": "#texture"
				},
				"down": {
					"uv": [2.5625, 0, 2.625, 0.8125],
					"texture": "#texture",
					"rotation": 270
				}
			}
		},
		{
			"name": "cube",
			"from": [-6.90194, 3.45098, 1.88235],
			"to": [-4.39214, 3.76471, 2.19608],
			"faces": {
				"north": {
					"uv": [2, 5, 2.5, 5.0625],
					"texture": "#texture"
				},
				"south": {
					"uv": [2.5, 5, 3, 5.0625],
					"texture": "#texture"
				},
				"west": {
					"uv": [2.4375, 5, 2.5, 5.0625],
					"texture": "#texture"
				},
				"up": {
					"uv": [4.1875, 0, 4.25, 0.5],
					"texture": "#texture",
					"rotation": 270
				}
			}
		},
		{
			"name": "cube",
			"from": [7.21569, 5.64706, 1.88235],
			"to": [8.47059, 5.96079, 2.19608],
			"faces": {
				"north": {
					"uv": [7.375, 5.0625, 7.625, 5.125],
					"texture": "#texture"
				},
				"south": {
					"uv": [7.625, 5.0625, 7.875, 5.125],
					"texture": "#texture"
				}
			}
		},
		{
			"name": "cube",
			"from": [-9.41175, 2.82353, 1.88235],
			"to": [-5.96077, 3.13726, 2.19608],
			"faces": {
				"north": {
					"uv": [13.8125, 4.875, 14.5, 4.9375],
					"texture": "#texture"
				},
				"south": {
					"uv": [0.6875, 4.9375, 1.375, 5],
					"texture": "#texture"
				},
				"west": {
					"uv": [14.4375, 4.875, 14.5, 4.9375],
					"texture": "#texture"
				},
				"up": {
					"uv": [3.375, 0, 3.4375, 0.6875],
					"texture": "#texture",
					"rotation": 270
				}
			}
		},
		{
			"name": "cube",
			"from": [27.2941, 6.58821, 1.56862],
			"to": [32, 6.90194, 1.88235],
			"faces": {
				"north": {
					"uv": [13.375, 4.8125, 14.3125, 4.875],
					"texture": "#texture"
				},
				"east": {
					"uv": [13.375, 4.8125, 13.4375, 4.875],
					"texture": "#texture"
				},
				"up": {
					"uv": [2.3125, 0, 2.375, 0.9375],
					"texture": "#texture",
					"rotation": 270
				}
			}
		},
		{
			"name": "cube",
			"from": [18.1961, 6.90199, 0.941187],
			"to": [19.1372, 7.52944, 1.25491],
			"faces": {
				"east": {
					"uv": [6.375, 0, 6.4375, 0.125],
					"texture": "#texture"
				},
				"west": {
					"uv": [6.375, 0, 6.4375, 0.125],
					"texture": "#texture"
				},
				"up": {
					"uv": [0.625, 0.1875, 0.6875, 0.375],
					"texture": "#texture",
					"rotation": 270
				}
			}
		},
		{
			"name": "cube",
			"from": [-4.39219, 3.45098, 1.88235],
			"to": [-1.88239, 3.76471, 2.19608],
			"faces": {
				"north": {
					"uv": [3, 5, 3.5, 5.0625],
					"texture": "#texture"
				},
				"south": {
					"uv": [3.5, 5, 4, 5.0625],
					"texture": "#texture"
				},
				"down": {
					"uv": [4.25, 0, 4.3125, 0.5],
					"texture": "#texture",
					"rotation": 270
				}
			}
		},
		{
			"name": "cube",
			"from": [17.8824, 6.90196, 2.19608],
			"to": [26.6667, 7.21569, 2.50981],
			"faces": {
				"south": {
					"uv": [1.75, 4.625, 3.5, 4.6875],
					"texture": "#texture"
				},
				"west": {
					"uv": [13.5625, 4.5625, 13.625, 4.625],
					"texture": "#texture"
				},
				"up": {
					"uv": [0.875, 0, 0.9375, 1.75],
					"texture": "#texture",
					"rotation": 270
				}
			}
		},
		{
			"name": "cube",
			"from": [17.8824, 5.01961, 1.56862],
			"to": [19.451, 5.33333, 1.88235],
			"faces": {
				"north": {
					"uv": [3.125, 5.0625, 3.4375, 5.125],
					"texture": "#texture"
				},
				"west": {
					"uv": [3.375, 5.0625, 3.4375, 5.125],
					"texture": "#texture"
				},
				"down": {
					"uv": [6.125, 0, 6.1875, 0.3125],
					"texture": "#texture",
					"rotation": 270
				}
			}
		},
		{
			"name": "cube",
			"from": [-10.9804, 2.50981, 1.88235],
			"to": [-10.3529, 2.82353, 2.19608],
			"faces": {
				"north": {
					"uv": [10.125, 4.75, 10.25, 4.8125],
					"texture": "#texture"
				},
				"south": {
					"uv": [10.125, 4.75, 10.25, 4.8125],
					"texture": "#texture"
				},
				"west": {
					"uv": [10.125, 4.75, 10.1875, 4.8125],
					"texture": "#texture"
				},
				"up": {
					"uv": [1.75, 0.125, 1.8125, 0.25],
					"texture": "#texture",
					"rotation": 270
				}
			}
		},
		{
			"name": "cube",
			"from": [21.0196, 5.64707, 0.627438],
			"to": [21.6471, 6.58825, 0.941163],
			"faces": {
				"north": {
					"uv": [12.375, 0, 12.5, 0.1875],
					"texture": "#texture"
				},
				"east": {
					"uv": [11.875, 0, 11.9375, 0.1875],
					"texture": "#texture"
				},
				"west": {
					"uv": [12.4375, 0, 12.5, 0.1875],
					"texture": "#texture"
				},
				"up": {
					"uv": [5.0625, 0.1875, 5.125, 0.3125],
					"texture": "#texture",
					"rotation": 270
				},
				"down": {
					"uv": [13.8125, 0.0625, 13.875, 0.1875],
					"texture": "#texture",
					"rotation": 270
				}
			}
		},
		{
			"name": "cube",
			"from": [28.549, 5.64707, 0.941187],
			"to": [29.1765, 6.58825, 1.25491],
			"faces": {
				"north": {
					"uv": [11.75, 0, 11.875, 0.1875],
					"texture": "#texture"
				},
				"east": {
					"uv": [11.75, 0, 11.8125, 0.1875],
					"texture": "#texture"
				},
				"west": {
					"uv": [11.8125, 0, 11.875, 0.1875],
					"texture": "#texture"
				},
				"up": {
					"uv": [0.4375, 1.6875, 0.5, 1.8125],
					"texture": "#texture",
					"rotation": 270
				},
				"down": {
					"uv": [1.6875, 0.9375, 1.75, 1.0625],
					"texture": "#texture",
					"rotation": 270
				}
			}
		},
		{
			"name": "cube",
			"from": [18.5098, 7.84315, 2.19608],
			"to": [18.8235, 8.15687, 2.82353],
			"faces": {
				"north": {
					"uv": [2.625, 4.9375, 2.6875, 5],
					"texture": "#texture"
				},
				"east": {
					"uv": [2.5625, 4.9375, 2.6875, 5],
					"texture": "#texture"
				},
				"south": {
					"uv": [15.625, 0, 15.6875, 0.0625],
					"texture": "#texture"
				},
				"west": {
					"uv": [2.625, 4.9375, 2.75, 5],
					"texture": "#texture"
				},
				"up": {
					"uv": [2.5625, 4.9375, 2.6875, 5],
					"texture": "#texture",
					"rotation": 270
				}
			}
		},
		{
			"name": "cube",
			"from": [18.5098, 6.27449, 0],
			"to": [18.8235, 6.90194, 0.313726],
			"faces": {
				"north": {
					"uv": [0.8125, 3.1875, 0.875, 3.3125],
					"texture": "#texture"
				},
				"east": {
					"uv": [0.8125, 3.1875, 0.875, 3.3125],
					"texture": "#texture"
				},
				"west": {
					"uv": [0.8125, 3.1875, 0.875, 3.3125],
					"texture": "#texture"
				},
				"up": {
					"uv": [15.625, 0, 15.6875, 0.0625],
					"texture": "#texture",
					"rotation": 270
				},
				"down": {
					"uv": [0.8125, 3.25, 0.875, 3.3125],
					"texture": "#texture",
					"rotation": 270
				}
			}
		},
		{
			"name": "cube",
			"from": [18.1961, 5.33331, 3.45098],
			"to": [19.1372, 6.90194, 3.76471],
			"faces": {
				"east": {
					"uv": [5.4375, 0, 5.5, 0.3125],
					"texture": "#texture"
				},
				"south": {
					"uv": [5.4375, 0, 5.625, 0.3125],
					"texture": "#texture"
				},
				"west": {
					"uv": [5.4375, 0, 5.5, 0.3125],
					"texture": "#texture"
				},
				"up": {
					"uv": [14.4375, 0, 14.5, 0.1875],
					"texture": "#texture",
					"rotation": 270
				},
				"down": {
					"uv": [14.375, 0, 14.4375, 0.1875],
					"texture": "#texture",
					"rotation": 270
				}
			}
		},
		{
			"name": "cube",
			"from": [20.3922, 6.27453, 0.941187],
			"to": [21.6471, 6.58825, 1.25491],
			"faces": {
				"north": {
					"uv": [7.875, 5.0625, 8.125, 5.125],
					"texture": "#texture"
				},
				"east": {
					"uv": [7.875, 0, 7.9375, 0.0625],
					"texture": "#texture"
				}
			}
		},
		{
			"name": "cube",
			"from": [23.8431, 5.64707, 0.941187],
			"to": [24.4706, 6.58825, 1.25491],
			"faces": {
				"north": {
					"uv": [12.5, 0, 12.625, 0.1875],
					"texture": "#texture"
				},
				"east": {
					"uv": [12.5, 0, 12.5625, 0.1875],
					"texture": "#texture"
				},
				"west": {
					"uv": [12.5625, 0, 12.625, 0.1875],
					"texture": "#texture"
				},
				"up": {
					"uv": [0.125, 1.6875, 0.1875, 1.8125],
					"texture": "#texture",
					"rotation": 270
				},
				"down": {
					"uv": [0.0625, 1.9375, 0.125, 2.0625],
					"texture": "#texture",
					"rotation": 270
				}
			}
		},
		{
			"name": "cube",
			"from": [28.2353, 5.64706, 2.19608],
			"to": [32, 5.96079, 2.50981],
			"faces": {
				"east": {
					"uv": [13.1875, 4.9375, 13.25, 5],
					"texture": "#texture"
				},
				"south": {
					"uv": [9.5625, 4.875, 10.3125, 4.9375],
					"texture": "#texture"
				}
			}
		},
		{
			"name": "cube",
			"from": [20.7059, 5.01961, 1.56862],
			"to": [31.6863, 5.33333, 1.88235],
			"faces": {
				"north": {
					"uv": [10.625, 4.4375, 12.8125, 4.5],
					"texture": "#texture"
				},
				"east": {
					"uv": [9.9375, 4.4375, 10, 4.5],
					"texture": "#texture"
				},
				"down": {
					"uv": [0.25, 0, 0.3125, 2.1875],
					"texture": "#texture",
					"rotation": 270
				}
			}
		},
		{
			"name": "cube",
			"from": [18.1961, 6.27453, 0.941187],
			"to": [19.1372, 6.58825, 1.25491],
			"faces": {
				"west": {
					"uv": [1.3125, 3.25, 1.375, 3.3125],
					"texture": "#texture"
				}
			}
		},
		{
			"name": "cube",
			"from": [19.1373, 6.27453, 0.941187],
			"to": [20.3922, 6.58825, 1.25491],
			"faces": {
				"north": {
					"uv": [8.125, 5.0625, 8.375, 5.125],
					"texture": "#texture"
				}
			}
		},
		{
			"name": "cube",
			"from": [18.5098, 7.84315, 1.25488],
			"to": [18.8235, 8.15687, 1.88233],
			"faces": {
				"north": {
					"uv": [15.625, 0, 15.6875, 0.0625],
					"texture": "#texture"
				},
				"east": {
					"uv": [7.5625, 0, 7.6875, 0.0625],
					"texture": "#texture"
				},
				"south": {
					"uv": [9.4375, 0.0625, 9.5, 0.125],
					"texture": "#texture"
				},
				"west": {
					"uv": [7.5, 0, 7.625, 0.0625],
					"texture": "#texture"
				},
				"up": {
					"uv": [7.5625, 0, 7.6875, 0.0625],
					"texture": "#texture",
					"rotation": 270
				}
			}
		},
		{
			"name": "cube",
			"from": [22.9019, 5.64706, 1.25488],
			"to": [29.8039, 5.96079, 1.5686],
			"faces": {
				"north": {
					"uv": [1.375, 4.6875, 2.75, 4.75],
					"texture": "#texture"
				}
			}
		},
		{
			"name": "cube",
			"from": [14.4314, 6.27453, 1.88235],
			"to": [16.6275, 6.58825, 2.19608],
			"faces": {
				"north": {
					"uv": [10.25, 5, 10.6875, 5.0625],
					"texture": "#texture"
				},
				"south": {
					"uv": [10.6875, 5, 11.125, 5.0625],
					"texture": "#texture"
				}
			}
		},
		{
			"name": "cube",
			"from": [18.1961, 4.70588, 1.56862],
			"to": [21.647, 5.01961, 2.19608],
			"faces": {
				"north": {
					"uv": [1.375, 4.9375, 2.0625, 5],
					"texture": "#texture"
				},
				"east": {
					"uv": [3.0625, 0.625, 3.1875, 0.6875],
					"texture": "#texture"
				},
				"west": {
					"uv": [0.9375, 3.1875, 1.0625, 3.25],
					"texture": "#texture"
				},
				"down": {
					"uv": [2.9375, 0, 3.0625, 0.6875],
					"texture": "#texture",
					"rotation": 270
				}
			}
		},
		{
			"name": "cube",
			"from": [18.5098, 6.27449, 3.76471],
			"to": [18.8235, 6.90194, 4.07843],
			"faces": {
				"east": {
					"uv": [3.25, 3.1875, 3.3125, 3.3125],
					"texture": "#texture"
				},
				"south": {
					"uv": [3.25, 3.1875, 3.3125, 3.3125],
					"texture": "#texture"
				},
				"west": {
					"uv": [3.25, 3.1875, 3.3125, 3.3125],
					"texture": "#texture"
				},
				"up": {
					"uv": [5.25, 0, 5.3125, 0.0625],
					"texture": "#texture",
					"rotation": 270
				},
				"down": {
					"uv": [9.0625, 4.9375, 9.125, 5],
					"texture": "#texture",
					"rotation": 270
				}
			}
		},
		{
			"name": "cube",
			"from": [1.25488, 4.07843, 1.88235],
			"to": [3.13722, 4.39216, 2.19608],
			"faces": {
				"north": {
					"uv": [13.1875, 5, 13.5625, 5.0625],
					"texture": "#texture"
				},
				"east": {
					"uv": [13.1875, 5, 13.25, 5.0625],
					"texture": "#texture"
				},
				"south": {
					"uv": [13.5625, 5, 13.9375, 5.0625],
					"texture": "#texture"
				},
				"down": {
					"uv": [5.125, 0, 5.1875, 0.375],
					"texture": "#texture",
					"rotation": 270
				}
			}
		},
		{
			"name": "cube",
			"from": [18.5098, 5.33334, 3.76471],
			"to": [18.8235, 5.96079, 4.07843],
			"faces": {
				"east": {
					"uv": [5.8125, 0.0625, 5.875, 0.1875],
					"texture": "#texture"
				},
				"south": {
					"uv": [5.8125, 0.0625, 5.875, 0.1875],
					"texture": "#texture"
				},
				"west": {
					"uv": [5.8125, 0.0625, 5.875, 0.1875],
					"texture": "#texture"
				},
				"up": {
					"uv": [15.625, 0, 15.6875, 0.0625],
					"texture": "#texture",
					"rotation": 270
				},
				"down": {
					"uv": [15.625, 0, 15.6875, 0.0625],
					"texture": "#texture",
					"rotation": 270
				}
			}
		},
		{
			"name": "cube",
			"from": [29.1765, 6.90196, 1.56862],
			"to": [31.6863, 7.21569, 1.88235],
			"faces": {
				"north": {
					"uv": [4, 5, 4.5, 5.0625],
					"texture": "#texture"
				},
				"east": {
					"uv": [15.5, 0.0625, 15.5625, 0.125],
					"texture": "#texture"
				},
				"up": {
					"uv": [4.3125, 0, 4.375, 0.5],
					"texture": "#texture",
					"rotation": 270
				}
			}
		},
		{
			"name": "cube",
			"from": [18.1961, 5.96077, 0.941187],
			"to": [19.451, 6.2745, 1.25491],
			"faces": {
				"west": {
					"uv": [15.625, 0, 15.6875, 0.0625],
					"texture": "#texture"
				}
			}
		},
		{
			"name": "cube",
			"from": [21.9608, 5.64707, 2.82353],
			"to": [22.5883, 6.58825, 3.13726],
			"faces": {
				"east": {
					"uv": [9.625, 0, 9.6875, 0.1875],
					"texture": "#texture"
				},
				"south": {
					"uv": [12.75, 0, 12.875, 0.1875],
					"texture": "#texture"
				},
				"west": {
					"uv": [12.6875, 0, 12.75, 0.1875],
					"texture": "#texture"
				},
				"up": {
					"uv": [11.4375, 0.0625, 11.5, 0.1875],
					"texture": "#texture",
					"rotation": 270
				},
				"down": {
					"uv": [0.4375, 0.9375, 0.5, 1.0625],
					"texture": "#texture",
					"rotation": 270
				}
			}
		},
		{
			"name": "cube",
			"from": [0.31375, 5.33333, 1.88235],
			"to": [2.1961, 5.64706, 2.19608],
			"faces": {
				"north": {
					"uv": [13.9375, 5, 14.3125, 5.0625],
					"texture": "#texture"
				},
				"south": {
					"uv": [14.3125, 5, 14.6875, 5.0625],
					"texture": "#texture"
				},
				"west": {
					"uv": [14.25, 5, 14.3125, 5.0625],
					"texture": "#texture"
				},
				"up": {
					"uv": [5.1875, 0, 5.25, 0.375],
					"texture": "#texture",
					"rotation": 270
				}
			}
		},
		{
			"name": "cube",
			"from": [18.1961, 4.70588, 3.13726],
			"to": [19.1372, 5.64706, 3.45098],
			"faces": {
				"east": {
					"uv": [8.375, 0, 8.4375, 0.1875],
					"texture": "#texture"
				},
				"south": {
					"uv": [8.375, 0, 8.5625, 0.1875],
					"texture": "#texture"
				},
				"west": {
					"uv": [8.375, 0, 8.4375, 0.1875],
					"texture": "#texture"
				},
				"down": {
					"uv": [14.5, 0, 14.5625, 0.1875],
					"texture": "#texture",
					"rotation": 270
				}
			}
		},
		{
			"name": "cube",
			"from": [18.1961, 4.70588, 2.82353],
			"to": [19.1372, 5.33333, 3.13726],
			"faces": {
				"east": {
					"uv": [5.8125, 0.0625, 5.875, 0.1875],
					"texture": "#texture"
				},
				"west": {
					"uv": [5.8125, 0.0625, 5.875, 0.1875],
					"texture": "#texture"
				},
				"down": {
					"uv": [14.5625, 0, 14.625, 0.1875],
					"texture": "#texture",
					"rotation": 270
				}
			}
		},
		{
			"name": "cube",
			"from": [8.47059, 5.64706, 1.88235],
			"to": [13.1765, 5.96079, 2.19608],
			"faces": {
				"north": {
					"uv": [0.9375, 4.875, 1.875, 4.9375],
					"texture": "#texture"
				},
				"south": {
					"uv": [1.875, 4.875, 2.8125, 4.9375],
					"texture": "#texture"
				}
			}
		},
		{
			"name": "cube",
			"from": [18.5098, 5.33334, 0],
			"to": [18.8235, 5.96079, 0.313726],
			"faces": {
				"north": {
					"uv": [15.6875, 0, 15.75, 0.125],
					"texture": "#texture"
				},
				"east": {
					"uv": [15.6875, 0, 15.75, 0.125],
					"texture": "#texture"
				},
				"west": {
					"uv": [15.6875, 0, 15.75, 0.125],
					"texture": "#texture"
				},
				"up": {
					"uv": [15.625, 0, 15.6875, 0.0625],
					"texture": "#texture",
					"rotation": 270
				},
				"down": {
					"uv": [9.375, 0.0625, 9.4375, 0.125],
					"texture": "#texture",
					"rotation": 270
				}
			}
		},
		{
			"name": "cube",
			"from": [-15.0588, 1.2549, 1.88235],
			"to": [-10.3529, 1.56862, 2.19608],
			"faces": {
				"north": {
					"uv": [2.8125, 4.875, 3.75, 4.9375],
					"texture": "#texture"
				},
				"east": {
					"uv": [2.8125, 4.875, 2.875, 4.9375],
					"texture": "#texture"
				},
				"south": {
					"uv": [3.75, 4.875, 4.6875, 4.9375],
					"texture": "#texture"
				},
				"west": {
					"uv": [3.6875, 4.875, 3.75, 4.9375],
					"texture": "#texture"
				},
				"up": {
					"uv": [2.375, 0, 2.4375, 0.9375],
					"texture": "#texture",
					"rotation": 270
				},
				"down": {
					"uv": [2.375, 0, 2.4375, 0.9375],
					"texture": "#texture",
					"rotation": 270
				}
			}
		},
		{
			"name": "cube",
			"from": [18.1961, 7.21571, 2.19608],
			"to": [20.3921, 7.52944, 2.50981],
			"faces": {
				"south": {
					"uv": [11.125, 5, 11.5625, 5.0625],
					"texture": "#texture"
				},
				"west": {
					"uv": [9.4375, 0.0625, 9.5, 0.125],
					"texture": "#texture"
				},
				"up": {
					"uv": [4.875, 0, 4.9375, 0.4375],
					"texture": "#texture",
					"rotation": 270
				}
			}
		},
		{
			"name": "cube",
			"from": [17.5686, 6.27453, 1.56862],
			"to": [26.0392, 6.58825, 1.88235],
			"faces": {
				"north": {
					"uv": [3.5, 4.625, 5.1875, 4.6875],
					"texture": "#texture"
				}
			}
		},
		{
			"name": "cube",
			"from": [-10.3529, 2.50981, 1.88235],
			"to": [-7.84314, 2.82353, 2.19608],
			"faces": {
				"north": {
					"uv": [4.5, 5, 5, 5.0625],
					"texture": "#texture"
				},
				"south": {
					"uv": [5, 5, 5.5, 5.0625],
					"texture": "#texture"
				},
				"up": {
					"uv": [4.375, 0, 4.4375, 0.5],
					"texture": "#texture",
					"rotation": 270
				}
			}
		},
		{
			"name": "cube",
			"from": [16.6274, 6.58821, 2.19608],
			"to": [25.098, 6.90194, 2.50981],
			"faces": {
				"south": {
					"uv": [6.875, 4.625, 8.5625, 4.6875],
					"texture": "#texture"
				},
				"west": {
					"uv": [6.8125, 4.625, 6.875, 4.6875],
					"texture": "#texture"
				},
				"up": {
					"uv": [1, 0, 1.0625, 1.6875],
					"texture": "#texture",
					"rotation": 270
				}
			}
		},
		{
			"name": "cube",
			"from": [24.7843, 5.01961, 2.19608],
			"to": [31.6863, 5.33333, 2.50981],
			"faces": {
				"east": {
					"uv": [11.3125, 4.875, 11.375, 4.9375],
					"texture": "#texture"
				},
				"south": {
					"uv": [2.75, 4.6875, 4.125, 4.75],
					"texture": "#texture"
				},
				"down": {
					"uv": [1.25, 0, 1.3125, 1.375],
					"texture": "#texture",
					"rotation": 270
				}
			}
		},
		{
			"name": "cube",
			"from": [17.2549, 6.27453, 2.19608],
			"to": [18.1961, 6.58825, 2.50981],
			"faces": {
				"south": {
					"uv": [12.375, 5.0625, 12.5625, 5.125],
					"texture": "#texture"
				}
			}
		},
		{
			"name": "cube",
			"from": [17.2549, 5.64706, 2.19608],
			"to": [22.9019, 5.96079, 2.50981],
			"faces": {
				"south": {
					"uv": [8.125, 4.75, 9.25, 4.8125],
					"texture": "#texture"
				}
			}
		},
		{
			"name": "cube",
			"from": [21.6471, 6.58821, 1.88235],
			"to": [32, 6.90194, 2.19608],
			"faces": {
				"east": {
					"uv": [2.0625, 4.5625, 2.125, 4.625],
					"texture": "#texture"
				},
				"up": {
					"uv": [0.5625, 0, 0.625, 2.0625],
					"texture": "#texture",
					"rotation": 270
				}
			}
		},
		{
			"name": "cube",
			"from": [10.6667, 6.58821, 1.88235],
			"to": [16, 6.90194, 2.19608],
			"faces": {
				"north": {
					"uv": [13.75, 4.75, 14.8125, 4.8125],
					"texture": "#texture"
				},
				"south": {
					"uv": [1.0625, 4.8125, 2.125, 4.875],
					"texture": "#texture"
				},
				"west": {
					"uv": [2.4375, 5, 2.5, 5.0625],
					"texture": "#texture"
				},
				"up": {
					"uv": [1.875, 0, 1.9375, 1.0625],
					"texture": "#texture",
					"rotation": 270
				}
			}
		},
		{
			"name": "cube",
			"from": [7.21569, 6.27453, 1.88235],
			"to": [13.4902, 6.58825, 2.19608],
			"faces": {
				"north": {
					"uv": [9.625, 4.6875, 10.875, 4.75],
					"texture": "#texture"
				},
				"south": {
					"uv": [10.875, 4.6875, 12.125, 4.75],
					"texture": "#texture"
				},
				"west": {
					"uv": [10.8125, 4.6875, 10.875, 4.75],
					"texture": "#texture"
				},
				"up": {
					"uv": [1.375, 0, 1.4375, 1.25],
					"texture": "#texture",
					"rotation": 270
				}
			}
		},
		{
			"name": "cube",
			"from": [-12.2353, 2.19608, 1.88235],
			"to": [-6.58825, 2.50981, 2.19608],
			"faces": {
				"north": {
					"uv": [9.25, 4.75, 10.375, 4.8125],
					"texture": "#texture"
				},
				"east": {
					"uv": [9.25, 4.75, 9.3125, 4.8125],
					"texture": "#texture"
				},
				"south": {
					"uv": [10.375, 4.75, 11.5, 4.8125],
					"texture": "#texture"
				},
				"west": {
					"uv": [11.875, 4.875, 11.9375, 4.9375],
					"texture": "#texture"
				},
				"up": {
					"uv": [1.75, 0, 1.8125, 1.125],
					"texture": "#texture",
					"rotation": 270
				},
				"down": {
					"uv": [1.75, 0, 1.8125, 1.125],
					"texture": "#texture",
					"rotation": 270
				}
			}
		},
		{
			"name": "cube",
			"from": [25.7255, 5.64707, 0.941187],
			"to": [26.353, 6.58825, 1.25491],
			"faces": {
				"north": {
					"uv": [12.875, 0, 13, 0.1875],
					"texture": "#texture"
				},
				"east": {
					"uv": [12.875, 0, 12.9375, 0.1875],
					"texture": "#texture"
				},
				"west": {
					"uv": [12.9375, 0, 13, 0.1875],
					"texture": "#texture"
				},
				"up": {
					"uv": [3.375, 3.1875, 3.4375, 3.3125],
					"texture": "#texture",
					"rotation": 270
				},
				"down": {
					"uv": [3.3125, 3.1875, 3.375, 3.3125],
					"texture": "#texture",
					"rotation": 270
				}
			}
		},
		{
			"name": "cube",
			"from": [-1.88237, 3.76471, 1.88235],
			"to": [-0.313745, 4.07843, 2.19608],
			"faces": {
				"north": {
					"uv": [3.4375, 5.0625, 3.75, 5.125],
					"texture": "#texture"
				},
				"south": {
					"uv": [3.75, 5.0625, 4.0625, 5.125],
					"texture": "#texture"
				},
				"down": {
					"uv": [6.1875, 0, 6.25, 0.3125],
					"texture": "#texture",
					"rotation": 270
				}
			}
		},
		{
			"name": "cube",
			"from": [17.8824, 6.27453, 2.50981],
			"to": [31.6863, 6.58825, 2.82353],
			"faces": {
				"east": {
					"uv": [9.5625, 4.375, 9.625, 4.4375],
					"texture": "#texture"
				},
				"south": {
					"uv": [2.75, 4.4375, 5.5, 4.5],
					"texture": "#texture"
				},
				"west": {
					"uv": [12.1875, 5.0625, 12.25, 5.125],
					"texture": "#texture"
				}
			}
		},
		{
			"name": "cube",
			"from": [17.8824, 6.27453, 1.25488],
			"to": [20.0785, 6.58825, 1.5686],
			"faces": {
				"north": {
					"uv": [11.5625, 5, 12, 5.0625],
					"texture": "#texture"
				},
				"west": {
					"uv": [5.0625, 4.625, 5.125, 4.6875],
					"texture": "#texture"
				}
			}
		},
		{
			"name": "cube",
			"from": [21.0196, 7.21571, 1.88235],
			"to": [21.6471, 7.52944, 2.19608],
			"faces": {
				"east": {
					"uv": [10.4375, 4.4375, 10.5, 4.5],
					"texture": "#texture"
				},
				"up": {
					"uv": [6.6875, 0, 6.75, 0.125],
					"texture": "#texture",
					"rotation": 270
				}
			}
		},
		{
			"name": "cube",
			"from": [18.1961, 4.39216, 1.56862],
			"to": [19.1372, 4.70588, 2.5098],
			"faces": {
				"east": {
					"uv": [8.75, 0, 8.9375, 0.0625],
					"texture": "#texture"
				},
				"west": {
					"uv": [8.5625, 0, 8.75, 0.0625],
					"texture": "#texture"
				},
				"down": {
					"uv": [8.5625, 0, 8.75, 0.1875],
					"texture": "#texture",
					"rotation": 270
				}
			}
		},
		{
			"name": "cube",
			"from": [16.6274, 6.27453, 2.19608],
			"to": [17.2549, 6.58825, 2.50981],
			"faces": {
				"south": {
					"uv": [13.5625, 5.0625, 13.6875, 5.125],
					"texture": "#texture"
				},
				"west": {
					"uv": [13.5, 5.0625, 13.5625, 5.125],
					"texture": "#texture"
				}
			}
		},
		{
			"name": "cube",
			"from": [26.0392, 6.90196, 1.56862],
			"to": [28.2353, 7.21569, 1.88235],
			"faces": {
				"north": {
					"uv": [12, 5, 12.4375, 5.0625],
					"texture": "#texture"
				},
				"up": {
					"uv": [4.9375, 0, 5, 0.4375],
					"texture": "#texture",
					"rotation": 270
				}
			}
		},
		{
			"name": "cube",
			"from": [18.1961, 6.27453, 2.82353],
			"to": [21.647, 6.58825, 3.13726],
			"faces": {
				"east": {
					"uv": [15.4375, 0, 15.5, 0.0625],
					"texture": "#texture"
				},
				"south": {
					"uv": [2.75, 4.9375, 3.4375, 5],
					"texture": "#texture"
				},
				"west": {
					"uv": [15.625, 0, 15.6875, 0.0625],
					"texture": "#texture"
				}
			}
		},
		{
			"name": "cube",
			"from": [26.9804, 5.33333, 1.25488],
			"to": [30.7451, 5.64706, 1.5686],
			"faces": {
				"north": {
					"uv": [10.3125, 4.875, 11.0625, 4.9375],
					"texture": "#texture"
				},
				"down": {
					"uv": [2.875, 0, 2.9375, 0.75],
					"texture": "#texture",
					"rotation": 270
				}
			}
		},
		{
			"name": "cube",
			"from": [22.5883, 5.64706, 2.50981],
			"to": [31.6863, 5.96079, 2.82353],
			"faces": {
				"east": {
					"uv": [4.5, 5.0625, 4.5625, 5.125],
					"texture": "#texture"
				},
				"south": {
					"uv": [8.25, 4.5625, 10.0625, 4.625],
					"texture": "#texture"
				}
			}
		},
		{
			"name": "cube",
			"from": [20.7059, 6.58821, 1.25488],
			"to": [31.6863, 6.90194, 1.5686],
			"faces": {
				"north": {
					"uv": [2.1875, 4.5, 4.375, 4.5625],
					"texture": "#texture"
				},
				"east": {
					"uv": [1.75, 3.1875, 1.8125, 3.25],
					"texture": "#texture"
				},
				"up": {
					"uv": [0.3125, 0, 0.375, 2.1875],
					"texture": "#texture",
					"rotation": 270
				}
			}
		},
		{
			"name": "cube",
			"from": [27.6078, 5.64707, 2.82353],
			"to": [28.2353, 6.58825, 3.13726],
			"faces": {
				"east": {
					"uv": [13, 0, 13.0625, 0.1875],
					"texture": "#texture"
				},
				"south": {
					"uv": [13.125, 0, 13.25, 0.1875],
					"texture": "#texture"
				},
				"west": {
					"uv": [13.0625, 0, 13.125, 0.1875],
					"texture": "#texture"
				},
				"up": {
					"uv": [3.5, 3.1875, 3.5625, 3.3125],
					"texture": "#texture",
					"rotation": 270
				},
				"down": {
					"uv": [3.4375, 3.1875, 3.5, 3.3125],
					"texture": "#texture",
					"rotation": 270
				}
			}
		},
		{
			"name": "cube",
			"from": [26.9804, 6.58821, 2.50981],
			"to": [31.6863, 6.90194, 2.82353],
			"faces": {
				"east": {
					"uv": [11.3125, 4.875, 11.375, 4.9375],
					"texture": "#texture"
				},
				"south": {
					"uv": [4.6875, 4.875, 5.625, 4.9375],
					"texture": "#texture"
				},
				"up": {
					"uv": [2.4375, 0, 2.5, 0.9375],
					"texture": "#texture",
					"rotation": 270
				}
			}
		},
		{
			"name": "cube",
			"from": [18.5098, 4.70588, 0.31375],
			"to": [18.8235, 5.33333, 0.627476],
			"faces": {
				"north": {
					"uv": [6.375, 0, 6.4375, 0.125],
					"texture": "#texture"
				},
				"east": {
					"uv": [6.375, 0, 6.4375, 0.125],
					"texture": "#texture"
				},
				"west": {
					"uv": [6.375, 0, 6.4375, 0.125],
					"texture": "#texture"
				},
				"down": {
					"uv": [15.625, 0, 15.6875, 0.0625],
					"texture": "#texture",
					"rotation": 270
				}
			}
		},
		{
			"name": "cube",
			"from": [24.7843, 6.27453, 1.25488],
			"to": [31.6863, 6.58825, 1.5686],
			"faces": {
				"north": {
					"uv": [8.25, 4.4375, 9.625, 4.5],
					"texture": "#texture"
				},
				"east": {
					"uv": [4.5, 5.0625, 4.5625, 5.125],
					"texture": "#texture"
				}
			}
		},
		{
			"name": "cube",
			"from": [20.7059, 5.96077, 0.941187],
			"to": [21.6471, 6.2745, 1.25491],
			"faces": {
				"north": {
					"uv": [7.875, 5.0625, 8.0625, 5.125],
					"texture": "#texture"
				},
				"east": {
					"uv": [7.875, 0, 7.9375, 0.0625],
					"texture": "#texture"
				}
			}
		},
		{
			"name": "cube",
			"from": [16, 5.33333, 1.88235],
			"to": [32, 5.64706, 2.19608],
			"faces": {
				"north": {
					"uv": [3.6875, 3.1875, 6.875, 3.25],
					"texture": "#texture"
				},
				"east": {
					"uv": [9.5625, 4.375, 9.625, 4.4375],
					"texture": "#texture"
				},
				"south": {
					"uv": [6.375, 4.375, 9.5625, 4.4375],
					"texture": "#texture"
				},
				"west": {
					"uv": [6.8125, 3.1875, 6.875, 3.25],
					"texture": "#texture"
				},
				"down": {
					"uv": [0, 0, 0.0625, 3.1875],
					"texture": "#texture",
					"rotation": 270
				}
			}
		},
		{
			"name": "cube",
			"from": [4.70588, 5.96077, 1.88235],
			"to": [5.64706, 6.2745, 2.19608],
			"faces": {
				"north": {
					"uv": [12.5625, 5.0625, 12.75, 5.125],
					"texture": "#texture"
				},
				"south": {
					"uv": [12.75, 5.0625, 12.9375, 5.125],
					"texture": "#texture"
				},
				"west": {
					"uv": [12.6875, 5.0625, 12.75, 5.125],
					"texture": "#texture"
				},
				"up": {
					"uv": [14.625, 0, 14.6875, 0.1875],
					"texture": "#texture",
					"rotation": 270
				}
			}
		},
		{
			"name": "cube",
			"from": [16.6274, 5.01961, 1.88235],
			"to": [17.2549, 5.33333, 2.19608],
			"faces": {
				"north": {
					"uv": [13.6875, 5.0625, 13.8125, 5.125],
					"texture": "#texture"
				},
				"south": {
					"uv": [13.8125, 5.0625, 13.9375, 5.125],
					"texture": "#texture"
				},
				"west": {
					"uv": [13.75, 5.0625, 13.8125, 5.125],
					"texture": "#texture"
				},
				"down": {
					"uv": [3.5625, 3.1875, 3.625, 3.3125],
					"texture": "#texture",
					"rotation": 270
				}
			}
		},
		{
			"name": "cube",
			"from": [18.1961, 7.5294, 1.56862],
			"to": [19.1372, 7.84312, 2.5098],
			"faces": {
				"east": {
					"uv": [2.5625, 4.9375, 2.75, 5],
					"texture": "#texture"
				},
				"west": {
					"uv": [2.5625, 4.9375, 2.75, 5],
					"texture": "#texture"
				},
				"up": {
					"uv": [8.9375, 0, 9.125, 0.1875],
					"texture": "#texture",
					"rotation": 270
				}
			}
		},
		{
			"name": "cube",
			"from": [16.6274, 5.33333, 2.19608],
			"to": [23.5294, 5.64706, 2.50981],
			"faces": {
				"south": {
					"uv": [5.5, 4.6875, 6.875, 4.75],
					"texture": "#texture"
				},
				"west": {
					"uv": [5.4375, 4.6875, 5.5, 4.75],
					"texture": "#texture"
				},
				"down": {
					"uv": [1.3125, 0, 1.375, 1.375],
					"texture": "#texture",
					"rotation": 270
				}
			}
		},
		{
			"name": "cube",
			"from": [18.5098, 4.07843, 1.25488],
			"to": [18.8235, 4.39216, 1.88233],
			"faces": {
				"north": {
					"uv": [15.625, 0, 15.6875, 0.0625],
					"texture": "#texture"
				},
				"east": {
					"uv": [15.625, 0, 15.75, 0.0625],
					"texture": "#texture"
				},
				"south": {
					"uv": [15.625, 0, 15.6875, 0.0625],
					"texture": "#texture"
				},
				"west": {
					"uv": [15.625, 0, 15.75, 0.0625],
					"texture": "#texture"
				},
				"down": {
					"uv": [15.625, 0, 15.75, 0.0625],
					"texture": "#texture",
					"rotation": 270
				}
			}
		},
		{
			"name": "cube",
			"from": [18.5098, 7.5294, 2.82353],
			"to": [18.8235, 7.84312, 3.45098],
			"faces": {
				"east": {
					"uv": [1.25, 5, 1.375, 5.0625],
					"texture": "#texture"
				},
				"south": {
					"uv": [7.6875, 0.125, 7.75, 0.1875],
					"texture": "#texture"
				},
				"west": {
					"uv": [1.3125, 5, 1.4375, 5.0625],
					"texture": "#texture"
				},
				"up": {
					"uv": [1.25, 5, 1.375, 5.0625],
					"texture": "#texture",
					"rotation": 270
				}
			}
		},
		{
			"name": "cube",
			"from": [22.2745, 6.90196, 1.56862],
			"to": [24.7843, 7.21569, 1.88235],
			"faces": {
				"north": {
					"uv": [5.5, 5, 6, 5.0625],
					"texture": "#texture"
				},
				"up": {
					"uv": [4.4375, 0, 4.5, 0.5],
					"texture": "#texture",
					"rotation": 270
				}
			}
		},
		{
			"name": "cube",
			"from": [-15.3726, 0.941174, 1.88235],
			"to": [-11.9216, 1.2549, 2.19608],
			"faces": {
				"north": {
					"uv": [3.4375, 4.9375, 4.125, 5],
					"texture": "#texture"
				},
				"east": {
					"uv": [3.4375, 4.9375, 3.5, 5],
					"texture": "#texture"
				},
				"south": {
					"uv": [4.125, 4.9375, 4.8125, 5],
					"texture": "#texture"
				},
				"west": {
					"uv": [4.0625, 4.9375, 4.125, 5],
					"texture": "#texture"
				},
				"up": {
					"uv": [3.4375, 0, 3.5, 0.6875],
					"texture": "#texture",
					"rotation": 270
				},
				"down": {
					"uv": [3.4375, 0, 3.5, 0.6875],
					"texture": "#texture",
					"rotation": 270
				}
			}
		},
		{
			"name": "cube",
			"from": [27.6078, 5.01961, 1.88235],
			"to": [31.6862, 5.33333, 2.19608],
			"faces": {
				"east": {
					"uv": [7.875, 0.125, 7.9375, 0.1875],
					"texture": "#texture"
				},
				"down": {
					"uv": [2.625, 0, 2.6875, 0.8125],
					"texture": "#texture",
					"rotation": 270
				}
			}
		},
		{
			"name": "cube",
			"from": [17.8824, 6.58821, 2.50981],
			"to": [26.9804, 6.90194, 2.82353],
			"faces": {
				"south": {
					"uv": [10.0625, 4.5625, 11.875, 4.625],
					"texture": "#texture"
				},
				"west": {
					"uv": [6.5625, 4.625, 6.625, 4.6875],
					"texture": "#texture"
				},
				"up": {
					"uv": [0.8125, 0, 0.875, 1.8125],
					"texture": "#texture",
					"rotation": 270
				}
			}
		},
		{
			"name": "cube",
			"from": [22.9019, 5.33333, 1.25488],
			"to": [25.4117, 5.64706, 1.5686],
			"faces": {
				"north": {
					"uv": [6, 5, 6.5, 5.0625],
					"texture": "#texture"
				},
				"down": {
					"uv": [4.5, 0, 4.5625, 0.5],
					"texture": "#texture",
					"rotation": 270
				}
			}
		},
		{
			"name": "cube",
			"from": [-8.15687, 3.13726, 1.88235],
			"to": [-2.19609, 3.45098, 2.19608],
			"faces": {
				"north": {
					"uv": [13.375, 4.6875, 14.5625, 4.75],
					"texture": "#texture"
				},
				"east": {
					"uv": [13.375, 4.6875, 13.4375, 4.75],
					"texture": "#texture"
				},
				"south": {
					"uv": [1.1875, 4.75, 2.375, 4.8125],
					"texture": "#texture"
				},
				"west": {
					"uv": [4.5, 5.0625, 4.5625, 5.125],
					"texture": "#texture"
				},
				"up": {
					"uv": [1.5, 0, 1.5625, 1.1875],
					"texture": "#texture",
					"rotation": 270
				},
				"down": {
					"uv": [1.5, 0, 1.5625, 1.1875],
					"texture": "#texture",
					"rotation": 270
				}
			}
		},
		{
			"name": "cube",
			"from": [18.1961, 4.70588, 2.19608],
			"to": [21.0196, 5.01961, 2.50981],
			"faces": {
				"south": {
					"uv": [9.1875, 4.9375, 9.75, 5],
					"texture": "#texture"
				},
				"west": {
					"uv": [9.4375, 0, 9.5, 0.0625],
					"texture": "#texture"
				},
				"down": {
					"uv": [3.875, 0, 3.9375, 0.5625],
					"texture": "#texture",
					"rotation": 270
				}
			}
		},
		{
			"name": "cube",
			"from": [18.1961, 5.01961, 2.50981],
			"to": [21.647, 5.33333, 2.82353],
			"faces": {
				"east": {
					"uv": [13.25, 5.0625, 13.3125, 5.125],
					"texture": "#texture"
				},
				"south": {
					"uv": [4.8125, 4.9375, 5.5, 5],
					"texture": "#texture"
				},
				"west": {
					"uv": [15.625, 0, 15.6875, 0.0625],
					"texture": "#texture"
				},
				"down": {
					"uv": [3.5, 0, 3.5625, 0.6875],
					"texture": "#texture",
					"rotation": 270
				}
			}
		},
		{
			"name": "cube",
			"from": [-0.941187, 5.01961, 1.88235],
			"to": [10.0392, 5.33333, 2.19608],
			"faces": {
				"north": {
					"uv": [4.375, 4.5, 6.5625, 4.5625],
					"texture": "#texture"
				},
				"east": {
					"uv": [4.375, 4.5, 4.4375, 4.5625],
					"texture": "#texture"
				},
				"south": {
					"uv": [6.5625, 4.5, 8.75, 4.5625],
					"texture": "#texture"
				},
				"west": {
					"uv": [6.5, 4.5, 6.5625, 4.5625],
					"texture": "#texture"
				},
				"up": {
					"uv": [0.375, 0, 0.4375, 2.1875],
					"texture": "#texture",
					"rotation": 270
				},
				"down": {
					"uv": [0.375, 0, 0.4375, 2.1875],
					"texture": "#texture",
					"rotation": 270
				}
			}
		},
		{
			"name": "cube",
			"from": [18.1961, 5.33334, 0.941187],
			"to": [21.647, 5.96079, 1.25491],
			"faces": {
				"north": {
					"uv": [14.6875, 0, 15.375, 0.125],
					"texture": "#texture"
				},
				"east": {
					"uv": [14.6875, 0, 14.75, 0.125],
					"texture": "#texture"
				},
				"west": {
					"uv": [9.375, 0.0625, 9.4375, 0.1875],
					"texture": "#texture"
				},
				"down": {
					"uv": [3.5625, 0, 3.625, 0.6875],
					"texture": "#texture",
					"rotation": 270
				}
			}
		},
		{
			"name": "cube",
			"from": [-0.627437, 4.70588, 1.88235],
			"to": [7.84315, 5.01961, 2.19608],
			"faces": {
				"north": {
					"uv": [8.5625, 4.625, 10.25, 4.6875],
					"texture": "#texture"
				},
				"east": {
					"uv": [8.5625, 4.625, 8.625, 4.6875],
					"texture": "#texture"
				},
				"south": {
					"uv": [10.25, 4.625, 11.9375, 4.6875],
					"texture": "#texture"
				},
				"down": {
					"uv": [1.0625, 0, 1.125, 1.6875],
					"texture": "#texture",
					"rotation": 270
				}
			}
		},
		{
			"name": "cube",
			"from": [21.0196, 5.96077, 1.88235],
			"to": [32, 6.2745, 2.19608],
			"faces": {
				"east": {
					"uv": [11.875, 4.875, 11.9375, 4.9375],
					"texture": "#texture"
				}
			}
		},
		{
			"name": "cube",
			"from": [30.4314, 5.64707, 0.941187],
			"to": [31.0588, 6.58825, 1.25491],
			"faces": {
				"north": {
					"uv": [13.25, 0, 13.375, 0.1875],
					"texture": "#texture"
				},
				"east": {
					"uv": [13.25, 0, 13.3125, 0.1875],
					"texture": "#texture"
				},
				"west": {
					"uv": [13.3125, 0, 13.375, 0.1875],
					"texture": "#texture"
				},
				"up": {
					"uv": [13.875, 0, 13.9375, 0.125],
					"texture": "#texture",
					"rotation": 270
				},
				"down": {
					"uv": [0.75, 1.5625, 0.8125, 1.6875],
					"texture": "#texture",
					"rotation": 270
				}
			}
		},
		{
			"name": "cube",
			"from": [21.0196, 6.90196, 1.88235],
			"to": [30.7451, 7.21569, 2.19608],
			"faces": {
				"up": {
					"uv": [0.6875, 0, 0.75, 1.9375],
					"texture": "#texture",
					"rotation": 270
				}
			}
		},
		{
			"name": "cube",
			"from": [18.8235, 7.21571, 1.88235],
			"to": [21.0196, 7.52944, 2.19608],
			"faces": {
				"up": {
					"uv": [5, 0, 5.0625, 0.4375],
					"texture": "#texture",
					"rotation": 270
				}
			}
		},
		{
			"name": "cube",
			"from": [20.3922, 7.21571, 2.19608],
			"to": [21.6471, 7.52944, 2.50981],
			"faces": {
				"east": {
					"uv": [9.9375, 4.4375, 10, 4.5],
					"texture": "#texture"
				},
				"south": {
					"uv": [8.375, 5.0625, 8.625, 5.125],
					"texture": "#texture"
				},
				"up": {
					"uv": [6.75, 0, 6.8125, 0.25],
					"texture": "#texture",
					"rotation": 270
				}
			}
		},
		{
			"name": "cube",
			"from": [16.6274, 5.33333, 1.56862],
			"to": [22.9019, 5.64706, 1.88235],
			"faces": {
				"north": {
					"uv": [12.125, 4.6875, 13.375, 4.75],
					"texture": "#texture"
				},
				"west": {
					"uv": [13.3125, 4.6875, 13.375, 4.75],
					"texture": "#texture"
				},
				"down": {
					"uv": [1.4375, 0, 1.5, 1.25],
					"texture": "#texture",
					"rotation": 270
				}
			}
		},
		{
			"name": "cube",
			"from": [-13.4902, 1.88236, 1.88235],
			"to": [-8.15686, 2.19608, 2.19608],
			"faces": {
				"north": {
					"uv": [2.125, 4.8125, 3.1875, 4.875],
					"texture": "#texture"
				},
				"east": {
					"uv": [2.125, 4.8125, 2.1875, 4.875],
					"texture": "#texture"
				},
				"south": {
					"uv": [3.1875, 4.8125, 4.25, 4.875],
					"texture": "#texture"
				},
				"west": {
					"uv": [10.125, 4.75, 10.1875, 4.8125],
					"texture": "#texture"
				},
				"up": {
					"uv": [1.9375, 0, 2, 1.0625],
					"texture": "#texture",
					"rotation": 270
				},
				"down": {
					"uv": [1.9375, 0, 2, 1.0625],
					"texture": "#texture",
					"rotation": 270
				}
			}
		},
		{
			"name": "cube",
			"from": [17.8824, 5.33333, 2.50981],
			"to": [26.353, 5.64706, 2.82353],
			"faces": {
				"south": {
					"uv": [11.9375, 4.625, 13.625, 4.6875],
					"texture": "#texture"
				},
				"west": {
					"uv": [5.1875, 4.6875, 5.25, 4.75],
					"texture": "#texture"
				},
				"down": {
					"uv": [1.125, 0, 1.1875, 1.6875],
					"texture": "#texture",
					"rotation": 270
				}
			}
		},
		{
			"name": "cube",
			"from": [18.1961, 6.27453, 0.627438],
			"to": [19.7647, 6.58825, 0.941163],
			"faces": {
				"north": {
					"uv": [11.9375, 4.375, 12.25, 4.4375],
					"texture": "#texture"
				},
				"east": {
					"uv": [7.875, 0, 7.9375, 0.0625],
					"texture": "#texture"
				},
				"west": {
					"uv": [15.625, 0, 15.6875, 0.0625],
					"texture": "#texture"
				},
				"up": {
					"uv": [0.0625, 0.0625, 0.125, 0.375],
					"texture": "#texture",
					"rotation": 270
				}
			}
		},
		{
			"name": "cube",
			"from": [30.1176, 5.33333, 2.50981],
			"to": [31.6863, 5.64706, 2.82353],
			"faces": {
				"east": {
					"uv": [9.9375, 4.4375, 10, 4.5],
					"texture": "#texture"
				},
				"south": {
					"uv": [4.0625, 5.0625, 4.375, 5.125],
					"texture": "#texture"
				},
				"down": {
					"uv": [6.25, 0, 6.3125, 0.3125],
					"texture": "#texture",
					"rotation": 270
				}
			}
		},
		{
			"name": "cube",
			"from": [0, 4.39216, 1.88235],
			"to": [5.64706, 4.70588, 2.19608],
			"faces": {
				"north": {
					"uv": [11.5, 4.75, 12.625, 4.8125],
					"texture": "#texture"
				},
				"east": {
					"uv": [11.5, 4.75, 11.5625, 4.8125],
					"texture": "#texture"
				},
				"south": {
					"uv": [12.625, 4.75, 13.75, 4.8125],
					"texture": "#texture"
				},
				"down": {
					"uv": [1.8125, 0, 1.875, 1.125],
					"texture": "#texture",
					"rotation": 270
				}
			}
		},
		{
			"name": "cube",
			"from": [5.64706, 5.96077, 1.88235],
			"to": [16.6275, 6.2745, 2.19608],
			"faces": {
				"north": {
					"uv": [8.75, 4.5, 10.9375, 4.5625],
					"texture": "#texture"
				},
				"south": {
					"uv": [10.9375, 4.5, 13.125, 4.5625],
					"texture": "#texture"
				},
				"up": {
					"uv": [0.5, 0, 0.5625, 2.1875],
					"texture": "#texture",
					"rotation": 270
				}
			}
		},
		{
			"name": "cube",
			"from": [18.5098, 4.39216, 2.82353],
			"to": [18.8235, 4.70588, 3.45098],
			"faces": {
				"east": {
					"uv": [15.625, 0, 15.75, 0.0625],
					"texture": "#texture"
				},
				"south": {
					"uv": [15.625, 0, 15.6875, 0.0625],
					"texture": "#texture"
				},
				"west": {
					"uv": [15.625, 0, 15.75, 0.0625],
					"texture": "#texture"
				},
				"down": {
					"uv": [15.625, 0, 15.75, 0.0625],
					"texture": "#texture",
					"rotation": 270
				}
			}
		},
		{
			"name": "cube",
			"from": [21.0196, 5.01961, 1.25488],
			"to": [21.6471, 5.33333, 1.5686],
			"faces": {
				"north": {
					"uv": [11.125, 4.4375, 11.25, 4.5],
					"texture": "#texture"
				},
				"east": {
					"uv": [1.8125, 3.25, 1.875, 3.3125],
					"texture": "#texture"
				},
				"down": {
					"uv": [0.25, 1.5625, 0.3125, 1.6875],
					"texture": "#texture",
					"rotation": 270
				}
			}
		},
		{
			"name": "cube",
			"from": [18.5098, 4.39216, 0.627438],
			"to": [18.8235, 4.70588, 1.25489],
			"faces": {
				"north": {
					"uv": [9.375, 0, 9.4375, 0.0625],
					"texture": "#texture"
				},
				"east": {
					"uv": [9.375, 0.125, 9.5, 0.1875],
					"texture": "#texture"
				},
				"west": {
					"uv": [9.5, 0.125, 9.625, 0.1875],
					"texture": "#texture"
				},
				"down": {
					"uv": [9.5, 0.125, 9.625, 0.1875],
					"texture": "#texture",
					"rotation": 270
				}
			}
		},
		{
			"name": "cube",
			"from": [18.1961, 5.64707, 3.13726],
			"to": [19.7647, 6.58825, 3.45098],
			"faces": {
				"east": {
					"uv": [6.875, 0, 6.9375, 0.1875],
					"texture": "#texture"
				},
				"south": {
					"uv": [7.1875, 0, 7.5, 0.1875],
					"texture": "#texture"
				},
				"west": {
					"uv": [7, 0, 7.0625, 0.1875],
					"texture": "#texture"
				},
				"up": {
					"uv": [6.375, 0, 6.4375, 0.3125],
					"texture": "#texture",
					"rotation": 270
				},
				"down": {
					"uv": [6.3125, 0, 6.375, 0.3125],
					"texture": "#texture",
					"rotation": 270
				}
			}
		},
		{
			"name": "cube",
			"from": [18.1961, 6.27453, 2.19608],
			"to": [32, 6.58825, 2.50981],
			"faces": {
				"east": {
					"uv": [15.4375, 0, 15.5, 0.0625],
					"texture": "#texture"
				},
				"south": {
					"uv": [5.5, 4.4375, 8.25, 4.5],
					"texture": "#texture"
				}
			}
		},
		{
			"name": "cube",
			"from": [16.6274, 6.90196, 1.88235],
			"to": [19.7647, 7.21569, 2.19608],
			"faces": {
				"north": {
					"uv": [6.8125, 4.9375, 7.4375, 5],
					"texture": "#texture"
				},
				"south": {
					"uv": [7.4375, 4.9375, 8.0625, 5],
					"texture": "#texture"
				},
				"west": {
					"uv": [7.375, 4.9375, 7.4375, 5],
					"texture": "#texture"
				},
				"up": {
					"uv": [3.6875, 0, 3.75, 0.625],
					"texture": "#texture",
					"rotation": 270
				}
			}
		},
		{
			"name": "cube",
			"from": [17.2549, 5.01961, 1.88235],
			"to": [27.6078, 5.33333, 2.19608],
			"faces": {
				"north": {
					"uv": [4.125, 4.5625, 6.1875, 4.625],
					"texture": "#texture"
				},
				"south": {
					"uv": [6.1875, 4.5625, 8.25, 4.625],
					"texture": "#texture"
				},
				"down": {
					"uv": [0.625, 0, 0.6875, 2.0625],
					"texture": "#texture",
					"rotation": 270
				}
			}
		},
		{
			"name": "cube",
			"from": [28.8627, 5.96077, 2.19608],
			"to": [32, 6.2745, 2.50981],
			"faces": {
				"east": {
					"uv": [15.4375, 0, 15.5, 0.0625],
					"texture": "#texture"
				},
				"south": {
					"uv": [7.625, 4.4375, 8.25, 4.5],
					"texture": "#texture"
				}
			}
		},
		{
			"name": "cube",
			"from": [18.1961, 4.39216, 2.50981],
			"to": [19.1372, 5.01961, 2.82353],
			"faces": {
				"east": {
					"uv": [1.5, 3.1875, 1.5625, 3.3125],
					"texture": "#texture"
				},
				"south": {
					"uv": [1.5, 3.1875, 1.6875, 3.3125],
					"texture": "#texture"
				},
				"west": {
					"uv": [1.5, 3.1875, 1.5625, 3.3125],
					"texture": "#texture"
				},
				"down": {
					"uv": [14.375, 0, 14.4375, 0.1875],
					"texture": "#texture",
					"rotation": 270
				}
			}
		},
		{
			"name": "cube",
			"from": [17.8824, 5.01961, 2.19608],
			"to": [23.2157, 5.33333, 2.50981],
			"faces": {
				"south": {
					"uv": [5.3125, 4.8125, 6.375, 4.875],
					"texture": "#texture"
				},
				"west": {
					"uv": [5.25, 4.8125, 5.3125, 4.875],
					"texture": "#texture"
				},
				"down": {
					"uv": [2, 0, 2.0625, 1.0625],
					"texture": "#texture",
					"rotation": 270
				}
			}
		},
		{
			"name": "cube",
			"from": [18.1961, 6.90196, 2.50981],
			"to": [21.647, 7.21569, 2.82353],
			"faces": {
				"east": {
					"uv": [13.1875, 4.9375, 13.25, 5],
					"texture": "#texture"
				},
				"south": {
					"uv": [5.5, 4.9375, 6.1875, 5],
					"texture": "#texture"
				},
				"west": {
					"uv": [15.625, 0, 15.6875, 0.0625],
					"texture": "#texture"
				},
				"up": {
					"uv": [3.625, 0, 3.6875, 0.6875],
					"texture": "#texture",
					"rotation": 270
				}
			}
		},
		{
			"name": "cube",
			"from": [-14.7451, 1.56862, 1.88235],
			"to": [-13.4902, 1.88235, 2.19608],
			"faces": {
				"north": {
					"uv": [8.625, 5.0625, 8.875, 5.125],
					"texture": "#texture"
				},
				"south": {
					"uv": [8.875, 5.0625, 9.125, 5.125],
					"texture": "#texture"
				},
				"west": {
					"uv": [14.3125, 4.875, 14.375, 4.9375],
					"texture": "#texture"
				},
				"up": {
					"uv": [6.8125, 0, 6.875, 0.25],
					"texture": "#texture",
					"rotation": 270
				}
			}
		},
		{
			"name": "cube",
			"from": [-4.70588, 4.07843, 1.88235],
			"to": [1.2549, 4.39216, 2.19608],
			"faces": {
				"north": {
					"uv": [2.375, 4.75, 3.5625, 4.8125],
					"texture": "#texture"
				},
				"south": {
					"uv": [3.5625, 4.75, 4.75, 4.8125],
					"texture": "#texture"
				},
				"west": {
					"uv": [3.4375, 5, 3.5, 5.0625],
					"texture": "#texture"
				},
				"up": {
					"uv": [1.5625, 0, 1.625, 1.1875],
					"texture": "#texture",
					"rotation": 270
				},
				"down": {
					"uv": [1.5625, 0, 1.625, 1.1875],
					"texture": "#texture",
					"rotation": 270
				}
			}
		},
		{
			"name": "cube",
			"from": [18.1961, 6.58821, 2.82353],
			"to": [20.7059, 6.90194, 3.13726],
			"faces": {
				"south": {
					"uv": [6.5, 5, 7, 5.0625],
					"texture": "#texture"
				},
				"west": {
					"uv": [15.625, 0, 15.6875, 0.0625],
					"texture": "#texture"
				},
				"up": {
					"uv": [4.5625, 0, 4.625, 0.5],
					"texture": "#texture",
					"rotation": 270
				}
			}
		},
		{
			"name": "cube",
			"from": [25.7255, 5.64707, 2.82353],
			"to": [26.353, 6.58825, 3.13726],
			"faces": {
				"east": {
					"uv": [13.375, 0, 13.4375, 0.1875],
					"texture": "#texture"
				},
				"south": {
					"uv": [13.5, 0, 13.625, 0.1875],
					"texture": "#texture"
				},
				"west": {
					"uv": [13.4375, 0, 13.5, 0.1875],
					"texture": "#texture"
				},
				"up": {
					"uv": [3.625, 3.1875, 3.6875, 3.3125],
					"texture": "#texture",
					"rotation": 270
				},
				"down": {
					"uv": [13.8125, 0.0625, 13.875, 0.1875],
					"texture": "#texture",
					"rotation": 270
				}
			}
		},
		{
			"name": "cube",
			"from": [19.7647, 5.96077, 1.25488],
			"to": [31.6863, 6.2745, 1.5686],
			"faces": {
				"north": {
					"uv": [8.25, 4.4375, 10.625, 4.5],
					"texture": "#texture"
				},
				"east": {
					"uv": [4.5, 5.0625, 4.5625, 5.125],
					"texture": "#texture"
				}
			}
		},
		{
			"name": "cube",
			"from": [28.549, 5.64706, 1.88235],
			"to": [32, 5.96079, 2.19608],
			"faces": {
				"east": {
					"uv": [9.1875, 0, 9.25, 0.0625],
					"texture": "#texture"
				}
			}
		},
		{
			"name": "cube",
			"from": [26.6667, 6.58821, 2.19608],
			"to": [32, 6.90194, 2.50981],
			"faces": {
				"east": {
					"uv": [6.375, 4.8125, 6.4375, 4.875],
					"texture": "#texture"
				},
				"south": {
					"uv": [7.4375, 4.8125, 8.5, 4.875],
					"texture": "#texture"
				},
				"up": {
					"uv": [2.0625, 0, 2.125, 1.0625],
					"texture": "#texture",
					"rotation": 270
				}
			}
		},
		{
			"name": "cube",
			"from": [2.19608, 5.64706, 1.88235],
			"to": [7.21569, 5.96079, 2.19608],
			"faces": {
				"north": {
					"uv": [8.5, 4.8125, 9.5, 4.875],
					"texture": "#texture"
				},
				"south": {
					"uv": [9.5, 4.8125, 10.5, 4.875],
					"texture": "#texture"
				},
				"west": {
					"uv": [14.1875, 4.6875, 14.25, 4.75],
					"texture": "#texture"
				},
				"up": {
					"uv": [2.125, 0, 2.1875, 1],
					"texture": "#texture",
					"rotation": 270
				}
			}
		},
		{
			"name": "cube",
			"from": [16.3137, 5.64706, 1.88235],
			"to": [23.2157, 5.96079, 2.19608],
			"faces": {
				"north": {
					"uv": [6.875, 4.6875, 8.25, 4.75],
					"texture": "#texture"
				},
				"south": {
					"uv": [8.25, 4.6875, 9.625, 4.75],
					"texture": "#texture"
				}
			}
		},
		{
			"name": "cube",
			"from": [18.5098, 7.5294, 0.627438],
			"to": [18.8235, 7.84312, 1.25489],
			"faces": {
				"north": {
					"uv": [15.625, 0, 15.6875, 0.0625],
					"texture": "#texture"
				},
				"east": {
					"uv": [15.625, 0, 15.75, 0.0625],
					"texture": "#texture"
				},
				"west": {
					"uv": [15.625, 0, 15.75, 0.0625],
					"texture": "#texture"
				},
				"up": {
					"uv": [15.625, 0, 15.75, 0.0625],
					"texture": "#texture",
					"rotation": 270
				}
			}
		},
		{
			"name": "cube",
			"from": [-5.64706, 3.76471, 1.88235],
			"to": [-3.13726, 4.07843, 2.19608],
			"faces": {
				"north": {
					"uv": [7, 5, 7.5, 5.0625],
					"texture": "#texture"
				},
				"south": {
					"uv": [7.5, 5, 8, 5.0625],
					"texture": "#texture"
				},
				"west": {
					"uv": [10.8125, 4.5, 10.875, 4.5625],
					"texture": "#texture"
				},
				"up": {
					"uv": [4.625, 0, 4.6875, 0.5],
					"texture": "#texture",
					"rotation": 270
				}
			}
		},
		{
			"name": "cube",
			"from": [-16, -3.75e-7, 1.88235],
			"to": [-15.6863, 0.313726, 2.19608],
			"faces": {
				"north": {
					"uv": [13.9375, 5.0625, 14, 5.125],
					"texture": "#texture"
				},
				"east": {
					"uv": [13.9375, 5.0625, 14, 5.125],
					"texture": "#texture"
				},
				"south": {
					"uv": [13.9375, 5.0625, 14, 5.125],
					"texture": "#texture"
				},
				"west": {
					"uv": [13.9375, 5.0625, 14, 5.125],
					"texture": "#texture"
				},
				"down": {
					"uv": [13.9375, 5.0625, 14, 5.125],
					"texture": "#texture",
					"rotation": 270
				}
			}
		},
		{
			"name": "cube",
			"from": [16.6274, 6.58821, 1.56862],
			"to": [21.647, 6.90194, 1.88235],
			"faces": {
				"north": {
					"uv": [10.5, 4.8125, 11.5, 4.875],
					"texture": "#texture"
				},
				"west": {
					"uv": [11.4375, 4.8125, 11.5, 4.875],
					"texture": "#texture"
				},
				"up": {
					"uv": [2.1875, 0, 2.25, 1],
					"texture": "#texture",
					"rotation": 270
				}
			}
		},
		{
			"name": "cube",
			"from": [18.1961, 6.58821, 0.941187],
			"to": [20.7059, 6.90194, 1.25491],
			"faces": {
				"north": {
					"uv": [8, 5, 8.5, 5.0625],
					"texture": "#texture"
				},
				"west": {
					"uv": [15.625, 0, 15.6875, 0.0625],
					"texture": "#texture"
				},
				"up": {
					"uv": [4.6875, 0, 4.75, 0.5],
					"texture": "#texture",
					"rotation": 270
				}
			}
		},
		{
			"name": "cube",
			"from": [20.3922, 5.96077, 2.50981],
			"to": [30.7451, 6.2745, 2.82353],
			"faces": {
				"south": {
					"uv": [3.25, 4.4375, 5.3125, 4.5],
					"texture": "#texture"
				}
			}
		},
		{
			"name": "cube",
			"from": [17.8824, 5.64706, 2.50981],
			"to": [19.1373, 5.96079, 2.82353],
			"faces": {
				"south": {
					"uv": [9.125, 5.0625, 9.375, 5.125],
					"texture": "#texture"
				},
				"west": {
					"uv": [7.9375, 4.75, 8, 4.8125],
					"texture": "#texture"
				}
			}
		},
		{
			"name": "cube",
			"from": [18.5098, 4.07843, 2.19608],
			"to": [18.8235, 4.39216, 2.82353],
			"faces": {
				"north": {
					"uv": [15.625, 0, 15.6875, 0.0625],
					"texture": "#texture"
				},
				"east": {
					"uv": [15.625, 0, 15.75, 0.0625],
					"texture": "#texture"
				},
				"south": {
					"uv": [15.625, 0, 15.6875, 0.0625],
					"texture": "#texture"
				},
				"west": {
					"uv": [15.625, 0, 15.75, 0.0625],
					"texture": "#texture"
				},
				"down": {
					"uv": [15.625, 0, 15.75, 0.0625],
					"texture": "#texture",
					"rotation": 270
				}
			}
		}
	],
	"groups": [
		0,
		1,
		2,
		3,
		4,
		5,
		6,
		7,
		8,
		9,
		10,
		11,
		12,
		13,
		14,
		15,
		16,
		17,
		18,
		19,
		20,
		21,
		22,
		23,
		24,
		25,
		26,
		27,
		28,
		29,
		30,
		31,
		32,
		33,
		34,
		35,
		36,
		37,
		38,
		39,
		40,
		41,
		42,
		43,
		44,
		45,
		46,
		47,
		48,
		49,
		50,
		51,
		52,
		53,
		54,
		55,
		56,
		57,
		58,
		59,
		60,
		61,
		62,
		63,
		64,
		65,
		66,
		67,
		68,
		69,
		70,
		71,
		72,
		73,
		74,
		75,
		76,
		77,
		78,
		79,
		80,
		81,
		82,
		83,
		84,
		85,
		86,
		87,
		88,
		89,
		90,
		91,
		92,
		93,
		94,
		95,
		96,
		97,
		98,
		99,
		100,
		101,
		102,
		103,
		104,
		105,
		106,
		107,
		108,
		109,
		110,
		111,
		112,
		113,
		114,
		115,
		116,
		117,
		118,
		119,
		120,
		121,
		122,
		123,
		124,
		125,
		126,
		127,
		128,
		129,
		130,
		131,
		132,
		133,
		134,
		135,
		136,
		137,
		138,
		139,
		140,
		141,
		142,
		143,
		144,
		145,
		146,
		147,
		148,
		149,
		150,
		151,
		152,
		153,
		154,
		155,
		156,
		157,
		158,
		159,
		160,
		161,
		162,
		163,
		164,
		165,
		166,
		167,
		168,
		169,
		170,
		171,
		172,
		173,
		174,
		175,
		176,
		177,
		178,
		179,
		180,
		181,
		182,
		183,
		184,
		185,
		186,
		187,
		188,
		189,
		190,
		191,
		192,
		193,
		194,
		195,
		196,
		197,
		198,
		199,
		200,
		201,
		202,
		203,
		204,
		205,
		206,
		207,
		208,
		209,
		210,
		211,
		212,
		213
	],
	"display": {
		"thirdperson_righthand": {
			"rotation": [15, 90, -90],
			"translation": [3.5, 9, 2.5],
			"scale": [0.66, 0.72, 0.6]
		},
		"thirdperson_lefthand": {
			"rotation": [15, -90, 90],
			"translation": [-3.78, 9, 2],
			"scale": [0.66, 0.72, 0.6]
		},
		"ground": {
			"rotation": [90, 0, 0],
			"translation": [0, 0, 0],
			"scale": [0.9, 0.9, 0.9]
		},
		"fixed": {
			"rotation": [0, 0, -50],
			"translation": [1.7, 0.94, 2.83],
			"scale": [0.5, 0.5, 0.5]
		},
		"firstperson_righthand": {
			"rotation": [-15, 90, -90],
			"translation": [2, 5.1, -1.32],
			"scale": [0.42, 0.45, 0.35]
		},
		"firstperson_lefthand": {
			"rotation": [-15, -90, 90],
			"translation": [-1, 5, -1],
			"scale": [0.42, 0.45, 0.35]
		},
		"gui": {
			"rotation": [0, 0, -52],
			"translation": [1.32, 1.12, 0],
			"scale": [0.43, 0.43, 0.43]
		},
		"head": {
			"scale": [1, 1, 1],
			"translation": [-2, -20, 11],
			"rotation": [0, 0, 129]
		}
	}
}