{
	"credit": "Made with Blockbench",
	"textures": {
		"diamond_block": "block/weapons/iron_block",
		"particle": "block/weapons/iron_block",
		"log_oak": "block/weapons/cauldron_inner"
	},
	"elements": [
		{
			"from": [3.875, 7.75, 5],
			"to": [4.125, 8.25, 5.125],
			"faces": {
				"north": {"uv": [11.875, 7.75, 12.125, 8.25], "texture": "#log_oak"},
				"east": {"uv": [10.875, 7.75, 11, 8.25], "texture": "#log_oak"},
				"south": {"uv": [3.875, 7.75, 4.125, 8.25], "texture": "#log_oak"},
				"west": {"uv": [5, 7.75, 5.125, 8.25], "texture": "#log_oak"},
				"up": {"uv": [3.875, 5, 4.125, 5.125], "texture": "#log_oak"},
				"down": {"uv": [12.125, 5.125, 11.875, 5], "texture": "#log_oak"}
			}
		},
		{
			"from": [3.875, 7.875, 5.375],
			"to": [4, 8.125, 5.875],
			"faces": {
				"north": {"uv": [12, 7.875, 12.125, 8.125], "texture": "#diamond_block"},
				"east": {"uv": [10.125, 7.875, 10.625, 8.125], "texture": "#diamond_block"},
				"south": {"uv": [3.875, 7.875, 4, 8.125], "texture": "#diamond_block"},
				"west": {"uv": [5.375, 7.875, 5.875, 8.125], "texture": "#diamond_block"},
				"up": {"uv": [3.875, 5.375, 4, 5.875], "texture": "#diamond_block"},
				"down": {"uv": [12.125, 5.875, 12, 5.375], "texture": "#diamond_block"}
			}
		},
		{
			"from": [4, 7.75, 4.75],
			"to": [4.25, 8.25, 5],
			"faces": {
				"north": {"uv": [11.75, 7.75, 12, 8.25], "texture": "#log_oak"},
				"east": {"uv": [11, 7.75, 11.25, 8.25], "texture": "#log_oak"},
				"south": {"uv": [4, 7.75, 4.25, 8.25], "texture": "#log_oak"},
				"west": {"uv": [4.75, 7.75, 5, 8.25], "texture": "#log_oak"},
				"up": {"uv": [4, 4.75, 4.25, 5], "texture": "#log_oak"},
				"down": {"uv": [12, 5, 11.75, 4.75], "texture": "#log_oak"}
			}
		},
		{
			"from": [4, 7.875, 5.125],
			"to": [4.125, 8.125, 5.625],
			"faces": {
				"north": {"uv": [11.875, 7.875, 12, 8.125], "texture": "#diamond_block"},
				"east": {"uv": [10.375, 7.875, 10.875, 8.125], "texture": "#diamond_block"},
				"south": {"uv": [4, 7.875, 4.125, 8.125], "texture": "#diamond_block"},
				"west": {"uv": [5.125, 7.875, 5.625, 8.125], "texture": "#diamond_block"},
				"up": {"uv": [4, 5.125, 4.125, 5.625], "texture": "#diamond_block"},
				"down": {"uv": [12, 5.625, 11.875, 5.125], "texture": "#diamond_block"}
			}
		},
		{
			"from": [4.125, 7.75, 4.625],
			"to": [4.375, 8.25, 4.75],
			"faces": {
				"north": {"uv": [11.625, 7.75, 11.875, 8.25], "texture": "#log_oak"},
				"east": {"uv": [11.25, 7.75, 11.375, 8.25], "texture": "#log_oak"},
				"south": {"uv": [4.125, 7.75, 4.375, 8.25], "texture": "#log_oak"},
				"west": {"uv": [4.625, 7.75, 4.75, 8.25], "texture": "#log_oak"},
				"up": {"uv": [4.125, 4.625, 4.375, 4.75], "texture": "#log_oak"},
				"down": {"uv": [11.875, 4.75, 11.625, 4.625], "texture": "#log_oak"}
			}
		},
		{
			"from": [4.125, 7.875, 5],
			"to": [4.25, 8.125, 5.5],
			"faces": {
				"north": {"uv": [11.75, 7.875, 11.875, 8.125], "texture": "#diamond_block"},
				"east": {"uv": [10.5, 7.875, 11, 8.125], "texture": "#diamond_block"},
				"south": {"uv": [4.125, 7.875, 4.25, 8.125], "texture": "#diamond_block"},
				"west": {"uv": [5, 7.875, 5.5, 8.125], "texture": "#diamond_block"},
				"up": {"uv": [4.125, 5, 4.25, 5.5], "texture": "#diamond_block"},
				"down": {"uv": [11.875, 5.5, 11.75, 5], "texture": "#diamond_block"}
			}
		},
		{
			"from": [4.25, 7.75, 4.375],
			"to": [4.5, 8.25, 4.625],
			"faces": {
				"north": {"uv": [11.5, 7.75, 11.75, 8.25], "texture": "#log_oak"},
				"east": {"uv": [11.375, 7.75, 11.625, 8.25], "texture": "#log_oak"},
				"south": {"uv": [4.25, 7.75, 4.5, 8.25], "texture": "#log_oak"},
				"west": {"uv": [4.375, 7.75, 4.625, 8.25], "texture": "#log_oak"},
				"up": {"uv": [4.25, 4.375, 4.5, 4.625], "texture": "#log_oak"},
				"down": {"uv": [11.75, 4.625, 11.5, 4.375], "texture": "#log_oak"}
			}
		},
		{
			"from": [4.25, 7.875, 4.75],
			"to": [4.375, 8.125, 5.375],
			"faces": {
				"north": {"uv": [11.625, 7.875, 11.75, 8.125], "texture": "#diamond_block"},
				"east": {"uv": [10.625, 7.875, 11.25, 8.125], "texture": "#diamond_block"},
				"south": {"uv": [4.25, 7.875, 4.375, 8.125], "texture": "#diamond_block"},
				"west": {"uv": [4.75, 7.875, 5.375, 8.125], "texture": "#diamond_block"},
				"up": {"uv": [4.25, 4.75, 4.375, 5.375], "texture": "#diamond_block"},
				"down": {"uv": [11.75, 5.375, 11.625, 4.75], "texture": "#diamond_block"}
			}
		},
		{
			"from": [4.375, 7.75, 4.25],
			"to": [4.75, 8.25, 4.375],
			"faces": {
				"north": {"uv": [11.25, 7.75, 11.625, 8.25], "texture": "#log_oak"},
				"east": {"uv": [11.625, 7.75, 11.75, 8.25], "texture": "#log_oak"},
				"south": {"uv": [4.375, 7.75, 4.75, 8.25], "texture": "#log_oak"},
				"west": {"uv": [4.25, 7.75, 4.375, 8.25], "texture": "#log_oak"},
				"up": {"uv": [4.375, 4.25, 4.75, 4.375], "texture": "#log_oak"},
				"down": {"uv": [11.625, 4.375, 11.25, 4.25], "texture": "#log_oak"}
			}
		},
		{
			"from": [4.375, 7.875, 4.625],
			"to": [4.5, 8.125, 5.25],
			"faces": {
				"north": {"uv": [11.5, 7.875, 11.625, 8.125], "texture": "#diamond_block"},
				"east": {"uv": [10.75, 7.875, 11.375, 8.125], "texture": "#diamond_block"},
				"south": {"uv": [4.375, 7.875, 4.5, 8.125], "texture": "#diamond_block"},
				"west": {"uv": [4.625, 7.875, 5.25, 8.125], "texture": "#diamond_block"},
				"up": {"uv": [4.375, 4.625, 4.5, 5.25], "texture": "#diamond_block"},
				"down": {"uv": [11.625, 5.25, 11.5, 4.625], "texture": "#diamond_block"}
			}
		},
		{
			"from": [4.5, 7.75, 4.125],
			"to": [4.875, 8.25, 4.25],
			"faces": {
				"north": {"uv": [11.125, 7.75, 11.5, 8.25], "texture": "#log_oak"},
				"east": {"uv": [11.75, 7.75, 11.875, 8.25], "texture": "#log_oak"},
				"south": {"uv": [4.5, 7.75, 4.875, 8.25], "texture": "#log_oak"},
				"west": {"uv": [4.125, 7.75, 4.25, 8.25], "texture": "#log_oak"},
				"up": {"uv": [4.5, 4.125, 4.875, 4.25], "texture": "#log_oak"},
				"down": {"uv": [11.5, 4.25, 11.125, 4.125], "texture": "#log_oak"}
			}
		},
		{
			"from": [4.5, 7.75, 4.375],
			"to": [4.625, 8.25, 4.5],
			"faces": {
				"north": {"uv": [11.375, 7.75, 11.5, 8.25], "texture": "#log_oak"},
				"east": {"uv": [11.5, 7.75, 11.625, 8.25], "texture": "#log_oak"},
				"south": {"uv": [4.5, 7.75, 4.625, 8.25], "texture": "#log_oak"},
				"west": {"uv": [4.375, 7.75, 4.5, 8.25], "texture": "#log_oak"},
				"up": {"uv": [4.5, 4.375, 4.625, 4.5], "texture": "#log_oak"},
				"down": {"uv": [11.5, 4.5, 11.375, 4.375], "texture": "#log_oak"}
			}
		},
		{
			"from": [4.5, 7.875, 4.5],
			"to": [4.625, 8.125, 5.125],
			"faces": {
				"north": {"uv": [11.375, 7.875, 11.5, 8.125], "texture": "#diamond_block"},
				"east": {"uv": [10.875, 7.875, 11.5, 8.125], "texture": "#diamond_block"},
				"south": {"uv": [4.5, 7.875, 4.625, 8.125], "texture": "#diamond_block"},
				"west": {"uv": [4.5, 7.875, 5.125, 8.125], "texture": "#diamond_block"},
				"up": {"uv": [4.5, 4.5, 4.625, 5.125], "texture": "#diamond_block"},
				"down": {"uv": [11.5, 5.125, 11.375, 4.5], "texture": "#diamond_block"}
			}
		},
		{
			"from": [4.625, 7.75, 3.875],
			"to": [5, 8.25, 4.125],
			"faces": {
				"north": {"uv": [11, 7.75, 11.375, 8.25], "texture": "#log_oak"},
				"east": {"uv": [11.875, 7.75, 12.125, 8.25], "texture": "#log_oak"},
				"south": {"uv": [4.625, 7.75, 5, 8.25], "texture": "#log_oak"},
				"west": {"uv": [3.875, 7.75, 4.125, 8.25], "texture": "#log_oak"},
				"up": {"uv": [4.625, 3.875, 5, 4.125], "texture": "#log_oak"},
				"down": {"uv": [11.375, 4.125, 11, 3.875], "texture": "#log_oak"}
			}
		},
		{
			"from": [4.625, 7.875, 4.375],
			"to": [4.75, 8.125, 5],
			"faces": {
				"north": {"uv": [11.25, 7.875, 11.375, 8.125], "texture": "#diamond_block"},
				"east": {"uv": [11, 7.875, 11.625, 8.125], "texture": "#diamond_block"},
				"south": {"uv": [4.625, 7.875, 4.75, 8.125], "texture": "#diamond_block"},
				"west": {"uv": [4.375, 7.875, 5, 8.125], "texture": "#diamond_block"},
				"up": {"uv": [4.625, 4.375, 4.75, 5], "texture": "#diamond_block"},
				"down": {"uv": [11.375, 5, 11.25, 4.375], "texture": "#diamond_block"}
			}
		},
		{
			"from": [4.75, 7.75, 3.75],
			"to": [5.125, 8.25, 3.875],
			"faces": {
				"north": {"uv": [10.875, 7.75, 11.25, 8.25], "texture": "#log_oak"},
				"east": {"uv": [12.125, 7.75, 12.25, 8.25], "texture": "#log_oak"},
				"south": {"uv": [4.75, 7.75, 5.125, 8.25], "texture": "#log_oak"},
				"west": {"uv": [3.75, 7.75, 3.875, 8.25], "texture": "#log_oak"},
				"up": {"uv": [4.75, 3.75, 5.125, 3.875], "texture": "#log_oak"},
				"down": {"uv": [11.25, 3.875, 10.875, 3.75], "texture": "#log_oak"}
			}
		},
		{
			"from": [4.75, 7.875, 4.25],
			"to": [4.875, 8.125, 4.875],
			"faces": {
				"north": {"uv": [11.125, 7.875, 11.25, 8.125], "texture": "#diamond_block"},
				"east": {"uv": [11.125, 7.875, 11.75, 8.125], "texture": "#diamond_block"},
				"south": {"uv": [4.75, 7.875, 4.875, 8.125], "texture": "#diamond_block"},
				"west": {"uv": [4.25, 7.875, 4.875, 8.125], "texture": "#diamond_block"},
				"up": {"uv": [4.75, 4.25, 4.875, 4.875], "texture": "#diamond_block"},
				"down": {"uv": [11.25, 4.875, 11.125, 4.25], "texture": "#diamond_block"}
			}
		},
		{
			"from": [4.875, 7.75, 3.625],
			"to": [5.25, 8.25, 3.75],
			"faces": {
				"north": {"uv": [10.75, 7.75, 11.125, 8.25], "texture": "#log_oak"},
				"east": {"uv": [12.25, 7.75, 12.375, 8.25], "texture": "#log_oak"},
				"south": {"uv": [4.875, 7.75, 5.25, 8.25], "texture": "#log_oak"},
				"west": {"uv": [3.625, 7.75, 3.75, 8.25], "texture": "#log_oak"},
				"up": {"uv": [4.875, 3.625, 5.25, 3.75], "texture": "#log_oak"},
				"down": {"uv": [11.125, 3.75, 10.75, 3.625], "texture": "#log_oak"}
			}
		},
		{
			"from": [4.875, 7.875, 4.125],
			"to": [5, 8.125, 4.75],
			"faces": {
				"north": {"uv": [11, 7.875, 11.125, 8.125], "texture": "#diamond_block"},
				"east": {"uv": [11.25, 7.875, 11.875, 8.125], "texture": "#diamond_block"},
				"south": {"uv": [4.875, 7.875, 5, 8.125], "texture": "#diamond_block"},
				"west": {"uv": [4.125, 7.875, 4.75, 8.125], "texture": "#diamond_block"},
				"up": {"uv": [4.875, 4.125, 5, 4.75], "texture": "#diamond_block"},
				"down": {"uv": [11.125, 4.75, 11, 4.125], "texture": "#diamond_block"}
			}
		},
		{
			"from": [5, 7.75, 3.5],
			"to": [5.5, 8.25, 3.625],
			"faces": {
				"north": {"uv": [10.5, 7.75, 11, 8.25], "texture": "#log_oak"},
				"east": {"uv": [12.375, 7.75, 12.5, 8.25], "texture": "#log_oak"},
				"south": {"uv": [5, 7.75, 5.5, 8.25], "texture": "#log_oak"},
				"west": {"uv": [3.5, 7.75, 3.625, 8.25], "texture": "#log_oak"},
				"up": {"uv": [5, 3.5, 5.5, 3.625], "texture": "#log_oak"},
				"down": {"uv": [11, 3.625, 10.5, 3.5], "texture": "#log_oak"}
			}
		},
		{
			"from": [5, 7.875, 3.875],
			"to": [5.125, 8.125, 4.625],
			"faces": {
				"north": {"uv": [10.875, 7.875, 11, 8.125], "texture": "#diamond_block"},
				"east": {"uv": [11.375, 7.875, 12.125, 8.125], "texture": "#diamond_block"},
				"south": {"uv": [5, 7.875, 5.125, 8.125], "texture": "#diamond_block"},
				"west": {"uv": [3.875, 7.875, 4.625, 8.125], "texture": "#diamond_block"},
				"up": {"uv": [5, 3.875, 5.125, 4.625], "texture": "#diamond_block"},
				"down": {"uv": [11, 4.625, 10.875, 3.875], "texture": "#diamond_block"}
			}
		},
		{
			"from": [5.125, 7.75, 3.375],
			"to": [5.625, 8.25, 3.5],
			"faces": {
				"north": {"uv": [10.375, 7.75, 10.875, 8.25], "texture": "#log_oak"},
				"east": {"uv": [12.5, 7.75, 12.625, 8.25], "texture": "#log_oak"},
				"south": {"uv": [5.125, 7.75, 5.625, 8.25], "texture": "#log_oak"},
				"west": {"uv": [3.375, 7.75, 3.5, 8.25], "texture": "#log_oak"},
				"up": {"uv": [5.125, 3.375, 5.625, 3.5], "texture": "#log_oak"},
				"down": {"uv": [10.875, 3.5, 10.375, 3.375], "texture": "#log_oak"}
			}
		},
		{
			"from": [5.125, 7.875, 3.75],
			"to": [5.375, 8.125, 4.5],
			"faces": {
				"north": {"uv": [10.625, 7.875, 10.875, 8.125], "texture": "#diamond_block"},
				"east": {"uv": [11.5, 7.875, 12.25, 8.125], "texture": "#diamond_block"},
				"south": {"uv": [5.125, 7.875, 5.375, 8.125], "texture": "#diamond_block"},
				"west": {"uv": [3.75, 7.875, 4.5, 8.125], "texture": "#diamond_block"},
				"up": {"uv": [5.125, 3.75, 5.375, 4.5], "texture": "#diamond_block"},
				"down": {"uv": [10.875, 4.5, 10.625, 3.75], "texture": "#diamond_block"}
			}
		},
		{
			"from": [5.25, 7.75, 3.25],
			"to": [5.75, 8.25, 3.375],
			"faces": {
				"north": {"uv": [10.25, 7.75, 10.75, 8.25], "texture": "#log_oak"},
				"east": {"uv": [12.625, 7.75, 12.75, 8.25], "texture": "#log_oak"},
				"south": {"uv": [5.25, 7.75, 5.75, 8.25], "texture": "#log_oak"},
				"west": {"uv": [3.25, 7.75, 3.375, 8.25], "texture": "#log_oak"},
				"up": {"uv": [5.25, 3.25, 5.75, 3.375], "texture": "#log_oak"},
				"down": {"uv": [10.75, 3.375, 10.25, 3.25], "texture": "#log_oak"}
			}
		},
		{
			"from": [5.25, 7.875, 3.625],
			"to": [7.625, 8.125, 3.75],
			"faces": {
				"north": {"uv": [8.375, 7.875, 10.75, 8.125], "texture": "#diamond_block"},
				"east": {"uv": [12.25, 7.875, 12.375, 8.125], "texture": "#diamond_block"},
				"south": {"uv": [5.25, 7.875, 7.625, 8.125], "texture": "#diamond_block"},
				"west": {"uv": [3.625, 7.875, 3.75, 8.125], "texture": "#diamond_block"},
				"up": {"uv": [5.25, 3.625, 7.625, 3.75], "texture": "#diamond_block"},
				"down": {"uv": [10.75, 3.75, 8.375, 3.625], "texture": "#diamond_block"}
			}
		},
		{
			"from": [5.375, 7.75, 3.125],
			"to": [6, 8.25, 3.25],
			"faces": {
				"north": {"uv": [10, 7.75, 10.625, 8.25], "texture": "#log_oak"},
				"east": {"uv": [12.75, 7.75, 12.875, 8.25], "texture": "#log_oak"},
				"south": {"uv": [5.375, 7.75, 6, 8.25], "texture": "#log_oak"},
				"west": {"uv": [3.125, 7.75, 3.25, 8.25], "texture": "#log_oak"},
				"up": {"uv": [5.375, 3.125, 6, 3.25], "texture": "#log_oak"},
				"down": {"uv": [10.625, 3.25, 10, 3.125], "texture": "#log_oak"}
			}
		},
		{
			"from": [5.375, 7.875, 3.75],
			"to": [5.5, 8.125, 4.375],
			"faces": {
				"north": {"uv": [10.5, 7.875, 10.625, 8.125], "texture": "#diamond_block"},
				"east": {"uv": [11.625, 7.875, 12.25, 8.125], "texture": "#diamond_block"},
				"south": {"uv": [5.375, 7.875, 5.5, 8.125], "texture": "#diamond_block"},
				"west": {"uv": [3.75, 7.875, 4.375, 8.125], "texture": "#diamond_block"},
				"up": {"uv": [5.375, 3.75, 5.5, 4.375], "texture": "#diamond_block"},
				"down": {"uv": [10.625, 4.375, 10.5, 3.75], "texture": "#diamond_block"}
			}
		},
		{
			"from": [5.5, 7.75, 3],
			"to": [6.125, 8.25, 3.125],
			"faces": {
				"north": {"uv": [9.875, 7.75, 10.5, 8.25], "texture": "#log_oak"},
				"east": {"uv": [12.875, 7.75, 13, 8.25], "texture": "#log_oak"},
				"south": {"uv": [5.5, 7.75, 6.125, 8.25], "texture": "#log_oak"},
				"west": {"uv": [3, 7.75, 3.125, 8.25], "texture": "#log_oak"},
				"up": {"uv": [5.5, 3, 6.125, 3.125], "texture": "#log_oak"},
				"down": {"uv": [10.5, 3.125, 9.875, 3], "texture": "#log_oak"}
			}
		},
		{
			"from": [5.5, 7.875, 3.5],
			"to": [8.375, 8.125, 3.625],
			"faces": {
				"north": {"uv": [7.625, 7.875, 10.5, 8.125], "texture": "#diamond_block"},
				"east": {"uv": [12.375, 7.875, 12.5, 8.125], "texture": "#diamond_block"},
				"south": {"uv": [5.5, 7.875, 8.375, 8.125], "texture": "#diamond_block"},
				"west": {"uv": [3.5, 7.875, 3.625, 8.125], "texture": "#diamond_block"},
				"up": {"uv": [5.5, 3.5, 8.375, 3.625], "texture": "#diamond_block"},
				"down": {"uv": [10.5, 3.625, 7.625, 3.5], "texture": "#diamond_block"}
			}
		},
		{
			"from": [5.5, 7.875, 3.75],
			"to": [5.875, 8.125, 4.25],
			"faces": {
				"north": {"uv": [10.125, 7.875, 10.5, 8.125], "texture": "#diamond_block"},
				"east": {"uv": [11.75, 7.875, 12.25, 8.125], "texture": "#diamond_block"},
				"south": {"uv": [5.5, 7.875, 5.875, 8.125], "texture": "#diamond_block"},
				"west": {"uv": [3.75, 7.875, 4.25, 8.125], "texture": "#diamond_block"},
				"up": {"uv": [5.5, 3.75, 5.875, 4.25], "texture": "#diamond_block"},
				"down": {"uv": [10.5, 4.25, 10.125, 3.75], "texture": "#diamond_block"}
			}
		},
		{
			"from": [5.625, 7.875, 3.375],
			"to": [9.875, 8.125, 3.5],
			"faces": {
				"north": {"uv": [6.125, 7.875, 10.375, 8.125], "texture": "#diamond_block"},
				"east": {"uv": [12.5, 7.875, 12.625, 8.125], "texture": "#diamond_block"},
				"south": {"uv": [5.625, 7.875, 9.875, 8.125], "texture": "#diamond_block"},
				"west": {"uv": [3.375, 7.875, 3.5, 8.125], "texture": "#diamond_block"},
				"up": {"uv": [5.625, 3.375, 9.875, 3.5], "texture": "#diamond_block"},
				"down": {"uv": [10.375, 3.5, 6.125, 3.375], "texture": "#diamond_block"}
			}
		},
		{
			"from": [5.75, 7.75, 2.875],
			"to": [6.375, 8.25, 3],
			"faces": {
				"north": {"uv": [9.625, 7.75, 10.25, 8.25], "texture": "#log_oak"},
				"east": {"uv": [13, 7.75, 13.125, 8.25], "texture": "#log_oak"},
				"south": {"uv": [5.75, 7.75, 6.375, 8.25], "texture": "#log_oak"},
				"west": {"uv": [2.875, 7.75, 3, 8.25], "texture": "#log_oak"},
				"up": {"uv": [5.75, 2.875, 6.375, 3], "texture": "#log_oak"},
				"down": {"uv": [10.25, 3, 9.625, 2.875], "texture": "#log_oak"}
			}
		},
		{
			"from": [5.75, 7.875, 3.25],
			"to": [9.875, 8.125, 3.375],
			"faces": {
				"north": {"uv": [6.125, 7.875, 10.25, 8.125], "texture": "#diamond_block"},
				"east": {"uv": [12.625, 7.875, 12.75, 8.125], "texture": "#diamond_block"},
				"south": {"uv": [5.75, 7.875, 9.875, 8.125], "texture": "#diamond_block"},
				"west": {"uv": [3.25, 7.875, 3.375, 8.125], "texture": "#diamond_block"},
				"up": {"uv": [5.75, 3.25, 9.875, 3.375], "texture": "#diamond_block"},
				"down": {"uv": [10.25, 3.375, 6.125, 3.25], "texture": "#diamond_block"}
			}
		},
		{
			"from": [5.875, 7.75, 2.75],
			"to": [6.5, 8.25, 2.875],
			"faces": {
				"north": {"uv": [9.5, 7.75, 10.125, 8.25], "texture": "#log_oak"},
				"east": {"uv": [13.125, 7.75, 13.25, 8.25], "texture": "#log_oak"},
				"south": {"uv": [5.875, 7.75, 6.5, 8.25], "texture": "#log_oak"},
				"west": {"uv": [2.75, 7.75, 2.875, 8.25], "texture": "#log_oak"},
				"up": {"uv": [5.875, 2.75, 6.5, 2.875], "texture": "#log_oak"},
				"down": {"uv": [10.125, 2.875, 9.5, 2.75], "texture": "#log_oak"}
			}
		},
		{
			"from": [5.875, 7.875, 3.75],
			"to": [6.25, 8.125, 4.125],
			"faces": {
				"north": {"uv": [9.75, 7.875, 10.125, 8.125], "texture": "#diamond_block"},
				"east": {"uv": [11.875, 7.875, 12.25, 8.125], "texture": "#diamond_block"},
				"south": {"uv": [5.875, 7.875, 6.25, 8.125], "texture": "#diamond_block"},
				"west": {"uv": [3.75, 7.875, 4.125, 8.125], "texture": "#diamond_block"},
				"up": {"uv": [5.875, 3.75, 6.25, 4.125], "texture": "#diamond_block"},
				"down": {"uv": [10.125, 4.125, 9.75, 3.75], "texture": "#diamond_block"}
			}
		},
		{
			"from": [6, 7.75, 2.625],
			"to": [6.875, 8.25, 2.75],
			"faces": {
				"north": {"uv": [9.125, 7.75, 10, 8.25], "texture": "#log_oak"},
				"east": {"uv": [13.25, 7.75, 13.375, 8.25], "texture": "#log_oak"},
				"south": {"uv": [6, 7.75, 6.875, 8.25], "texture": "#log_oak"},
				"west": {"uv": [2.625, 7.75, 2.75, 8.25], "texture": "#log_oak"},
				"up": {"uv": [6, 2.625, 6.875, 2.75], "texture": "#log_oak"},
				"down": {"uv": [10, 2.75, 9.125, 2.625], "texture": "#log_oak"}
			}
		},
		{
			"from": [6, 7.875, 3.125],
			"to": [9.875, 8.125, 3.25],
			"faces": {
				"north": {"uv": [6.125, 7.875, 10, 8.125], "texture": "#diamond_block"},
				"east": {"uv": [12.75, 7.875, 12.875, 8.125], "texture": "#diamond_block"},
				"south": {"uv": [6, 7.875, 9.875, 8.125], "texture": "#diamond_block"},
				"west": {"uv": [3.125, 7.875, 3.25, 8.125], "texture": "#diamond_block"},
				"up": {"uv": [6, 3.125, 9.875, 3.25], "texture": "#diamond_block"},
				"down": {"uv": [10, 3.25, 6.125, 3.125], "texture": "#diamond_block"}
			}
		},
		{
			"from": [6.125, 7.875, 3],
			"to": [9.875, 8.125, 3.125],
			"faces": {
				"north": {"uv": [6.125, 7.875, 9.875, 8.125], "texture": "#diamond_block"},
				"east": {"uv": [12.875, 7.875, 13, 8.125], "texture": "#diamond_block"},
				"south": {"uv": [6.125, 7.875, 9.875, 8.125], "texture": "#diamond_block"},
				"west": {"uv": [3, 7.875, 3.125, 8.125], "texture": "#diamond_block"},
				"up": {"uv": [6.125, 3, 9.875, 3.125], "texture": "#diamond_block"},
				"down": {"uv": [9.875, 3.125, 6.125, 3], "texture": "#diamond_block"}
			}
		},
		{
			"from": [6.25, 7.75, 2.5],
			"to": [7.125, 8.25, 2.625],
			"faces": {
				"north": {"uv": [8.875, 7.75, 9.75, 8.25], "texture": "#log_oak"},
				"east": {"uv": [13.375, 7.75, 13.5, 8.25], "texture": "#log_oak"},
				"south": {"uv": [6.25, 7.75, 7.125, 8.25], "texture": "#log_oak"},
				"west": {"uv": [2.5, 7.75, 2.625, 8.25], "texture": "#log_oak"},
				"up": {"uv": [6.25, 2.5, 7.125, 2.625], "texture": "#log_oak"},
				"down": {"uv": [9.75, 2.625, 8.875, 2.5], "texture": "#log_oak"}
			}
		},
		{
			"from": [6.25, 7.875, 3.75],
			"to": [6.625, 8.125, 4],
			"faces": {
				"north": {"uv": [9.375, 7.875, 9.75, 8.125], "texture": "#diamond_block"},
				"east": {"uv": [12, 7.875, 12.25, 8.125], "texture": "#diamond_block"},
				"south": {"uv": [6.25, 7.875, 6.625, 8.125], "texture": "#diamond_block"},
				"west": {"uv": [3.75, 7.875, 4, 8.125], "texture": "#diamond_block"},
				"up": {"uv": [6.25, 3.75, 6.625, 4], "texture": "#diamond_block"},
				"down": {"uv": [9.75, 4, 9.375, 3.75], "texture": "#diamond_block"}
			}
		},
		{
			"from": [6.375, 7.75, 2.375],
			"to": [7.5, 8.25, 2.5],
			"faces": {
				"north": {"uv": [8.5, 7.75, 9.625, 8.25], "texture": "#log_oak"},
				"east": {"uv": [13.5, 7.75, 13.625, 8.25], "texture": "#log_oak"},
				"south": {"uv": [6.375, 7.75, 7.5, 8.25], "texture": "#log_oak"},
				"west": {"uv": [2.375, 7.75, 2.5, 8.25], "texture": "#log_oak"},
				"up": {"uv": [6.375, 2.375, 7.5, 2.5], "texture": "#log_oak"},
				"down": {"uv": [9.625, 2.5, 8.5, 2.375], "texture": "#log_oak"}
			}
		},
		{
			"from": [6.375, 7.875, 2.875],
			"to": [9.875, 8.125, 3],
			"faces": {
				"north": {"uv": [6.125, 7.875, 9.625, 8.125], "texture": "#diamond_block"},
				"east": {"uv": [13, 7.875, 13.125, 8.125], "texture": "#diamond_block"},
				"south": {"uv": [6.375, 7.875, 9.875, 8.125], "texture": "#diamond_block"},
				"west": {"uv": [2.875, 7.875, 3, 8.125], "texture": "#diamond_block"},
				"up": {"uv": [6.375, 2.875, 9.875, 3], "texture": "#diamond_block"},
				"down": {"uv": [9.625, 3, 6.125, 2.875], "texture": "#diamond_block"}
			}
		},
		{
			"from": [6.5, 7.875, 2.75],
			"to": [10, 8.125, 2.875],
			"faces": {
				"north": {"uv": [6, 7.875, 9.5, 8.125], "texture": "#diamond_block"},
				"east": {"uv": [13.125, 7.875, 13.25, 8.125], "texture": "#diamond_block"},
				"south": {"uv": [6.5, 7.875, 10, 8.125], "texture": "#diamond_block"},
				"west": {"uv": [2.75, 7.875, 2.875, 8.125], "texture": "#diamond_block"},
				"up": {"uv": [6.5, 2.75, 10, 2.875], "texture": "#diamond_block"},
				"down": {"uv": [9.5, 2.875, 6, 2.75], "texture": "#diamond_block"}
			}
		},
		{
			"from": [6.625, 7.75, 2.25],
			"to": [7.75, 8.25, 2.375],
			"faces": {
				"north": {"uv": [8.25, 7.75, 9.375, 8.25], "texture": "#log_oak"},
				"east": {"uv": [13.625, 7.75, 13.75, 8.25], "texture": "#log_oak"},
				"south": {"uv": [6.625, 7.75, 7.75, 8.25], "texture": "#log_oak"},
				"west": {"uv": [2.25, 7.75, 2.375, 8.25], "texture": "#log_oak"},
				"up": {"uv": [6.625, 2.25, 7.75, 2.375], "texture": "#log_oak"},
				"down": {"uv": [9.375, 2.375, 8.25, 2.25], "texture": "#log_oak"}
			}
		},
		{
			"from": [6.625, 7.875, 3.75],
			"to": [7, 8.125, 3.875],
			"faces": {
				"north": {"uv": [9, 7.875, 9.375, 8.125], "texture": "#diamond_block"},
				"east": {"uv": [12.125, 7.875, 12.25, 8.125], "texture": "#diamond_block"},
				"south": {"uv": [6.625, 7.875, 7, 8.125], "texture": "#diamond_block"},
				"west": {"uv": [3.75, 7.875, 3.875, 8.125], "texture": "#diamond_block"},
				"up": {"uv": [6.625, 3.75, 7, 3.875], "texture": "#diamond_block"},
				"down": {"uv": [9.375, 3.875, 9, 3.75], "texture": "#diamond_block"}
			}
		},
		{
			"from": [6.875, 7.75, 2.125],
			"to": [8.125, 8.25, 2.25],
			"faces": {
				"north": {"uv": [7.875, 7.75, 9.125, 8.25], "texture": "#log_oak"},
				"east": {"uv": [13.75, 7.75, 13.875, 8.25], "texture": "#log_oak"},
				"south": {"uv": [6.875, 7.75, 8.125, 8.25], "texture": "#log_oak"},
				"west": {"uv": [2.125, 7.75, 2.25, 8.25], "texture": "#log_oak"},
				"up": {"uv": [6.875, 2.125, 8.125, 2.25], "texture": "#log_oak"},
				"down": {"uv": [9.125, 2.25, 7.875, 2.125], "texture": "#log_oak"}
			}
		},
		{
			"from": [6.875, 7.875, 2.625],
			"to": [10.025, 8.125, 2.75],
			"faces": {
				"north": {"uv": [5.975, 7.875, 9.125, 8.125], "texture": "#diamond_block"},
				"east": {"uv": [13.25, 7.875, 13.375, 8.125], "texture": "#diamond_block"},
				"south": {"uv": [6.875, 7.875, 10.025, 8.125], "texture": "#diamond_block"},
				"west": {"uv": [2.625, 7.875, 2.75, 8.125], "texture": "#diamond_block"},
				"up": {"uv": [6.875, 2.625, 10.025, 2.75], "texture": "#diamond_block"},
				"down": {"uv": [9.125, 2.75, 5.975, 2.625], "texture": "#diamond_block"}
			}
		},
		{
			"from": [7.125, 7.875, 2.5],
			"to": [10.025, 8.125, 2.625],
			"faces": {
				"north": {"uv": [5.975, 7.875, 8.875, 8.125], "texture": "#diamond_block"},
				"east": {"uv": [13.375, 7.875, 13.5, 8.125], "texture": "#diamond_block"},
				"south": {"uv": [7.125, 7.875, 10.025, 8.125], "texture": "#diamond_block"},
				"west": {"uv": [2.5, 7.875, 2.625, 8.125], "texture": "#diamond_block"},
				"up": {"uv": [7.125, 2.5, 10.025, 2.625], "texture": "#diamond_block"},
				"down": {"uv": [8.875, 2.625, 5.975, 2.5], "texture": "#diamond_block"}
			}
		},
		{
			"from": [7.25, 7.75, 2],
			"to": [8.5, 8.25, 2.125],
			"faces": {
				"north": {"uv": [7.5, 7.75, 8.75, 8.25], "texture": "#log_oak"},
				"east": {"uv": [13.875, 7.75, 14, 8.25], "texture": "#log_oak"},
				"south": {"uv": [7.25, 7.75, 8.5, 8.25], "texture": "#log_oak"},
				"west": {"uv": [2, 7.75, 2.125, 8.25], "texture": "#log_oak"},
				"up": {"uv": [7.25, 2, 8.5, 2.125], "texture": "#log_oak"},
				"down": {"uv": [8.75, 2.125, 7.5, 2], "texture": "#log_oak"}
			}
		},
		{
			"from": [7.5, 7.75, 1.875],
			"to": [9.375, 8.25, 2],
			"faces": {
				"north": {"uv": [6.625, 7.75, 8.5, 8.25], "texture": "#log_oak"},
				"east": {"uv": [14, 7.75, 14.125, 8.25], "texture": "#log_oak"},
				"south": {"uv": [7.5, 7.75, 9.375, 8.25], "texture": "#log_oak"},
				"west": {"uv": [1.875, 7.75, 2, 8.25], "texture": "#log_oak"},
				"up": {"uv": [7.5, 1.875, 9.375, 2], "texture": "#log_oak"},
				"down": {"uv": [8.5, 2, 6.625, 1.875], "texture": "#log_oak"}
			}
		},
		{
			"from": [7.5, 7.875, 2.375],
			"to": [10, 8.125, 2.5],
			"faces": {
				"north": {"uv": [6, 7.875, 8.5, 8.125], "texture": "#diamond_block"},
				"east": {"uv": [13.5, 7.875, 13.625, 8.125], "texture": "#diamond_block"},
				"south": {"uv": [7.5, 7.875, 10, 8.125], "texture": "#diamond_block"},
				"west": {"uv": [2.375, 7.875, 2.5, 8.125], "texture": "#diamond_block"},
				"up": {"uv": [7.5, 2.375, 10, 2.5], "texture": "#diamond_block"},
				"down": {"uv": [8.5, 2.5, 6, 2.375], "texture": "#diamond_block"}
			}
		},
		{
			"from": [7.625, 7.875, 3.625],
			"to": [7.75, 8, 3.75],
			"faces": {
				"north": {"uv": [8.25, 8, 8.375, 8.125], "texture": "#diamond_block"},
				"east": {"uv": [12.25, 8, 12.375, 8.125], "texture": "#diamond_block"},
				"south": {"uv": [7.625, 8, 7.75, 8.125], "texture": "#diamond_block"},
				"west": {"uv": [3.625, 8, 3.75, 8.125], "texture": "#diamond_block"},
				"up": {"uv": [7.625, 3.625, 7.75, 3.75], "texture": "#diamond_block"},
				"down": {"uv": [8.375, 3.75, 8.25, 3.625], "texture": "#diamond_block"}
			}
		},
		{
			"from": [7.75, 7.875, 2.25],
			"to": [10, 8.125, 2.375],
			"faces": {
				"north": {"uv": [6, 7.875, 8.25, 8.125], "texture": "#diamond_block"},
				"east": {"uv": [13.625, 7.875, 13.75, 8.125], "texture": "#diamond_block"},
				"south": {"uv": [7.75, 7.875, 10, 8.125], "texture": "#diamond_block"},
				"west": {"uv": [2.25, 7.875, 2.375, 8.125], "texture": "#diamond_block"},
				"up": {"uv": [7.75, 2.25, 10, 2.375], "texture": "#diamond_block"},
				"down": {"uv": [8.25, 2.375, 6, 2.25], "texture": "#diamond_block"}
			}
		},
		{
			"from": [7.875, 7.75, 1.75],
			"to": [10, 8.25, 1.875],
			"faces": {
				"north": {"uv": [6, 7.75, 8.125, 8.25], "texture": "#log_oak"},
				"east": {"uv": [14.125, 7.75, 14.25, 8.25], "texture": "#log_oak"},
				"south": {"uv": [7.875, 7.75, 10, 8.25], "texture": "#log_oak"},
				"west": {"uv": [1.75, 7.75, 1.875, 8.25], "texture": "#log_oak"},
				"up": {"uv": [7.875, 1.75, 10, 1.875], "texture": "#log_oak"},
				"down": {"uv": [8.125, 1.875, 6, 1.75], "texture": "#log_oak"}
			}
		},
		{
			"from": [8.125, 7.875, 2.125],
			"to": [10, 8.125, 2.25],
			"faces": {
				"north": {"uv": [6, 7.875, 7.875, 8.125], "texture": "#diamond_block"},
				"east": {"uv": [13.75, 7.875, 13.875, 8.125], "texture": "#diamond_block"},
				"south": {"uv": [8.125, 7.875, 10, 8.125], "texture": "#diamond_block"},
				"west": {"uv": [2.125, 7.875, 2.25, 8.125], "texture": "#diamond_block"},
				"up": {"uv": [8.125, 2.125, 10, 2.25], "texture": "#diamond_block"},
				"down": {"uv": [7.875, 2.25, 6, 2.125], "texture": "#diamond_block"}
			}
		},
		{
			"from": [8.375, 7.875, 5],
			"to": [8.5, 8, 5.125],
			"faces": {
				"north": {"uv": [7.5, 8, 7.625, 8.125], "texture": "#diamond_block"},
				"east": {"uv": [10.875, 8, 11, 8.125], "texture": "#diamond_block"},
				"south": {"uv": [8.375, 8, 8.5, 8.125], "texture": "#diamond_block"},
				"west": {"uv": [5, 8, 5.125, 8.125], "texture": "#diamond_block"},
				"up": {"uv": [8.375, 5, 8.5, 5.125], "texture": "#diamond_block"},
				"down": {"uv": [7.625, 5.125, 7.5, 5], "texture": "#diamond_block"}
			}
		},
		{
			"from": [8.5, 7.75, 1.625],
			"to": [10, 8.25, 1.75],
			"faces": {
				"north": {"uv": [6, 7.75, 7.5, 8.25], "texture": "#log_oak"},
				"east": {"uv": [14.25, 7.75, 14.375, 8.25], "texture": "#log_oak"},
				"south": {"uv": [8.5, 7.75, 10, 8.25], "texture": "#log_oak"},
				"west": {"uv": [1.625, 7.75, 1.75, 8.25], "texture": "#log_oak"},
				"up": {"uv": [8.5, 1.625, 10, 1.75], "texture": "#log_oak"},
				"down": {"uv": [7.5, 1.75, 6, 1.625], "texture": "#log_oak"}
			}
		},
		{
			"from": [8.5, 7.875, 2],
			"to": [10, 8.125, 2.125],
			"faces": {
				"north": {"uv": [6, 7.875, 7.5, 8.125], "texture": "#diamond_block"},
				"east": {"uv": [13.875, 7.875, 14, 8.125], "texture": "#diamond_block"},
				"south": {"uv": [8.5, 7.875, 10, 8.125], "texture": "#diamond_block"},
				"west": {"uv": [2, 7.875, 2.125, 8.125], "texture": "#diamond_block"},
				"up": {"uv": [8.5, 2, 10, 2.125], "texture": "#diamond_block"},
				"down": {"uv": [7.5, 2.125, 6, 2], "texture": "#diamond_block"}
			}
		},
		{
			"from": [8.5, 7.875, 4.75],
			"to": [8.75, 8, 5],
			"faces": {
				"north": {"uv": [7.25, 8, 7.5, 8.125], "texture": "#diamond_block"},
				"east": {"uv": [11, 8, 11.25, 8.125], "texture": "#diamond_block"},
				"south": {"uv": [8.5, 8, 8.75, 8.125], "texture": "#diamond_block"},
				"west": {"uv": [4.75, 8, 5, 8.125], "texture": "#diamond_block"},
				"up": {"uv": [8.5, 4.75, 8.75, 5], "texture": "#diamond_block"},
				"down": {"uv": [7.5, 5, 7.25, 4.75], "texture": "#diamond_block"}
			}
		},
		{
			"from": [8.75, 7.875, 4.625],
			"to": [9, 8, 4.875],
			"faces": {
				"north": {"uv": [7, 8, 7.25, 8.125], "texture": "#diamond_block"},
				"east": {"uv": [11.125, 8, 11.375, 8.125], "texture": "#diamond_block"},
				"south": {"uv": [8.75, 8, 9, 8.125], "texture": "#diamond_block"},
				"west": {"uv": [4.625, 8, 4.875, 8.125], "texture": "#diamond_block"},
				"up": {"uv": [8.75, 4.625, 9, 4.875], "texture": "#diamond_block"},
				"down": {"uv": [7.25, 4.875, 7, 4.625], "texture": "#diamond_block"}
			}
		},
		{
			"from": [8.875, 7.875, 4.5],
			"to": [11.625, 8, 4.625],
			"faces": {
				"north": {"uv": [4.375, 8, 7.125, 8.125], "texture": "#diamond_block"},
				"east": {"uv": [11.375, 8, 11.5, 8.125], "texture": "#diamond_block"},
				"south": {"uv": [8.875, 8, 11.625, 8.125], "texture": "#diamond_block"},
				"west": {"uv": [4.5, 8, 4.625, 8.125], "texture": "#diamond_block"},
				"up": {"uv": [8.875, 4.5, 11.625, 4.625], "texture": "#diamond_block"},
				"down": {"uv": [7.125, 4.625, 4.375, 4.5], "texture": "#diamond_block"}
			}
		},
		{
			"from": [8.875, 7.75, 15.125],
			"to": [9.25, 8.125, 15.25],
			"faces": {
				"north": {"uv": [6.75, 7.875, 7.125, 8.25], "texture": "#log_oak"},
				"east": {"uv": [0.75, 7.875, 0.875, 8.25], "texture": "#log_oak"},
				"south": {"uv": [8.875, 7.875, 9.25, 8.25], "texture": "#log_oak"},
				"west": {"uv": [15.125, 7.875, 15.25, 8.25], "texture": "#log_oak"},
				"up": {"uv": [8.875, 15.125, 9.25, 15.25], "texture": "#log_oak"},
				"down": {"uv": [7.125, 15.25, 6.75, 15.125], "texture": "#log_oak"}
			}
		},
		{
			"from": [9, 7.875, 4.375],
			"to": [11.375, 8, 4.5],
			"faces": {
				"north": {"uv": [4.625, 8, 7, 8.125], "texture": "#diamond_block"},
				"east": {"uv": [11.5, 8, 11.625, 8.125], "texture": "#diamond_block"},
				"south": {"uv": [9, 8, 11.375, 8.125], "texture": "#diamond_block"},
				"west": {"uv": [4.375, 8, 4.5, 8.125], "texture": "#diamond_block"},
				"up": {"uv": [9, 4.375, 11.375, 4.5], "texture": "#diamond_block"},
				"down": {"uv": [7, 4.5, 4.625, 4.375], "texture": "#diamond_block"}
			}
		},
		{
			"from": [9, 7.875, 4.625],
			"to": [11.75, 8, 4.75],
			"faces": {
				"north": {"uv": [4.25, 8, 7, 8.125], "texture": "#diamond_block"},
				"east": {"uv": [11.25, 8, 11.375, 8.125], "texture": "#diamond_block"},
				"south": {"uv": [9, 8, 11.75, 8.125], "texture": "#diamond_block"},
				"west": {"uv": [4.625, 8, 4.75, 8.125], "texture": "#diamond_block"},
				"up": {"uv": [9, 4.625, 11.75, 4.75], "texture": "#diamond_block"},
				"down": {"uv": [7, 4.75, 4.25, 4.625], "texture": "#diamond_block"}
			}
		},
		{
			"from": [9, 7.75, 15],
			"to": [9.5, 8.125, 15.125],
			"faces": {
				"north": {"uv": [6.5, 7.875, 7, 8.25], "texture": "#log_oak"},
				"east": {"uv": [0.875, 7.875, 1, 8.25], "texture": "#log_oak"},
				"south": {"uv": [9, 7.875, 9.5, 8.25], "texture": "#log_oak"},
				"west": {"uv": [15, 7.875, 15.125, 8.25], "texture": "#log_oak"},
				"up": {"uv": [9, 15, 9.5, 15.125], "texture": "#log_oak"},
				"down": {"uv": [7, 15.125, 6.5, 15], "texture": "#log_oak"}
			}
		},
		{
			"from": [9.125, 7.75, 14.875],
			"to": [10.5, 8.125, 15],
			"faces": {
				"north": {"uv": [5.5, 7.875, 6.875, 8.25], "texture": "#log_oak"},
				"east": {"uv": [1, 7.875, 1.125, 8.25], "texture": "#log_oak"},
				"south": {"uv": [9.125, 7.875, 10.5, 8.25], "texture": "#log_oak"},
				"west": {"uv": [14.875, 7.875, 15, 8.25], "texture": "#log_oak"},
				"up": {"uv": [9.125, 14.875, 10.5, 15], "texture": "#log_oak"},
				"down": {"uv": [6.875, 15, 5.5, 14.875], "texture": "#log_oak"}
			}
		},
		{
			"from": [9.25, 7.75, 0.375],
			"to": [9.5, 8.125, 0.5],
			"faces": {
				"north": {"uv": [6.5, 7.875, 6.75, 8.25], "texture": "#log_oak"},
				"east": {"uv": [15.5, 7.875, 15.625, 8.25], "texture": "#log_oak"},
				"south": {"uv": [9.25, 7.875, 9.5, 8.25], "texture": "#log_oak"},
				"west": {"uv": [0.375, 7.875, 0.5, 8.25], "texture": "#log_oak"},
				"up": {"uv": [9.25, 0.375, 9.5, 0.5], "texture": "#log_oak"},
				"down": {"uv": [6.75, 0.5, 6.5, 0.375], "texture": "#log_oak"}
			}
		},
		{
			"from": [9.25, 7.75, 14.75],
			"to": [10.375, 8.125, 14.875],
			"faces": {
				"north": {"uv": [5.625, 7.875, 6.75, 8.25], "texture": "#log_oak"},
				"east": {"uv": [1.125, 7.875, 1.25, 8.25], "texture": "#log_oak"},
				"south": {"uv": [9.25, 7.875, 10.375, 8.25], "texture": "#log_oak"},
				"west": {"uv": [14.75, 7.875, 14.875, 8.25], "texture": "#log_oak"},
				"up": {"uv": [9.25, 14.75, 10.375, 14.875], "texture": "#log_oak"},
				"down": {"uv": [6.75, 14.875, 5.625, 14.75], "texture": "#log_oak"}
			}
		},
		{
			"from": [9.375, 7.75, 0.5],
			"to": [9.625, 8.125, 0.75],
			"faces": {
				"north": {"uv": [6.375, 7.875, 6.625, 8.25], "texture": "#log_oak"},
				"east": {"uv": [15.25, 7.875, 15.5, 8.25], "texture": "#log_oak"},
				"south": {"uv": [9.375, 7.875, 9.625, 8.25], "texture": "#log_oak"},
				"west": {"uv": [0.5, 7.875, 0.75, 8.25], "texture": "#log_oak"},
				"up": {"uv": [9.375, 0.5, 9.625, 0.75], "texture": "#log_oak"},
				"down": {"uv": [6.625, 0.75, 6.375, 0.5], "texture": "#log_oak"}
			}
		},
		{
			"from": [9.375, 7.875, 1.875],
			"to": [10, 8.125, 2],
			"faces": {
				"north": {"uv": [6, 7.875, 6.625, 8.125], "texture": "#diamond_block"},
				"east": {"uv": [14, 7.875, 14.125, 8.125], "texture": "#diamond_block"},
				"south": {"uv": [9.375, 7.875, 10, 8.125], "texture": "#diamond_block"},
				"west": {"uv": [1.875, 7.875, 2, 8.125], "texture": "#diamond_block"},
				"up": {"uv": [9.375, 1.875, 10, 2], "texture": "#diamond_block"},
				"down": {"uv": [6.625, 2, 6, 1.875], "texture": "#diamond_block"}
			}
		},
		{
			"from": [9.375, 7.875, 4.25],
			"to": [10.875, 8, 4.375],
			"faces": {
				"north": {"uv": [5.125, 8, 6.625, 8.125], "texture": "#diamond_block"},
				"east": {"uv": [11.625, 8, 11.75, 8.125], "texture": "#diamond_block"},
				"south": {"uv": [9.375, 8, 10.875, 8.125], "texture": "#diamond_block"},
				"west": {"uv": [4.25, 8, 4.375, 8.125], "texture": "#diamond_block"},
				"up": {"uv": [9.375, 4.25, 10.875, 4.375], "texture": "#diamond_block"},
				"down": {"uv": [6.625, 4.375, 5.125, 4.25], "texture": "#diamond_block"}
			}
		},
		{
			"from": [9.375, 7.75, 14.625],
			"to": [10.25, 8.125, 14.75],
			"faces": {
				"north": {"uv": [5.75, 7.875, 6.625, 8.25], "texture": "#log_oak"},
				"east": {"uv": [1.25, 7.875, 1.375, 8.25], "texture": "#log_oak"},
				"south": {"uv": [9.375, 7.875, 10.25, 8.25], "texture": "#log_oak"},
				"west": {"uv": [14.625, 7.875, 14.75, 8.25], "texture": "#log_oak"},
				"up": {"uv": [9.375, 14.625, 10.25, 14.75], "texture": "#log_oak"},
				"down": {"uv": [6.625, 14.75, 5.75, 14.625], "texture": "#log_oak"}
			}
		},
		{
			"from": [9.5, 7.75, 0.75],
			"to": [10.25, 8.125, 0.875],
			"faces": {
				"north": {"uv": [5.75, 7.875, 6.5, 8.25], "texture": "#log_oak"},
				"east": {"uv": [15.125, 7.875, 15.25, 8.25], "texture": "#log_oak"},
				"south": {"uv": [9.5, 7.875, 10.25, 8.25], "texture": "#log_oak"},
				"west": {"uv": [0.75, 7.875, 0.875, 8.25], "texture": "#log_oak"},
				"up": {"uv": [9.5, 0.75, 10.25, 0.875], "texture": "#log_oak"},
				"down": {"uv": [6.5, 0.875, 5.75, 0.75], "texture": "#log_oak"}
			}
		},
		{
			"from": [9.5, 7.75, 14.5],
			"to": [10.125, 8.125, 14.625],
			"faces": {
				"north": {"uv": [5.875, 7.875, 6.5, 8.25], "texture": "#log_oak"},
				"east": {"uv": [1.375, 7.875, 1.5, 8.25], "texture": "#log_oak"},
				"south": {"uv": [9.5, 7.875, 10.125, 8.25], "texture": "#log_oak"},
				"west": {"uv": [14.5, 7.875, 14.625, 8.25], "texture": "#log_oak"},
				"up": {"uv": [9.5, 14.5, 10.125, 14.625], "texture": "#log_oak"},
				"down": {"uv": [6.5, 14.625, 5.875, 14.5], "texture": "#log_oak"}
			}
		},
		{
			"from": [9.625, 7.75, 0.625],
			"to": [9.875, 8.125, 0.75],
			"faces": {
				"north": {"uv": [6.125, 7.875, 6.375, 8.25], "texture": "#log_oak"},
				"east": {"uv": [15.25, 7.875, 15.375, 8.25], "texture": "#log_oak"},
				"south": {"uv": [9.625, 7.875, 9.875, 8.25], "texture": "#log_oak"},
				"west": {"uv": [0.625, 7.875, 0.75, 8.25], "texture": "#log_oak"},
				"up": {"uv": [9.625, 0.625, 9.875, 0.75], "texture": "#log_oak"},
				"down": {"uv": [6.375, 0.75, 6.125, 0.625], "texture": "#log_oak"}
			}
		},
		{
			"from": [9.625, 7.75, 4.5],
			"to": [10.875, 7.875, 4.75],
			"faces": {
				"north": {"uv": [5.125, 8.125, 6.375, 8.25], "texture": "#log_oak"},
				"east": {"uv": [11.25, 8.125, 11.5, 8.25], "texture": "#log_oak"},
				"south": {"uv": [9.625, 8.125, 10.875, 8.25], "texture": "#log_oak"},
				"west": {"uv": [4.5, 8.125, 4.75, 8.25], "texture": "#log_oak"},
				"up": {"uv": [9.625, 4.5, 10.875, 4.75], "texture": "#log_oak"},
				"down": {"uv": [6.375, 4.75, 5.125, 4.5], "texture": "#log_oak"}
			}
		},
		{
			"from": [9.625, 8, 4.5],
			"to": [10.875, 8.125, 4.75],
			"faces": {
				"north": {"uv": [5.125, 7.875, 6.375, 8], "texture": "#log_oak"},
				"east": {"uv": [11.25, 7.875, 11.5, 8], "texture": "#log_oak"},
				"south": {"uv": [9.625, 7.875, 10.875, 8], "texture": "#log_oak"},
				"west": {"uv": [4.5, 7.875, 4.75, 8], "texture": "#log_oak"},
				"up": {"uv": [9.625, 4.5, 10.875, 4.75], "texture": "#log_oak"},
				"down": {"uv": [6.375, 4.75, 5.125, 4.5], "texture": "#log_oak"}
			}
		},
		{
			"from": [9.625, 7.75, 14.375],
			"to": [10, 8.125, 14.5],
			"faces": {
				"north": {"uv": [6, 7.875, 6.375, 8.25], "texture": "#log_oak"},
				"east": {"uv": [1.5, 7.875, 1.625, 8.25], "texture": "#log_oak"},
				"south": {"uv": [9.625, 7.875, 10, 8.25], "texture": "#log_oak"},
				"west": {"uv": [14.375, 7.875, 14.5, 8.25], "texture": "#log_oak"},
				"up": {"uv": [9.625, 14.375, 10, 14.5], "texture": "#log_oak"},
				"down": {"uv": [6.375, 14.5, 6, 14.375], "texture": "#log_oak"}
			}
		},
		{
			"from": [9.625, 7.75, 15],
			"to": [10, 8.125, 15.625],
			"faces": {
				"north": {"uv": [6, 7.875, 6.375, 8.25], "texture": "#log_oak"},
				"east": {"uv": [0.375, 7.875, 1, 8.25], "texture": "#log_oak"},
				"south": {"uv": [9.625, 7.875, 10, 8.25], "texture": "#log_oak"},
				"west": {"uv": [15, 7.875, 15.625, 8.25], "texture": "#log_oak"},
				"up": {"uv": [9.625, 15, 10, 15.625], "texture": "#log_oak"},
				"down": {"uv": [6.375, 15.625, 6, 15], "texture": "#log_oak"}
			}
		},
		{
			"from": [9.75, 7.75, 0.125],
			"to": [10, 8.125, 0.25],
			"faces": {
				"north": {"uv": [6, 7.875, 6.25, 8.25], "texture": "#log_oak"},
				"east": {"uv": [15.75, 7.875, 15.875, 8.25], "texture": "#log_oak"},
				"south": {"uv": [9.75, 7.875, 10, 8.25], "texture": "#log_oak"},
				"west": {"uv": [0.125, 7.875, 0.25, 8.25], "texture": "#log_oak"},
				"up": {"uv": [9.75, 0.125, 10, 0.25], "texture": "#log_oak"},
				"down": {"uv": [6.25, 0.25, 6, 0.125], "texture": "#log_oak"}
			}
		},
		{
			"from": [9.75, 7.75, 0.875],
			"to": [10.625, 8.125, 1],
			"faces": {
				"north": {"uv": [5.375, 7.875, 6.25, 8.25], "texture": "#log_oak"},
				"east": {"uv": [15, 7.875, 15.125, 8.25], "texture": "#log_oak"},
				"south": {"uv": [9.75, 7.875, 10.625, 8.25], "texture": "#log_oak"},
				"west": {"uv": [0.875, 7.875, 1, 8.25], "texture": "#log_oak"},
				"up": {"uv": [9.75, 0.875, 10.625, 1], "texture": "#log_oak"},
				"down": {"uv": [6.25, 1, 5.375, 0.875], "texture": "#log_oak"}
			}
		},
		{
			"from": [9.75, 7.75, 4.125],
			"to": [10.5, 7.875, 4.5],
			"faces": {
				"north": {"uv": [5.5, 8.125, 6.25, 8.25], "texture": "#log_oak"},
				"east": {"uv": [11.5, 8.125, 11.875, 8.25], "texture": "#log_oak"},
				"south": {"uv": [9.75, 8.125, 10.5, 8.25], "texture": "#log_oak"},
				"west": {"uv": [4.125, 8.125, 4.5, 8.25], "texture": "#log_oak"},
				"up": {"uv": [9.75, 4.125, 10.5, 4.5], "texture": "#log_oak"},
				"down": {"uv": [6.25, 4.5, 5.5, 4.125], "texture": "#log_oak"}
			}
		},
		{
			"from": [9.75, 7.875, 4.125],
			"to": [10.5, 8.125, 4.25],
			"faces": {
				"north": {"uv": [5.5, 7.875, 6.25, 8.125], "texture": "#log_oak"},
				"east": {"uv": [11.75, 7.875, 11.875, 8.125], "texture": "#log_oak"},
				"south": {"uv": [9.75, 7.875, 10.5, 8.125], "texture": "#log_oak"},
				"west": {"uv": [4.125, 7.875, 4.25, 8.125], "texture": "#log_oak"},
				"up": {"uv": [9.75, 4.125, 10.5, 4.25], "texture": "#log_oak"},
				"down": {"uv": [6.25, 4.25, 5.5, 4.125], "texture": "#log_oak"}
			}
		},
		{
			"from": [9.75, 8, 4.25],
			"to": [10.875, 8.125, 4.5],
			"faces": {
				"north": {"uv": [5.125, 7.875, 6.25, 8], "texture": "#log_oak"},
				"east": {"uv": [11.5, 7.875, 11.75, 8], "texture": "#log_oak"},
				"south": {"uv": [9.75, 7.875, 10.875, 8], "texture": "#log_oak"},
				"west": {"uv": [4.25, 7.875, 4.5, 8], "texture": "#log_oak"},
				"up": {"uv": [9.75, 4.25, 10.875, 4.5], "texture": "#log_oak"},
				"down": {"uv": [6.25, 4.5, 5.125, 4.25], "texture": "#log_oak"}
			}
		},
		{
			"from": [9.75, 7.75, 4.75],
			"to": [10.625, 8.125, 4.875],
			"faces": {
				"north": {"uv": [5.375, 7.875, 6.25, 8.25], "texture": "#log_oak"},
				"east": {"uv": [11.125, 7.875, 11.25, 8.25], "texture": "#log_oak"},
				"south": {"uv": [9.75, 7.875, 10.625, 8.25], "texture": "#log_oak"},
				"west": {"uv": [4.75, 7.875, 4.875, 8.25], "texture": "#log_oak"},
				"up": {"uv": [9.75, 4.75, 10.625, 4.875], "texture": "#log_oak"},
				"down": {"uv": [6.25, 4.875, 5.375, 4.75], "texture": "#log_oak"}
			}
		},
		{
			"from": [9.75, 7.75, 8.25],
			"to": [10.25, 8.125, 9.75],
			"faces": {
				"north": {"uv": [5.75, 7.875, 6.25, 8.25], "texture": "#log_oak"},
				"east": {"uv": [6.25, 7.875, 7.75, 8.25], "texture": "#log_oak"},
				"south": {"uv": [9.75, 7.875, 10.25, 8.25], "texture": "#log_oak"},
				"west": {"uv": [8.25, 7.875, 9.75, 8.25], "texture": "#log_oak"},
				"up": {"uv": [9.75, 8.25, 10.25, 9.75], "texture": "#log_oak"},
				"down": {"uv": [6.25, 9.75, 5.75, 8.25], "texture": "#log_oak"}
			}
		},
		{
			"from": [9.75, 7.75, 10.375],
			"to": [10, 8.125, 14.375],
			"faces": {
				"north": {"uv": [6, 7.875, 6.25, 8.25], "texture": "#log_oak"},
				"east": {"uv": [1.625, 7.875, 5.625, 8.25], "texture": "#log_oak"},
				"south": {"uv": [9.75, 7.875, 10, 8.25], "texture": "#log_oak"},
				"west": {"uv": [10.375, 7.875, 14.375, 8.25], "texture": "#log_oak"},
				"up": {"uv": [9.75, 10.375, 10, 14.375], "texture": "#log_oak"},
				"down": {"uv": [6.25, 14.375, 6, 10.375], "texture": "#log_oak"}
			}
		},
		{
			"from": [9.75, 7.75, 15.625],
			"to": [9.875, 8.125, 15.875],
			"faces": {
				"north": {"uv": [6.125, 7.875, 6.25, 8.25], "texture": "#log_oak"},
				"east": {"uv": [0.125, 7.875, 0.375, 8.25], "texture": "#log_oak"},
				"south": {"uv": [9.75, 7.875, 9.875, 8.25], "texture": "#log_oak"},
				"west": {"uv": [15.625, 7.875, 15.875, 8.25], "texture": "#log_oak"},
				"up": {"uv": [9.75, 15.625, 9.875, 15.875], "texture": "#log_oak"},
				"down": {"uv": [6.25, 15.875, 6.125, 15.625], "texture": "#log_oak"}
			}
		},
		{
			"from": [9.875, 7.75, 0.25],
			"to": [10.125, 8.125, 0.5],
			"faces": {
				"north": {"uv": [5.875, 7.875, 6.125, 8.25], "texture": "#log_oak"},
				"east": {"uv": [15.5, 7.875, 15.75, 8.25], "texture": "#log_oak"},
				"south": {"uv": [9.875, 7.875, 10.125, 8.25], "texture": "#log_oak"},
				"west": {"uv": [0.25, 7.875, 0.5, 8.25], "texture": "#log_oak"},
				"up": {"uv": [9.875, 0.25, 10.125, 0.5], "texture": "#log_oak"},
				"down": {"uv": [6.125, 0.5, 5.875, 0.25], "texture": "#log_oak"}
			}
		},
		{
			"from": [9.875, 7.75, 1],
			"to": [10.625, 8.125, 1.125],
			"faces": {
				"north": {"uv": [5.375, 7.875, 6.125, 8.25], "texture": "#log_oak"},
				"east": {"uv": [14.875, 7.875, 15, 8.25], "texture": "#log_oak"},
				"south": {"uv": [9.875, 7.875, 10.625, 8.25], "texture": "#log_oak"},
				"west": {"uv": [1, 7.875, 1.125, 8.25], "texture": "#log_oak"},
				"up": {"uv": [9.875, 1, 10.625, 1.125], "texture": "#log_oak"},
				"down": {"uv": [6.125, 1.125, 5.375, 1], "texture": "#log_oak"}
			}
		},
		{
			"from": [9.875, 7.75, 2.875],
			"to": [10.375, 7.875, 4.125],
			"faces": {
				"north": {"uv": [5.625, 8.125, 6.125, 8.25], "texture": "#log_oak"},
				"east": {"uv": [11.875, 8.125, 13.125, 8.25], "texture": "#log_oak"},
				"south": {"uv": [9.875, 8.125, 10.375, 8.25], "texture": "#log_oak"},
				"west": {"uv": [2.875, 8.125, 4.125, 8.25], "texture": "#log_oak"},
				"up": {"uv": [9.875, 2.875, 10.375, 4.125], "texture": "#log_oak"},
				"down": {"uv": [6.125, 4.125, 5.625, 2.875], "texture": "#log_oak"}
			}
		},
		{
			"from": [9.875, 7.875, 2.875],
			"to": [10.375, 8.125, 4.125],
			"faces": {
				"north": {"uv": [5.625, 7.875, 6.125, 8.125], "texture": "#log_oak"},
				"east": {"uv": [11.875, 7.875, 13.125, 8.125], "texture": "#log_oak"},
				"south": {"uv": [9.875, 7.875, 10.375, 8.125], "texture": "#log_oak"},
				"west": {"uv": [2.875, 7.875, 4.125, 8.125], "texture": "#log_oak"},
				"up": {"uv": [9.875, 2.875, 10.375, 4.125], "texture": "#log_oak"},
				"down": {"uv": [6.125, 4.125, 5.625, 2.875], "texture": "#log_oak"}
			}
		},
		{
			"from": [9.875, 7.75, 4.875],
			"to": [10.375, 8.125, 5.375],
			"faces": {
				"north": {"uv": [5.625, 7.875, 6.125, 8.25], "texture": "#log_oak"},
				"east": {"uv": [10.625, 7.875, 11.125, 8.25], "texture": "#log_oak"},
				"south": {"uv": [9.875, 7.875, 10.375, 8.25], "texture": "#log_oak"},
				"west": {"uv": [4.875, 7.875, 5.375, 8.25], "texture": "#log_oak"},
				"up": {"uv": [9.875, 4.875, 10.375, 5.375], "texture": "#log_oak"},
				"down": {"uv": [6.125, 5.375, 5.625, 4.875], "texture": "#log_oak"}
			}
		},
		{
			"from": [9.875, 7.75, 5.625],
			"to": [10.25, 8.125, 6.625],
			"faces": {
				"north": {"uv": [5.75, 7.875, 6.125, 8.25], "texture": "#log_oak"},
				"east": {"uv": [9.375, 7.875, 10.375, 8.25], "texture": "#log_oak"},
				"south": {"uv": [9.875, 7.875, 10.25, 8.25], "texture": "#log_oak"},
				"west": {"uv": [5.625, 7.875, 6.625, 8.25], "texture": "#log_oak"},
				"up": {"uv": [9.875, 5.625, 10.25, 6.625], "texture": "#log_oak"},
				"down": {"uv": [6.125, 6.625, 5.75, 5.625], "texture": "#log_oak"}
			}
		},
		{
			"from": [9.875, 7.75, 7.5],
			"to": [10.25, 8.125, 8.25],
			"faces": {
				"north": {"uv": [5.75, 7.875, 6.125, 8.25], "texture": "#log_oak"},
				"east": {"uv": [7.75, 7.875, 8.5, 8.25], "texture": "#log_oak"},
				"south": {"uv": [9.875, 7.875, 10.25, 8.25], "texture": "#log_oak"},
				"west": {"uv": [7.5, 7.875, 8.25, 8.25], "texture": "#log_oak"},
				"up": {"uv": [9.875, 7.5, 10.25, 8.25], "texture": "#log_oak"},
				"down": {"uv": [6.125, 8.25, 5.75, 7.5], "texture": "#log_oak"}
			}
		},
		{
			"from": [9.875, 7.75, 9.75],
			"to": [10, 8.125, 10.375],
			"faces": {
				"north": {"uv": [6, 7.875, 6.125, 8.25], "texture": "#log_oak"},
				"east": {"uv": [5.625, 7.875, 6.25, 8.25], "texture": "#log_oak"},
				"south": {"uv": [9.875, 7.875, 10, 8.25], "texture": "#log_oak"},
				"west": {"uv": [9.75, 7.875, 10.375, 8.25], "texture": "#log_oak"},
				"up": {"uv": [9.875, 9.75, 10, 10.375], "texture": "#log_oak"},
				"down": {"uv": [6.125, 10.375, 6, 9.75], "texture": "#log_oak"}
			}
		},
		{
			"from": [9.875, 7.75, 15.625],
			"to": [10, 8.125, 15.75],
			"faces": {
				"north": {"uv": [6, 7.875, 6.125, 8.25], "texture": "#log_oak"},
				"east": {"uv": [0.25, 7.875, 0.375, 8.25], "texture": "#log_oak"},
				"south": {"uv": [9.875, 7.875, 10, 8.25], "texture": "#log_oak"},
				"west": {"uv": [15.625, 7.875, 15.75, 8.25], "texture": "#log_oak"},
				"up": {"uv": [9.875, 15.625, 10, 15.75], "texture": "#log_oak"},
				"down": {"uv": [6.125, 15.75, 6, 15.625], "texture": "#log_oak"}
			}
		},
		{
			"from": [10, 7.75, 0.5],
			"to": [10.125, 8.125, 0.75],
			"faces": {
				"north": {"uv": [5.875, 7.875, 6, 8.25], "texture": "#log_oak"},
				"east": {"uv": [15.25, 7.875, 15.5, 8.25], "texture": "#log_oak"},
				"south": {"uv": [10, 7.875, 10.125, 8.25], "texture": "#log_oak"},
				"west": {"uv": [0.5, 7.875, 0.75, 8.25], "texture": "#log_oak"},
				"up": {"uv": [10, 0.5, 10.125, 0.75], "texture": "#log_oak"},
				"down": {"uv": [6, 0.75, 5.875, 0.5], "texture": "#log_oak"}
			}
		},
		{
			"from": [10, 7.75, 1.125],
			"to": [10.375, 7.875, 2.875],
			"faces": {
				"north": {"uv": [5.625, 8.125, 6, 8.25], "texture": "#log_oak"},
				"east": {"uv": [13.125, 8.125, 14.875, 8.25], "texture": "#log_oak"},
				"south": {"uv": [10, 8.125, 10.375, 8.25], "texture": "#log_oak"},
				"west": {"uv": [1.125, 8.125, 2.875, 8.25], "texture": "#log_oak"},
				"up": {"uv": [10, 1.125, 10.375, 2.875], "texture": "#log_oak"},
				"down": {"uv": [6, 2.875, 5.625, 1.125], "texture": "#log_oak"}
			}
		},
		{
			"from": [10, 7.875, 1.125],
			"to": [10.375, 8.125, 1.875],
			"faces": {
				"north": {"uv": [5.625, 7.875, 6, 8.125], "texture": "#log_oak"},
				"east": {"uv": [14.125, 7.875, 14.875, 8.125], "texture": "#log_oak"},
				"south": {"uv": [10, 7.875, 10.375, 8.125], "texture": "#log_oak"},
				"west": {"uv": [1.125, 7.875, 1.875, 8.125], "texture": "#log_oak"},
				"up": {"uv": [10, 1.125, 10.375, 1.875], "texture": "#log_oak"},
				"down": {"uv": [6, 1.875, 5.625, 1.125], "texture": "#log_oak"}
			}
		},
		{
			"from": [10, 7.875, 1.75],
			"to": [10.375, 8.125, 2.875],
			"faces": {
				"north": {"uv": [5.625, 7.875, 6, 8.125], "texture": "#log_oak"},
				"east": {"uv": [13.125, 7.875, 14.25, 8.125], "texture": "#log_oak"},
				"south": {"uv": [10, 7.875, 10.375, 8.125], "texture": "#log_oak"},
				"west": {"uv": [1.75, 7.875, 2.875, 8.125], "texture": "#log_oak"},
				"up": {"uv": [10, 1.75, 10.375, 2.875], "texture": "#log_oak"},
				"down": {"uv": [6, 2.875, 5.625, 1.75], "texture": "#log_oak"}
			}
		},
		{
			"from": [10, 7.75, 5.375],
			"to": [10.375, 8.125, 5.625],
			"faces": {
				"north": {"uv": [5.625, 7.875, 6, 8.25], "texture": "#log_oak"},
				"east": {"uv": [10.375, 7.875, 10.625, 8.25], "texture": "#log_oak"},
				"south": {"uv": [10, 7.875, 10.375, 8.25], "texture": "#log_oak"},
				"west": {"uv": [5.375, 7.875, 5.625, 8.25], "texture": "#log_oak"},
				"up": {"uv": [10, 5.375, 10.375, 5.625], "texture": "#log_oak"},
				"down": {"uv": [6, 5.625, 5.625, 5.375], "texture": "#log_oak"}
			}
		},
		{
			"from": [10, 7.75, 6.625],
			"to": [10.25, 8.125, 7.5],
			"faces": {
				"north": {"uv": [5.75, 7.875, 6, 8.25], "texture": "#log_oak"},
				"east": {"uv": [8.5, 7.875, 9.375, 8.25], "texture": "#log_oak"},
				"south": {"uv": [10, 7.875, 10.25, 8.25], "texture": "#log_oak"},
				"west": {"uv": [6.625, 7.875, 7.5, 8.25], "texture": "#log_oak"},
				"up": {"uv": [10, 6.625, 10.25, 7.5], "texture": "#log_oak"},
				"down": {"uv": [6, 7.5, 5.75, 6.625], "texture": "#log_oak"}
			}
		},
		{
			"from": [10, 7.75, 9.75],
			"to": [10.125, 8.125, 10],
			"faces": {
				"north": {"uv": [5.875, 7.875, 6, 8.25], "texture": "#log_oak"},
				"east": {"uv": [6, 7.875, 6.25, 8.25], "texture": "#log_oak"},
				"south": {"uv": [10, 7.875, 10.125, 8.25], "texture": "#log_oak"},
				"west": {"uv": [9.75, 7.875, 10, 8.25], "texture": "#log_oak"},
				"up": {"uv": [10, 9.75, 10.125, 10], "texture": "#log_oak"},
				"down": {"uv": [6, 10, 5.875, 9.75], "texture": "#log_oak"}
			}
		},
		{
			"from": [10, 7.75, 10.125],
			"to": [10.125, 8.125, 14],
			"faces": {
				"north": {"uv": [5.875, 7.875, 6, 8.25], "texture": "#log_oak"},
				"east": {"uv": [2, 7.875, 5.875, 8.25], "texture": "#log_oak"},
				"south": {"uv": [10, 7.875, 10.125, 8.25], "texture": "#log_oak"},
				"west": {"uv": [10.125, 7.875, 14, 8.25], "texture": "#log_oak"},
				"up": {"uv": [10, 10.125, 10.125, 14], "texture": "#log_oak"},
				"down": {"uv": [6, 14, 5.875, 10.125], "texture": "#log_oak"}
			}
		},
		{
			"from": [10, 7.75, 15],
			"to": [10.125, 8.125, 15.375],
			"faces": {
				"north": {"uv": [5.875, 7.875, 6, 8.25], "texture": "#log_oak"},
				"east": {"uv": [0.625, 7.875, 1, 8.25], "texture": "#log_oak"},
				"south": {"uv": [10, 7.875, 10.125, 8.25], "texture": "#log_oak"},
				"west": {"uv": [15, 7.875, 15.375, 8.25], "texture": "#log_oak"},
				"up": {"uv": [10, 15, 10.125, 15.375], "texture": "#log_oak"},
				"down": {"uv": [6, 15.375, 5.875, 15], "texture": "#log_oak"}
			}
		},
		{
			"from": [10.125, 7.75, 0.625],
			"to": [10.25, 8.125, 0.75],
			"faces": {
				"north": {"uv": [5.75, 7.875, 5.875, 8.25], "texture": "#log_oak"},
				"east": {"uv": [15.25, 7.875, 15.375, 8.25], "texture": "#log_oak"},
				"south": {"uv": [10.125, 7.875, 10.25, 8.25], "texture": "#log_oak"},
				"west": {"uv": [0.625, 7.875, 0.75, 8.25], "texture": "#log_oak"},
				"up": {"uv": [10.125, 0.625, 10.25, 0.75], "texture": "#log_oak"},
				"down": {"uv": [5.875, 0.75, 5.75, 0.625], "texture": "#log_oak"}
			}
		},
		{
			"from": [10.125, 7.75, 9.75],
			"to": [10.25, 8.125, 9.875],
			"faces": {
				"north": {"uv": [5.75, 7.875, 5.875, 8.25], "texture": "#log_oak"},
				"east": {"uv": [6.125, 7.875, 6.25, 8.25], "texture": "#log_oak"},
				"south": {"uv": [10.125, 7.875, 10.25, 8.25], "texture": "#log_oak"},
				"west": {"uv": [9.75, 7.875, 9.875, 8.25], "texture": "#log_oak"},
				"up": {"uv": [10.125, 9.75, 10.25, 9.875], "texture": "#log_oak"},
				"down": {"uv": [5.875, 9.875, 5.75, 9.75], "texture": "#log_oak"}
			}
		},
		{
			"from": [10.125, 7.75, 10.375],
			"to": [10.25, 8.125, 12],
			"faces": {
				"north": {"uv": [5.75, 7.875, 5.875, 8.25], "texture": "#log_oak"},
				"east": {"uv": [4, 7.875, 5.625, 8.25], "texture": "#log_oak"},
				"south": {"uv": [10.125, 7.875, 10.25, 8.25], "texture": "#log_oak"},
				"west": {"uv": [10.375, 7.875, 12, 8.25], "texture": "#log_oak"},
				"up": {"uv": [10.125, 10.375, 10.25, 12], "texture": "#log_oak"},
				"down": {"uv": [5.875, 12, 5.75, 10.375], "texture": "#log_oak"}
			}
		},
		{
			"from": [10.125, 7.75, 15],
			"to": [10.625, 8.125, 15.125],
			"faces": {
				"north": {"uv": [5.375, 7.875, 5.875, 8.25], "texture": "#log_oak"},
				"east": {"uv": [0.875, 7.875, 1, 8.25], "texture": "#log_oak"},
				"south": {"uv": [10.125, 7.875, 10.625, 8.25], "texture": "#log_oak"},
				"west": {"uv": [15, 7.875, 15.125, 8.25], "texture": "#log_oak"},
				"up": {"uv": [10.125, 15, 10.625, 15.125], "texture": "#log_oak"},
				"down": {"uv": [5.875, 15.125, 5.375, 15], "texture": "#log_oak"}
			}
		},
		{
			"from": [10.25, 7.75, 5.625],
			"to": [10.375, 8.125, 5.75],
			"faces": {
				"north": {"uv": [5.625, 7.875, 5.75, 8.25], "texture": "#log_oak"},
				"east": {"uv": [10.25, 7.875, 10.375, 8.25], "texture": "#log_oak"},
				"south": {"uv": [10.25, 7.875, 10.375, 8.25], "texture": "#log_oak"},
				"west": {"uv": [5.625, 7.875, 5.75, 8.25], "texture": "#log_oak"},
				"up": {"uv": [10.25, 5.625, 10.375, 5.75], "texture": "#log_oak"},
				"down": {"uv": [5.75, 5.75, 5.625, 5.625], "texture": "#log_oak"}
			}
		},
		{
			"from": [10.25, 7.75, 15.125],
			"to": [10.625, 8.125, 15.25],
			"faces": {
				"north": {"uv": [5.375, 7.875, 5.75, 8.25], "texture": "#log_oak"},
				"east": {"uv": [0.75, 7.875, 0.875, 8.25], "texture": "#log_oak"},
				"south": {"uv": [10.25, 7.875, 10.625, 8.25], "texture": "#log_oak"},
				"west": {"uv": [15.125, 7.875, 15.25, 8.25], "texture": "#log_oak"},
				"up": {"uv": [10.25, 15.125, 10.625, 15.25], "texture": "#log_oak"},
				"down": {"uv": [5.75, 15.25, 5.375, 15.125], "texture": "#log_oak"}
			}
		},
		{
			"from": [10.375, 7.75, 0.625],
			"to": [10.75, 8.125, 0.875],
			"faces": {
				"north": {"uv": [5.25, 7.875, 5.625, 8.25], "texture": "#log_oak"},
				"east": {"uv": [15.125, 7.875, 15.375, 8.25], "texture": "#log_oak"},
				"south": {"uv": [10.375, 7.875, 10.75, 8.25], "texture": "#log_oak"},
				"west": {"uv": [0.625, 7.875, 0.875, 8.25], "texture": "#log_oak"},
				"up": {"uv": [10.375, 0.625, 10.75, 0.875], "texture": "#log_oak"},
				"down": {"uv": [5.625, 0.875, 5.25, 0.625], "texture": "#log_oak"}
			}
		},
		{
			"from": [10.375, 7.75, 1.125],
			"to": [10.5, 8.125, 1.5],
			"faces": {
				"north": {"uv": [5.5, 7.875, 5.625, 8.25], "texture": "#log_oak"},
				"east": {"uv": [14.5, 7.875, 14.875, 8.25], "texture": "#log_oak"},
				"south": {"uv": [10.375, 7.875, 10.5, 8.25], "texture": "#log_oak"},
				"west": {"uv": [1.125, 7.875, 1.5, 8.25], "texture": "#log_oak"},
				"up": {"uv": [10.375, 1.125, 10.5, 1.5], "texture": "#log_oak"},
				"down": {"uv": [5.625, 1.5, 5.5, 1.125], "texture": "#log_oak"}
			}
		},
		{
			"from": [10.375, 7.75, 4],
			"to": [10.5, 8.125, 4.125],
			"faces": {
				"north": {"uv": [5.5, 7.875, 5.625, 8.25], "texture": "#log_oak"},
				"east": {"uv": [11.875, 7.875, 12, 8.25], "texture": "#log_oak"},
				"south": {"uv": [10.375, 7.875, 10.5, 8.25], "texture": "#log_oak"},
				"west": {"uv": [4, 7.875, 4.125, 8.25], "texture": "#log_oak"},
				"up": {"uv": [10.375, 4, 10.5, 4.125], "texture": "#log_oak"},
				"down": {"uv": [5.625, 4.125, 5.5, 4], "texture": "#log_oak"}
			}
		},
		{
			"from": [10.375, 7.75, 4.875],
			"to": [10.5, 8.125, 5],
			"faces": {
				"north": {"uv": [5.5, 7.875, 5.625, 8.25], "texture": "#log_oak"},
				"east": {"uv": [11, 7.875, 11.125, 8.25], "texture": "#log_oak"},
				"south": {"uv": [10.375, 7.875, 10.5, 8.25], "texture": "#log_oak"},
				"west": {"uv": [4.875, 7.875, 5, 8.25], "texture": "#log_oak"},
				"up": {"uv": [10.375, 4.875, 10.5, 5], "texture": "#log_oak"},
				"down": {"uv": [5.625, 5, 5.5, 4.875], "texture": "#log_oak"}
			}
		},
		{
			"from": [10.375, 7.75, 15.25],
			"to": [10.75, 8.125, 15.375],
			"faces": {
				"north": {"uv": [5.25, 7.875, 5.625, 8.25], "texture": "#log_oak"},
				"east": {"uv": [0.625, 7.875, 0.75, 8.25], "texture": "#log_oak"},
				"south": {"uv": [10.375, 7.875, 10.75, 8.25], "texture": "#log_oak"},
				"west": {"uv": [15.25, 7.875, 15.375, 8.25], "texture": "#log_oak"},
				"up": {"uv": [10.375, 15.25, 10.75, 15.375], "texture": "#log_oak"},
				"down": {"uv": [5.625, 15.375, 5.25, 15.25], "texture": "#log_oak"}
			}
		},
		{
			"from": [10.5, 7.75, 0.375],
			"to": [10.875, 8.125, 0.625],
			"faces": {
				"north": {"uv": [5.125, 7.875, 5.5, 8.25], "texture": "#log_oak"},
				"east": {"uv": [15.375, 7.875, 15.625, 8.25], "texture": "#log_oak"},
				"south": {"uv": [10.5, 7.875, 10.875, 8.25], "texture": "#log_oak"},
				"west": {"uv": [0.375, 7.875, 0.625, 8.25], "texture": "#log_oak"},
				"up": {"uv": [10.5, 0.375, 10.875, 0.625], "texture": "#log_oak"},
				"down": {"uv": [5.5, 0.625, 5.125, 0.375], "texture": "#log_oak"}
			}
		},
		{
			"from": [10.5, 7.75, 1.125],
			"to": [10.625, 8.125, 1.25],
			"faces": {
				"north": {"uv": [5.375, 7.875, 5.5, 8.25], "texture": "#log_oak"},
				"east": {"uv": [14.75, 7.875, 14.875, 8.25], "texture": "#log_oak"},
				"south": {"uv": [10.5, 7.875, 10.625, 8.25], "texture": "#log_oak"},
				"west": {"uv": [1.125, 7.875, 1.25, 8.25], "texture": "#log_oak"},
				"up": {"uv": [10.5, 1.125, 10.625, 1.25], "texture": "#log_oak"},
				"down": {"uv": [5.5, 1.25, 5.375, 1.125], "texture": "#log_oak"}
			}
		},
		{
			"from": [10.5, 7.75, 4.25],
			"to": [10.875, 7.875, 4.5],
			"faces": {
				"north": {"uv": [5.125, 8.125, 5.5, 8.25], "texture": "#log_oak"},
				"east": {"uv": [11.5, 8.125, 11.75, 8.25], "texture": "#log_oak"},
				"south": {"uv": [10.5, 8.125, 10.875, 8.25], "texture": "#log_oak"},
				"west": {"uv": [4.25, 8.125, 4.5, 8.25], "texture": "#log_oak"},
				"up": {"uv": [10.5, 4.25, 10.875, 4.5], "texture": "#log_oak"},
				"down": {"uv": [5.5, 4.5, 5.125, 4.25], "texture": "#log_oak"}
			}
		},
		{
			"from": [10.5, 7.75, 15.375],
			"to": [10.875, 8.125, 15.5],
			"faces": {
				"north": {"uv": [5.125, 7.875, 5.5, 8.25], "texture": "#log_oak"},
				"east": {"uv": [0.5, 7.875, 0.625, 8.25], "texture": "#log_oak"},
				"south": {"uv": [10.5, 7.875, 10.875, 8.25], "texture": "#log_oak"},
				"west": {"uv": [15.375, 7.875, 15.5, 8.25], "texture": "#log_oak"},
				"up": {"uv": [10.5, 15.375, 10.875, 15.5], "texture": "#log_oak"},
				"down": {"uv": [5.5, 15.5, 5.125, 15.375], "texture": "#log_oak"}
			}
		},
		{
			"from": [10.625, 7.75, 0.25],
			"to": [11.5, 8.125, 0.375],
			"faces": {
				"north": {"uv": [4.5, 7.875, 5.375, 8.25], "texture": "#log_oak"},
				"east": {"uv": [15.625, 7.875, 15.75, 8.25], "texture": "#log_oak"},
				"south": {"uv": [10.625, 7.875, 11.5, 8.25], "texture": "#log_oak"},
				"west": {"uv": [0.25, 7.875, 0.375, 8.25], "texture": "#log_oak"},
				"up": {"uv": [10.625, 0.25, 11.5, 0.375], "texture": "#log_oak"},
				"down": {"uv": [5.375, 0.375, 4.5, 0.25], "texture": "#log_oak"}
			}
		},
		{
			"from": [10.75, 7.75, 0.125],
			"to": [11.5, 8.125, 0.25],
			"faces": {
				"north": {"uv": [4.5, 7.875, 5.25, 8.25], "texture": "#log_oak"},
				"east": {"uv": [15.75, 7.875, 15.875, 8.25], "texture": "#log_oak"},
				"south": {"uv": [10.75, 7.875, 11.5, 8.25], "texture": "#log_oak"},
				"west": {"uv": [0.125, 7.875, 0.25, 8.25], "texture": "#log_oak"},
				"up": {"uv": [10.75, 0.125, 11.5, 0.25], "texture": "#log_oak"},
				"down": {"uv": [5.25, 0.25, 4.5, 0.125], "texture": "#log_oak"}
			}
		},
		{
			"from": [10.75, 7.75, 0.625],
			"to": [10.875, 8.125, 0.75],
			"faces": {
				"north": {"uv": [5.125, 7.875, 5.25, 8.25], "texture": "#log_oak"},
				"east": {"uv": [15.25, 7.875, 15.375, 8.25], "texture": "#log_oak"},
				"south": {"uv": [10.75, 7.875, 10.875, 8.25], "texture": "#log_oak"},
				"west": {"uv": [0.625, 7.875, 0.75, 8.25], "texture": "#log_oak"},
				"up": {"uv": [10.75, 0.625, 10.875, 0.75], "texture": "#log_oak"},
				"down": {"uv": [5.25, 0.75, 5.125, 0.625], "texture": "#log_oak"}
			}
		},
		{
			"from": [10.75, 7.75, 15.5],
			"to": [10.875, 8.125, 15.625],
			"faces": {
				"north": {"uv": [5.125, 7.875, 5.25, 8.25], "texture": "#log_oak"},
				"east": {"uv": [0.375, 7.875, 0.5, 8.25], "texture": "#log_oak"},
				"south": {"uv": [10.75, 7.875, 10.875, 8.25], "texture": "#log_oak"},
				"west": {"uv": [15.5, 7.875, 15.625, 8.25], "texture": "#log_oak"},
				"up": {"uv": [10.75, 15.5, 10.875, 15.625], "texture": "#log_oak"},
				"down": {"uv": [5.25, 15.625, 5.125, 15.5], "texture": "#log_oak"}
			}
		},
		{
			"from": [10.875, 7.75, 0.375],
			"to": [11, 8.125, 0.5],
			"faces": {
				"north": {"uv": [5, 7.875, 5.125, 8.25], "texture": "#log_oak"},
				"east": {"uv": [15.5, 7.875, 15.625, 8.25], "texture": "#log_oak"},
				"south": {"uv": [10.875, 7.875, 11, 8.25], "texture": "#log_oak"},
				"west": {"uv": [0.375, 7.875, 0.5, 8.25], "texture": "#log_oak"},
				"up": {"uv": [10.875, 0.375, 11, 0.5], "texture": "#log_oak"},
				"down": {"uv": [5.125, 0.5, 5, 0.375], "texture": "#log_oak"}
			}
		},
		{
			"from": [11, 7.75, 0],
			"to": [11.25, 8.125, 0.125],
			"faces": {
				"north": {"uv": [4.75, 7.875, 5, 8.25], "texture": "#log_oak"},
				"east": {"uv": [15.875, 7.875, 16, 8.25], "texture": "#log_oak"},
				"south": {"uv": [11, 7.875, 11.25, 8.25], "texture": "#log_oak"},
				"west": {"uv": [0, 7.875, 0.125, 8.25], "texture": "#log_oak"},
				"up": {"uv": [11, 0, 11.25, 0.125], "texture": "#log_oak"},
				"down": {"uv": [5, 0.125, 4.75, 0], "texture": "#log_oak"}
			}
		},
		{
			"from": [11.625, 7.875, 4.75],
			"to": [11.875, 8, 4.875],
			"faces": {
				"north": {"uv": [4.125, 8, 4.375, 8.125], "texture": "#diamond_block"},
				"east": {"uv": [11.125, 8, 11.25, 8.125], "texture": "#diamond_block"},
				"south": {"uv": [11.625, 8, 11.875, 8.125], "texture": "#diamond_block"},
				"west": {"uv": [4.75, 8, 4.875, 8.125], "texture": "#diamond_block"},
				"up": {"uv": [11.625, 4.75, 11.875, 4.875], "texture": "#diamond_block"},
				"down": {"uv": [4.375, 4.875, 4.125, 4.75], "texture": "#diamond_block"}
			}
		},
		{
			"from": [11.875, 7.875, 4.875],
			"to": [12, 8, 5],
			"faces": {
				"north": {"uv": [4, 8, 4.125, 8.125], "texture": "#diamond_block"},
				"east": {"uv": [11, 8, 11.125, 8.125], "texture": "#diamond_block"},
				"south": {"uv": [11.875, 8, 12, 8.125], "texture": "#diamond_block"},
				"west": {"uv": [4.875, 8, 5, 8.125], "texture": "#diamond_block"},
				"up": {"uv": [11.875, 4.875, 12, 5], "texture": "#diamond_block"},
				"down": {"uv": [4.125, 5, 4, 4.875], "texture": "#diamond_block"}
			}
		}
	],
	"display": {
		"thirdperson_righthand": {
			"rotation": [86, -1, 89],
			"translation": [-0.5, 5.86, -4.5],
			"scale": [2.36, 2.93, 1.98]
		},
		"thirdperson_lefthand": {
			"rotation": [86, -1, -92],
			"translation": [-0.5, 5.86, -5],
			"scale": [2.46, 2.9, 1.98]
		},
		"head": {
			"rotation": [-96, 41, 4],
			"translation": [-3.59, -13, 5.5],
			"scale": [3.15, 4, 2.61]
		},
		"ground": {
			"rotation": [0, 0, 0],
			"translation": [0, 2, 0],
			"scale": [0.925, 0.9, 1.15]
		},
		"fixed": {
			"rotation": [89, 44, 11],
			"translation": [-0.76, -1.32, -1.12],
			"scale": [1.3, 1.3, 1.3]
		},
		"firstperson_righthand": {
			"rotation": [-99, -173, -74],
			"translation": [-0.76, 3.78, -0.76],
			"scale": [1.48, 0.74, 1.48]
		},
		"firstperson_lefthand": {
			"rotation": [-99, -173, 108],
			"translation": [1.15, 3.78, -1.72],
			"scale": [1.48, 0.74, 1.48]
		},
		"gui": {
			"rotation": [-91, -139, -4],
			"translation": [0.76, -1.89, 0],
			"scale": [1.32, 2.58, 1.07]
		}
	}
}