{
	"credit": "Made By Bailey",
	"textures": {"texture": "block/diamond_sword/42"},
	"elements": [
		{
			"name": "cube",
			"from": [7.25, 7.5, 7.625],
			"to": [8.75, 17, 8.375],
			"faces": {
				"north": {
					"uv": [2.499, 0.001, 1.001, 9.499],
					"texture": "#texture"
				},
				"east": {
					"uv": [2.001, 0.001, 2.499, 9.499],
					"texture": "#texture"
				},
				"south": {
					"uv": [1.001, 0.001, 2.499, 9.499],
					"texture": "#texture"
				},
				"west": {
					"uv": [1.001, 0.001, 1.499, 9.499],
					"texture": "#texture"
				},
				"up": {
					"uv": [1.001, 0.001, 2.499, 0.499],
					"texture": "#texture"
				},
				"down": {
					"uv": [1.001, 9.001, 2.499, 9.499],
					"texture": "#texture"
				}
			}
		},
		{
			"name": "cube",
			"from": [6.75, 2, 7.625],
			"to": [9.25, 7.5, 8.375],
			"faces": {
				"north": {
					"uv": [2.999, 9.501, 0.501, 14.999],
					"texture": "#texture"
				},
				"east": {
					"uv": [2.501, 9.501, 2.999, 14.999],
					"texture": "#texture"
				},
				"south": {
					"uv": [0.501, 9.501, 2.999, 14.999],
					"texture": "#texture"
				},
				"west": {
					"uv": [0.501, 9.501, 0.999, 14.999],
					"texture": "#texture"
				},
				"up": {
					"uv": [0.501, 9.501, 2.999, 9.999],
					"texture": "#texture"
				},
				"down": {
					"uv": [0.501, 14.501, 2.999, 14.999],
					"texture": "#texture"
				}
			}
		},
		{
			"name": "cube",
			"from": [7.25, 17, 7.625],
			"to": [8.75, 25, 8.375],
			"faces": {
				"north": {
					"uv": [5.999, 8.001, 4.501, 15.999],
					"texture": "#texture"
				},
				"east": {
					"uv": [5.501, 8.001, 5.999, 15.999],
					"texture": "#texture"
				},
				"south": {
					"uv": [4.501, 8.001, 5.999, 15.999],
					"texture": "#texture"
				},
				"west": {
					"uv": [4.501, 8.001, 4.999, 15.999],
					"texture": "#texture"
				},
				"up": {
					"uv": [4.501, 8.001, 5.999, 8.499],
					"texture": "#texture"
				},
				"down": {
					"uv": [4.501, 15.501, 5.999, 15.999],
					"texture": "#texture"
				}
			}
		},
		{
			"name": "cube",
			"from": [6.25, 2.5, 7.875],
			"to": [9.75, 7.5, 8.125],
			"faces": {
				"north": {
					"uv": [3.499, 9.501, 0.001, 14.499],
					"texture": "#texture"
				},
				"east": {
					"uv": [3.001, 9.501, 3.499, 14.499],
					"texture": "#texture"
				},
				"south": {
					"uv": [0.001, 9.501, 3.499, 14.499],
					"texture": "#texture"
				},
				"west": {
					"uv": [0.001, 9.501, 0.499, 14.499],
					"texture": "#texture"
				},
				"up": {
					"uv": [0.001, 9.501, 3.499, 9.999],
					"texture": "#texture"
				},
				"down": {
					"uv": [0.001, 14.001, 3.499, 14.499],
					"texture": "#texture"
				}
			}
		},
		{
			"name": "cube",
			"from": [6.75, 7.5, 7.875],
			"to": [9.25, 17, 8.125],
			"faces": {
				"north": {
					"uv": [2.999, 0.001, 0.501, 9.499],
					"texture": "#texture"
				},
				"east": {
					"uv": [2.501, 0.001, 2.999, 9.499],
					"texture": "#texture"
				},
				"south": {
					"uv": [0.501, 0.001, 2.999, 9.499],
					"texture": "#texture"
				},
				"west": {
					"uv": [0.501, 0.001, 0.999, 9.499],
					"texture": "#texture"
				},
				"up": {
					"uv": [0.501, 0.001, 2.999, 0.499],
					"texture": "#texture"
				},
				"down": {
					"uv": [0.501, 9.001, 2.999, 9.499],
					"texture": "#texture"
				}
			}
		},
		{
			"name": "cube",
			"from": [6.75, 17, 7.875],
			"to": [9.25, 25, 8.125],
			"faces": {
				"north": {
					"uv": [6.499, 8.001, 4.001, 15.999],
					"texture": "#texture"
				},
				"east": {
					"uv": [6.001, 8.001, 6.499, 15.999],
					"texture": "#texture"
				},
				"south": {
					"uv": [4.001, 8.001, 6.499, 15.999],
					"texture": "#texture"
				},
				"west": {
					"uv": [4.001, 8.001, 4.499, 15.999],
					"texture": "#texture"
				},
				"up": {
					"uv": [4.001, 8.001, 6.499, 8.499],
					"texture": "#texture"
				},
				"down": {
					"uv": [4.001, 15.501, 6.499, 15.999],
					"texture": "#texture"
				}
			}
		},
		{
			"name": "cube",
			"from": [7.75, 25, 7.625],
			"to": [8.25, 28, 8.375],
			"faces": {
				"north": {
					"uv": [5.499, 5.001, 5.001, 7.999],
					"texture": "#texture"
				},
				"east": {
					"uv": [5.001, 5.001, 5.499, 7.999],
					"texture": "#texture"
				},
				"south": {
					"uv": [5.001, 5.001, 5.499, 7.999],
					"texture": "#texture"
				},
				"west": {
					"uv": [5.001, 5.001, 5.499, 7.999],
					"texture": "#texture"
				},
				"up": {
					"uv": [5.001, 5.001, 5.499, 5.499],
					"texture": "#texture"
				},
				"down": {
					"uv": [5.001, 7.501, 5.499, 7.999],
					"texture": "#texture"
				}
			}
		},
		{
			"name": "cube",
			"from": [7.25, 25, 7.875],
			"to": [8.75, 28, 8.125],
			"faces": {
				"north": {
					"uv": [5.999, 5.001, 4.501, 7.999],
					"texture": "#texture"
				},
				"east": {
					"uv": [5.501, 5.001, 5.999, 7.999],
					"texture": "#texture"
				},
				"south": {
					"uv": [4.501, 5.001, 5.999, 7.999],
					"texture": "#texture"
				},
				"west": {
					"uv": [4.501, 5.001, 4.999, 7.999],
					"texture": "#texture"
				},
				"up": {
					"uv": [4.501, 5.001, 5.999, 5.499],
					"texture": "#texture"
				},
				"down": {
					"uv": [4.501, 7.501, 5.999, 7.999],
					"texture": "#texture"
				}
			}
		},
		{
			"name": "cube",
			"from": [7.75, 28, 7.875],
			"to": [8.25, 30, 8.125],
			"faces": {
				"north": {
					"uv": [5.499, 3.001, 5.001, 4.999],
					"texture": "#texture"
				},
				"east": {
					"uv": [5.001, 3.001, 5.499, 4.999],
					"texture": "#texture"
				},
				"south": {
					"uv": [5.001, 3.001, 5.499, 4.999],
					"texture": "#texture"
				},
				"west": {
					"uv": [5.001, 3.001, 5.499, 4.999],
					"texture": "#texture"
				},
				"up": {
					"uv": [5.001, 3.001, 5.499, 3.499],
					"texture": "#texture"
				},
				"down": {
					"uv": [5.001, 4.501, 5.499, 4.999],
					"texture": "#texture"
				}
			}
		},
		{
			"name": "cube",
			"from": [7.75, 1.5, 7.375],
			"to": [8.25, 7, 8.625],
			"faces": {
				"north": {
					"uv": [10.999, 5.501, 10.501, 10.999],
					"texture": "#texture"
				},
				"east": {
					"uv": [10.501, 5.501, 10.999, 10.999],
					"texture": "#texture"
				},
				"south": {
					"uv": [10.501, 5.501, 10.999, 10.999],
					"texture": "#texture"
				},
				"west": {
					"uv": [10.501, 5.501, 10.999, 10.999],
					"texture": "#texture"
				},
				"up": {
					"uv": [10.501, 5.501, 10.999, 5.999],
					"texture": "#texture"
				},
				"down": {
					"uv": [10.501, 10.501, 10.999, 10.999],
					"texture": "#texture"
				}
			}
		},
		{
			"name": "cube",
			"from": [7.25, 1, 7.375],
			"to": [7.75, 4, 8.625],
			"faces": {
				"north": {
					"uv": [10.499, 8.501, 10.001, 11.499],
					"texture": "#texture"
				},
				"east": {
					"uv": [10.001, 8.501, 10.499, 11.499],
					"texture": "#texture"
				},
				"south": {
					"uv": [10.001, 8.501, 10.499, 11.499],
					"texture": "#texture"
				},
				"west": {
					"uv": [10.001, 8.501, 10.499, 11.499],
					"texture": "#texture"
				},
				"up": {
					"uv": [10.001, 8.501, 10.499, 8.999],
					"texture": "#texture"
				},
				"down": {
					"uv": [10.001, 11.001, 10.499, 11.499],
					"texture": "#texture"
				}
			}
		},
		{
			"name": "cube",
			"from": [8.25, 1, 7.375],
			"to": [8.75, 4.5, 8.625],
			"faces": {
				"north": {
					"uv": [11.499, 8.001, 11.001, 11.499],
					"texture": "#texture"
				},
				"east": {
					"uv": [11.001, 8.001, 11.499, 11.499],
					"texture": "#texture"
				},
				"south": {
					"uv": [11.001, 8.001, 11.499, 11.499],
					"texture": "#texture"
				},
				"west": {
					"uv": [11.001, 8.001, 11.499, 11.499],
					"texture": "#texture"
				},
				"up": {
					"uv": [11.001, 8.001, 11.499, 8.499],
					"texture": "#texture"
				},
				"down": {
					"uv": [11.001, 11.001, 11.499, 11.499],
					"texture": "#texture"
				}
			}
		},
		{
			"name": "cube",
			"from": [7.75, 1, 7.625],
			"to": [8.25, 1.5, 8.375],
			"faces": {
				"north": {
					"uv": [10.999, 11.001, 10.501, 11.499],
					"texture": "#texture"
				},
				"east": {
					"uv": [10.501, 11.001, 10.999, 11.499],
					"texture": "#texture"
				},
				"south": {
					"uv": [10.501, 11.001, 10.999, 11.499],
					"texture": "#texture"
				},
				"west": {
					"uv": [10.501, 11.001, 10.999, 11.499],
					"texture": "#texture"
				},
				"up": {
					"uv": [10.501, 11.001, 10.999, 11.499],
					"texture": "#texture"
				},
				"down": {
					"uv": [10.501, 11.001, 10.999, 11.499],
					"texture": "#texture"
				}
			}
		},
		{
			"name": "cube",
			"from": [8.25, 0.5, 7.625],
			"to": [8.75, 1, 8.375],
			"faces": {
				"north": {
					"uv": [11.499, 11.501, 11.001, 11.999],
					"texture": "#texture"
				},
				"east": {
					"uv": [11.001, 11.501, 11.499, 11.999],
					"texture": "#texture"
				},
				"south": {
					"uv": [11.001, 11.501, 11.499, 11.999],
					"texture": "#texture"
				},
				"west": {
					"uv": [11.001, 11.501, 11.499, 11.999],
					"texture": "#texture"
				},
				"up": {
					"uv": [11.001, 11.501, 11.499, 11.999],
					"texture": "#texture"
				},
				"down": {
					"uv": [11.001, 11.501, 11.499, 11.999],
					"texture": "#texture"
				}
			}
		},
		{
			"name": "cube",
			"from": [7.25, 0.5, 7.625],
			"to": [7.75, 1, 8.375],
			"faces": {
				"north": {
					"uv": [10.499, 11.501, 10.001, 11.999],
					"texture": "#texture"
				},
				"east": {
					"uv": [10.001, 11.501, 10.499, 11.999],
					"texture": "#texture"
				},
				"south": {
					"uv": [10.001, 11.501, 10.499, 11.999],
					"texture": "#texture"
				},
				"west": {
					"uv": [10.001, 11.501, 10.499, 11.999],
					"texture": "#texture"
				},
				"up": {
					"uv": [10.001, 11.501, 10.499, 11.999],
					"texture": "#texture"
				},
				"down": {
					"uv": [10.001, 11.501, 10.499, 11.999],
					"texture": "#texture"
				}
			}
		},
		{
			"name": "cube",
			"from": [8.75, -0.5, 7.625],
			"to": [9.25, 0, 8.375],
			"faces": {
				"north": {
					"uv": [11.999, 12.501, 11.501, 12.999],
					"texture": "#texture"
				},
				"east": {
					"uv": [11.501, 12.501, 11.999, 12.999],
					"texture": "#texture"
				},
				"south": {
					"uv": [11.501, 12.501, 11.999, 12.999],
					"texture": "#texture"
				},
				"west": {
					"uv": [11.501, 12.501, 11.999, 12.999],
					"texture": "#texture"
				},
				"up": {
					"uv": [11.501, 12.501, 11.999, 12.999],
					"texture": "#texture"
				},
				"down": {
					"uv": [11.501, 12.501, 11.999, 12.999],
					"texture": "#texture"
				}
			}
		},
		{
			"name": "cube",
			"from": [6.75, -0.5, 7.625],
			"to": [7.25, 0, 8.375],
			"faces": {
				"north": {
					"uv": [9.999, 12.501, 9.501, 12.999],
					"texture": "#texture"
				},
				"east": {
					"uv": [9.501, 12.501, 9.999, 12.999],
					"texture": "#texture"
				},
				"south": {
					"uv": [9.501, 12.501, 9.999, 12.999],
					"texture": "#texture"
				},
				"west": {
					"uv": [9.501, 12.501, 9.999, 12.999],
					"texture": "#texture"
				},
				"up": {
					"uv": [9.501, 12.501, 9.999, 12.999],
					"texture": "#texture"
				},
				"down": {
					"uv": [9.501, 12.501, 9.999, 12.999],
					"texture": "#texture"
				}
			}
		},
		{
			"name": "cube",
			"from": [8.75, -3, 7.625],
			"to": [9.75, -2, 8.375],
			"faces": {
				"north": {
					"uv": [12.499, 14.501, 11.501, 15.499],
					"texture": "#texture"
				},
				"east": {
					"uv": [12.001, 14.501, 12.499, 15.499],
					"texture": "#texture"
				},
				"south": {
					"uv": [11.501, 14.501, 12.499, 15.499],
					"texture": "#texture"
				},
				"west": {
					"uv": [11.501, 14.501, 11.999, 15.499],
					"texture": "#texture"
				},
				"up": {
					"uv": [11.501, 14.501, 12.499, 14.999],
					"texture": "#texture"
				},
				"down": {
					"uv": [11.501, 15.001, 12.499, 15.499],
					"texture": "#texture"
				}
			}
		},
		{
			"name": "cube",
			"from": [6.25, -3, 7.625],
			"to": [7.25, -2, 8.375],
			"faces": {
				"north": {
					"uv": [9.999, 14.501, 9.001, 15.499],
					"texture": "#texture"
				},
				"east": {
					"uv": [9.501, 14.501, 9.999, 15.499],
					"texture": "#texture"
				},
				"south": {
					"uv": [9.001, 14.501, 9.999, 15.499],
					"texture": "#texture"
				},
				"west": {
					"uv": [9.001, 14.501, 9.499, 15.499],
					"texture": "#texture"
				},
				"up": {
					"uv": [9.001, 14.501, 9.999, 14.999],
					"texture": "#texture"
				},
				"down": {
					"uv": [9.001, 15.001, 9.999, 15.499],
					"texture": "#texture"
				}
			}
		},
		{
			"name": "cube",
			"from": [8.75, 0, 7.375],
			"to": [9.25, 2, 8.625],
			"faces": {
				"north": {
					"uv": [11.999, 10.501, 11.501, 12.499],
					"texture": "#texture"
				},
				"east": {
					"uv": [11.501, 10.501, 11.999, 12.499],
					"texture": "#texture"
				},
				"south": {
					"uv": [11.501, 10.501, 11.999, 12.499],
					"texture": "#texture"
				},
				"west": {
					"uv": [11.501, 10.501, 11.999, 12.499],
					"texture": "#texture"
				},
				"up": {
					"uv": [11.501, 10.501, 11.999, 10.999],
					"texture": "#texture"
				},
				"down": {
					"uv": [11.501, 12.001, 11.999, 12.499],
					"texture": "#texture"
				}
			}
		},
		{
			"name": "cube",
			"from": [6.75, 0, 7.375],
			"to": [7.25, 2, 8.625],
			"faces": {
				"north": {
					"uv": [9.999, 10.501, 9.501, 12.499],
					"texture": "#texture"
				},
				"east": {
					"uv": [9.501, 10.501, 9.999, 12.499],
					"texture": "#texture"
				},
				"south": {
					"uv": [9.501, 10.501, 9.999, 12.499],
					"texture": "#texture"
				},
				"west": {
					"uv": [9.501, 10.501, 9.999, 12.499],
					"texture": "#texture"
				},
				"up": {
					"uv": [9.501, 10.501, 9.999, 10.999],
					"texture": "#texture"
				},
				"down": {
					"uv": [9.501, 12.001, 9.999, 12.499],
					"texture": "#texture"
				}
			}
		},
		{
			"name": "cube",
			"from": [9.25, -2.5, 7.375],
			"to": [9.75, 0.5, 8.625],
			"faces": {
				"north": {
					"uv": [12.499, 12.001, 12.001, 14.999],
					"texture": "#texture"
				},
				"east": {
					"uv": [12.001, 12.001, 12.499, 14.999],
					"texture": "#texture"
				},
				"south": {
					"uv": [12.001, 12.001, 12.499, 14.999],
					"texture": "#texture"
				},
				"west": {
					"uv": [12.001, 12.001, 12.499, 14.999],
					"texture": "#texture"
				},
				"up": {
					"uv": [12.001, 12.001, 12.499, 12.499],
					"texture": "#texture"
				},
				"down": {
					"uv": [12.001, 14.501, 12.499, 14.999],
					"texture": "#texture"
				}
			}
		},
		{
			"name": "cube",
			"from": [9.25, 0.5, 7.625],
			"to": [9.75, 1, 8.375],
			"faces": {
				"north": {
					"uv": [12.499, 11.501, 12.001, 11.999],
					"texture": "#texture"
				},
				"east": {
					"uv": [12.001, 11.501, 12.499, 11.999],
					"texture": "#texture"
				},
				"south": {
					"uv": [12.001, 11.501, 12.499, 11.999],
					"texture": "#texture"
				},
				"west": {
					"uv": [12.001, 11.501, 12.499, 11.999],
					"texture": "#texture"
				},
				"up": {
					"uv": [12.001, 11.501, 12.499, 11.999],
					"texture": "#texture"
				},
				"down": {
					"uv": [12.001, 11.501, 12.499, 11.999],
					"texture": "#texture"
				}
			}
		},
		{
			"name": "cube",
			"from": [6.25, 0.5, 7.625],
			"to": [6.75, 1, 8.375],
			"faces": {
				"north": {
					"uv": [9.499, 11.501, 9.001, 11.999],
					"texture": "#texture"
				},
				"east": {
					"uv": [9.001, 11.501, 9.499, 11.999],
					"texture": "#texture"
				},
				"south": {
					"uv": [9.001, 11.501, 9.499, 11.999],
					"texture": "#texture"
				},
				"west": {
					"uv": [9.001, 11.501, 9.499, 11.999],
					"texture": "#texture"
				},
				"up": {
					"uv": [9.001, 11.501, 9.499, 11.999],
					"texture": "#texture"
				},
				"down": {
					"uv": [9.001, 11.501, 9.499, 11.999],
					"texture": "#texture"
				}
			}
		},
		{
			"name": "cube",
			"from": [6.25, -2.5, 7.375],
			"to": [6.75, 0.5, 8.625],
			"faces": {
				"north": {
					"uv": [9.499, 12.001, 9.001, 14.999],
					"texture": "#texture"
				},
				"east": {
					"uv": [9.001, 12.001, 9.499, 14.999],
					"texture": "#texture"
				},
				"south": {
					"uv": [9.001, 12.001, 9.499, 14.999],
					"texture": "#texture"
				},
				"west": {
					"uv": [9.001, 12.001, 9.499, 14.999],
					"texture": "#texture"
				},
				"up": {
					"uv": [9.001, 12.001, 9.499, 12.499],
					"texture": "#texture"
				},
				"down": {
					"uv": [9.001, 14.501, 9.499, 14.999],
					"texture": "#texture"
				}
			}
		},
		{
			"name": "cube",
			"from": [9.75, -2, 7.625],
			"to": [10.25, 0, 8.375],
			"faces": {
				"north": {
					"uv": [12.999, 12.501, 12.501, 14.499],
					"texture": "#texture"
				},
				"east": {
					"uv": [12.501, 12.501, 12.999, 14.499],
					"texture": "#texture"
				},
				"south": {
					"uv": [12.501, 12.501, 12.999, 14.499],
					"texture": "#texture"
				},
				"west": {
					"uv": [12.501, 12.501, 12.999, 14.499],
					"texture": "#texture"
				},
				"up": {
					"uv": [12.501, 12.501, 12.999, 12.999],
					"texture": "#texture"
				},
				"down": {
					"uv": [12.501, 14.001, 12.999, 14.499],
					"texture": "#texture"
				}
			}
		},
		{
			"name": "cube",
			"from": [5.75, -2, 7.625],
			"to": [6.25, 0, 8.375],
			"faces": {
				"north": {
					"uv": [8.999, 12.501, 8.501, 14.499],
					"texture": "#texture"
				},
				"east": {
					"uv": [8.501, 12.501, 8.999, 14.499],
					"texture": "#texture"
				},
				"south": {
					"uv": [8.501, 12.501, 8.999, 14.499],
					"texture": "#texture"
				},
				"west": {
					"uv": [8.501, 12.501, 8.999, 14.499],
					"texture": "#texture"
				},
				"up": {
					"uv": [8.501, 12.501, 8.999, 12.999],
					"texture": "#texture"
				},
				"down": {
					"uv": [8.501, 14.001, 8.999, 14.499],
					"texture": "#texture"
				}
			}
		},
		{
			"name": "cube",
			"from": [7.25, -3.5, 7.375],
			"to": [8.75, -2.5, 8.625],
			"faces": {
				"north": {
					"uv": [7.999, 10.501, 6.501, 11.499],
					"texture": "#texture"
				},
				"east": {
					"uv": [7.501, 10.501, 7.999, 11.499],
					"texture": "#texture"
				},
				"south": {
					"uv": [6.501, 10.501, 7.999, 11.499],
					"texture": "#texture"
				},
				"west": {
					"uv": [6.501, 10.501, 6.999, 11.499],
					"texture": "#texture"
				},
				"up": {
					"uv": [6.501, 10.501, 7.999, 10.999],
					"texture": "#texture"
				},
				"down": {
					"uv": [6.501, 11.001, 7.999, 11.499],
					"texture": "#texture"
				}
			}
		},
		{
			"name": "cube",
			"from": [7.75, -3.5, 7.125],
			"to": [8.25, -2.5, 8.875],
			"faces": {
				"north": {
					"uv": [7.499, 8.501, 7.001, 9.499],
					"texture": "#texture"
				},
				"east": {
					"uv": [7.001, 8.501, 7.499, 9.499],
					"texture": "#texture"
				},
				"south": {
					"uv": [7.001, 8.501, 7.499, 9.499],
					"texture": "#texture"
				},
				"west": {
					"uv": [7.001, 8.501, 7.499, 9.499],
					"texture": "#texture"
				},
				"up": {
					"uv": [7.001, 8.501, 7.499, 8.999],
					"texture": "#texture"
				},
				"down": {
					"uv": [7.001, 9.001, 7.499, 9.499],
					"texture": "#texture"
				}
			}
		},
		{
			"name": "cube",
			"from": [7.25, -7.5, 7.625],
			"to": [8.75, -3.5, 8.375],
			"faces": {
				"north": {
					"uv": [7.999, 11.501, 6.501, 15.499],
					"texture": "#texture"
				},
				"east": {
					"uv": [7.501, 11.501, 7.999, 15.499],
					"texture": "#texture"
				},
				"south": {
					"uv": [6.501, 11.501, 7.999, 15.499],
					"texture": "#texture"
				},
				"west": {
					"uv": [6.501, 11.501, 6.999, 15.499],
					"texture": "#texture"
				},
				"up": {
					"uv": [6.501, 11.501, 7.999, 11.999],
					"texture": "#texture"
				},
				"down": {
					"uv": [6.501, 15.001, 7.999, 15.499],
					"texture": "#texture"
				}
			}
		},
		{
			"name": "cube",
			"from": [7.75, -8, 7.375],
			"to": [8.25, -2, 8.625],
			"faces": {
				"north": {
					"uv": [7.499, 10.001, 7.001, 15.999],
					"texture": "#texture"
				},
				"east": {
					"uv": [7.001, 10.001, 7.499, 15.999],
					"texture": "#texture"
				},
				"south": {
					"uv": [7.001, 10.001, 7.499, 15.999],
					"texture": "#texture"
				},
				"west": {
					"uv": [7.001, 10.001, 7.499, 15.999],
					"texture": "#texture"
				},
				"up": {
					"uv": [7.001, 10.001, 7.499, 10.499],
					"texture": "#texture"
				},
				"down": {
					"uv": [7.001, 15.501, 7.499, 15.999],
					"texture": "#texture"
				}
			}
		},
		{
			"name": "cube",
			"from": [7.25, -8, 7.375],
			"to": [8.75, -7.5, 8.625],
			"faces": {
				"north": {
					"uv": [15.499, 13.501, 14.001, 13.999],
					"texture": "#texture"
				},
				"east": {
					"uv": [14.001, 13.501, 14.499, 13.999],
					"texture": "#texture"
				},
				"south": {
					"uv": [14.001, 13.501, 15.499, 13.999],
					"texture": "#texture"
				},
				"west": {
					"uv": [15.001, 13.501, 15.499, 13.999],
					"texture": "#texture"
				},
				"up": {
					"uv": [14.001, 13.501, 15.499, 13.999],
					"texture": "#texture"
				},
				"down": {
					"uv": [14.001, 13.501, 15.499, 13.999],
					"texture": "#texture"
				}
			}
		},
		{
			"name": "cube",
			"from": [7.25, -8.5, 7.625],
			"to": [8.75, -8, 8.375],
			"faces": {
				"north": {
					"uv": [15.499, 14.001, 14.001, 14.499],
					"texture": "#texture"
				},
				"east": {
					"uv": [14.001, 14.001, 14.499, 14.499],
					"texture": "#texture"
				},
				"south": {
					"uv": [14.001, 14.001, 15.499, 14.499],
					"texture": "#texture"
				},
				"west": {
					"uv": [15.001, 14.001, 15.499, 14.499],
					"texture": "#texture"
				},
				"up": {
					"uv": [14.001, 14.001, 15.499, 14.499],
					"texture": "#texture"
				},
				"down": {
					"uv": [14.001, 14.001, 15.499, 14.499],
					"texture": "#texture"
				}
			}
		},
		{
			"name": "cube",
			"from": [6.75, -8, 7.625],
			"to": [9.25, -7.5, 8.375],
			"faces": {
				"north": {
					"uv": [15.999, 13.501, 13.501, 13.999],
					"texture": "#texture"
				},
				"east": {
					"uv": [13.501, 13.501, 13.999, 13.999],
					"texture": "#texture"
				},
				"south": {
					"uv": [13.501, 13.501, 15.999, 13.999],
					"texture": "#texture"
				},
				"west": {
					"uv": [15.501, 13.501, 15.999, 13.999],
					"texture": "#texture"
				},
				"up": {
					"uv": [13.501, 13.501, 15.999, 13.999],
					"texture": "#texture"
				},
				"down": {
					"uv": [13.501, 13.501, 15.999, 13.999],
					"texture": "#texture"
				}
			}
		},
		{
			"name": "cube",
			"from": [7.75, -10, 7.625],
			"to": [8.25, -8.5, 8.375],
			"faces": {
				"north": {
					"uv": [14.999, 14.501, 14.501, 15.999],
					"texture": "#texture"
				},
				"east": {
					"uv": [14.501, 15.501, 14.999, 15.999],
					"texture": "#texture"
				},
				"south": {
					"uv": [14.501, 14.501, 14.999, 15.999],
					"texture": "#texture"
				},
				"west": {
					"uv": [14.501, 14.501, 14.999, 14.999],
					"texture": "#texture"
				},
				"up": {
					"uv": [14.501, 14.501, 14.999, 14.999],
					"texture": "#texture"
				},
				"down": {
					"uv": [14.501, 15.501, 14.999, 15.999],
					"texture": "#texture"
				}
			}
		},
		{
			"name": "cube",
			"from": [7.75, -8.5, 7.375],
			"to": [8.25, -8, 8.625],
			"faces": {
				"north": {
					"uv": [14.999, 14.001, 14.501, 14.499],
					"texture": "#texture"
				},
				"east": {
					"uv": [14.501, 14.001, 14.999, 14.499],
					"texture": "#texture"
				},
				"south": {
					"uv": [14.501, 14.001, 14.999, 14.499],
					"texture": "#texture"
				},
				"west": {
					"uv": [14.501, 14.001, 14.999, 14.499],
					"texture": "#texture"
				},
				"up": {
					"uv": [14.501, 14.001, 14.999, 14.499],
					"texture": "#texture"
				},
				"down": {
					"uv": [14.501, 14.001, 14.999, 14.499],
					"texture": "#texture"
				}
			}
		}
	],
	"groups": [
		0,
		1,
		2,
		3,
		4,
		5,
		6,
		7,
		8,
		9,
		10,
		11,
		12,
		13,
		14,
		15,
		16,
		17,
		18,
		19,
		20,
		21,
		22,
		23,
		24,
		25,
		26,
		27,
		28,
		29,
		30,
		31,
		32,
		33,
		34,
		35
	],
	"display": {
		"thirdperson_righthand": {
			"rotation": [0, -90, 0],
			"translation": [0, 11, 0],
			"scale": [1, 1, 1]
		},
		"thirdperson_lefthand": {
			"rotation": [0, 90, 0],
			"translation": [0, 11, 0],
			"scale": [1, 1, 1]
		},
		"ground": {
			"rotation": [90, 0, 90],
			"translation": [0, -1.13, 0],
			"scale": [0.5, 0.5, 0.5]
		},
		"fixed": {
			"rotation": [0, 0, -45],
			"translation": [-0.9, -0.9, 0],
			"scale": [0.6, 0.6, 0.6]
		},
		"firstperson_righthand": {
			"rotation": [0, -90, 0],
			"translation": [0, 6.05, 0],
			"scale": [0.45, 0.45, 0.45]
		},
		"firstperson_lefthand": {
			"rotation": [0, -90, 0],
			"translation": [0, 6.05, 0],
			"scale": [0.45, 0.45, 0.45]
		},
		"gui": {
			"rotation": [0, 0, 44],
			"translation": [0.76, -0.76, 0],
			"scale": [0.55, 0.55, 0.55]
		},
		"head": {
			"scale": [1, 1, 1],
			"translation": [0, -19.5, 5],
			"rotation": [0, 0, -149]
		}
	}
}