{
	"credit": "Made By Bailey",
	"textures": {
		"texture": "block/diamond_sword/50_0",
		"bluestaff_1": "block/diamond_sword/50_1"
	},
	"elements": [
		{
			"name": "cube",
			"from": [7.7188, -0.0469, 7.4688],
			"to": [8.2813, 0.374975, 7.609429],
			"faces": {
				"north": {
					"uv": [0.75, 10, 1, 10.75],
					"texture": "#texture"
				},
				"east": {
					"uv": [1, 10, 0.75, 10.75],
					"texture": "#texture"
				},
				"south": {
					"uv": [1, 10, 0.75, 10.75],
					"texture": "#texture"
				},
				"west": {
					"uv": [0.75, 10, 1, 10.75],
					"texture": "#texture"
				},
				"up": {
					"uv": [0.75, 10, 1, 10.25],
					"texture": "#texture",
					"rotation": 90
				},
				"down": {
					"uv": [0.75, 10.75, 1, 10.5],
					"texture": "#texture",
					"cullface": "down",
					"rotation": 270
				}
			}
		},
		{
			"name": "cube",
			"from": [7.7188, 0.2344, 7.5938],
			"to": [8.2813, 0.656275, 7.734429],
			"faces": {
				"north": {
					"uv": [1, 9.5, 1.25, 10.25],
					"texture": "#texture"
				},
				"east": {
					"uv": [1.25, 9.5, 1, 10.25],
					"texture": "#texture"
				},
				"south": {
					"uv": [1.25, 9.5, 1, 10.25],
					"texture": "#texture"
				},
				"west": {
					"uv": [1, 9.5, 1.25, 10.25],
					"texture": "#texture"
				},
				"up": {
					"uv": [1, 9.5, 1.25, 9.75],
					"texture": "#texture",
					"rotation": 90
				},
				"down": {
					"uv": [1, 10.25, 1.25, 10],
					"texture": "#texture",
					"rotation": 270
				}
			}
		},
		{
			"name": "cube",
			"from": [7.7188, 1.2344, 7.7188],
			"to": [8.2813, 1.37502, 8.703179],
			"faces": {
				"north": {
					"uv": [1.25, 8.25, 1.5, 8.5],
					"texture": "#texture"
				},
				"east": {
					"uv": [3, 8.25, 1.25, 8.5],
					"texture": "#texture"
				},
				"south": {
					"uv": [3, 8.25, 2.75, 8.5],
					"texture": "#texture"
				},
				"west": {
					"uv": [1.25, 8.25, 3, 8.5],
					"texture": "#texture"
				},
				"up": {
					"uv": [1.25, 8.25, 3, 8.5],
					"texture": "#texture",
					"rotation": 90
				},
				"down": {
					"uv": [1.25, 8.5, 3, 8.25],
					"texture": "#texture",
					"rotation": 270
				}
			}
		},
		{
			"name": "cube",
			"from": [7.7188, 0.375, 7.7188],
			"to": [8.2813, 0.796875, 7.859429],
			"faces": {
				"north": {
					"uv": [1.25, 9.25, 1.5, 10],
					"texture": "#texture"
				},
				"east": {
					"uv": [1.5, 9.25, 1.25, 10],
					"texture": "#texture"
				},
				"south": {
					"uv": [1.5, 9.25, 1.25, 10],
					"texture": "#texture"
				},
				"west": {
					"uv": [1.25, 9.25, 1.5, 10],
					"texture": "#texture"
				},
				"up": {
					"uv": [1.25, 9.25, 1.5, 9.5],
					"texture": "#texture",
					"rotation": 90
				},
				"down": {
					"uv": [1.25, 10, 1.5, 9.75],
					"texture": "#texture",
					"rotation": 270
				}
			}
		},
		{
			"name": "cube",
			"from": [7.7188, 1.3594, 7.8438],
			"to": [8.2813, 1.50002, 8.546929],
			"faces": {
				"north": {
					"uv": [1.5, 8, 1.75, 8.25],
					"texture": "#texture"
				},
				"east": {
					"uv": [2.75, 8, 1.5, 8.25],
					"texture": "#texture"
				},
				"south": {
					"uv": [2.75, 8, 2.5, 8.25],
					"texture": "#texture"
				},
				"west": {
					"uv": [1.5, 8, 2.75, 8.25],
					"texture": "#texture"
				},
				"up": {
					"uv": [1.5, 8, 2.75, 8.25],
					"texture": "#texture",
					"rotation": 90
				},
				"down": {
					"uv": [1.5, 8.25, 2.75, 8],
					"texture": "#texture",
					"rotation": 270
				}
			}
		},
		{
			"name": "cube",
			"from": [7.7188, 0.5469, 7.8438],
			"to": [8.2813, 0.968775, 8.4063],
			"faces": {
				"north": {
					"uv": [1.5, 9, 1.75, 9.75],
					"texture": "#texture"
				},
				"east": {
					"uv": [2.5, 9, 1.5, 9.75],
					"texture": "#texture"
				},
				"south": {
					"uv": [2.5, 9, 2.25, 9.75],
					"texture": "#texture"
				},
				"west": {
					"uv": [1.5, 9, 2.5, 9.75],
					"texture": "#texture"
				},
				"up": {
					"uv": [1.5, 9, 2.5, 9.25],
					"texture": "#texture",
					"rotation": 90
				},
				"down": {
					"uv": [1.5, 9.75, 2.5, 9.5],
					"texture": "#texture",
					"rotation": 270
				}
			}
		},
		{
			"name": "cube",
			"from": [7.7188, 1.5, 7.9375],
			"to": [8.2813, 6.21875, 8.5],
			"faces": {
				"north": {
					"uv": [1.75, 0, 2, 8],
					"texture": "#texture"
				},
				"east": {
					"uv": [2.5, 0, 1.75, 8],
					"texture": "#texture"
				},
				"south": {
					"uv": [2.5, 0, 2.25, 8],
					"texture": "#texture"
				},
				"west": {
					"uv": [1.75, 0, 2.5, 8],
					"texture": "#texture"
				},
				"up": {
					"uv": [1.75, 0, 2.5, 0.25],
					"texture": "#texture",
					"rotation": 90
				},
				"down": {
					"uv": [1.75, 8, 2.5, 7.75],
					"texture": "#texture",
					"rotation": 270
				}
			}
		},
		{
			"name": "cube",
			"from": [7.7188, 0.9687999, 8],
			"to": [8.2813, 1.25005, 8.42188],
			"faces": {
				"north": {
					"uv": [1.75, 8.5, 2, 9],
					"texture": "#texture"
				},
				"east": {
					"uv": [2.5, 8.5, 1.75, 9],
					"texture": "#texture"
				},
				"south": {
					"uv": [2.5, 8.5, 2.25, 9],
					"texture": "#texture"
				},
				"west": {
					"uv": [1.75, 8.5, 2.5, 9],
					"texture": "#texture"
				},
				"up": {
					"uv": [1.75, 8.5, 2.5, 8.75],
					"texture": "#texture",
					"rotation": 90
				},
				"down": {
					"uv": [1.75, 9, 2.5, 8.75],
					"texture": "#texture",
					"rotation": 270
				}
			}
		},
		{
			"name": "cube",
			"from": [7.7188, 0.4219, 8.406199],
			"to": [8.2813, 0.843775, 8.687449],
			"faces": {
				"north": {
					"uv": [2.5, 9.25, 2.75, 10],
					"texture": "#texture"
				},
				"east": {
					"uv": [3, 9.25, 2.5, 10],
					"texture": "#texture"
				},
				"south": {
					"uv": [3, 9.25, 2.75, 10],
					"texture": "#texture"
				},
				"west": {
					"uv": [2.5, 9.25, 3, 10],
					"texture": "#texture"
				},
				"up": {
					"uv": [2.5, 9.25, 3, 9.5],
					"texture": "#texture",
					"rotation": 90
				},
				"down": {
					"uv": [2.5, 10, 3, 9.75],
					"texture": "#texture",
					"rotation": 270
				}
			}
		},
		{
			"name": "cube",
			"from": [7.7188, -0.125, 8.5625],
			"to": [8.2813, 0.4375, 8.70313],
			"faces": {
				"north": {
					"uv": [2.75, 10, 3, 11],
					"texture": "#texture",
					"cullface": "down"
				},
				"east": {
					"uv": [3, 10, 2.75, 11],
					"texture": "#texture",
					"cullface": "down"
				},
				"south": {
					"uv": [3, 10, 2.75, 11],
					"texture": "#texture",
					"cullface": "down"
				},
				"west": {
					"uv": [2.75, 10, 3, 11],
					"texture": "#texture",
					"cullface": "down"
				},
				"up": {
					"uv": [2.75, 10, 3, 10.25],
					"texture": "#texture",
					"cullface": "down",
					"rotation": 90
				},
				"down": {
					"uv": [2.75, 11, 3, 10.75],
					"texture": "#texture",
					"cullface": "down",
					"rotation": 270
				}
			}
		},
		{
			"name": "cube",
			"from": [7.7188, 0.1406, 8.6875],
			"to": [8.2813, 0.562475, 8.82813],
			"faces": {
				"north": {
					"uv": [3, 9.75, 3.25, 10.5],
					"texture": "#texture"
				},
				"east": {
					"uv": [3.25, 9.75, 3, 10.5],
					"texture": "#texture"
				},
				"south": {
					"uv": [3.25, 9.75, 3, 10.5],
					"texture": "#texture"
				},
				"west": {
					"uv": [3, 9.75, 3.25, 10.5],
					"texture": "#texture"
				},
				"up": {
					"uv": [3, 9.75, 3.25, 10],
					"texture": "#texture",
					"rotation": 90
				},
				"down": {
					"uv": [3, 10.5, 3.25, 10.25],
					"texture": "#texture",
					"rotation": 270
				}
			}
		},
		{
			"name": "cube",
			"from": [7.5312, 8.4844, 7.125],
			"to": [8.43745, 8.62502, 9.28125],
			"faces": {
				"north": {
					"uv": [6.5, 14.75, 6.75, 15],
					"texture": "#texture"
				},
				"east": {
					"uv": [10.25, 14.75, 6.5, 15],
					"texture": "#texture"
				},
				"south": {
					"uv": [10.25, 14.75, 10, 15],
					"texture": "#texture"
				},
				"west": {
					"uv": [6.5, 14.75, 10.25, 15],
					"texture": "#texture"
				},
				"up": {
					"uv": [6.5, 14.75, 10.25, 15],
					"texture": "#texture",
					"rotation": 90
				},
				"down": {
					"uv": [6.5, 15, 10.25, 14.75],
					"texture": "#texture",
					"rotation": 270
				}
			}
		},
		{
			"name": "cube",
			"from": [7.5625, 10.375, 7.25],
			"to": [8.4375, 10.6563, 9.1875],
			"faces": {
				"north": {
					"uv": [6.75, 11, 7, 11.5],
					"texture": "#texture"
				},
				"east": {
					"uv": [10, 11, 6.75, 11.5],
					"texture": "#texture"
				},
				"south": {
					"uv": [10, 11, 9.75, 11.5],
					"texture": "#texture"
				},
				"west": {
					"uv": [6.75, 11, 10, 11.5],
					"texture": "#texture"
				},
				"up": {
					"uv": [6.75, 11, 10, 11.25],
					"texture": "#texture",
					"rotation": 90
				},
				"down": {
					"uv": [6.75, 11.5, 10, 11.25],
					"texture": "#texture",
					"rotation": 270
				}
			}
		},
		{
			"name": "cube",
			"from": [7.7188, 8.6094, 7.3125],
			"to": [8.2813, 8.75002, 9.14063],
			"faces": {
				"north": {
					"uv": [6.75, 14.5, 7, 14.75],
					"texture": "#texture"
				},
				"east": {
					"uv": [10, 14.5, 6.75, 14.75],
					"texture": "#texture"
				},
				"south": {
					"uv": [10, 14.5, 9.75, 14.75],
					"texture": "#texture"
				},
				"west": {
					"uv": [6.75, 14.5, 10, 14.75],
					"texture": "#texture"
				},
				"up": {
					"uv": [6.75, 14.5, 10, 14.75],
					"texture": "#texture",
					"rotation": 90
				},
				"down": {
					"uv": [6.75, 14.75, 10, 14.5],
					"texture": "#texture",
					"rotation": 270
				}
			}
		},
		{
			"name": "cube",
			"from": [7.7188, 8.3594, 7.3125],
			"to": [8.2813, 8.50002, 9.14063],
			"faces": {
				"north": {
					"uv": [6.75, 15, 7, 15.25],
					"texture": "#texture"
				},
				"east": {
					"uv": [10, 15, 6.75, 15.25],
					"texture": "#texture"
				},
				"south": {
					"uv": [10, 15, 9.75, 15.25],
					"texture": "#texture"
				},
				"west": {
					"uv": [6.75, 15, 10, 15.25],
					"texture": "#texture"
				},
				"up": {
					"uv": [6.75, 15, 10, 15.25],
					"texture": "#texture",
					"rotation": 90
				},
				"down": {
					"uv": [6.75, 15.25, 10, 15],
					"texture": "#texture",
					"rotation": 270
				}
			}
		},
		{
			"name": "cube",
			"from": [7.7188, 10.2344, 7.4375],
			"to": [8.2813, 10.375, 8.98438],
			"faces": {
				"north": {
					"uv": [7, 11.5, 7.25, 11.75],
					"texture": "#texture"
				},
				"east": {
					"uv": [9.75, 11.5, 7, 11.75],
					"texture": "#texture"
				},
				"south": {
					"uv": [9.75, 11.5, 9.5, 11.75],
					"texture": "#texture"
				},
				"west": {
					"uv": [7, 11.5, 9.75, 11.75],
					"texture": "#texture"
				},
				"up": {
					"uv": [7, 11.5, 9.75, 11.75],
					"texture": "#texture",
					"rotation": 90
				},
				"down": {
					"uv": [7, 11.75, 9.75, 11.5],
					"texture": "#texture",
					"rotation": 270
				}
			}
		},
		{
			"name": "cube",
			"from": [7.7188, 8.7344, 7.4375],
			"to": [8.2813, 9.43752, 8.98438],
			"faces": {
				"north": {
					"uv": [7, 13.25, 7.25, 14.5],
					"texture": "#texture"
				},
				"east": {
					"uv": [9.75, 13.25, 7, 14.5],
					"texture": "#texture"
				},
				"south": {
					"uv": [9.75, 13.25, 9.5, 14.5],
					"texture": "#texture"
				},
				"west": {
					"uv": [7, 13.25, 9.75, 14.5],
					"texture": "#texture"
				},
				"up": {
					"uv": [7, 13.25, 9.75, 13.5],
					"texture": "#texture",
					"rotation": 90
				},
				"down": {
					"uv": [7, 14.5, 9.75, 14.25],
					"texture": "#texture",
					"rotation": 270
				}
			}
		},
		{
			"name": "cube",
			"from": [7.7188, 7.9531, 7.4688],
			"to": [8.2813, 8.374969, 7.609429],
			"faces": {
				"north": {
					"uv": [7, 15.25, 7.25, 16],
					"texture": "#texture"
				},
				"east": {
					"uv": [7.25, 15.25, 7, 16],
					"texture": "#texture"
				},
				"south": {
					"uv": [7.25, 15.25, 7, 16],
					"texture": "#texture"
				},
				"west": {
					"uv": [7, 15.25, 7.25, 16],
					"texture": "#texture"
				},
				"up": {
					"uv": [7, 15.25, 7.25, 15.5],
					"texture": "#texture",
					"rotation": 90
				},
				"down": {
					"uv": [7, 16, 7.25, 15.75],
					"texture": "#texture",
					"rotation": 270
				}
			}
		},
		{
			"name": "cube",
			"from": [7.75, 10.6406, 7.5938],
			"to": [8.28125, 10.7813, 8.87505],
			"faces": {
				"north": {
					"uv": [7.25, 10.75, 7.5, 11],
					"texture": "#texture"
				},
				"east": {
					"uv": [9.5, 10.75, 7.25, 11],
					"texture": "#texture"
				},
				"south": {
					"uv": [9.5, 10.75, 9.25, 11],
					"texture": "#texture"
				},
				"west": {
					"uv": [7.25, 10.75, 9.5, 11],
					"texture": "#texture"
				},
				"up": {
					"uv": [7.25, 10.75, 9.5, 11],
					"texture": "#texture",
					"rotation": 90
				},
				"down": {
					"uv": [7.25, 11, 9.5, 10.75],
					"texture": "#texture",
					"rotation": 270
				}
			}
		},
		{
			"name": "cube",
			"from": [7.7188, 10.1094, 7.5938],
			"to": [8.2813, 10.25, 8.859429],
			"faces": {
				"north": {
					"uv": [7.25, 11.75, 7.5, 12],
					"texture": "#texture"
				},
				"east": {
					"uv": [9.5, 11.75, 7.25, 12],
					"texture": "#texture"
				},
				"south": {
					"uv": [9.5, 11.75, 9.25, 12],
					"texture": "#texture"
				},
				"west": {
					"uv": [7.25, 11.75, 9.5, 12],
					"texture": "#texture"
				},
				"up": {
					"uv": [7.25, 11.75, 9.5, 12],
					"texture": "#texture",
					"rotation": 90
				},
				"down": {
					"uv": [7.25, 12, 9.5, 11.75],
					"texture": "#texture",
					"rotation": 270
				}
			}
		},
		{
			"name": "cube",
			"from": [7.7188, 9.4219, 7.5938],
			"to": [8.2813, 9.56252, 8.859429],
			"faces": {
				"north": {
					"uv": [7.25, 13, 7.5, 13.25],
					"texture": "#texture"
				},
				"east": {
					"uv": [9.5, 13, 7.25, 13.25],
					"texture": "#texture"
				},
				"south": {
					"uv": [9.5, 13, 9.25, 13.25],
					"texture": "#texture"
				},
				"west": {
					"uv": [7.25, 13, 9.5, 13.25],
					"texture": "#texture"
				},
				"up": {
					"uv": [7.25, 13, 9.5, 13.25],
					"texture": "#texture",
					"rotation": 90
				},
				"down": {
					"uv": [7.25, 13.25, 9.5, 13],
					"texture": "#texture",
					"rotation": 270
				}
			}
		},
		{
			"name": "cube",
			"from": [7.7188, 8.0938, 7.5938],
			"to": [8.2813, 8.37505, 7.734429],
			"faces": {
				"north": {
					"uv": [7.25, 15.25, 7.5, 15.75],
					"texture": "#texture"
				},
				"east": {
					"uv": [7.5, 15.25, 7.25, 15.75],
					"texture": "#texture"
				},
				"south": {
					"uv": [7.5, 15.25, 7.25, 15.75],
					"texture": "#texture"
				},
				"west": {
					"uv": [7.25, 15.25, 7.5, 15.75],
					"texture": "#texture"
				},
				"up": {
					"uv": [7.25, 15.25, 7.5, 15.5],
					"texture": "#texture",
					"rotation": 90
				},
				"down": {
					"uv": [7.25, 15.75, 7.5, 15.5],
					"texture": "#texture",
					"rotation": 270
				}
			}
		},
		{
			"name": "cube",
			"from": [7.7188, 10.7656, 7.7188],
			"to": [8.2813, 12.0313, 8.703179],
			"faces": {
				"north": {
					"uv": [7.5, 8.5, 7.75, 10.75],
					"texture": "#texture"
				},
				"east": {
					"uv": [9.25, 8.5, 7.5, 10.75],
					"texture": "#texture"
				},
				"south": {
					"uv": [9.25, 8.5, 9, 10.75],
					"texture": "#texture"
				},
				"west": {
					"uv": [7.5, 8.5, 9.25, 10.75],
					"texture": "#texture"
				},
				"up": {
					"uv": [7.5, 8.5, 9.25, 8.75],
					"texture": "#texture",
					"rotation": 90
				},
				"down": {
					"uv": [7.5, 10.75, 9.25, 10.5],
					"texture": "#texture",
					"rotation": 270
				}
			}
		},
		{
			"name": "cube",
			"from": [7.7188, 9.5625, 7.7188],
			"to": [8.2813, 10.125, 8.703179],
			"faces": {
				"north": {
					"uv": [7.5, 12, 7.75, 13],
					"texture": "#texture"
				},
				"east": {
					"uv": [9.25, 12, 7.5, 13],
					"texture": "#texture"
				},
				"south": {
					"uv": [9.25, 12, 9, 13],
					"texture": "#texture"
				},
				"west": {
					"uv": [7.5, 12, 9.25, 13],
					"texture": "#texture"
				},
				"up": {
					"uv": [7.5, 12, 9.25, 12.25],
					"texture": "#texture",
					"rotation": 90
				},
				"down": {
					"uv": [7.5, 13, 9.25, 12.75],
					"texture": "#texture",
					"rotation": 270
				}
			}
		},
		{
			"name": "cube",
			"from": [7.7188, 8.2344, 7.7188],
			"to": [8.2813, 8.37502, 8.984429],
			"faces": {
				"north": {
					"uv": [7.5, 15.25, 7.75, 15.5],
					"texture": "#texture"
				},
				"east": {
					"uv": [9.75, 15.25, 7.5, 15.5],
					"texture": "#texture"
				},
				"south": {
					"uv": [9.75, 15.25, 9.5, 15.5],
					"texture": "#texture"
				},
				"west": {
					"uv": [7.5, 15.25, 9.75, 15.5],
					"texture": "#texture"
				},
				"up": {
					"uv": [7.5, 15.25, 9.75, 15.5],
					"texture": "#texture",
					"rotation": 90
				},
				"down": {
					"uv": [7.5, 15.5, 9.75, 15.25],
					"texture": "#texture",
					"rotation": 270
				}
			}
		},
		{
			"name": "cube",
			"from": [7.7188, 12.0156, 7.875],
			"to": [8.2813, 12.1563, 8.57813],
			"faces": {
				"north": {
					"uv": [7.75, 8.25, 8, 8.5],
					"texture": "#texture"
				},
				"east": {
					"uv": [9, 8.25, 7.75, 8.5],
					"texture": "#texture"
				},
				"south": {
					"uv": [9, 8.25, 8.75, 8.5],
					"texture": "#texture"
				},
				"west": {
					"uv": [7.75, 8.25, 9, 8.5],
					"texture": "#texture"
				},
				"up": {
					"uv": [7.75, 8.25, 9, 8.5],
					"texture": "#texture",
					"rotation": 90
				},
				"down": {
					"uv": [7.75, 8.5, 9, 8.25],
					"texture": "#texture",
					"rotation": 270
				}
			}
		},
		{
			"name": "cube",
			"from": [7.7188, 6.2188, 7.875],
			"to": [8.2813, 8.25005, 8.5625],
			"faces": {
				"north": {
					"uv": [7.75, 15.5, 8, 15.75],
					"texture": "#texture"
				},
				"east": {
					"uv": [9, 15.5, 7.75, 15.75],
					"texture": "#texture"
				},
				"south": {
					"uv": [9, 15.5, 8.75, 15.75],
					"texture": "#texture"
				},
				"west": {
					"uv": [7.75, 15.5, 9, 15.75],
					"texture": "#texture"
				},
				"up": {
					"uv": [7.75, 15.5, 9, 15.75],
					"texture": "#texture",
					"rotation": 90
				},
				"down": {
					"uv": [7.75, 15.75, 9, 15.5],
					"texture": "#texture",
					"rotation": 270
				}
			}
		},
		{
			"name": "cube",
			"from": [7.7188, 8, 8],
			"to": [8.2813, 8.14063, 8.42188],
			"faces": {
				"north": {
					"uv": [8, 15.75, 8.25, 16],
					"texture": "#texture"
				},
				"east": {
					"uv": [8.75, 15.75, 8, 16],
					"texture": "#texture"
				},
				"south": {
					"uv": [8.75, 15.75, 8.5, 16],
					"texture": "#texture"
				},
				"west": {
					"uv": [8, 15.75, 8.75, 16],
					"texture": "#texture"
				},
				"up": {
					"uv": [8, 15.75, 8.75, 16],
					"texture": "#texture",
					"rotation": 90
				},
				"down": {
					"uv": [8, 16, 8.75, 15.75],
					"texture": "#texture",
					"rotation": 270
				}
			}
		},
		{
			"name": "cube",
			"from": [7.6875, 15.1094, 7.4375],
			"to": [8.25, 15.25, 8.14063],
			"faces": {
				"north": {
					"uv": [10, 1, 9.75, 1.25],
					"texture": "#texture"
				},
				"east": {
					"uv": [8.75, 1, 10, 1.25],
					"texture": "#texture"
				},
				"south": {
					"uv": [8.75, 1, 9, 1.25],
					"texture": "#texture"
				},
				"west": {
					"uv": [10, 1, 8.75, 1.25],
					"texture": "#texture"
				},
				"up": {
					"uv": [8.75, 1, 10, 1.25],
					"texture": "#texture",
					"rotation": 270
				},
				"down": {
					"uv": [8.75, 1.25, 10, 1],
					"texture": "#texture",
					"rotation": 90
				}
			}
		},
		{
			"name": "cube",
			"from": [7.6875, 14.9844, 6.9375],
			"to": [8.25, 15.125, 7.92188],
			"faces": {
				"north": {
					"uv": [10.75, 1.25, 10.5, 1.5],
					"texture": "#texture"
				},
				"east": {
					"uv": [9, 1.25, 10.75, 1.5],
					"texture": "#texture"
				},
				"south": {
					"uv": [9, 1.25, 9.25, 1.5],
					"texture": "#texture"
				},
				"west": {
					"uv": [10.75, 1.25, 9, 1.5],
					"texture": "#texture"
				},
				"up": {
					"uv": [9, 1.25, 10.75, 1.5],
					"texture": "#texture",
					"rotation": 270
				},
				"down": {
					"uv": [9, 1.5, 10.75, 1.25],
					"texture": "#texture",
					"rotation": 90
				}
			}
		},
		{
			"name": "cube",
			"from": [7.6875, 12.1563, 7.125],
			"to": [8.25, 12.4375, 7.96875],
			"faces": {
				"north": {
					"uv": [10.5, 6.25, 10.25, 6.75],
					"texture": "#texture"
				},
				"east": {
					"uv": [9, 6.25, 10.5, 6.75],
					"texture": "#texture"
				},
				"south": {
					"uv": [9, 6.25, 9.25, 6.75],
					"texture": "#texture"
				},
				"west": {
					"uv": [10.5, 6.25, 9, 6.75],
					"texture": "#texture"
				},
				"up": {
					"uv": [9, 6.25, 10.5, 6.5],
					"texture": "#texture",
					"rotation": 270
				},
				"down": {
					"uv": [9, 6.75, 10.5, 6.5],
					"texture": "#texture",
					"rotation": 90
				}
			}
		},
		{
			"name": "cube",
			"from": [7.6875, 14.7188, 7.125],
			"to": [8.25, 15, 7.82813],
			"faces": {
				"north": {
					"uv": [10.5, 1.5, 10.25, 2],
					"texture": "#texture"
				},
				"east": {
					"uv": [9.25, 1.5, 10.5, 2],
					"texture": "#texture"
				},
				"south": {
					"uv": [9.25, 1.5, 9.5, 2],
					"texture": "#texture"
				},
				"west": {
					"uv": [10.5, 1.5, 9.25, 2],
					"texture": "#texture"
				},
				"up": {
					"uv": [9.25, 1.5, 10.5, 1.75],
					"texture": "#texture",
					"rotation": 270
				},
				"down": {
					"uv": [9.25, 2, 10.5, 1.75],
					"texture": "#texture",
					"rotation": 90
				}
			}
		},
		{
			"name": "cube",
			"from": [7.6875, 12.4375, 7.125],
			"to": [8.25, 12.7188, 7.82813],
			"faces": {
				"north": {
					"uv": [10.5, 5.75, 10.25, 6.25],
					"texture": "#texture"
				},
				"east": {
					"uv": [9.25, 5.75, 10.5, 6.25],
					"texture": "#texture"
				},
				"south": {
					"uv": [9.25, 5.75, 9.5, 6.25],
					"texture": "#texture"
				},
				"west": {
					"uv": [10.5, 5.75, 9.25, 6.25],
					"texture": "#texture"
				},
				"up": {
					"uv": [9.25, 5.75, 10.5, 6],
					"texture": "#texture",
					"rotation": 270
				},
				"down": {
					"uv": [9.25, 6.25, 10.5, 6],
					"texture": "#texture",
					"rotation": 90
				}
			}
		},
		{
			"name": "cube",
			"from": [7.7188, 8.1094, 8.6875],
			"to": [8.2813, 8.25002, 8.96875],
			"faces": {
				"north": {
					"uv": [9.25, 15.5, 9.5, 15.75],
					"texture": "#texture"
				},
				"east": {
					"uv": [9.75, 15.5, 9.25, 15.75],
					"texture": "#texture"
				},
				"south": {
					"uv": [9.75, 15.5, 9.5, 15.75],
					"texture": "#texture"
				},
				"west": {
					"uv": [9.25, 15.5, 9.75, 15.75],
					"texture": "#texture"
				},
				"up": {
					"uv": [9.25, 15.5, 9.75, 15.75],
					"texture": "#texture",
					"rotation": 90
				},
				"down": {
					"uv": [9.25, 15.75, 9.75, 15.5],
					"texture": "#texture",
					"rotation": 270
				}
			}
		},
		{
			"name": "cube",
			"from": [7.6875, 14.5781, 6.6875],
			"to": [8.25, 14.7188, 7.67188],
			"faces": {
				"north": {
					"uv": [11.25, 2, 11, 2.25],
					"texture": "#texture"
				},
				"east": {
					"uv": [9.5, 2, 11.25, 2.25],
					"texture": "#texture"
				},
				"south": {
					"uv": [9.5, 2, 9.75, 2.25],
					"texture": "#texture"
				},
				"west": {
					"uv": [11.25, 2, 9.5, 2.25],
					"texture": "#texture"
				},
				"up": {
					"uv": [9.5, 2, 11.25, 2.25],
					"texture": "#texture",
					"rotation": 270
				},
				"down": {
					"uv": [9.5, 2.25, 11.25, 2],
					"texture": "#texture",
					"rotation": 90
				}
			}
		},
		{
			"name": "cube",
			"from": [7.6875, 12.7031, 7],
			"to": [8.25, 12.8438, 7.70313],
			"faces": {
				"north": {
					"uv": [10.75, 5.5, 10.5, 5.75],
					"texture": "#texture"
				},
				"east": {
					"uv": [9.5, 5.5, 10.75, 5.75],
					"texture": "#texture"
				},
				"south": {
					"uv": [9.5, 5.5, 9.75, 5.75],
					"texture": "#texture"
				},
				"west": {
					"uv": [10.75, 5.5, 9.5, 5.75],
					"texture": "#texture"
				},
				"up": {
					"uv": [9.5, 5.5, 10.75, 5.75],
					"texture": "#texture",
					"rotation": 270
				},
				"down": {
					"uv": [9.5, 5.75, 10.75, 5.5],
					"texture": "#texture",
					"rotation": 90
				}
			}
		},
		{
			"name": "cube",
			"from": [7.6875, 12.0156, 7.3125],
			"to": [8.25, 12.1563, 7.875],
			"faces": {
				"north": {
					"uv": [10.5, 6.75, 10.25, 7],
					"texture": "#texture"
				},
				"east": {
					"uv": [9.5, 6.75, 10.5, 7],
					"texture": "#texture"
				},
				"south": {
					"uv": [9.5, 6.75, 9.75, 7],
					"texture": "#texture"
				},
				"west": {
					"uv": [10.5, 6.75, 9.5, 7],
					"texture": "#texture"
				},
				"up": {
					"uv": [9.5, 6.75, 10.5, 7],
					"texture": "#texture",
					"rotation": 270
				},
				"down": {
					"uv": [9.5, 7, 10.5, 6.75],
					"texture": "#texture",
					"rotation": 90
				}
			}
		},
		{
			"name": "cube",
			"from": [7.7188, 8, 8.8438],
			"to": [8.2813, 8.14063, 8.984429],
			"faces": {
				"north": {
					"uv": [9.5, 15.75, 9.75, 16],
					"texture": "#texture"
				},
				"east": {
					"uv": [9.75, 15.75, 9.5, 16],
					"texture": "#texture"
				},
				"south": {
					"uv": [9.75, 15.75, 9.5, 16],
					"texture": "#texture"
				},
				"west": {
					"uv": [9.5, 15.75, 9.75, 16],
					"texture": "#texture"
				},
				"up": {
					"uv": [9.5, 15.75, 9.75, 16],
					"texture": "#texture",
					"rotation": 90
				},
				"down": {
					"uv": [9.5, 16, 9.75, 15.75],
					"texture": "#texture",
					"rotation": 270
				}
			}
		},
		{
			"name": "cube",
			"from": [7.75, 12.8281, 7.25],
			"to": [8.1875, 13.25, 7.5625],
			"faces": {
				"north": {
					"uv": [10.25, 4.75, 10, 5.5],
					"texture": "#texture"
				},
				"east": {
					"uv": [9.75, 4.75, 10.25, 5.5],
					"texture": "#texture"
				},
				"south": {
					"uv": [9.75, 4.75, 10, 5.5],
					"texture": "#texture"
				},
				"west": {
					"uv": [10.25, 4.75, 9.75, 5.5],
					"texture": "#texture"
				},
				"up": {
					"uv": [9.75, 4.75, 10.25, 5],
					"texture": "#texture",
					"rotation": 270
				},
				"down": {
					"uv": [9.75, 5.5, 10.25, 5.25],
					"texture": "#texture",
					"rotation": 90
				}
			}
		},
		{
			"name": "cube",
			"from": [7.6875, 10.9063, 7.5938],
			"to": [8.25, 12.0313, 7.734429],
			"faces": {
				"north": {
					"uv": [10, 7, 9.75, 9],
					"texture": "#texture"
				},
				"east": {
					"uv": [9.75, 7, 10, 9],
					"texture": "#texture"
				},
				"south": {
					"uv": [9.75, 7, 10, 9],
					"texture": "#texture"
				},
				"west": {
					"uv": [10, 7, 9.75, 9],
					"texture": "#texture"
				},
				"up": {
					"uv": [9.75, 7, 10, 7.25],
					"texture": "#texture",
					"rotation": 270
				},
				"down": {
					"uv": [9.75, 9, 10, 8.75],
					"texture": "#texture",
					"rotation": 90
				}
			}
		},
		{
			"name": "cube",
			"from": [7.8125, 13.2344, 7.3125],
			"to": [8.125, 14.2188, 7.5],
			"faces": {
				"north": {
					"uv": [10.25, 3, 10, 4.75],
					"texture": "#texture"
				},
				"east": {
					"uv": [10, 3, 10.25, 4.75],
					"texture": "#texture"
				},
				"south": {
					"uv": [10, 3, 10.25, 4.75],
					"texture": "#texture"
				},
				"west": {
					"uv": [10.25, 3, 10, 4.75],
					"texture": "#texture"
				},
				"up": {
					"uv": [10, 3, 10.25, 3.25],
					"texture": "#texture",
					"rotation": 270
				},
				"down": {
					"uv": [10, 4.75, 10.25, 4.5],
					"texture": "#texture",
					"rotation": 90
				}
			}
		},
		{
			"name": "cube",
			"from": [7.6875, 11.0781, 7.4688],
			"to": [8.25, 12.0625, 7.609429],
			"faces": {
				"north": {
					"uv": [10.25, 7, 10, 8.75],
					"texture": "#texture"
				},
				"east": {
					"uv": [10, 7, 10.25, 8.75],
					"texture": "#texture"
				},
				"south": {
					"uv": [10, 7, 10.25, 8.75],
					"texture": "#texture"
				},
				"west": {
					"uv": [10.25, 7, 10, 8.75],
					"texture": "#texture"
				},
				"up": {
					"uv": [10, 7, 10.25, 7.25],
					"texture": "#texture",
					"rotation": 270
				},
				"down": {
					"uv": [10, 8.75, 10.25, 8.5],
					"texture": "#texture",
					"rotation": 90
				}
			}
		},
		{
			"name": "cube",
			"from": [7.6875, 14.4531, 6.25],
			"to": [8.25, 14.5938, 7.23438],
			"faces": {
				"north": {
					"uv": [12, 2.25, 11.75, 2.5],
					"texture": "#texture"
				},
				"east": {
					"uv": [10.25, 2.25, 12, 2.5],
					"texture": "#texture"
				},
				"south": {
					"uv": [10.25, 2.25, 10.5, 2.5],
					"texture": "#texture"
				},
				"west": {
					"uv": [12, 2.25, 10.25, 2.5],
					"texture": "#texture"
				},
				"up": {
					"uv": [10.25, 2.25, 12, 2.5],
					"texture": "#texture",
					"rotation": 270
				},
				"down": {
					"uv": [10.25, 2.5, 12, 2.25],
					"texture": "#texture",
					"rotation": 90
				}
			}
		},
		{
			"name": "cube",
			"from": [7.6875, 12.8438, 6.6875],
			"to": [8.25, 13.125, 7.25],
			"faces": {
				"north": {
					"uv": [11.25, 5, 11, 5.5],
					"texture": "#texture"
				},
				"east": {
					"uv": [10.25, 5, 11.25, 5.5],
					"texture": "#texture"
				},
				"south": {
					"uv": [10.25, 5, 10.5, 5.5],
					"texture": "#texture"
				},
				"west": {
					"uv": [11.25, 5, 10.25, 5.5],
					"texture": "#texture"
				},
				"up": {
					"uv": [10.25, 5, 11.25, 5.25],
					"texture": "#texture",
					"rotation": 270
				},
				"down": {
					"uv": [10.25, 5.5, 11.25, 5.25],
					"texture": "#texture",
					"rotation": 90
				}
			}
		},
		{
			"name": "cube",
			"from": [7.6875, 11.3594, 7.3438],
			"to": [8.25, 12.0625, 7.484429],
			"faces": {
				"north": {
					"uv": [10.5, 7, 10.25, 8.25],
					"texture": "#texture"
				},
				"east": {
					"uv": [10.25, 7, 10.5, 8.25],
					"texture": "#texture"
				},
				"south": {
					"uv": [10.25, 7, 10.5, 8.25],
					"texture": "#texture"
				},
				"west": {
					"uv": [10.5, 7, 10.25, 8.25],
					"texture": "#texture"
				},
				"up": {
					"uv": [10.25, 7, 10.5, 7.25],
					"texture": "#texture",
					"rotation": 270
				},
				"down": {
					"uv": [10.25, 8.25, 10.5, 8],
					"texture": "#texture",
					"rotation": 90
				}
			}
		},
		{
			"name": "cube",
			"from": [7.6875, 14.7031, 7],
			"to": [8.25, 14.8438, 7.14063],
			"faces": {
				"north": {
					"uv": [10.75, 1.75, 10.5, 2],
					"texture": "#texture"
				},
				"east": {
					"uv": [10.5, 1.75, 10.75, 2],
					"texture": "#texture"
				},
				"south": {
					"uv": [10.5, 1.75, 10.75, 2],
					"texture": "#texture"
				},
				"west": {
					"uv": [10.75, 1.75, 10.5, 2],
					"texture": "#texture"
				},
				"up": {
					"uv": [10.5, 1.75, 10.75, 2],
					"texture": "#texture",
					"rotation": 270
				},
				"down": {
					"uv": [10.5, 2, 10.75, 1.75],
					"texture": "#texture",
					"rotation": 90
				}
			}
		},
		{
			"name": "cube",
			"from": [7.6875, 12.3438, 7],
			"to": [8.25, 12.625, 7.14063],
			"faces": {
				"north": {
					"uv": [10.75, 6, 10.5, 6.5],
					"texture": "#texture"
				},
				"east": {
					"uv": [10.5, 6, 10.75, 6.5],
					"texture": "#texture"
				},
				"south": {
					"uv": [10.5, 6, 10.75, 6.5],
					"texture": "#texture"
				},
				"west": {
					"uv": [10.75, 6, 10.5, 6.5],
					"texture": "#texture"
				},
				"up": {
					"uv": [10.5, 6, 10.75, 6.25],
					"texture": "#texture",
					"rotation": 270
				},
				"down": {
					"uv": [10.5, 6.5, 10.75, 6.25],
					"texture": "#texture",
					"rotation": 90
				}
			}
		},
		{
			"name": "cube",
			"from": [7.6875, 11.625, 7.2188],
			"to": [8.25, 11.9063, 7.359429],
			"faces": {
				"north": {
					"uv": [10.75, 7.25, 10.5, 7.75],
					"texture": "#texture"
				},
				"east": {
					"uv": [10.5, 7.25, 10.75, 7.75],
					"texture": "#texture"
				},
				"south": {
					"uv": [10.5, 7.25, 10.75, 7.75],
					"texture": "#texture"
				},
				"west": {
					"uv": [10.75, 7.25, 10.5, 7.75],
					"texture": "#texture"
				},
				"up": {
					"uv": [10.5, 7.25, 10.75, 7.5],
					"texture": "#texture",
					"rotation": 270
				},
				"down": {
					"uv": [10.5, 7.75, 10.75, 7.5],
					"texture": "#texture",
					"rotation": 90
				}
			}
		},
		{
			"name": "cube",
			"from": [7.6875, 14.3281, 6.3125],
			"to": [8.25, 14.4688, 7.01563],
			"faces": {
				"north": {
					"uv": [12, 2.5, 11.75, 2.75],
					"texture": "#texture"
				},
				"east": {
					"uv": [10.75, 2.5, 12, 2.75],
					"texture": "#texture"
				},
				"south": {
					"uv": [10.75, 2.5, 11, 2.75],
					"texture": "#texture"
				},
				"west": {
					"uv": [12, 2.5, 10.75, 2.75],
					"texture": "#texture"
				},
				"up": {
					"uv": [10.75, 2.5, 12, 2.75],
					"texture": "#texture",
					"rotation": 270
				},
				"down": {
					"uv": [10.75, 2.75, 12, 2.5],
					"texture": "#texture",
					"rotation": 90
				}
			}
		},
		{
			"name": "cube",
			"from": [7.6875, 13.1094, 6.3125],
			"to": [8.25, 13.25, 7.01563],
			"faces": {
				"north": {
					"uv": [12, 4.75, 11.75, 5],
					"texture": "#texture"
				},
				"east": {
					"uv": [10.75, 4.75, 12, 5],
					"texture": "#texture"
				},
				"south": {
					"uv": [10.75, 4.75, 11, 5],
					"texture": "#texture"
				},
				"west": {
					"uv": [12, 4.75, 10.75, 5],
					"texture": "#texture"
				},
				"up": {
					"uv": [10.75, 4.75, 12, 5],
					"texture": "#texture",
					"rotation": 270
				},
				"down": {
					"uv": [10.75, 5, 12, 4.75],
					"texture": "#texture",
					"rotation": 90
				}
			}
		},
		{
			"name": "cube",
			"from": [7.6875, 14.2031, 6.25],
			"to": [8.25, 14.3438, 6.8125],
			"faces": {
				"north": {
					"uv": [12, 2.75, 11.75, 3],
					"texture": "#texture"
				},
				"east": {
					"uv": [11, 2.75, 12, 3],
					"texture": "#texture"
				},
				"south": {
					"uv": [11, 2.75, 11.25, 3],
					"texture": "#texture"
				},
				"west": {
					"uv": [12, 2.75, 11, 3],
					"texture": "#texture"
				},
				"up": {
					"uv": [11, 2.75, 12, 3],
					"texture": "#texture",
					"rotation": 270
				},
				"down": {
					"uv": [11, 3, 12, 2.75],
					"texture": "#texture",
					"rotation": 90
				}
			}
		},
		{
			"name": "cube",
			"from": [7.6875, 13.2344, 6.125],
			"to": [8.25, 13.375, 6.6875],
			"faces": {
				"north": {
					"uv": [12.25, 4.5, 12, 4.75],
					"texture": "#texture"
				},
				"east": {
					"uv": [11.25, 4.5, 12.25, 4.75],
					"texture": "#texture"
				},
				"south": {
					"uv": [11.25, 4.5, 11.5, 4.75],
					"texture": "#texture"
				},
				"west": {
					"uv": [12.25, 4.5, 11.25, 4.75],
					"texture": "#texture"
				},
				"up": {
					"uv": [11.25, 4.5, 12.25, 4.75],
					"texture": "#texture",
					"rotation": 270
				},
				"down": {
					"uv": [11.25, 4.75, 12.25, 4.5],
					"texture": "#texture",
					"rotation": 90
				}
			}
		},
		{
			"name": "cube",
			"from": [7.6875, 12.9844, 6.125],
			"to": [8.25, 13.125, 6.6875],
			"faces": {
				"north": {
					"uv": [12.25, 5, 12, 5.25],
					"texture": "#texture"
				},
				"east": {
					"uv": [11.25, 5, 12.25, 5.25],
					"texture": "#texture"
				},
				"south": {
					"uv": [11.25, 5, 11.5, 5.25],
					"texture": "#texture"
				},
				"west": {
					"uv": [12.25, 5, 11.25, 5.25],
					"texture": "#texture"
				},
				"up": {
					"uv": [11.25, 5, 12.25, 5.25],
					"texture": "#texture",
					"rotation": 270
				},
				"down": {
					"uv": [11.25, 5.25, 12.25, 5],
					"texture": "#texture",
					"rotation": 90
				}
			}
		},
		{
			"name": "cube",
			"from": [7.6875, 13.9375, 6.125],
			"to": [8.25, 14.2188, 6.54688],
			"faces": {
				"north": {
					"uv": [12.25, 3, 12, 3.5],
					"texture": "#texture"
				},
				"east": {
					"uv": [11.5, 3, 12.25, 3.5],
					"texture": "#texture"
				},
				"south": {
					"uv": [11.5, 3, 11.75, 3.5],
					"texture": "#texture"
				},
				"west": {
					"uv": [12.25, 3, 11.5, 3.5],
					"texture": "#texture"
				},
				"up": {
					"uv": [11.5, 3, 12.25, 3.25],
					"texture": "#texture",
					"rotation": 270
				},
				"down": {
					"uv": [11.5, 3.5, 12.25, 3.25],
					"texture": "#texture",
					"rotation": 90
				}
			}
		},
		{
			"name": "cube",
			"from": [7.6875, 13.375, 6.125],
			"to": [8.25, 13.6563, 6.54688],
			"faces": {
				"north": {
					"uv": [12.25, 4, 12, 4.5],
					"texture": "#texture"
				},
				"east": {
					"uv": [11.5, 4, 12.25, 4.5],
					"texture": "#texture"
				},
				"south": {
					"uv": [11.5, 4, 11.75, 4.5],
					"texture": "#texture"
				},
				"west": {
					"uv": [12.25, 4, 11.5, 4.5],
					"texture": "#texture"
				},
				"up": {
					"uv": [11.5, 4, 12.25, 4.25],
					"texture": "#texture",
					"rotation": 270
				},
				"down": {
					"uv": [11.5, 4.5, 12.25, 4.25],
					"texture": "#texture",
					"rotation": 90
				}
			}
		},
		{
			"name": "cube",
			"from": [7.6875, 13.6563, 6],
			"to": [8.25, 13.9375, 6.42188],
			"faces": {
				"north": {
					"uv": [12.5, 3.5, 12.25, 4],
					"texture": "#texture"
				},
				"east": {
					"uv": [11.75, 3.5, 12.5, 4],
					"texture": "#texture"
				},
				"south": {
					"uv": [11.75, 3.5, 12, 4],
					"texture": "#texture"
				},
				"west": {
					"uv": [12.5, 3.5, 11.75, 4],
					"texture": "#texture"
				},
				"up": {
					"uv": [11.75, 3.5, 12.5, 3.75],
					"texture": "#texture",
					"rotation": 270
				},
				"down": {
					"uv": [11.75, 4, 12.5, 3.75],
					"texture": "#texture",
					"rotation": 90
				}
			}
		},
		{
			"name": "cube",
			"from": [7.6875, 13.7969, 5.875],
			"to": [8.25, 13.9375, 6.01563],
			"faces": {
				"north": {
					"uv": [12.75, 3.5, 12.5, 3.75],
					"texture": "#texture"
				},
				"east": {
					"uv": [12.5, 3.5, 12.75, 3.75],
					"texture": "#texture"
				},
				"south": {
					"uv": [12.5, 3.5, 12.75, 3.75],
					"texture": "#texture"
				},
				"west": {
					"uv": [12.75, 3.5, 12.5, 3.75],
					"texture": "#texture"
				},
				"up": {
					"uv": [12.5, 3.5, 12.75, 3.75],
					"texture": "#texture",
					"rotation": 270
				},
				"down": {
					"uv": [12.5, 3.75, 12.75, 3.5],
					"texture": "#texture",
					"rotation": 90
				}
			}
		},
		{
			"name": "cube",
			"from": [7.75, 14.1719, 7.25],
			"to": [8.1875, 14.5938, 7.5625],
			"faces": {
				"north": {
					"uv": [10.25, 4.75, 10, 5.5],
					"texture": "#texture"
				},
				"east": {
					"uv": [9.75, 4.75, 10.25, 5.5],
					"texture": "#texture"
				},
				"south": {
					"uv": [9.75, 4.75, 10, 5.5],
					"texture": "#texture"
				},
				"west": {
					"uv": [10.25, 4.75, 9.75, 5.5],
					"texture": "#texture"
				},
				"up": {
					"uv": [9.75, 4.75, 10.25, 5],
					"texture": "#texture",
					"rotation": 270
				},
				"down": {
					"uv": [9.75, 5.5, 10.25, 5.25],
					"texture": "#texture",
					"rotation": 90
				}
			}
		},
		{
			"name": "cube",
			"from": [7.7188, 15.0781, 8.3438],
			"to": [8.2813, 15.2188, 9.046929],
			"faces": {
				"north": {
					"uv": [8.75, 1, 9, 1.25],
					"texture": "#texture"
				},
				"east": {
					"uv": [10, 1, 8.75, 1.25],
					"texture": "#texture"
				},
				"south": {
					"uv": [10, 1, 9.75, 1.25],
					"texture": "#texture"
				},
				"west": {
					"uv": [8.75, 1, 10, 1.25],
					"texture": "#texture"
				},
				"up": {
					"uv": [8.75, 1, 10, 1.25],
					"texture": "#texture",
					"rotation": 90
				},
				"down": {
					"uv": [8.75, 1.25, 10, 1],
					"texture": "#texture",
					"rotation": 270
				}
			}
		},
		{
			"name": "cube",
			"from": [7.7188, 14.9531, 8.5],
			"to": [8.2813, 15.0938, 9.48438],
			"faces": {
				"north": {
					"uv": [9, 1.25, 9.25, 1.5],
					"texture": "#texture"
				},
				"east": {
					"uv": [10.75, 1.25, 9, 1.5],
					"texture": "#texture"
				},
				"south": {
					"uv": [10.75, 1.25, 10.5, 1.5],
					"texture": "#texture"
				},
				"west": {
					"uv": [9, 1.25, 10.75, 1.5],
					"texture": "#texture"
				},
				"up": {
					"uv": [9, 1.25, 10.75, 1.5],
					"texture": "#texture",
					"rotation": 90
				},
				"down": {
					"uv": [9, 1.5, 10.75, 1.25],
					"texture": "#texture",
					"rotation": 270
				}
			}
		},
		{
			"name": "cube",
			"from": [7.7188, 12.1563, 8.5],
			"to": [8.2813, 12.4375, 9.34375],
			"faces": {
				"north": {
					"uv": [9, 6.25, 9.25, 6.75],
					"texture": "#texture"
				},
				"east": {
					"uv": [10.5, 6.25, 9, 6.75],
					"texture": "#texture"
				},
				"south": {
					"uv": [10.5, 6.25, 10.25, 6.75],
					"texture": "#texture"
				},
				"west": {
					"uv": [9, 6.25, 10.5, 6.75],
					"texture": "#texture"
				},
				"up": {
					"uv": [9, 6.25, 10.5, 6.5],
					"texture": "#texture",
					"rotation": 90
				},
				"down": {
					"uv": [9, 6.75, 10.5, 6.5],
					"texture": "#texture",
					"rotation": 270
				}
			}
		},
		{
			"name": "cube",
			"from": [7.7188, 14.6875, 8.656199],
			"to": [8.2813, 14.9688, 9.359329],
			"faces": {
				"north": {
					"uv": [9.25, 1.5, 9.5, 2],
					"texture": "#texture"
				},
				"east": {
					"uv": [10.5, 1.5, 9.25, 2],
					"texture": "#texture"
				},
				"south": {
					"uv": [10.5, 1.5, 10.25, 2],
					"texture": "#texture"
				},
				"west": {
					"uv": [9.25, 1.5, 10.5, 2],
					"texture": "#texture"
				},
				"up": {
					"uv": [9.25, 1.5, 10.5, 1.75],
					"texture": "#texture",
					"rotation": 90
				},
				"down": {
					"uv": [9.25, 2, 10.5, 1.75],
					"texture": "#texture",
					"rotation": 270
				}
			}
		},
		{
			"name": "cube",
			"from": [7.7188, 12.4063, 8.625],
			"to": [8.2813, 12.6875, 9.32813],
			"faces": {
				"north": {
					"uv": [9.25, 5.75, 9.5, 6.25],
					"texture": "#texture"
				},
				"east": {
					"uv": [10.5, 5.75, 9.25, 6.25],
					"texture": "#texture"
				},
				"south": {
					"uv": [10.5, 5.75, 10.25, 6.25],
					"texture": "#texture"
				},
				"west": {
					"uv": [9.25, 5.75, 10.5, 6.25],
					"texture": "#texture"
				},
				"up": {
					"uv": [9.25, 5.75, 10.5, 6],
					"texture": "#texture",
					"rotation": 90
				},
				"down": {
					"uv": [9.25, 6.25, 10.5, 6],
					"texture": "#texture",
					"rotation": 270
				}
			}
		},
		{
			"name": "cube",
			"from": [7.7188, 14.5469, 8.781199],
			"to": [8.2813, 14.6875, 9.765579],
			"faces": {
				"north": {
					"uv": [9.5, 2, 9.75, 2.25],
					"texture": "#texture"
				},
				"east": {
					"uv": [11.25, 2, 9.5, 2.25],
					"texture": "#texture"
				},
				"south": {
					"uv": [11.25, 2, 11, 2.25],
					"texture": "#texture"
				},
				"west": {
					"uv": [9.5, 2, 11.25, 2.25],
					"texture": "#texture"
				},
				"up": {
					"uv": [9.5, 2, 11.25, 2.25],
					"texture": "#texture",
					"rotation": 90
				},
				"down": {
					"uv": [9.5, 2.25, 11.25, 2],
					"texture": "#texture",
					"rotation": 270
				}
			}
		},
		{
			"name": "cube",
			"from": [7.7188, 12.6719, 8.781199],
			"to": [8.2813, 12.8125, 9.484329],
			"faces": {
				"north": {
					"uv": [9.5, 5.5, 9.75, 5.75],
					"texture": "#texture"
				},
				"east": {
					"uv": [10.75, 5.5, 9.5, 5.75],
					"texture": "#texture"
				},
				"south": {
					"uv": [10.75, 5.5, 10.5, 5.75],
					"texture": "#texture"
				},
				"west": {
					"uv": [9.5, 5.5, 10.75, 5.75],
					"texture": "#texture"
				},
				"up": {
					"uv": [9.5, 5.5, 10.75, 5.75],
					"texture": "#texture",
					"rotation": 90
				},
				"down": {
					"uv": [9.5, 5.75, 10.75, 5.5],
					"texture": "#texture",
					"rotation": 270
				}
			}
		},
		{
			"name": "cube",
			"from": [7.7188, 12.0156, 8.5625],
			"to": [8.2813, 12.1563, 9.125],
			"faces": {
				"north": {
					"uv": [9.5, 6.75, 9.75, 7],
					"texture": "#texture"
				},
				"east": {
					"uv": [10.5, 6.75, 9.5, 7],
					"texture": "#texture"
				},
				"south": {
					"uv": [10.5, 6.75, 10.25, 7],
					"texture": "#texture"
				},
				"west": {
					"uv": [9.5, 6.75, 10.5, 7],
					"texture": "#texture"
				},
				"up": {
					"uv": [9.5, 6.75, 10.5, 7],
					"texture": "#texture",
					"rotation": 90
				},
				"down": {
					"uv": [9.5, 7, 10.5, 6.75],
					"texture": "#texture",
					"rotation": 270
				}
			}
		},
		{
			"name": "cube",
			"from": [7.8125, 12.7969, 8.906199],
			"to": [8.25, 13.2188, 9.218699],
			"faces": {
				"north": {
					"uv": [9.75, 4.75, 10, 5.5],
					"texture": "#texture"
				},
				"east": {
					"uv": [10.25, 4.75, 9.75, 5.5],
					"texture": "#texture"
				},
				"south": {
					"uv": [10.25, 4.75, 10, 5.5],
					"texture": "#texture"
				},
				"west": {
					"uv": [9.75, 4.75, 10.25, 5.5],
					"texture": "#texture"
				},
				"up": {
					"uv": [9.75, 4.75, 10.25, 5],
					"texture": "#texture",
					"rotation": 90
				},
				"down": {
					"uv": [9.75, 5.5, 10.25, 5.25],
					"texture": "#texture",
					"rotation": 270
				}
			}
		},
		{
			"name": "cube",
			"from": [7.7188, 10.9063, 8.6875],
			"to": [8.2813, 12.0313, 8.82813],
			"faces": {
				"north": {
					"uv": [9.75, 7, 10, 9],
					"texture": "#texture"
				},
				"east": {
					"uv": [10, 7, 9.75, 9],
					"texture": "#texture"
				},
				"south": {
					"uv": [10, 7, 9.75, 9],
					"texture": "#texture"
				},
				"west": {
					"uv": [9.75, 7, 10, 9],
					"texture": "#texture"
				},
				"up": {
					"uv": [9.75, 7, 10, 7.25],
					"texture": "#texture",
					"rotation": 90
				},
				"down": {
					"uv": [9.75, 9, 10, 8.75],
					"texture": "#texture",
					"rotation": 270
				}
			}
		},
		{
			"name": "cube",
			"from": [7.8438, 13.2031, 8.9375],
			"to": [8.1563, 14.1875, 9.125],
			"faces": {
				"north": {
					"uv": [10, 3, 10.25, 4.75],
					"texture": "#texture"
				},
				"east": {
					"uv": [10.25, 3, 10, 4.75],
					"texture": "#texture"
				},
				"south": {
					"uv": [10.25, 3, 10, 4.75],
					"texture": "#texture"
				},
				"west": {
					"uv": [10, 3, 10.25, 4.75],
					"texture": "#texture"
				},
				"up": {
					"uv": [10, 3, 10.25, 3.25],
					"texture": "#texture",
					"rotation": 90
				},
				"down": {
					"uv": [10, 4.75, 10.25, 4.5],
					"texture": "#texture",
					"rotation": 270
				}
			}
		},
		{
			"name": "cube",
			"from": [7.7188, 11.0469, 8.8125],
			"to": [8.2813, 12.0313, 8.95313],
			"faces": {
				"north": {
					"uv": [10, 7, 10.25, 8.75],
					"texture": "#texture"
				},
				"east": {
					"uv": [10.25, 7, 10, 8.75],
					"texture": "#texture"
				},
				"south": {
					"uv": [10.25, 7, 10, 8.75],
					"texture": "#texture"
				},
				"west": {
					"uv": [10, 7, 10.25, 8.75],
					"texture": "#texture"
				},
				"up": {
					"uv": [10, 7, 10.25, 7.25],
					"texture": "#texture",
					"rotation": 90
				},
				"down": {
					"uv": [10, 8.75, 10.25, 8.5],
					"texture": "#texture",
					"rotation": 270
				}
			}
		},
		{
			"name": "cube",
			"from": [7.7188, 14.4219, 9.1875],
			"to": [8.2813, 14.5625, 10.1719],
			"faces": {
				"north": {
					"uv": [10.25, 2.25, 10.5, 2.5],
					"texture": "#texture"
				},
				"east": {
					"uv": [12, 2.25, 10.25, 2.5],
					"texture": "#texture"
				},
				"south": {
					"uv": [12, 2.25, 11.75, 2.5],
					"texture": "#texture"
				},
				"west": {
					"uv": [10.25, 2.25, 12, 2.5],
					"texture": "#texture"
				},
				"up": {
					"uv": [10.25, 2.25, 12, 2.5],
					"texture": "#texture",
					"rotation": 90
				},
				"down": {
					"uv": [10.25, 2.5, 12, 2.25],
					"texture": "#texture",
					"rotation": 270
				}
			}
		},
		{
			"name": "cube",
			"from": [7.7188, 12.8125, 9.1875],
			"to": [8.2813, 13.0938, 9.75],
			"faces": {
				"north": {
					"uv": [10.25, 5, 10.5, 5.5],
					"texture": "#texture"
				},
				"east": {
					"uv": [11.25, 5, 10.25, 5.5],
					"texture": "#texture"
				},
				"south": {
					"uv": [11.25, 5, 11, 5.5],
					"texture": "#texture"
				},
				"west": {
					"uv": [10.25, 5, 11.25, 5.5],
					"texture": "#texture"
				},
				"up": {
					"uv": [10.25, 5, 11.25, 5.25],
					"texture": "#texture",
					"rotation": 90
				},
				"down": {
					"uv": [10.25, 5.5, 11.25, 5.25],
					"texture": "#texture",
					"rotation": 270
				}
			}
		},
		{
			"name": "cube",
			"from": [7.7188, 11.3281, 8.9375],
			"to": [8.2813, 12.0313, 9.07813],
			"faces": {
				"north": {
					"uv": [10.25, 7, 10.5, 8.25],
					"texture": "#texture"
				},
				"east": {
					"uv": [10.5, 7, 10.25, 8.25],
					"texture": "#texture"
				},
				"south": {
					"uv": [10.5, 7, 10.25, 8.25],
					"texture": "#texture"
				},
				"west": {
					"uv": [10.25, 7, 10.5, 8.25],
					"texture": "#texture"
				},
				"up": {
					"uv": [10.25, 7, 10.5, 7.25],
					"texture": "#texture",
					"rotation": 90
				},
				"down": {
					"uv": [10.25, 8.25, 10.5, 8],
					"texture": "#texture",
					"rotation": 270
				}
			}
		},
		{
			"name": "cube",
			"from": [7.7188, 14.6719, 9.3125],
			"to": [8.2813, 14.8125, 9.45313],
			"faces": {
				"north": {
					"uv": [10.5, 1.75, 10.75, 2],
					"texture": "#texture"
				},
				"east": {
					"uv": [10.75, 1.75, 10.5, 2],
					"texture": "#texture"
				},
				"south": {
					"uv": [10.75, 1.75, 10.5, 2],
					"texture": "#texture"
				},
				"west": {
					"uv": [10.5, 1.75, 10.75, 2],
					"texture": "#texture"
				},
				"up": {
					"uv": [10.5, 1.75, 10.75, 2],
					"texture": "#texture",
					"rotation": 90
				},
				"down": {
					"uv": [10.5, 2, 10.75, 1.75],
					"texture": "#texture",
					"rotation": 270
				}
			}
		},
		{
			"name": "cube",
			"from": [7.7188, 12.3438, 9.3125],
			"to": [8.2813, 12.625, 9.45313],
			"faces": {
				"north": {
					"uv": [10.5, 6, 10.75, 6.5],
					"texture": "#texture"
				},
				"east": {
					"uv": [10.75, 6, 10.5, 6.5],
					"texture": "#texture"
				},
				"south": {
					"uv": [10.75, 6, 10.5, 6.5],
					"texture": "#texture"
				},
				"west": {
					"uv": [10.5, 6, 10.75, 6.5],
					"texture": "#texture"
				},
				"up": {
					"uv": [10.5, 6, 10.75, 6.25],
					"texture": "#texture",
					"rotation": 90
				},
				"down": {
					"uv": [10.5, 6.5, 10.75, 6.25],
					"texture": "#texture",
					"rotation": 270
				}
			}
		},
		{
			"name": "cube",
			"from": [7.7188, 11.5938, 9.0625],
			"to": [8.2813, 11.875, 9.20313],
			"faces": {
				"north": {
					"uv": [10.5, 7.25, 10.75, 7.75],
					"texture": "#texture"
				},
				"east": {
					"uv": [10.75, 7.25, 10.5, 7.75],
					"texture": "#texture"
				},
				"south": {
					"uv": [10.75, 7.25, 10.5, 7.75],
					"texture": "#texture"
				},
				"west": {
					"uv": [10.5, 7.25, 10.75, 7.75],
					"texture": "#texture"
				},
				"up": {
					"uv": [10.5, 7.25, 10.75, 7.5],
					"texture": "#texture",
					"rotation": 90
				},
				"down": {
					"uv": [10.5, 7.75, 10.75, 7.5],
					"texture": "#texture",
					"rotation": 270
				}
			}
		},
		{
			"name": "cube",
			"from": [7.7188, 14.2969, 9.4688],
			"to": [8.2813, 14.4375, 10.17195],
			"faces": {
				"north": {
					"uv": [10.75, 2.5, 11, 2.75],
					"texture": "#texture"
				},
				"east": {
					"uv": [12, 2.5, 10.75, 2.75],
					"texture": "#texture"
				},
				"south": {
					"uv": [12, 2.5, 11.75, 2.75],
					"texture": "#texture"
				},
				"west": {
					"uv": [10.75, 2.5, 12, 2.75],
					"texture": "#texture"
				},
				"up": {
					"uv": [10.75, 2.5, 12, 2.75],
					"texture": "#texture",
					"rotation": 90
				},
				"down": {
					"uv": [10.75, 2.75, 12, 2.5],
					"texture": "#texture",
					"rotation": 270
				}
			}
		},
		{
			"name": "cube",
			"from": [7.7188, 13.0781, 9.4688],
			"to": [8.2813, 13.2188, 10.17195],
			"faces": {
				"north": {
					"uv": [10.75, 4.75, 11, 5],
					"texture": "#texture"
				},
				"east": {
					"uv": [12, 4.75, 10.75, 5],
					"texture": "#texture"
				},
				"south": {
					"uv": [12, 4.75, 11.75, 5],
					"texture": "#texture"
				},
				"west": {
					"uv": [10.75, 4.75, 12, 5],
					"texture": "#texture"
				},
				"up": {
					"uv": [10.75, 4.75, 12, 5],
					"texture": "#texture",
					"rotation": 90
				},
				"down": {
					"uv": [10.75, 5, 12, 4.75],
					"texture": "#texture",
					"rotation": 270
				}
			}
		},
		{
			"name": "cube",
			"from": [7.7188, 14.1719, 9.625],
			"to": [8.2813, 14.3125, 10.1875],
			"faces": {
				"north": {
					"uv": [11, 2.75, 11.25, 3],
					"texture": "#texture"
				},
				"east": {
					"uv": [12, 2.75, 11, 3],
					"texture": "#texture"
				},
				"south": {
					"uv": [12, 2.75, 11.75, 3],
					"texture": "#texture"
				},
				"west": {
					"uv": [11, 2.75, 12, 3],
					"texture": "#texture"
				},
				"up": {
					"uv": [11, 2.75, 12, 3],
					"texture": "#texture",
					"rotation": 90
				},
				"down": {
					"uv": [11, 3, 12, 2.75],
					"texture": "#texture",
					"rotation": 270
				}
			}
		},
		{
			"name": "cube",
			"from": [7.7188, 13.2031, 9.75],
			"to": [8.2813, 13.3438, 10.3125],
			"faces": {
				"north": {
					"uv": [11.25, 4.5, 11.5, 4.75],
					"texture": "#texture"
				},
				"east": {
					"uv": [12.25, 4.5, 11.25, 4.75],
					"texture": "#texture"
				},
				"south": {
					"uv": [12.25, 4.5, 12, 4.75],
					"texture": "#texture"
				},
				"west": {
					"uv": [11.25, 4.5, 12.25, 4.75],
					"texture": "#texture"
				},
				"up": {
					"uv": [11.25, 4.5, 12.25, 4.75],
					"texture": "#texture",
					"rotation": 90
				},
				"down": {
					"uv": [11.25, 4.75, 12.25, 4.5],
					"texture": "#texture",
					"rotation": 270
				}
			}
		},
		{
			"name": "cube",
			"from": [7.7188, 12.9531, 9.75],
			"to": [8.2813, 13.0938, 10.3125],
			"faces": {
				"north": {
					"uv": [11.25, 5, 11.5, 5.25],
					"texture": "#texture"
				},
				"east": {
					"uv": [12.25, 5, 11.25, 5.25],
					"texture": "#texture"
				},
				"south": {
					"uv": [12.25, 5, 12, 5.25],
					"texture": "#texture"
				},
				"west": {
					"uv": [11.25, 5, 12.25, 5.25],
					"texture": "#texture"
				},
				"up": {
					"uv": [11.25, 5, 12.25, 5.25],
					"texture": "#texture",
					"rotation": 90
				},
				"down": {
					"uv": [11.25, 5.25, 12.25, 5],
					"texture": "#texture",
					"rotation": 270
				}
			}
		},
		{
			"name": "cube",
			"from": [7.7188, 13.9063, 9.906199],
			"to": [8.2813, 14.1875, 10.32805],
			"faces": {
				"north": {
					"uv": [11.5, 3, 11.75, 3.5],
					"texture": "#texture"
				},
				"east": {
					"uv": [12.25, 3, 11.5, 3.5],
					"texture": "#texture"
				},
				"south": {
					"uv": [12.25, 3, 12, 3.5],
					"texture": "#texture"
				},
				"west": {
					"uv": [11.5, 3, 12.25, 3.5],
					"texture": "#texture"
				},
				"up": {
					"uv": [11.5, 3, 12.25, 3.25],
					"texture": "#texture",
					"rotation": 90
				},
				"down": {
					"uv": [11.5, 3.5, 12.25, 3.25],
					"texture": "#texture",
					"rotation": 270
				}
			}
		},
		{
			"name": "cube",
			"from": [7.7188, 13.3438, 9.906199],
			"to": [8.2813, 13.625, 10.32805],
			"faces": {
				"north": {
					"uv": [11.5, 4, 11.75, 4.5],
					"texture": "#texture"
				},
				"east": {
					"uv": [12.25, 4, 11.5, 4.5],
					"texture": "#texture"
				},
				"south": {
					"uv": [12.25, 4, 12, 4.5],
					"texture": "#texture"
				},
				"west": {
					"uv": [11.5, 4, 12.25, 4.5],
					"texture": "#texture"
				},
				"up": {
					"uv": [11.5, 4, 12.25, 4.25],
					"texture": "#texture",
					"rotation": 90
				},
				"down": {
					"uv": [11.5, 4.5, 12.25, 4.25],
					"texture": "#texture",
					"rotation": 270
				}
			}
		},
		{
			"name": "cube",
			"from": [7.7188, 13.625, 10.0313],
			"to": [8.2813, 13.9063, 10.4531],
			"faces": {
				"north": {
					"uv": [11.75, 3.5, 12, 4],
					"texture": "#texture"
				},
				"east": {
					"uv": [12.5, 3.5, 11.75, 4],
					"texture": "#texture"
				},
				"south": {
					"uv": [12.5, 3.5, 12.25, 4],
					"texture": "#texture"
				},
				"west": {
					"uv": [11.75, 3.5, 12.5, 4],
					"texture": "#texture"
				},
				"up": {
					"uv": [11.75, 3.5, 12.5, 3.75],
					"texture": "#texture",
					"rotation": 90
				},
				"down": {
					"uv": [11.75, 4, 12.5, 3.75],
					"texture": "#texture",
					"rotation": 270
				}
			}
		},
		{
			"name": "cube",
			"from": [7.7188, 13.7656, 10.4375],
			"to": [8.2813, 13.9063, 10.5781],
			"faces": {
				"north": {
					"uv": [12.5, 3.5, 12.75, 3.75],
					"texture": "#texture"
				},
				"east": {
					"uv": [12.75, 3.5, 12.5, 3.75],
					"texture": "#texture"
				},
				"south": {
					"uv": [12.75, 3.5, 12.5, 3.75],
					"texture": "#texture"
				},
				"west": {
					"uv": [12.5, 3.5, 12.75, 3.75],
					"texture": "#texture"
				},
				"up": {
					"uv": [12.5, 3.5, 12.75, 3.75],
					"texture": "#texture",
					"rotation": 90
				},
				"down": {
					"uv": [12.5, 3.75, 12.75, 3.5],
					"texture": "#texture",
					"rotation": 270
				}
			}
		},
		{
			"name": "cube",
			"from": [7.8125, 14.1406, 8.875],
			"to": [8.25, 14.5625, 9.1875],
			"faces": {
				"north": {
					"uv": [9.75, 4.75, 10, 5.5],
					"texture": "#texture"
				},
				"east": {
					"uv": [10.25, 4.75, 9.75, 5.5],
					"texture": "#texture"
				},
				"south": {
					"uv": [10.25, 4.75, 10, 5.5],
					"texture": "#texture"
				},
				"west": {
					"uv": [9.75, 4.75, 10.25, 5.5],
					"texture": "#texture"
				},
				"up": {
					"uv": [9.75, 4.75, 10.25, 5],
					"texture": "#texture",
					"rotation": 90
				},
				"down": {
					"uv": [9.75, 5.5, 10.25, 5.25],
					"texture": "#texture",
					"rotation": 270
				}
			}
		},
		{
			"name": "cube",
			"from": [7.7188, 15.2188, 7.7812],
			"to": [8.2813, 15.3438, 8.68745],
			"faces": {
				"north": {
					"uv": [8.75, 1, 9, 1.25],
					"texture": "#texture"
				},
				"east": {
					"uv": [10, 1, 8.75, 1.25],
					"texture": "#texture"
				},
				"south": {
					"uv": [10, 1, 9.75, 1.25],
					"texture": "#texture"
				},
				"west": {
					"uv": [8.75, 1, 10, 1.25],
					"texture": "#texture"
				},
				"up": {
					"uv": [8.75, 1, 10, 1.25],
					"texture": "#texture",
					"rotation": 90
				},
				"down": {
					"uv": [8.75, 1.25, 10, 1],
					"texture": "#texture",
					"rotation": 270
				}
			}
		},
		{
			"name": "cube",
			"from": [7.5625, 8.656199, 7.5625],
			"to": [8.40625, 9.437449, 8.84375],
			"faces": {
				"north": {
					"uv": [7, 13.25, 7.25, 14.5],
					"texture": "#texture"
				},
				"east": {
					"uv": [9.75, 13.25, 7, 14.5],
					"texture": "#texture"
				},
				"south": {
					"uv": [9.75, 13.25, 9.5, 14.5],
					"texture": "#texture"
				},
				"west": {
					"uv": [7, 13.25, 9.75, 14.5],
					"texture": "#texture"
				},
				"up": {
					"uv": [7, 13.25, 9.75, 13.5],
					"texture": "#texture",
					"rotation": 90
				},
				"down": {
					"uv": [7, 14.5, 9.75, 14.25],
					"texture": "#texture",
					"rotation": 270
				}
			}
		},
		{
			"name": "cube",
			"from": [7.5312, 10.625, 7.7812],
			"to": [8.4062, 12.0313, 8.62495],
			"faces": {
				"north": {
					"uv": [7.5, 8.5, 7.75, 10.75],
					"texture": "#texture"
				},
				"east": {
					"uv": [9.25, 8.5, 7.5, 10.75],
					"texture": "#texture"
				},
				"south": {
					"uv": [9.25, 8.5, 9, 10.75],
					"texture": "#texture"
				},
				"west": {
					"uv": [7.5, 8.5, 9.25, 10.75],
					"texture": "#texture"
				},
				"up": {
					"uv": [7.5, 8.5, 9.25, 8.75],
					"texture": "#texture",
					"rotation": 90
				},
				"down": {
					"uv": [7.5, 10.75, 9.25, 10.5],
					"texture": "#texture",
					"rotation": 270
				}
			}
		},
		{
			"name": "cube",
			"from": [7.9062, 12.125, 8],
			"to": [8.0312, 13.4688, 8.46875],
			"faces": {
				"north": {
					"uv": [13.75, 2.5625, 14, 5.1875],
					"texture": "#texture"
				},
				"east": {
					"uv": [13.6875, 2.75, 14.6875, 4.6875],
					"texture": "#texture"
				},
				"south": {
					"uv": [13.9375, 2.125, 14.1875, 4.75],
					"texture": "#texture"
				},
				"west": {
					"uv": [13.5, 2.125, 14.5, 4.75],
					"texture": "#texture"
				},
				"up": {
					"uv": [13.5625, 3.75, 14.5625, 4],
					"texture": "#texture",
					"rotation": 90
				},
				"down": {
					"uv": [14.875, 3.9375, 13.875, 3.6875],
					"texture": "#texture",
					"rotation": 270
				}
			}
		},
		{
			"name": "cube",
			"from": [7.9062, 13.4688, 8.125],
			"to": [8.0312, 14.3438, 8.34375],
			"faces": {
				"north": {
					"uv": [13.75, 2.5625, 14, 5.1875],
					"texture": "#texture"
				},
				"east": {
					"uv": [13.6875, 2.75, 14.6875, 4.6875],
					"texture": "#texture"
				},
				"south": {
					"uv": [13.9375, 2.125, 14.1875, 4.75],
					"texture": "#texture"
				},
				"west": {
					"uv": [13.5, 2.125, 14.5, 4.75],
					"texture": "#texture"
				},
				"up": {
					"uv": [13.5625, 3.75, 14.5625, 4],
					"texture": "#texture",
					"rotation": 90
				},
				"down": {
					"uv": [14.875, 3.9375, 13.875, 3.6875],
					"texture": "#texture",
					"rotation": 270
				}
			}
		},
		{
			"name": "cube",
			"from": [7.875, 9.125, 2.75],
			"to": [7.9375, 18, 13.625],
			"faces": {
				"east": {
					"uv": [0, 0, 16, 16],
					"texture": "#bluestaff_1",
					"cullface": "up"
				},
				"west": {
					"uv": [0, 0, 16, 16],
					"texture": "#bluestaff_1",
					"cullface": "up"
				}
			}
		},
		{
			"name": "cube",
			"from": [8, 7.875, 1.625],
			"to": [8.0625, 19.125, 15.25],
			"faces": {
				"east": {
					"uv": [0, 0, 16, 16],
					"texture": "#bluestaff_1",
					"cullface": "up"
				},
				"west": {
					"uv": [0, 0, 16, 16],
					"texture": "#bluestaff_1",
					"cullface": "up"
				}
			}
		},
		{
			"name": "cube",
			"from": [7.9375, -1, 7.25],
			"to": [8, 0.75, 9],
			"faces": {
				"east": {
					"uv": [6.125, 5.75, 9.75, 9.75],
					"texture": "#bluestaff_1",
					"cullface": "down"
				},
				"west": {
					"uv": [6.125, 5.875, 9.875, 9.5],
					"texture": "#bluestaff_1",
					"cullface": "down"
				}
			}
		},
		{
			"name": "cube",
			"from": [8.125, 9.125, 2.75],
			"to": [8.1875, 18, 13.625],
			"faces": {
				"east": {
					"uv": [0, 0, 16, 16],
					"texture": "#bluestaff_1",
					"cullface": "up"
				},
				"west": {
					"uv": [0, 0, 16, 16],
					"texture": "#bluestaff_1",
					"cullface": "up"
				}
			}
		}
	],
	"groups": [
		0,
		1,
		2,
		3,
		4,
		5,
		6,
		7,
		8,
		9,
		10,
		11,
		12,
		13,
		14,
		15,
		16,
		17,
		18,
		19,
		20,
		21,
		22,
		23,
		24,
		25,
		26,
		27,
		28,
		29,
		30,
		31,
		32,
		33,
		34,
		35,
		36,
		37,
		38,
		39,
		40,
		41,
		42,
		43,
		44,
		45,
		46,
		47,
		48,
		49,
		50,
		51,
		52,
		53,
		54,
		55,
		56,
		57,
		58,
		59,
		60,
		61,
		62,
		63,
		64,
		65,
		66,
		67,
		68,
		69,
		70,
		71,
		72,
		73,
		74,
		75,
		76,
		77,
		78,
		79,
		80,
		81,
		82,
		83,
		84,
		85,
		86,
		87,
		88,
		89,
		90,
		91,
		92,
		93,
		94
	],
	"display": {
		"thirdperson_righthand": {
			"translation": [0, 8.5, 0.6956],
			"scale": [2.2, 2.5, 2.2]
		},
		"thirdperson_lefthand": {
			"translation": [0, 8.5, 0.6956],
			"scale": [2.2, 2.5, 2.2],
			"rotation": [0, 0, 0]
		},
		"firstperson_righthand": {
			"rotation": [-9, 0, 0],
			"translation": [2.7826, 2.0869, -0.695],
			"scale": [1.6, 1.8, 1.6]
		},
		"firstperson_lefthand": {
			"rotation": [-9, 0, 0],
			"translation": [2.7826, 2.0869, -0.695],
			"scale": [1.6, 1.8, 1.6]
		},
		"gui": {
			"rotation": [0, -94, 0],
			"translation": [0, -3.478, 0],
			"scale": [0.8, 1.3, 0.8]
		},
		"ground": {
			"translation": [0, 9.5, 0],
			"scale": [2, 2.5, 2],
			"rotation": [91, -103, 0]
		},
		"fixed": {
			"rotation": [0, 90, 0],
			"translation": [1.3826, 0.6957, -0.204],
			"scale": [1, 1.5, 1]
		},
		"head": {
			"scale": [2.2, 2.5, 2.2],
			"translation": [4, -17.5, 6.5],
			"rotation": [-82, 124, 86.5]
		}
	}
}