{
	"credit": "Made By Bailey",
	"textures": {
		"texture": "block/diamond_sword/54",
		"particle": "block/diamond_sword/54"
	},
	"elements": [
		{
			"name": "cube",
			"from": [7.75, 0.5, 6.5],
			"to": [8.25, 1.5, 9],
			"faces": {
				"north": {
					"uv": [4, 14.5, 4.5, 15.5],
					"texture": "#texture"
				},
				"east": {
					"uv": [6.5, 14.5, 4, 15.5],
					"texture": "#texture"
				},
				"south": {
					"uv": [6, 14.5, 6.5, 15.5],
					"texture": "#texture"
				},
				"west": {
					"uv": [4, 14.5, 6.5, 15.5],
					"texture": "#texture"
				},
				"up": {
					"uv": [4, 14.5, 6.5, 15],
					"texture": "#texture",
					"rotation": 90
				},
				"down": {
					"uv": [4, 14.5, 6.5, 15],
					"texture": "#texture",
					"rotation": 270
				}
			}
		},
		{
			"name": "cube",
			"from": [7.75, 0, 7],
			"to": [8.25, 0.5, 8.5],
			"faces": {
				"north": {
					"uv": [4.5, 15.5, 5, 16],
					"texture": "#texture"
				},
				"east": {
					"uv": [6, 15.5, 4.5, 16],
					"texture": "#texture"
				},
				"south": {
					"uv": [5.5, 15.5, 6, 16],
					"texture": "#texture"
				},
				"west": {
					"uv": [4.5, 15.5, 6, 16],
					"texture": "#texture"
				},
				"down": {
					"uv": [4.5, 15.5, 6, 16],
					"texture": "#texture",
					"rotation": 270
				}
			}
		},
		{
			"name": "cube",
			"from": [7.75, 1.5, 7],
			"to": [8.25, 4, 8.5],
			"faces": {
				"north": {
					"uv": [4.5, 12, 5, 14.5],
					"texture": "#texture"
				},
				"east": {
					"uv": [6, 12, 4.5, 14.5],
					"texture": "#texture"
				},
				"south": {
					"uv": [5.5, 12, 6, 14.5],
					"texture": "#texture"
				},
				"west": {
					"uv": [4.5, 12, 6, 14.5],
					"texture": "#texture"
				}
			}
		},
		{
			"name": "cube",
			"from": [7.75, 4, 7],
			"to": [8.25, 5.5, 9],
			"faces": {
				"north": {
					"uv": [4.5, 10.5, 5, 12],
					"texture": "#texture"
				},
				"east": {
					"uv": [6.5, 10.5, 4.5, 12],
					"texture": "#texture"
				},
				"south": {
					"uv": [6, 10.5, 6.5, 12],
					"texture": "#texture"
				},
				"west": {
					"uv": [4.5, 10.5, 6.5, 12],
					"texture": "#texture"
				},
				"down": {
					"uv": [4.5, 10.5, 6.5, 11],
					"texture": "#texture",
					"rotation": 270
				}
			}
		},
		{
			"name": "cube",
			"from": [7.75, 5.5, 7],
			"to": [8.25, 6, 9.5],
			"faces": {
				"north": {
					"uv": [4.5, 10, 5, 10.5],
					"texture": "#texture"
				},
				"east": {
					"uv": [7, 10, 4.5, 10.5],
					"texture": "#texture"
				},
				"south": {
					"uv": [6.5, 10, 7, 10.5],
					"texture": "#texture"
				},
				"west": {
					"uv": [4.5, 10, 7, 10.5],
					"texture": "#texture"
				},
				"down": {
					"uv": [4.5, 10, 7, 10.5],
					"texture": "#texture",
					"rotation": 270
				}
			}
		},
		{
			"name": "cube",
			"from": [7.75, 6, 6.5],
			"to": [8.25, 6.5, 9.5],
			"faces": {
				"north": {
					"uv": [4, 9.5, 4.5, 10],
					"texture": "#texture"
				},
				"east": {
					"uv": [7, 9.5, 4, 10],
					"texture": "#texture"
				},
				"south": {
					"uv": [6.5, 9.5, 7, 10],
					"texture": "#texture"
				},
				"west": {
					"uv": [4, 9.5, 7, 10],
					"texture": "#texture"
				},
				"down": {
					"uv": [4, 9.5, 7, 10],
					"texture": "#texture",
					"rotation": 270
				}
			}
		},
		{
			"name": "cube",
			"from": [7.75, 6.5, 5],
			"to": [8.25, 7, 10],
			"faces": {
				"north": {
					"uv": [2.5, 9, 3, 9.5],
					"texture": "#texture"
				},
				"east": {
					"uv": [7.5, 9, 2.5, 9.5],
					"texture": "#texture"
				},
				"south": {
					"uv": [7, 9, 7.5, 9.5],
					"texture": "#texture"
				},
				"west": {
					"uv": [2.5, 9, 7.5, 9.5],
					"texture": "#texture"
				},
				"up": {
					"uv": [2.5, 9, 7.5, 9.5],
					"texture": "#texture",
					"rotation": 90
				},
				"down": {
					"uv": [2.5, 9, 7.5, 9.5],
					"texture": "#texture",
					"rotation": 270
				}
			}
		},
		{
			"name": "cube",
			"from": [7.75, 7, 5.5],
			"to": [8.25, 7.5, 7],
			"faces": {
				"north": {
					"uv": [3, 8.5, 3.5, 9],
					"texture": "#texture"
				},
				"east": {
					"uv": [4.5, 8.5, 3, 9],
					"texture": "#texture"
				},
				"south": {
					"uv": [4, 8.5, 4.5, 9],
					"texture": "#texture"
				},
				"west": {
					"uv": [3, 8.5, 4.5, 9],
					"texture": "#texture"
				},
				"up": {
					"uv": [3, 8.5, 4.5, 9],
					"texture": "#texture",
					"rotation": 90
				}
			}
		},
		{
			"name": "cube",
			"from": [7.75, 7.5, 5],
			"to": [8.25, 8, 6],
			"faces": {
				"north": {
					"uv": [2.5, 8, 3, 8.5],
					"texture": "#texture"
				},
				"east": {
					"uv": [2.5, 8, 3.5, 8.5],
					"texture": "#texture"
				},
				"south": {
					"uv": [3, 8, 3.5, 8.5],
					"texture": "#texture"
				},
				"west": {
					"uv": [2.5, 8, 3.5, 8.5],
					"texture": "#texture"
				},
				"down": {
					"uv": [2.5, 8, 3.5, 8.5],
					"texture": "#texture",
					"rotation": 270
				}
			}
		},
		{
			"name": "cube",
			"from": [7.75, 8, 3.5],
			"to": [8.25, 8.5, 6],
			"faces": {
				"north": {
					"uv": [1, 7.5, 1.5, 8],
					"texture": "#texture"
				},
				"east": {
					"uv": [3.5, 7.5, 1, 8],
					"texture": "#texture"
				},
				"south": {
					"uv": [3, 7.5, 3.5, 8],
					"texture": "#texture"
				},
				"west": {
					"uv": [1, 7.5, 3.5, 8],
					"texture": "#texture"
				},
				"up": {
					"uv": [1, 7.5, 3, 8],
					"texture": "#texture",
					"rotation": 90
				},
				"down": {
					"uv": [1, 7.5, 3, 8],
					"texture": "#texture",
					"rotation": 270
				}
			}
		},
		{
			"name": "cube",
			"from": [7.75, 7.5, 3],
			"to": [8.25, 8, 4],
			"faces": {
				"north": {
					"uv": [0.5, 8, 1, 8.5],
					"texture": "#texture"
				},
				"east": {
					"uv": [1.5, 8, 0.5, 8.5],
					"texture": "#texture"
				},
				"south": {
					"uv": [1, 8, 1.5, 8.5],
					"texture": "#texture"
				},
				"west": {
					"uv": [0.5, 8, 1.5, 8.5],
					"texture": "#texture"
				},
				"up": {
					"uv": [0.5, 8, 1.5, 8.5],
					"texture": "#texture",
					"rotation": 90
				},
				"down": {
					"uv": [0.5, 8, 1.5, 8.5],
					"texture": "#texture",
					"rotation": 270
				}
			}
		},
		{
			"name": "cube",
			"from": [7.75, 8.5, 4],
			"to": [8.25, 9, 5.5],
			"faces": {
				"north": {
					"uv": [1.5, 7, 2, 7.5],
					"texture": "#texture"
				},
				"east": {
					"uv": [3, 7, 1.5, 7.5],
					"texture": "#texture"
				},
				"south": {
					"uv": [2.5, 7, 3, 7.5],
					"texture": "#texture"
				},
				"west": {
					"uv": [1.5, 7, 3, 7.5],
					"texture": "#texture"
				},
				"up": {
					"uv": [1.5, 7, 3, 7.5],
					"texture": "#texture",
					"rotation": 90
				}
			}
		},
		{
			"name": "cube",
			"from": [7.75, 7, 8.5],
			"to": [8.25, 7.5, 10],
			"faces": {
				"north": {
					"uv": [6, 8.5, 6.5, 9],
					"texture": "#texture"
				},
				"east": {
					"uv": [7.5, 8.5, 6, 9],
					"texture": "#texture"
				},
				"south": {
					"uv": [7, 8.5, 7.5, 9],
					"texture": "#texture"
				},
				"west": {
					"uv": [6, 8.5, 7.5, 9],
					"texture": "#texture"
				},
				"up": {
					"uv": [6, 8.5, 7.5, 9],
					"texture": "#texture",
					"rotation": 90
				}
			}
		},
		{
			"name": "cube",
			"from": [7.75, 7.5, 9.5],
			"to": [8.25, 8.5, 10.5],
			"faces": {
				"north": {
					"uv": [7, 7.5, 7.5, 8.5],
					"texture": "#texture"
				},
				"east": {
					"uv": [8, 7.5, 7, 8.5],
					"texture": "#texture"
				},
				"south": {
					"uv": [7.5, 7.5, 8, 8.5],
					"texture": "#texture"
				},
				"west": {
					"uv": [7, 7.5, 8, 8.5],
					"texture": "#texture"
				},
				"up": {
					"uv": [7, 7.5, 7.5, 8.5],
					"texture": "#texture"
				},
				"down": {
					"uv": [7.5, 7.5, 8, 8.5],
					"texture": "#texture"
				}
			}
		},
		{
			"name": "cube",
			"from": [7.75, 8.5, 10],
			"to": [8.25, 9.5, 11],
			"faces": {
				"north": {
					"uv": [7.5, 6.5, 8, 7.5],
					"texture": "#texture"
				},
				"east": {
					"uv": [8.5, 6.5, 7.5, 7.5],
					"texture": "#texture"
				},
				"south": {
					"uv": [8, 6.5, 8.5, 7.5],
					"texture": "#texture"
				},
				"west": {
					"uv": [7.5, 6.5, 8.5, 7.5],
					"texture": "#texture"
				},
				"down": {
					"uv": [7.5, 7, 8.5, 7.5],
					"texture": "#texture",
					"rotation": 270
				}
			}
		},
		{
			"name": "cube",
			"from": [7.75, 9.5, 10],
			"to": [8.25, 10, 11],
			"faces": {
				"north": {
					"uv": [7.5, 6, 8, 6.5],
					"texture": "#texture"
				},
				"east": {
					"uv": [8.5, 6, 7.5, 6.5],
					"texture": "#texture"
				},
				"south": {
					"uv": [8, 6, 8.5, 6.5],
					"texture": "#texture"
				},
				"west": {
					"uv": [7.5, 6, 8.5, 6.5],
					"texture": "#texture"
				},
				"up": {
					"uv": [7.5, 6, 8.5, 6.5],
					"texture": "#texture",
					"rotation": 90
				}
			}
		},
		{
			"name": "cube",
			"from": [7.75, 10, 9.5],
			"to": [8.25, 11, 10.5],
			"faces": {
				"north": {
					"uv": [7, 5, 7.5, 6],
					"texture": "#texture"
				},
				"east": {"uv": [8, 5, 7, 6], "texture": "#texture"},
				"south": {
					"uv": [7.5, 5, 8, 6],
					"texture": "#texture"
				},
				"west": {"uv": [7, 5, 8, 6], "texture": "#texture"},
				"up": {
					"uv": [7, 5, 8, 5.5],
					"texture": "#texture",
					"rotation": 90
				},
				"down": {
					"uv": [7, 5, 8, 5.5],
					"texture": "#texture",
					"rotation": 270
				}
			}
		},
		{
			"name": "cube",
			"from": [7.75, 9, 4.5],
			"to": [8.25, 10, 5.5],
			"faces": {
				"north": {
					"uv": [2, 6, 2.5, 7],
					"texture": "#texture"
				},
				"east": {"uv": [3, 6, 2, 7], "texture": "#texture"},
				"south": {
					"uv": [2.5, 6, 3, 7],
					"texture": "#texture"
				},
				"west": {"uv": [2, 6, 3, 7], "texture": "#texture"}
			}
		},
		{
			"name": "cube",
			"from": [7.75, 10, 3.5],
			"to": [8.25, 10.5, 6],
			"faces": {
				"north": {
					"uv": [1, 5.5, 1.5, 6],
					"texture": "#texture"
				},
				"east": {
					"uv": [3.5, 5.5, 1, 6],
					"texture": "#texture"
				},
				"south": {
					"uv": [3, 5.5, 3.5, 6],
					"texture": "#texture"
				},
				"west": {
					"uv": [1, 5.5, 3.5, 6],
					"texture": "#texture"
				},
				"up": {
					"uv": [1, 5.5, 3.5, 6],
					"texture": "#texture",
					"rotation": 90
				},
				"down": {
					"uv": [1, 5.5, 3.5, 6],
					"texture": "#texture",
					"rotation": 270
				}
			}
		},
		{
			"name": "cube",
			"from": [7.75, 10.5, 4],
			"to": [8.25, 11, 6],
			"faces": {
				"north": {
					"uv": [1.5, 5, 2, 5.5],
					"texture": "#texture"
				},
				"east": {
					"uv": [3.5, 5, 1.5, 5.5],
					"texture": "#texture"
				},
				"south": {
					"uv": [3, 5, 3.5, 5.5],
					"texture": "#texture"
				},
				"west": {
					"uv": [1.5, 5, 3.5, 5.5],
					"texture": "#texture"
				},
				"up": {
					"uv": [1.5, 5, 3.5, 5.5],
					"texture": "#texture",
					"rotation": 90
				}
			}
		},
		{
			"name": "cube",
			"from": [7.75, 11, 4.5],
			"to": [8.25, 11.5, 7],
			"faces": {
				"north": {
					"uv": [2, 4.5, 2.5, 5],
					"texture": "#texture"
				},
				"east": {
					"uv": [4.5, 4.5, 2, 5],
					"texture": "#texture"
				},
				"south": {
					"uv": [4, 4.5, 4.5, 5],
					"texture": "#texture"
				},
				"west": {
					"uv": [2, 4.5, 4.5, 5],
					"texture": "#texture"
				},
				"up": {
					"uv": [2, 4.5, 4.5, 5],
					"texture": "#texture",
					"rotation": 90
				},
				"down": {
					"uv": [2, 4.5, 4.5, 5],
					"texture": "#texture",
					"rotation": 270
				}
			}
		},
		{
			"name": "cube",
			"from": [7.75, 11, 8.5],
			"to": [8.25, 11.5, 10],
			"faces": {
				"north": {
					"uv": [6, 4.5, 6.5, 5],
					"texture": "#texture"
				},
				"east": {
					"uv": [7.5, 4.5, 6, 5],
					"texture": "#texture"
				},
				"south": {
					"uv": [7, 4.5, 7.5, 5],
					"texture": "#texture"
				},
				"west": {
					"uv": [6, 4.5, 7.5, 5],
					"texture": "#texture"
				},
				"up": {
					"uv": [6, 4.5, 7.5, 5],
					"texture": "#texture",
					"rotation": 90
				},
				"down": {
					"uv": [6, 4.5, 7.5, 5],
					"texture": "#texture",
					"rotation": 270
				}
			}
		},
		{
			"name": "cube",
			"from": [7.75, 11.5, 5.5],
			"to": [8.25, 12, 9.5],
			"faces": {
				"north": {
					"uv": [3, 4, 3.5, 4.5],
					"texture": "#texture"
				},
				"east": {
					"uv": [7, 4, 3, 4.5],
					"texture": "#texture"
				},
				"south": {
					"uv": [6.5, 4, 7, 4.5],
					"texture": "#texture"
				},
				"west": {
					"uv": [3, 4, 7, 4.5],
					"texture": "#texture"
				},
				"up": {
					"uv": [3, 4, 7, 4.5],
					"texture": "#texture",
					"rotation": 90
				},
				"down": {
					"uv": [3, 4, 7, 4.5],
					"texture": "#texture",
					"rotation": 270
				}
			}
		},
		{
			"name": "cube",
			"from": [7.75, 12, 5.5],
			"to": [8.25, 12.5, 8.5],
			"faces": {
				"north": {
					"uv": [3, 3.5, 3.5, 4],
					"texture": "#texture"
				},
				"east": {
					"uv": [6, 3.5, 3, 4],
					"texture": "#texture"
				},
				"south": {
					"uv": [5.5, 3.5, 6, 4],
					"texture": "#texture"
				},
				"west": {
					"uv": [3, 3.5, 6, 4],
					"texture": "#texture"
				},
				"up": {
					"uv": [3, 3.5, 6, 4],
					"texture": "#texture",
					"rotation": 90
				}
			}
		},
		{
			"name": "cube",
			"from": [7.875, 10.5, 10.5],
			"to": [8.125, 11, 11.5],
			"faces": {
				"east": {
					"uv": [9, 5, 8, 5.5],
					"texture": "#texture"
				},
				"south": {
					"uv": [8.5, 5, 9, 5.5],
					"texture": "#texture"
				},
				"west": {
					"uv": [8, 5, 9, 5.5],
					"texture": "#texture"
				},
				"down": {
					"uv": [8, 5, 9, 5.5],
					"texture": "#texture",
					"rotation": 270
				}
			}
		},
		{
			"name": "cube",
			"from": [7.875, 11, 10],
			"to": [8.125, 11.5, 11.5],
			"faces": {
				"east": {
					"uv": [9, 4.5, 7.5, 5],
					"texture": "#texture"
				},
				"south": {
					"uv": [8.5, 4.5, 9, 5],
					"texture": "#texture"
				},
				"west": {
					"uv": [7.5, 4.5, 9, 5],
					"texture": "#texture"
				},
				"up": {
					"uv": [7.5, 4.5, 9, 5],
					"texture": "#texture",
					"rotation": 90
				},
				"down": {
					"uv": [7.5, 4.5, 9, 5],
					"texture": "#texture"
				}
			}
		},
		{
			"name": "cube",
			"from": [7.875, 11.5, 8.5],
			"to": [8.125, 12.5, 11],
			"faces": {
				"north": {
					"uv": [6, 3.5, 6.5, 4.5],
					"texture": "#texture"
				},
				"east": {
					"uv": [8.5, 3.5, 6, 4.5],
					"texture": "#texture"
				},
				"south": {
					"uv": [8, 3.5, 8.5, 4.5],
					"texture": "#texture"
				},
				"west": {
					"uv": [6, 3.5, 8.5, 4.5],
					"texture": "#texture"
				},
				"down": {
					"uv": [8.125, 11, 7.875, 8.5],
					"texture": "#texture"
				}
			}
		},
		{
			"name": "cube",
			"from": [7.875, 12.5, 6.5],
			"to": [8.125, 13, 11],
			"faces": {
				"east": {
					"uv": [8.5, 3, 4, 3.5],
					"texture": "#texture"
				},
				"south": {
					"uv": [8, 3, 8.5, 3.5],
					"texture": "#texture"
				},
				"west": {
					"uv": [4, 3, 8.5, 3.5],
					"texture": "#texture"
				},
				"up": {
					"uv": [4, 3, 8.5, 3.5],
					"texture": "#texture",
					"rotation": 90
				},
				"down": {
					"uv": [4, 3, 8.5, 3.5],
					"texture": "#texture",
					"rotation": 270
				}
			}
		},
		{
			"name": "cube",
			"from": [7.875, 13, 6.5],
			"to": [8.125, 14, 10.5],
			"faces": {
				"east": {"uv": [8, 2, 4, 3], "texture": "#texture"},
				"south": {
					"uv": [7.5, 2, 8, 3],
					"texture": "#texture"
				},
				"west": {"uv": [4, 2, 8, 3], "texture": "#texture"}
			}
		},
		{
			"name": "cube",
			"from": [7.875, 14, 6],
			"to": [8.125, 14.5, 10.5],
			"faces": {
				"east": {
					"uv": [8, 1.5, 3.5, 2],
					"texture": "#texture"
				},
				"south": {
					"uv": [7.5, 1.5, 8, 2],
					"texture": "#texture"
				},
				"west": {
					"uv": [3.5, 1.5, 8, 2],
					"texture": "#texture"
				},
				"up": {
					"uv": [3.5, 1.5, 8, 2],
					"texture": "#texture",
					"rotation": 90
				},
				"down": {
					"uv": [3.5, 1.5, 8, 2],
					"texture": "#texture",
					"rotation": 270
				}
			}
		},
		{
			"name": "cube",
			"from": [8, 7, 5.5],
			"to": [8.0625, 11.5, 10],
			"faces": {
				"east": {
					"uv": [7.5, 4.5, 3, 9],
					"texture": "#texture"
				},
				"west": {
					"uv": [3, 4.5, 7.5, 9],
					"texture": "#texture"
				}
			}
		},
		{
			"name": "cube",
			"from": [7.875, 14.5, 6.5],
			"to": [8.125, 16, 10.5],
			"faces": {
				"north": {
					"uv": [4.5, 0, 5, 1.5],
					"texture": "#texture"
				},
				"east": {
					"uv": [8, 0, 4, 1.5],
					"texture": "#texture"
				},
				"south": {
					"uv": [7.5, 0, 8, 1.5],
					"texture": "#texture"
				},
				"west": {
					"uv": [4, 0, 8, 1.5],
					"texture": "#texture"
				},
				"up": {
					"uv": [4, 0, 8, 0.5],
					"texture": "#texture",
					"rotation": 90
				}
			}
		},
		{
			"name": "cube",
			"from": [7.875, 16, 7.5],
			"to": [8.125, 24.5, 10.5],
			"faces": {
				"north": {
					"uv": [15, 7.5, 15.5, 16],
					"texture": "#texture"
				},
				"east": {
					"uv": [15.5, 7.5, 12.5, 16],
					"texture": "#texture"
				},
				"south": {
					"uv": [15, 7.5, 15.5, 16],
					"texture": "#texture"
				},
				"west": {
					"uv": [12.5, 7.5, 15.5, 16],
					"texture": "#texture"
				},
				"up": {
					"uv": [12.5, 7.5, 15.5, 8],
					"texture": "#texture",
					"rotation": 90
				}
			}
		},
		{
			"name": "cube",
			"from": [7.75, 12.5, 6],
			"to": [8.25, 13, 6.5],
			"faces": {
				"north": {
					"uv": [3.5, 3, 4, 3.5],
					"texture": "#texture"
				},
				"east": {
					"uv": [3.5, 3, 4, 3.5],
					"texture": "#texture"
				},
				"south": {
					"uv": [3.5, 3, 4, 3.5],
					"texture": "#texture"
				},
				"west": {
					"uv": [3.5, 3, 4, 3.5],
					"texture": "#texture"
				}
			}
		},
		{
			"name": "cube",
			"from": [7.75, 13, 5.5],
			"to": [8.25, 14, 6.5],
			"faces": {
				"north": {
					"uv": [3, 2, 3.5, 3],
					"texture": "#texture"
				},
				"east": {"uv": [4, 2, 3, 3], "texture": "#texture"},
				"south": {
					"uv": [3.5, 2, 4, 3],
					"texture": "#texture"
				},
				"west": {"uv": [3, 2, 4, 3], "texture": "#texture"},
				"up": {
					"uv": [3, 2, 4, 2.5],
					"texture": "#texture",
					"rotation": 90
				},
				"down": {
					"uv": [3, 2.5, 4, 3],
					"texture": "#texture",
					"rotation": 270
				}
			}
		},
		{
			"name": "cube",
			"from": [7.75, 14, 5],
			"to": [8.25, 14.5, 6],
			"faces": {
				"north": {
					"uv": [2.5, 1.5, 3, 2],
					"texture": "#texture"
				},
				"east": {
					"uv": [3.5, 1.5, 2.5, 2],
					"texture": "#texture"
				},
				"south": {
					"uv": [3, 1.5, 3.5, 2],
					"texture": "#texture"
				},
				"west": {
					"uv": [2.5, 1.5, 3.5, 2],
					"texture": "#texture"
				},
				"down": {
					"uv": [2.5, 1.5, 3.5, 2],
					"texture": "#texture",
					"rotation": 270
				}
			}
		},
		{
			"name": "cube",
			"from": [7.75, 14.5, 4.5],
			"to": [8.25, 15, 6.5],
			"faces": {
				"north": {
					"uv": [2, 1, 2.5, 1.5],
					"texture": "#texture"
				},
				"east": {
					"uv": [4, 1, 2, 1.5],
					"texture": "#texture"
				},
				"south": {
					"uv": [3.5, 1, 4, 1.5],
					"texture": "#texture"
				},
				"west": {
					"uv": [2, 1, 4, 1.5],
					"texture": "#texture"
				},
				"up": {
					"uv": [2, 1, 4, 1.5],
					"texture": "#texture",
					"rotation": 90
				},
				"down": {
					"uv": [2, 1, 4, 1.5],
					"texture": "#texture",
					"rotation": 270
				}
			}
		},
		{
			"name": "cube",
			"from": [7.75, 15, 5.5],
			"to": [8.25, 15.5, 7],
			"faces": {
				"north": {
					"uv": [3, 0.5, 3.5, 1],
					"texture": "#texture"
				},
				"east": {
					"uv": [4.5, 0.5, 3, 1],
					"texture": "#texture"
				},
				"south": {
					"uv": [4, 0.5, 4.5, 1],
					"texture": "#texture"
				},
				"west": {
					"uv": [3, 0.5, 4.5, 1],
					"texture": "#texture"
				},
				"up": {
					"uv": [3, 0.5, 4.5, 1],
					"texture": "#texture",
					"rotation": 90
				},
				"down": {
					"uv": [3, 0.5, 4.5, 1],
					"texture": "#texture",
					"rotation": 270
				}
			}
		},
		{
			"name": "cube",
			"from": [7.75, 15.5, 6],
			"to": [8.25, 16, 7],
			"faces": {
				"north": {
					"uv": [3.5, 0, 4, 0.5],
					"texture": "#texture"
				},
				"east": {
					"uv": [4.5, 0, 3.5, 0.5],
					"texture": "#texture"
				},
				"south": {
					"uv": [4, 0, 4.5, 0.5],
					"texture": "#texture"
				},
				"west": {
					"uv": [3.5, 0, 4.5, 0.5],
					"texture": "#texture"
				}
			}
		},
		{
			"name": "cube",
			"from": [7.75, 16, 6],
			"to": [8.25, 16.5, 9],
			"faces": {
				"north": {
					"uv": [11, 15.5, 11.5, 16],
					"texture": "#texture"
				},
				"east": {
					"uv": [11, 15.5, 14, 16],
					"texture": "#texture"
				},
				"south": {
					"uv": [13.5, 15.5, 14, 16],
					"texture": "#texture"
				},
				"west": {
					"uv": [11, 15.5, 14, 16],
					"texture": "#texture"
				},
				"up": {
					"uv": [11, 15.5, 14, 16],
					"texture": "#texture",
					"rotation": 90
				},
				"down": {
					"uv": [11, 15.5, 14, 16],
					"texture": "#texture",
					"rotation": 270
				}
			}
		},
		{
			"name": "cube",
			"from": [7.75, 15.5, 8.5],
			"to": [8.25, 16, 9],
			"faces": {
				"north": {
					"uv": [6, 0, 6.5, 0.5],
					"texture": "#texture"
				},
				"east": {
					"uv": [6, 0, 6.5, 0.5],
					"texture": "#texture"
				},
				"south": {
					"uv": [6, 0, 6.5, 0.5],
					"texture": "#texture"
				},
				"west": {
					"uv": [6, 0, 6.5, 0.5],
					"texture": "#texture"
				}
			}
		},
		{
			"name": "cube",
			"from": [7.75, 14.5, 8],
			"to": [8.25, 15.5, 9],
			"faces": {
				"north": {
					"uv": [5.5, 0.5, 6, 1.5],
					"texture": "#texture"
				},
				"east": {
					"uv": [5.5, 0.5, 6.5, 1.5],
					"texture": "#texture"
				},
				"south": {
					"uv": [6, 0.5, 6.5, 1.5],
					"texture": "#texture"
				},
				"west": {
					"uv": [5.5, 0.5, 6.5, 1.5],
					"texture": "#texture"
				},
				"up": {
					"uv": [5.5, 0.5, 6.5, 1],
					"texture": "#texture",
					"rotation": 90
				},
				"down": {
					"uv": [5.5, 0.5, 6.5, 1],
					"texture": "#texture",
					"rotation": 270
				}
			}
		},
		{
			"name": "cube",
			"from": [7.75, 16.5, 6],
			"to": [8.25, 17, 8.5],
			"faces": {
				"north": {
					"uv": [11, 15, 11.5, 15.5],
					"texture": "#texture"
				},
				"east": {
					"uv": [13.5, 15, 11, 15.5],
					"texture": "#texture"
				},
				"south": {
					"uv": [13, 15, 13.5, 15.5],
					"texture": "#texture"
				},
				"west": {
					"uv": [11, 15, 13.5, 15.5],
					"texture": "#texture"
				}
			}
		},
		{
			"name": "cube",
			"from": [7.75, 17, 5.5],
			"to": [8.25, 17.5, 8.5],
			"faces": {
				"north": {
					"uv": [10.5, 14.5, 11, 15],
					"texture": "#texture"
				},
				"east": {
					"uv": [13.5, 14.5, 10.5, 15],
					"texture": "#texture"
				},
				"south": {
					"uv": [13, 14.5, 13.5, 15],
					"texture": "#texture"
				},
				"west": {
					"uv": [10.5, 14.5, 13.5, 15],
					"texture": "#texture"
				},
				"up": {
					"uv": [10.5, 14.5, 13.5, 15],
					"texture": "#texture",
					"rotation": 90
				},
				"down": {
					"uv": [10.5, 14.5, 13.5, 15],
					"texture": "#texture",
					"rotation": 270
				}
			}
		},
		{
			"name": "cube",
			"from": [7.75, 17.5, 5],
			"to": [8.25, 18, 8],
			"faces": {
				"north": {
					"uv": [10.5, 14.5, 11, 15],
					"texture": "#texture"
				},
				"east": {
					"uv": [13.5, 14.5, 10.5, 15],
					"texture": "#texture"
				},
				"south": {
					"uv": [13, 14.5, 13.5, 15],
					"texture": "#texture"
				},
				"west": {
					"uv": [10.5, 14.5, 13.5, 15],
					"texture": "#texture"
				},
				"up": {
					"uv": [10.5, 14.5, 13.5, 15],
					"texture": "#texture",
					"rotation": 90
				},
				"down": {
					"uv": [10.5, 14.5, 13.5, 15],
					"texture": "#texture",
					"rotation": 270
				}
			}
		},
		{
			"name": "cube",
			"from": [7.75, 18, 6.5],
			"to": [8.25, 24.5, 8],
			"faces": {
				"north": {
					"uv": [11.5, 7.5, 12, 14],
					"texture": "#texture"
				},
				"east": {
					"uv": [13, 7.5, 11.5, 14],
					"texture": "#texture"
				},
				"south": {
					"uv": [12.5, 7.5, 13, 14],
					"texture": "#texture"
				},
				"west": {
					"uv": [11.5, 7.5, 13, 14],
					"texture": "#texture"
				}
			}
		},
		{
			"name": "cube",
			"from": [7.75, 18, 8],
			"to": [8.25, 19, 8.5],
			"faces": {
				"east": {
					"uv": [13, 13, 13.5, 14],
					"texture": "#texture"
				},
				"south": {
					"uv": [13, 13, 13.5, 14],
					"texture": "#texture"
				},
				"west": {
					"uv": [13, 13, 13.5, 14],
					"texture": "#texture"
				},
				"up": {
					"uv": [13, 13, 13.5, 13.5],
					"texture": "#texture"
				},
				"down": {
					"uv": [13, 13.5, 13.5, 14],
					"texture": "#texture"
				}
			}
		},
		{
			"name": "cube",
			"from": [7.75, 20, 8],
			"to": [8.25, 21, 8.5],
			"faces": {
				"east": {
					"uv": [13, 11, 13.5, 12],
					"texture": "#texture"
				},
				"south": {
					"uv": [13, 11, 13.5, 12],
					"texture": "#texture"
				},
				"west": {
					"uv": [13, 11, 13.5, 12],
					"texture": "#texture"
				},
				"up": {
					"uv": [13, 11, 13.5, 11.5],
					"texture": "#texture"
				},
				"down": {
					"uv": [13, 11.5, 13.5, 12],
					"texture": "#texture"
				}
			}
		},
		{
			"name": "cube",
			"from": [7.75, 22.5, 8],
			"to": [8.25, 23.5, 8.5],
			"faces": {
				"east": {
					"uv": [13, 8.5, 13.5, 9.5],
					"texture": "#texture"
				},
				"south": {
					"uv": [13, 8.5, 13.5, 9.5],
					"texture": "#texture"
				},
				"west": {
					"uv": [13, 8.5, 13.5, 9.5],
					"texture": "#texture"
				},
				"up": {
					"uv": [13, 8.5, 13.5, 9],
					"texture": "#texture"
				},
				"down": {
					"uv": [13, 9, 13.5, 9.5],
					"texture": "#texture"
				}
			}
		},
		{
			"name": "cube",
			"from": [7.75, 18, 4.5],
			"to": [8.25, 18.5, 6.5],
			"faces": {
				"north": {
					"uv": [9.5, 13.5, 10, 14],
					"texture": "#texture"
				},
				"east": {
					"uv": [11.5, 13.5, 9.5, 14],
					"texture": "#texture"
				},
				"west": {
					"uv": [9.5, 13.5, 11.5, 14],
					"texture": "#texture"
				},
				"up": {
					"uv": [9.5, 13.5, 11.5, 14],
					"texture": "#texture",
					"rotation": 90
				},
				"down": {
					"uv": [9.5, 13.5, 11.5, 14],
					"texture": "#texture",
					"rotation": 270
				}
			}
		},
		{
			"name": "cube",
			"from": [7.75, 18.5, 4.5],
			"to": [8.25, 19, 5.5],
			"faces": {
				"north": {
					"uv": [9.5, 13, 10, 13.5],
					"texture": "#texture"
				},
				"east": {
					"uv": [10.5, 13, 9.5, 13.5],
					"texture": "#texture"
				},
				"south": {
					"uv": [10, 13, 10.5, 13.5],
					"texture": "#texture"
				},
				"west": {
					"uv": [9.5, 13, 10.5, 13.5],
					"texture": "#texture"
				},
				"up": {
					"uv": [9.5, 13, 10.5, 13.5],
					"texture": "#texture",
					"rotation": 90
				}
			}
		},
		{
			"name": "cube",
			"from": [7.75, 21, 6],
			"to": [8.25, 22.5, 6.5],
			"faces": {
				"north": {
					"uv": [11, 9.5, 11.5, 11],
					"texture": "#texture"
				},
				"east": {
					"uv": [11, 9.5, 11.5, 11],
					"texture": "#texture"
				},
				"west": {
					"uv": [11, 9.5, 11.5, 11],
					"texture": "#texture"
				},
				"up": {
					"uv": [11, 9.5, 11.5, 10],
					"texture": "#texture"
				},
				"down": {
					"uv": [11, 10.5, 11.5, 11],
					"texture": "#texture"
				}
			}
		},
		{
			"name": "cube",
			"from": [7.75, 22, 5.5],
			"to": [8.25, 23, 6],
			"faces": {
				"north": {
					"uv": [10.5, 9, 11, 10],
					"texture": "#texture"
				},
				"east": {
					"uv": [10.5, 9, 11, 10],
					"texture": "#texture"
				},
				"south": {
					"uv": [10.5, 9, 11, 10],
					"texture": "#texture"
				},
				"west": {
					"uv": [10.5, 9, 11, 10],
					"texture": "#texture"
				},
				"up": {
					"uv": [10.5, 9, 11, 9.5],
					"texture": "#texture"
				},
				"down": {
					"uv": [10.5, 9.5, 11, 10],
					"texture": "#texture"
				}
			}
		},
		{
			"name": "cube",
			"from": [7.75, 23, 5],
			"to": [8.25, 23.5, 5.5],
			"faces": {
				"north": {
					"uv": [10, 8.5, 10.5, 9],
					"texture": "#texture"
				},
				"east": {
					"uv": [10, 8.5, 10.5, 9],
					"texture": "#texture"
				},
				"south": {
					"uv": [10, 8.5, 10.5, 9],
					"texture": "#texture"
				},
				"west": {
					"uv": [10, 8.5, 10.5, 9],
					"texture": "#texture"
				},
				"up": {
					"uv": [10, 8.5, 10.5, 9],
					"texture": "#texture"
				},
				"down": {
					"uv": [10, 8.5, 10.5, 9],
					"texture": "#texture"
				}
			}
		},
		{
			"name": "cube",
			"from": [7.75, 23.5, 6],
			"to": [8.25, 24.5, 6.5],
			"faces": {
				"north": {
					"uv": [11, 7.5, 11.5, 8.5],
					"texture": "#texture"
				},
				"east": {
					"uv": [11, 7.5, 11.5, 8.5],
					"texture": "#texture"
				},
				"west": {
					"uv": [11, 7.5, 11.5, 8.5],
					"texture": "#texture"
				},
				"up": {
					"uv": [11, 7.5, 11.5, 8],
					"texture": "#texture"
				},
				"down": {
					"uv": [11, 7.5, 11.5, 8],
					"texture": "#texture"
				}
			}
		},
		{
			"name": "cube",
			"from": [7.75, 24.5, 6.5],
			"to": [8.25, 25.5, 8.5],
			"faces": {
				"north": {
					"uv": [11.5, 6.5, 12, 7.5],
					"texture": "#texture"
				},
				"east": {
					"uv": [13.5, 6.5, 11.5, 7.5],
					"texture": "#texture"
				},
				"south": {
					"uv": [13, 6.5, 13.5, 7.5],
					"texture": "#texture"
				},
				"west": {
					"uv": [11.5, 6.5, 13.5, 7.5],
					"texture": "#texture"
				},
				"up": {
					"uv": [11.5, 6.5, 13.5, 7],
					"texture": "#texture",
					"rotation": 90
				},
				"down": {
					"uv": [11.5, 7, 13.5, 7.5],
					"texture": "#texture",
					"rotation": 270
				}
			}
		},
		{
			"name": "cube",
			"from": [7.75, 25, 5.5],
			"to": [8.25, 25.5, 6.5],
			"faces": {
				"north": {
					"uv": [10.5, 6.5, 11, 7],
					"texture": "#texture"
				},
				"east": {
					"uv": [11.5, 6.5, 10.5, 7],
					"texture": "#texture"
				},
				"west": {
					"uv": [10.5, 6.5, 11.5, 7],
					"texture": "#texture"
				},
				"up": {
					"uv": [10.5, 6.5, 11.5, 7],
					"texture": "#texture",
					"rotation": 90
				},
				"down": {
					"uv": [10.5, 6.5, 11.5, 7],
					"texture": "#texture",
					"rotation": 270
				}
			}
		},
		{
			"name": "cube",
			"from": [7.75, 25.5, 6],
			"to": [8.25, 26, 8],
			"faces": {
				"north": {
					"uv": [11, 6, 11.5, 6.5],
					"texture": "#texture"
				},
				"east": {
					"uv": [13, 6, 11, 6.5],
					"texture": "#texture"
				},
				"south": {
					"uv": [12.5, 6, 13, 6.5],
					"texture": "#texture"
				},
				"west": {
					"uv": [11, 6, 13, 6.5],
					"texture": "#texture"
				},
				"up": {
					"uv": [11, 6, 13, 6.5],
					"texture": "#texture",
					"rotation": 90
				},
				"down": {
					"uv": [11, 6, 13, 6.5],
					"texture": "#texture",
					"rotation": 270
				}
			}
		},
		{
			"name": "cube",
			"from": [7.75, 26, 5.5],
			"to": [8.25, 27, 7.5],
			"faces": {
				"north": {
					"uv": [10.5, 5, 11, 6],
					"texture": "#texture"
				},
				"east": {
					"uv": [12.5, 5, 10.5, 6],
					"texture": "#texture"
				},
				"south": {
					"uv": [12, 5, 12.5, 6],
					"texture": "#texture"
				},
				"west": {
					"uv": [10.5, 5, 12.5, 6],
					"texture": "#texture"
				},
				"up": {
					"uv": [10.5, 5, 12.5, 5.5],
					"texture": "#texture",
					"rotation": 90
				},
				"down": {
					"uv": [10.5, 5.5, 12.5, 6],
					"texture": "#texture",
					"rotation": 270
				}
			}
		},
		{
			"name": "cube",
			"from": [7.75, 27, 4.5],
			"to": [8.25, 27.5, 7],
			"faces": {
				"north": {
					"uv": [9.5, 4.5, 10, 5],
					"texture": "#texture"
				},
				"east": {
					"uv": [12, 4.5, 9.5, 5],
					"texture": "#texture"
				},
				"south": {
					"uv": [11.5, 4.5, 12, 5],
					"texture": "#texture"
				},
				"west": {
					"uv": [9.5, 4.5, 12, 5],
					"texture": "#texture"
				},
				"up": {
					"uv": [9.5, 4.5, 12, 5],
					"texture": "#texture",
					"rotation": 90
				},
				"down": {
					"uv": [9.5, 4.5, 12, 5],
					"texture": "#texture",
					"rotation": 270
				}
			}
		},
		{
			"name": "cube",
			"from": [7.75, 27.5, 5],
			"to": [8.25, 28, 6.5],
			"faces": {
				"north": {
					"uv": [10, 4, 10.5, 4.5],
					"texture": "#texture"
				},
				"east": {
					"uv": [11.5, 4, 10, 4.5],
					"texture": "#texture"
				},
				"south": {
					"uv": [11, 4, 11.5, 4.5],
					"texture": "#texture"
				},
				"west": {
					"uv": [10, 4, 11.5, 4.5],
					"texture": "#texture"
				},
				"up": {
					"uv": [10, 4, 11.5, 4.5],
					"texture": "#texture",
					"rotation": 90
				}
			}
		},
		{
			"name": "cube",
			"from": [7.75, 28, 5],
			"to": [8.25, 29, 6],
			"faces": {
				"north": {
					"uv": [10, 3, 10.5, 4],
					"texture": "#texture"
				},
				"east": {
					"uv": [11, 3, 10, 4],
					"texture": "#texture"
				},
				"south": {
					"uv": [10.5, 3, 11, 4],
					"texture": "#texture"
				},
				"west": {
					"uv": [10, 3, 11, 4],
					"texture": "#texture"
				},
				"up": {
					"uv": [10, 3, 11, 3.5],
					"texture": "#texture",
					"rotation": 90
				}
			}
		},
		{
			"name": "cube",
			"from": [7.75, 29, 5],
			"to": [8.25, 30, 5.5],
			"faces": {
				"north": {
					"uv": [10, 2, 10.5, 3],
					"texture": "#texture"
				},
				"east": {
					"uv": [10, 2, 10.5, 3],
					"texture": "#texture"
				},
				"south": {
					"uv": [10, 2, 10.5, 3],
					"texture": "#texture"
				},
				"west": {
					"uv": [10, 2, 10.5, 3],
					"texture": "#texture"
				},
				"up": {
					"uv": [10, 2, 10.5, 2.5],
					"texture": "#texture"
				}
			}
		},
		{
			"name": "cube",
			"from": [7.875, 24.5, 7.5],
			"to": [8.125, 26.5, 10],
			"faces": {
				"north": {
					"uv": [14.5, 5.5, 15, 7.5],
					"texture": "#texture"
				},
				"east": {
					"uv": [15, 5.5, 12.5, 7.5],
					"texture": "#texture"
				},
				"south": {
					"uv": [14.5, 5.5, 15, 7.5],
					"texture": "#texture"
				},
				"west": {
					"uv": [12.5, 5.5, 15, 7.5],
					"texture": "#texture"
				},
				"up": {
					"uv": [12.5, 5.5, 15, 6],
					"texture": "#texture",
					"rotation": 90
				}
			}
		},
		{
			"name": "cube",
			"from": [7.875, 26.5, 7.5],
			"to": [8.125, 27, 9.5],
			"faces": {
				"east": {
					"uv": [14.5, 5, 12.5, 5.5],
					"texture": "#texture"
				},
				"south": {
					"uv": [14, 5, 14.5, 5.5],
					"texture": "#texture"
				},
				"west": {
					"uv": [12.5, 5, 14.5, 5.5],
					"texture": "#texture"
				},
				"up": {
					"uv": [12.5, 5, 14.5, 5.5],
					"texture": "#texture",
					"rotation": 90
				}
			}
		},
		{
			"name": "cube",
			"from": [7.875, 27, 6.5],
			"to": [8.125, 28, 9],
			"faces": {
				"north": {
					"uv": [11.5, 4, 12, 5],
					"texture": "#texture"
				},
				"east": {
					"uv": [14, 4, 11.5, 5],
					"texture": "#texture"
				},
				"south": {
					"uv": [13.5, 4, 14, 5],
					"texture": "#texture"
				},
				"west": {
					"uv": [11.5, 4, 14, 5],
					"texture": "#texture"
				},
				"up": {
					"uv": [11.5, 4, 14, 4.5],
					"texture": "#texture",
					"rotation": 90
				},
				"down": {
					"uv": [11.5, 4, 14, 4.5],
					"texture": "#texture"
				}
			}
		},
		{
			"name": "cube",
			"from": [7.875, 28, 6],
			"to": [8.125, 29, 8.5],
			"faces": {
				"east": {
					"uv": [13.5, 3, 11, 4],
					"texture": "#texture"
				},
				"south": {
					"uv": [13, 3, 13.5, 4],
					"texture": "#texture"
				},
				"west": {
					"uv": [11, 3, 13.5, 4],
					"texture": "#texture"
				},
				"up": {
					"uv": [11, 3, 13.5, 3.5],
					"texture": "#texture",
					"rotation": 90
				},
				"down": {
					"uv": [11, 3, 13.5, 3.5],
					"texture": "#texture"
				}
			}
		},
		{
			"name": "cube",
			"from": [7.875, 29, 5.5],
			"to": [8.125, 29.5, 8],
			"faces": {
				"east": {
					"uv": [13, 2.5, 10.5, 3],
					"texture": "#texture"
				},
				"south": {
					"uv": [12.5, 2.5, 13, 3],
					"texture": "#texture"
				},
				"west": {
					"uv": [10.5, 2.5, 13, 3],
					"texture": "#texture"
				},
				"up": {
					"uv": [10.5, 2.5, 13, 3],
					"texture": "#texture",
					"rotation": 90
				},
				"down": {
					"uv": [10.5, 2.5, 13, 3],
					"texture": "#texture",
					"rotation": 270
				}
			}
		},
		{
			"name": "cube",
			"from": [7.875, 29.5, 5.5],
			"to": [8.125, 30, 7.5],
			"faces": {
				"east": {
					"uv": [12.5, 2, 10.5, 2.5],
					"texture": "#texture"
				},
				"south": {
					"uv": [12, 2, 12.5, 2.5],
					"texture": "#texture"
				},
				"west": {
					"uv": [10.5, 2, 12.5, 2.5],
					"texture": "#texture"
				},
				"up": {
					"uv": [10.5, 2, 12.5, 2.5],
					"texture": "#texture",
					"rotation": 90
				}
			}
		},
		{
			"name": "cube",
			"from": [7.875, 30, 5],
			"to": [8.125, 30.5, 7],
			"faces": {
				"north": {
					"uv": [10, 1.5, 10.5, 2],
					"texture": "#texture"
				},
				"east": {
					"uv": [12, 1.5, 10, 2],
					"texture": "#texture"
				},
				"south": {
					"uv": [11.5, 1.5, 12, 2],
					"texture": "#texture"
				},
				"west": {
					"uv": [10, 1.5, 12, 2],
					"texture": "#texture"
				},
				"up": {
					"uv": [10, 1.5, 12, 2],
					"texture": "#texture",
					"rotation": 90
				},
				"down": {
					"uv": [10, 1.5, 12, 2],
					"texture": "#texture",
					"rotation": 270
				}
			}
		},
		{
			"name": "cube",
			"from": [7.875, 30.5, 5],
			"to": [8.125, 31, 6.5],
			"faces": {
				"north": {
					"uv": [10, 1, 10.5, 1.5],
					"texture": "#texture"
				},
				"east": {
					"uv": [11.5, 1, 10, 1.5],
					"texture": "#texture"
				},
				"south": {
					"uv": [11, 1, 11.5, 1.5],
					"texture": "#texture"
				},
				"west": {
					"uv": [10, 1, 11.5, 1.5],
					"texture": "#texture"
				},
				"up": {
					"uv": [10, 1, 11.5, 1.5],
					"texture": "#texture",
					"rotation": 90
				}
			}
		},
		{
			"name": "cube",
			"from": [7.875, 31, 5],
			"to": [8.125, 31.5, 5.5],
			"faces": {
				"north": {
					"uv": [10, 0.5, 10.5, 1],
					"texture": "#texture"
				},
				"east": {
					"uv": [10, 0.5, 10.5, 1],
					"texture": "#texture"
				},
				"south": {
					"uv": [10, 0.5, 10.5, 1],
					"texture": "#texture"
				},
				"west": {
					"uv": [10, 0.5, 10.5, 1],
					"texture": "#texture"
				},
				"up": {
					"uv": [10, 0.5, 10.5, 1],
					"texture": "#texture"
				}
			}
		},
		{
			"name": "cube",
			"from": [7.5, 1.5, 7.5],
			"to": [8.5, 4, 8],
			"faces": {
				"north": {
					"uv": [5, 12, 5.5, 14.5],
					"texture": "#texture"
				},
				"east": {
					"uv": [5, 12, 5.5, 14.5],
					"texture": "#texture"
				},
				"south": {
					"uv": [5, 12, 5.5, 14.5],
					"texture": "#texture"
				},
				"west": {
					"uv": [5, 12, 5.5, 14.5],
					"texture": "#texture"
				},
				"down": {
					"uv": [5, 14, 5.5, 14.5],
					"texture": "#texture"
				}
			}
		},
		{
			"name": "cube",
			"from": [7.5, 4, 7.5],
			"to": [8.5, 7, 8.5],
			"faces": {
				"north": {
					"uv": [5, 9, 5.5, 12],
					"texture": "#texture"
				},
				"east": {
					"uv": [6, 9, 5, 12],
					"texture": "#texture"
				},
				"south": {
					"uv": [5.5, 9, 6, 12],
					"texture": "#texture"
				},
				"west": {
					"uv": [5, 9, 6, 12],
					"texture": "#texture"
				},
				"up": {
					"uv": [5, 9, 6, 9.5],
					"texture": "#texture",
					"rotation": 90
				},
				"down": {
					"uv": [5, 11.5, 6, 12],
					"texture": "#texture",
					"rotation": 270
				}
			}
		},
		{
			"name": "cube",
			"from": [7.5, 5.5, 8.5],
			"to": [8.5, 7.5, 9],
			"faces": {
				"north": {
					"uv": [6, 8.5, 6.5, 10.5],
					"texture": "#texture"
				},
				"east": {
					"uv": [6, 8.5, 6.5, 10.5],
					"texture": "#texture"
				},
				"south": {
					"uv": [6, 8.5, 6.5, 10.5],
					"texture": "#texture"
				},
				"west": {
					"uv": [6, 8.5, 6.5, 10.5],
					"texture": "#texture"
				},
				"up": {
					"uv": [6, 8.5, 6.5, 9],
					"texture": "#texture"
				},
				"down": {
					"uv": [6, 10, 6.5, 10.5],
					"texture": "#texture"
				}
			}
		},
		{
			"name": "cube",
			"from": [7.5, 6.5, 9],
			"to": [8.5, 7.5, 9.5],
			"faces": {
				"east": {
					"uv": [6.5, 8.5, 7, 9.5],
					"texture": "#texture"
				},
				"south": {
					"uv": [6.5, 8.5, 7, 9.5],
					"texture": "#texture"
				},
				"west": {
					"uv": [6.5, 8.5, 7, 9.5],
					"texture": "#texture"
				},
				"up": {
					"uv": [6.5, 8.5, 7, 9],
					"texture": "#texture",
					"rotation": 90
				},
				"down": {
					"uv": [6.5, 9, 7, 9.5],
					"texture": "#texture",
					"rotation": 270
				}
			}
		},
		{
			"name": "cube",
			"from": [7.5, 6, 7],
			"to": [8.5, 7, 7.5],
			"faces": {
				"north": {
					"uv": [4.5, 9, 5, 10],
					"texture": "#texture"
				},
				"east": {
					"uv": [4.5, 9, 5, 10],
					"texture": "#texture"
				},
				"west": {
					"uv": [4.5, 9, 5, 10],
					"texture": "#texture"
				},
				"up": {
					"uv": [4.5, 9, 5, 9.5],
					"texture": "#texture"
				},
				"down": {
					"uv": [4.5, 9.5, 5, 10],
					"texture": "#texture"
				}
			}
		},
		{
			"name": "cube",
			"from": [7.5, 6.5, 6.5],
			"to": [8.5, 7.5, 7],
			"faces": {
				"north": {
					"uv": [4, 8.5, 4.5, 9.5],
					"texture": "#texture"
				},
				"east": {
					"uv": [4, 8.5, 4.5, 9.5],
					"texture": "#texture"
				},
				"south": {
					"uv": [4, 8.5, 4.5, 9.5],
					"texture": "#texture"
				},
				"west": {
					"uv": [4, 8.5, 4.5, 9.5],
					"texture": "#texture"
				},
				"up": {
					"uv": [4, 8.5, 4.5, 9],
					"texture": "#texture"
				},
				"down": {
					"uv": [4, 9, 4.5, 9.5],
					"texture": "#texture"
				}
			}
		},
		{
			"name": "cube",
			"from": [7.5, 7, 6],
			"to": [8.5, 7.5, 6.5],
			"faces": {
				"north": {
					"uv": [3.5, 8.5, 4, 9],
					"texture": "#texture"
				},
				"east": {
					"uv": [3.5, 8.5, 4, 9],
					"texture": "#texture"
				},
				"west": {
					"uv": [3.5, 8.5, 4, 9],
					"texture": "#texture"
				},
				"up": {
					"uv": [3.5, 8.5, 4, 9],
					"texture": "#texture"
				},
				"down": {
					"uv": [3.5, 8.5, 4, 9],
					"texture": "#texture"
				}
			}
		},
		{
			"name": "cube",
			"from": [7.5, 7.5, 5.5],
			"to": [8.5, 8.5, 6],
			"faces": {
				"north": {
					"uv": [3, 7.5, 3.5, 8.5],
					"texture": "#texture"
				},
				"east": {
					"uv": [3, 7.5, 3.5, 8.5],
					"texture": "#texture"
				},
				"south": {
					"uv": [3, 7.5, 3.5, 8.5],
					"texture": "#texture"
				},
				"west": {
					"uv": [3, 7.5, 3.5, 8.5],
					"texture": "#texture"
				},
				"up": {
					"uv": [3, 7.5, 3.5, 8],
					"texture": "#texture"
				},
				"down": {
					"uv": [3, 8, 3.5, 8.5],
					"texture": "#texture"
				}
			}
		},
		{
			"name": "cube",
			"from": [7.5, 7.5, 9.5],
			"to": [8.5, 8.5, 10],
			"faces": {
				"north": {
					"uv": [7, 7.5, 7.5, 8.5],
					"texture": "#texture"
				},
				"east": {
					"uv": [7, 7.5, 7.5, 8.5],
					"texture": "#texture"
				},
				"south": {
					"uv": [7, 7.5, 7.5, 8.5],
					"texture": "#texture"
				},
				"west": {
					"uv": [7, 7.5, 7.5, 8.5],
					"texture": "#texture"
				},
				"up": {
					"uv": [7, 7.5, 7.5, 8],
					"texture": "#texture"
				},
				"down": {
					"uv": [7, 8, 7.5, 8.5],
					"texture": "#texture"
				}
			}
		},
		{
			"name": "cube",
			"from": [7.5, 10, 5.5],
			"to": [8.5, 11, 6],
			"faces": {
				"north": {
					"uv": [3, 5, 3.5, 6],
					"texture": "#texture"
				},
				"east": {
					"uv": [3, 5, 3.5, 6],
					"texture": "#texture"
				},
				"south": {
					"uv": [3, 5, 3.5, 6],
					"texture": "#texture"
				},
				"west": {
					"uv": [3, 5, 3.5, 6],
					"texture": "#texture"
				},
				"up": {
					"uv": [3, 5, 3.5, 5.5],
					"texture": "#texture"
				},
				"down": {
					"uv": [3, 5.5, 3.5, 6],
					"texture": "#texture"
				}
			}
		},
		{
			"name": "cube",
			"from": [7.5, 8.5, 10],
			"to": [8.5, 10, 10.5],
			"faces": {
				"north": {
					"uv": [7.5, 6, 8, 7.5],
					"texture": "#texture"
				},
				"east": {
					"uv": [7.5, 6, 8, 7.5],
					"texture": "#texture"
				},
				"south": {
					"uv": [7.5, 6, 8, 7.5],
					"texture": "#texture"
				},
				"west": {
					"uv": [7.5, 6, 8, 7.5],
					"texture": "#texture"
				},
				"up": {
					"uv": [7.5, 6, 8, 6.5],
					"texture": "#texture"
				},
				"down": {
					"uv": [7.5, 7, 8, 7.5],
					"texture": "#texture"
				}
			}
		},
		{
			"name": "cube",
			"from": [7.5, 8.5, 5],
			"to": [8.5, 10, 5.5],
			"faces": {
				"north": {
					"uv": [2.5, 6, 3, 7.5],
					"texture": "#texture"
				},
				"east": {
					"uv": [2.5, 6, 3, 7.5],
					"texture": "#texture"
				},
				"south": {
					"uv": [2.5, 6, 3, 7.5],
					"texture": "#texture"
				},
				"west": {
					"uv": [2.5, 6, 3, 7.5],
					"texture": "#texture"
				},
				"up": {
					"uv": [2.5, 6, 3, 6.5],
					"texture": "#texture"
				},
				"down": {
					"uv": [2.5, 7, 3, 7.5],
					"texture": "#texture"
				}
			}
		},
		{
			"name": "cube",
			"from": [7.5, 11, 6],
			"to": [8.5, 11.5, 7],
			"faces": {
				"north": {
					"uv": [3.5, 4.5, 4, 5],
					"texture": "#texture"
				},
				"east": {
					"uv": [3.5, 4.5, 4.5, 5],
					"texture": "#texture"
				},
				"south": {
					"uv": [4, 4.5, 4.5, 5],
					"texture": "#texture"
				},
				"west": {
					"uv": [3.5, 4.5, 4.5, 5],
					"texture": "#texture"
				},
				"up": {
					"uv": [3.5, 4.5, 4.5, 5],
					"texture": "#texture",
					"rotation": 90
				},
				"down": {
					"uv": [3.5, 4.5, 4.5, 5],
					"texture": "#texture",
					"rotation": 270
				}
			}
		},
		{
			"name": "cube",
			"from": [7.5, 11.5, 7],
			"to": [8.5, 12, 8.5],
			"faces": {
				"north": {
					"uv": [4.5, 4, 5, 4.5],
					"texture": "#texture"
				},
				"east": {
					"uv": [4.5, 4, 6, 4.5],
					"texture": "#texture"
				},
				"south": {
					"uv": [5.5, 4, 6, 4.5],
					"texture": "#texture"
				},
				"west": {
					"uv": [4.5, 4, 6, 4.5],
					"texture": "#texture"
				},
				"up": {
					"uv": [4.5, 4, 6, 4.5],
					"texture": "#texture",
					"rotation": 90
				},
				"down": {
					"uv": [4.5, 4, 6, 4.5],
					"texture": "#texture",
					"rotation": 270
				}
			}
		},
		{
			"name": "cube",
			"from": [7.5, 11, 8.5],
			"to": [8.5, 11.5, 9.5],
			"faces": {
				"north": {
					"uv": [6, 4.5, 6.5, 5],
					"texture": "#texture"
				},
				"east": {
					"uv": [7, 4.5, 6, 5],
					"texture": "#texture"
				},
				"south": {
					"uv": [6.5, 4.5, 7, 5],
					"texture": "#texture"
				},
				"west": {
					"uv": [6, 4.5, 7, 5],
					"texture": "#texture"
				},
				"up": {
					"uv": [6, 4.5, 7, 5],
					"texture": "#texture",
					"rotation": 90
				},
				"down": {
					"uv": [6, 4.5, 7, 5],
					"texture": "#texture",
					"rotation": 270
				}
			}
		},
		{
			"name": "cube",
			"from": [7.5, 10, 9.5],
			"to": [8.5, 11, 10],
			"faces": {
				"north": {
					"uv": [7, 5, 7.5, 6],
					"texture": "#texture"
				},
				"east": {
					"uv": [7, 5, 7.5, 6],
					"texture": "#texture"
				},
				"south": {
					"uv": [7, 5, 7.5, 6],
					"texture": "#texture"
				},
				"west": {
					"uv": [7, 5, 7.5, 6],
					"texture": "#texture"
				},
				"up": {
					"uv": [7, 5, 7.5, 5.5],
					"texture": "#texture"
				},
				"down": {
					"uv": [7, 5.5, 7.5, 6],
					"texture": "#texture"
				}
			}
		}
	],
	"groups": [
		0,
		1,
		2,
		3,
		4,
		5,
		6,
		7,
		8,
		9,
		10,
		11,
		12,
		13,
		14,
		15,
		16,
		17,
		18,
		19,
		20,
		21,
		22,
		23,
		24,
		25,
		26,
		27,
		28,
		29,
		30,
		31,
		32,
		33,
		34,
		35,
		36,
		37,
		38,
		39,
		40,
		41,
		42,
		43,
		44,
		45,
		46,
		47,
		48,
		49,
		50,
		51,
		52,
		53,
		54,
		55,
		56,
		57,
		58,
		59,
		60,
		61,
		62,
		63,
		64,
		65,
		66,
		67,
		68,
		69,
		70,
		71,
		72,
		73,
		74,
		75,
		76,
		77,
		78,
		79,
		80,
		81,
		82,
		83,
		84,
		85,
		86,
		87
	],
	"display": {
		"thirdperson_righthand": {
			"rotation": [0, 180, 0],
			"scale": [0.95, 1.225, 0.975],
			"translation": [0, 3, 0]
		},
		"ground": {
			"translation": [0, 3, 0],
			"scale": [0.95, 1.225, 0.975],
			"rotation": [91, 88, 0]
		},
		"fixed": {
			"rotation": [90, -45, 90],
			"translation": [2.65, -5.1, -0.38],
			"scale": [0.75, 0.75, 0.75]
		},
		"firstperson_righthand": {
			"rotation": [6, -177, 3],
			"translation": [5.48, 0, -3.59],
			"scale": [0.8, 0.8, 0.8]
		},
		"gui": {
			"rotation": [90, 45, -90],
			"translation": [-2.46, -4.16, 0],
			"scale": [0.63, 0.63, 0.63]
		},
		"thirdperson_lefthand": {
			"scale": [0.95, 1.225, 0.975],
			"rotation": [0, 180, 0],
			"translation": [0, 3, 0]
		},
		"firstperson_lefthand": {
			"scale": [0.95, 1.225, 0.975],
			"translation": [5.5, -13.5, -3],
			"rotation": [0, 180, 0]
		},
		"head": {
			"scale": [0.95, 1.225, 0.975],
			"translation": [7, -8.5, 5.5],
			"rotation": [86, -130, -93]
		}
	}
}