{
	"credit": "Made with Blockbench",
	"textures": {
		"texture": "block/weapons/cauldron_inner",
		"log_oak": "block/weapons/log_oak",
		"particle": "block/weapons/stone"
	},
	"elements": [
		{
			"from": [6.25, 4.375, 7.875],
			"to": [7.125, 4.875, 8.125],
			"faces": {
				"north": {"uv": [8.875, 11.125, 9.75, 11.625], "texture": "#texture"},
				"east": {"uv": [7.875, 11.125, 8.125, 11.625], "texture": "#texture"},
				"south": {"uv": [6.25, 11.125, 7.125, 11.625], "texture": "#texture"},
				"west": {"uv": [7.875, 11.125, 8.125, 11.625], "texture": "#texture"},
				"up": {"uv": [6.25, 7.875, 7.125, 8.125], "texture": "#texture"},
				"down": {"uv": [9.75, 8.125, 8.875, 7.875], "texture": "#texture"}
			}
		},
		{
			"from": [6.375, 4.125, 7.875],
			"to": [7.125, 4.375, 8.125],
			"faces": {
				"north": {"uv": [8.875, 11.625, 9.625, 11.875], "texture": "#texture"},
				"east": {"uv": [7.875, 11.625, 8.125, 11.875], "texture": "#texture"},
				"south": {"uv": [6.375, 11.625, 7.125, 11.875], "texture": "#texture"},
				"west": {"uv": [7.875, 11.625, 8.125, 11.875], "texture": "#texture"},
				"up": {"uv": [6.375, 7.875, 7.125, 8.125], "texture": "#texture"},
				"down": {"uv": [9.625, 8.125, 8.875, 7.875], "texture": "#texture"}
			}
		},
		{
			"from": [6.375, 4.875, 7.875],
			"to": [7.25, 5, 8.125],
			"faces": {
				"north": {"uv": [8.75, 11, 9.625, 11.125], "texture": "#texture"},
				"east": {"uv": [7.875, 11, 8.125, 11.125], "texture": "#texture"},
				"south": {"uv": [6.375, 11, 7.25, 11.125], "texture": "#texture"},
				"west": {"uv": [7.875, 11, 8.125, 11.125], "texture": "#texture"},
				"up": {"uv": [6.375, 7.875, 7.25, 8.125], "texture": "#texture"},
				"down": {"uv": [9.625, 8.125, 8.75, 7.875], "texture": "#texture"}
			}
		},
		{
			"from": [6.5, 3.5, 7.75],
			"to": [7.125, 3.75, 8.25],
			"faces": {
				"north": {"uv": [8.875, 12.25, 9.5, 12.5], "texture": "#texture"},
				"east": {"uv": [7.75, 12.25, 8.25, 12.5], "texture": "#texture"},
				"south": {"uv": [6.5, 12.25, 7.125, 12.5], "texture": "#texture"},
				"west": {"uv": [7.75, 12.25, 8.25, 12.5], "texture": "#texture"},
				"up": {"uv": [6.5, 7.75, 7.125, 8.25], "texture": "#texture"},
				"down": {"uv": [9.5, 8.25, 8.875, 7.75], "texture": "#texture"}
			}
		},
		{
			"from": [6.5, 3.875, 7.75],
			"to": [7.125, 4.125, 8.25],
			"faces": {
				"north": {"uv": [8.875, 11.875, 9.5, 12.125], "texture": "#texture"},
				"east": {"uv": [7.75, 11.875, 8.25, 12.125], "texture": "#texture"},
				"south": {"uv": [6.5, 11.875, 7.125, 12.125], "texture": "#texture"},
				"west": {"uv": [7.75, 11.875, 8.25, 12.125], "texture": "#texture"},
				"up": {"uv": [6.5, 7.75, 7.125, 8.25], "texture": "#texture"},
				"down": {"uv": [9.5, 8.25, 8.875, 7.75], "texture": "#texture"}
			}
		},
		{
			"from": [6.5, 4.125, 7.75],
			"to": [7.125, 5.125, 7.875],
			"faces": {
				"north": {"uv": [8.875, 10.875, 9.5, 11.875], "texture": "#texture"},
				"east": {"uv": [8.125, 10.875, 8.25, 11.875], "texture": "#texture"},
				"south": {"uv": [6.5, 10.875, 7.125, 11.875], "texture": "#texture"},
				"west": {"uv": [7.75, 10.875, 7.875, 11.875], "texture": "#texture"},
				"up": {"uv": [6.5, 7.75, 7.125, 7.875], "texture": "#texture"},
				"down": {"uv": [9.5, 7.875, 8.875, 7.75], "texture": "#texture"}
			}
		},
		{
			"from": [6.5, 2.5, 7.875],
			"to": [7.125, 3.5, 8.125],
			"faces": {
				"north": {"uv": [8.875, 12.5, 9.5, 13.5], "texture": "#texture"},
				"east": {"uv": [7.875, 12.5, 8.125, 13.5], "texture": "#texture"},
				"south": {"uv": [6.5, 12.5, 7.125, 13.5], "texture": "#texture"},
				"west": {"uv": [7.875, 12.5, 8.125, 13.5], "texture": "#texture"},
				"up": {"uv": [6.5, 7.875, 7.125, 8.125], "texture": "#texture"},
				"down": {"uv": [9.5, 8.125, 8.875, 7.875], "texture": "#texture"}
			}
		},
		{
			"from": [6.5, 5, 7.875],
			"to": [7.25, 5.125, 8.25],
			"faces": {
				"north": {"uv": [8.75, 10.875, 9.5, 11], "texture": "#texture"},
				"east": {"uv": [7.75, 10.875, 8.125, 11], "texture": "#texture"},
				"south": {"uv": [6.5, 10.875, 7.25, 11], "texture": "#texture"},
				"west": {"uv": [7.875, 10.875, 8.25, 11], "texture": "#texture"},
				"up": {"uv": [6.5, 7.875, 7.25, 8.25], "texture": "#texture"},
				"down": {"uv": [9.5, 8.25, 8.75, 7.875], "texture": "#texture"}
			}
		},
		{
			"from": [6.5, 4.125, 8.125],
			"to": [7.125, 5, 8.25],
			"faces": {
				"north": {"uv": [8.875, 11, 9.5, 11.875], "texture": "#texture"},
				"east": {"uv": [7.75, 11, 7.875, 11.875], "texture": "#texture"},
				"south": {"uv": [6.5, 11, 7.125, 11.875], "texture": "#texture"},
				"west": {"uv": [8.125, 11, 8.25, 11.875], "texture": "#texture"},
				"up": {"uv": [6.5, 8.125, 7.125, 8.25], "texture": "#texture"},
				"down": {"uv": [9.5, 8.25, 8.875, 8.125], "texture": "#texture"}
			}
		},
		{
			"from": [6.625, 3, 7.75],
			"to": [7.125, 3.5, 7.875],
			"faces": {
				"north": {"uv": [8.875, 12.5, 9.375, 13], "texture": "#texture"},
				"east": {"uv": [8.125, 12.5, 8.25, 13], "texture": "#texture"},
				"south": {"uv": [6.625, 12.5, 7.125, 13], "texture": "#texture"},
				"west": {"uv": [7.75, 12.5, 7.875, 13], "texture": "#texture"},
				"up": {"uv": [6.625, 7.75, 7.125, 7.875], "texture": "#texture"},
				"down": {"uv": [9.375, 7.875, 8.875, 7.75], "texture": "#texture"}
			}
		},
		{
			"from": [6.625, 3.75, 7.75],
			"to": [7.125, 3.875, 8.25],
			"faces": {
				"north": {"uv": [8.875, 12.125, 9.375, 12.25], "texture": "#texture"},
				"east": {"uv": [7.75, 12.125, 8.25, 12.25], "texture": "#texture"},
				"south": {"uv": [6.625, 12.125, 7.125, 12.25], "texture": "#texture"},
				"west": {"uv": [7.75, 12.125, 8.25, 12.25], "texture": "#texture"},
				"up": {"uv": [6.625, 7.75, 7.125, 8.25], "texture": "#texture"},
				"down": {"uv": [9.375, 8.25, 8.875, 7.75], "texture": "#texture"}
			}
		},
		{
			"from": [6.625, 5.125, 7.75],
			"to": [7.375, 5.375, 8.25],
			"faces": {
				"north": {"uv": [8.625, 10.625, 9.375, 10.875], "texture": "#texture"},
				"east": {"uv": [7.75, 10.625, 8.25, 10.875], "texture": "#texture"},
				"south": {"uv": [6.625, 10.625, 7.375, 10.875], "texture": "#texture"},
				"west": {"uv": [7.75, 10.625, 8.25, 10.875], "texture": "#texture"},
				"up": {"uv": [6.625, 7.75, 7.375, 8.25], "texture": "#texture"},
				"down": {"uv": [9.375, 8.25, 8.625, 7.75], "texture": "#texture"}
			}
		},
		{
			"from": [6.625, 2.875, 8.125],
			"to": [7.125, 3.5, 8.25],
			"faces": {
				"north": {"uv": [8.875, 12.5, 9.375, 13.125], "texture": "#texture"},
				"east": {"uv": [7.75, 12.5, 7.875, 13.125], "texture": "#texture"},
				"south": {"uv": [6.625, 12.5, 7.125, 13.125], "texture": "#texture"},
				"west": {"uv": [8.125, 12.5, 8.25, 13.125], "texture": "#texture"},
				"up": {"uv": [6.625, 8.125, 7.125, 8.25], "texture": "#texture"},
				"down": {"uv": [9.375, 8.25, 8.875, 8.125], "texture": "#texture"}
			}
		},
		{
			"from": [6.75, 2.5, 7.75],
			"to": [7.125, 3, 7.875],
			"faces": {
				"north": {"uv": [8.875, 13, 9.25, 13.5], "texture": "#texture"},
				"east": {"uv": [8.125, 13, 8.25, 13.5], "texture": "#texture"},
				"south": {"uv": [6.75, 13, 7.125, 13.5], "texture": "#texture"},
				"west": {"uv": [7.75, 13, 7.875, 13.5], "texture": "#texture"},
				"up": {"uv": [6.75, 7.75, 7.125, 7.875], "texture": "#texture"},
				"down": {"uv": [9.25, 7.875, 8.875, 7.75], "texture": "#texture"}
			}
		},
		{
			"from": [6.75, 5.375, 7.75],
			"to": [9.375, 5.625, 8.25],
			"faces": {
				"north": {"uv": [6.625, 10.375, 9.25, 10.625], "texture": "#texture"},
				"east": {"uv": [7.75, 10.375, 8.25, 10.625], "texture": "#texture"},
				"south": {"uv": [6.75, 10.375, 9.375, 10.625], "texture": "#texture"},
				"west": {"uv": [7.75, 10.375, 8.25, 10.625], "texture": "#texture"},
				"up": {"uv": [6.75, 7.75, 9.375, 8.25], "texture": "#texture"},
				"down": {"uv": [9.25, 8.25, 6.625, 7.75], "texture": "#texture"}
			}
		},
		{
			"from": [6.75, 2.375, 7.875],
			"to": [7.375, 2.5, 8.25],
			"faces": {
				"north": {"uv": [8.625, 13.5, 9.25, 13.625], "texture": "#texture"},
				"east": {"uv": [7.75, 13.5, 8.125, 13.625], "texture": "#texture"},
				"south": {"uv": [6.75, 13.5, 7.375, 13.625], "texture": "#texture"},
				"west": {"uv": [7.875, 13.5, 8.25, 13.625], "texture": "#texture"},
				"up": {"uv": [6.75, 7.875, 7.375, 8.25], "texture": "#texture"},
				"down": {"uv": [9.25, 8.25, 8.625, 7.875], "texture": "#texture"}
			}
		},
		{
			"from": [6.75, 5.625, 7.875],
			"to": [9.5, 5.75, 8.25],
			"faces": {
				"north": {"uv": [6.5, 10.25, 9.25, 10.375], "texture": "#texture"},
				"east": {"uv": [7.75, 10.25, 8.125, 10.375], "texture": "#texture"},
				"south": {"uv": [6.75, 10.25, 9.5, 10.375], "texture": "#texture"},
				"west": {"uv": [7.875, 10.25, 8.25, 10.375], "texture": "#texture"},
				"up": {"uv": [6.75, 7.875, 9.5, 8.25], "texture": "#texture"},
				"down": {"uv": [9.25, 8.25, 6.5, 7.875], "texture": "#texture"}
			}
		},
		{
			"from": [6.75, 5.75, 7.875],
			"to": [9.5, 6, 8.125],
			"faces": {
				"north": {"uv": [6.5, 10, 9.25, 10.25], "texture": "#texture"},
				"east": {"uv": [7.875, 10, 8.125, 10.25], "texture": "#texture"},
				"south": {"uv": [6.75, 10, 9.5, 10.25], "texture": "#texture"},
				"west": {"uv": [7.875, 10, 8.125, 10.25], "texture": "#texture"},
				"up": {"uv": [6.75, 7.875, 9.5, 8.125], "texture": "#texture"},
				"down": {"uv": [9.25, 8.125, 6.5, 7.875], "texture": "#texture"}
			}
		},
		{
			"from": [6.75, 2.5, 8.125],
			"to": [7.25, 2.875, 8.25],
			"faces": {
				"north": {"uv": [8.75, 13.125, 9.25, 13.5], "texture": "#texture"},
				"east": {"uv": [7.75, 13.125, 7.875, 13.5], "texture": "#texture"},
				"south": {"uv": [6.75, 13.125, 7.25, 13.5], "texture": "#texture"},
				"west": {"uv": [8.125, 13.125, 8.25, 13.5], "texture": "#texture"},
				"up": {"uv": [6.75, 8.125, 7.25, 8.25], "texture": "#texture"},
				"down": {"uv": [9.25, 8.25, 8.75, 8.125], "texture": "#texture"}
			}
		},
		{
			"from": [6.875, 2.25, 7.75],
			"to": [7.375, 2.375, 8.25],
			"faces": {
				"north": {"uv": [8.625, 13.625, 9.125, 13.75], "texture": "#texture"},
				"east": {"uv": [7.75, 13.625, 8.25, 13.75], "texture": "#texture"},
				"south": {"uv": [6.875, 13.625, 7.375, 13.75], "texture": "#texture"},
				"west": {"uv": [7.75, 13.625, 8.25, 13.75], "texture": "#texture"},
				"up": {"uv": [6.875, 7.75, 7.375, 8.25], "texture": "#texture"},
				"down": {"uv": [9.125, 8.25, 8.625, 7.75], "texture": "#texture"}
			}
		},
		{
			"from": [6.875, 2.375, 7.75],
			"to": [7.25, 2.5, 7.875],
			"faces": {
				"north": {"uv": [8.75, 13.5, 9.125, 13.625], "texture": "#texture"},
				"east": {"uv": [8.125, 13.5, 8.25, 13.625], "texture": "#texture"},
				"south": {"uv": [6.875, 13.5, 7.25, 13.625], "texture": "#texture"},
				"west": {"uv": [7.75, 13.5, 7.875, 13.625], "texture": "#texture"},
				"up": {"uv": [6.875, 7.75, 7.25, 7.875], "texture": "#texture"},
				"down": {"uv": [9.125, 7.875, 8.75, 7.75], "texture": "#texture"}
			}
		},
		{
			"from": [6.875, 5.625, 7.75],
			"to": [9.5, 5.875, 7.875],
			"faces": {
				"north": {"uv": [6.5, 10.125, 9.125, 10.375], "texture": "#texture"},
				"east": {"uv": [8.125, 10.125, 8.25, 10.375], "texture": "#texture"},
				"south": {"uv": [6.875, 10.125, 9.5, 10.375], "texture": "#texture"},
				"west": {"uv": [7.75, 10.125, 7.875, 10.375], "texture": "#texture"},
				"up": {"uv": [6.875, 7.75, 9.5, 7.875], "texture": "#texture"},
				"down": {"uv": [9.125, 7.875, 6.5, 7.75], "texture": "#texture"}
			}
		},
		{
			"from": [6.875, 6, 7.875],
			"to": [7, 6.25, 8.125],
			"faces": {
				"north": {"uv": [9, 9.75, 9.125, 10], "texture": "#texture"},
				"east": {"uv": [7.875, 9.75, 8.125, 10], "texture": "#texture"},
				"south": {"uv": [6.875, 9.75, 7, 10], "texture": "#texture"},
				"west": {"uv": [7.875, 9.75, 8.125, 10], "texture": "#texture"},
				"up": {"uv": [6.875, 7.875, 7, 8.125], "texture": "#texture"},
				"down": {"uv": [9.125, 8.125, 9, 7.875], "texture": "#texture"}
			}
		},
		{
			"from": [6.875, 5.75, 8.125],
			"to": [9.5, 5.875, 8.25],
			"faces": {
				"north": {"uv": [6.5, 10.125, 9.125, 10.25], "texture": "#texture"},
				"east": {"uv": [7.75, 10.125, 7.875, 10.25], "texture": "#texture"},
				"south": {"uv": [6.875, 10.125, 9.5, 10.25], "texture": "#texture"},
				"west": {"uv": [8.125, 10.125, 8.25, 10.25], "texture": "#texture"},
				"up": {"uv": [6.875, 8.125, 9.5, 8.25], "texture": "#texture"},
				"down": {"uv": [9.125, 8.25, 6.5, 8.125], "texture": "#texture"}
			}
		},
		{
			"from": [7, 2.125, 7.75],
			"to": [7.5, 2.25, 8.25],
			"faces": {
				"north": {"uv": [8.5, 13.75, 9, 13.875], "texture": "#texture"},
				"east": {"uv": [7.75, 13.75, 8.25, 13.875], "texture": "#texture"},
				"south": {"uv": [7, 13.75, 7.5, 13.875], "texture": "#texture"},
				"west": {"uv": [7.75, 13.75, 8.25, 13.875], "texture": "#texture"},
				"up": {"uv": [7, 7.75, 7.5, 8.25], "texture": "#texture"},
				"down": {"uv": [9, 8.25, 8.5, 7.75], "texture": "#texture"}
			}
		},
		{
			"from": [7, 5.875, 7.75],
			"to": [9.5, 6, 7.875],
			"faces": {
				"north": {"uv": [6.5, 10, 9, 10.125], "texture": "#texture"},
				"east": {"uv": [8.125, 10, 8.25, 10.125], "texture": "#texture"},
				"south": {"uv": [7, 10, 9.5, 10.125], "texture": "#texture"},
				"west": {"uv": [7.75, 10, 7.875, 10.125], "texture": "#texture"},
				"up": {"uv": [7, 7.75, 9.5, 7.875], "texture": "#texture"},
				"down": {"uv": [9, 7.875, 6.5, 7.75], "texture": "#texture"}
			}
		},
		{
			"from": [7, 1.75, 7.875],
			"to": [8.5, 2.125, 8.125],
			"faces": {
				"north": {"uv": [7.5, 13.875, 9, 14.25], "texture": "#texture"},
				"east": {"uv": [7.875, 13.875, 8.125, 14.25], "texture": "#texture"},
				"south": {"uv": [7, 13.875, 8.5, 14.25], "texture": "#texture"},
				"west": {"uv": [7.875, 13.875, 8.125, 14.25], "texture": "#texture"},
				"up": {"uv": [7, 7.875, 8.5, 8.125], "texture": "#texture"},
				"down": {"uv": [9, 8.125, 7.5, 7.875], "texture": "#texture"}
			}
		},
		{
			"from": [7, 6, 7.875],
			"to": [7.25, 6.125, 8.125],
			"faces": {
				"north": {"uv": [8.75, 9.875, 9, 10], "texture": "#texture"},
				"east": {"uv": [7.875, 9.875, 8.125, 10], "texture": "#texture"},
				"south": {"uv": [7, 9.875, 7.25, 10], "texture": "#texture"},
				"west": {"uv": [7.875, 9.875, 8.125, 10], "texture": "#texture"},
				"up": {"uv": [7, 7.875, 7.25, 8.125], "texture": "#texture"},
				"down": {"uv": [9, 8.125, 8.75, 7.875], "texture": "#texture"}
			}
		},
		{
			"from": [7, 2, 8.125],
			"to": [8.5, 2.125, 8.25],
			"faces": {
				"north": {"uv": [7.5, 13.875, 9, 14], "texture": "#texture"},
				"east": {"uv": [7.75, 13.875, 7.875, 14], "texture": "#texture"},
				"south": {"uv": [7, 13.875, 8.5, 14], "texture": "#texture"},
				"west": {"uv": [8.125, 13.875, 8.25, 14], "texture": "#texture"},
				"up": {"uv": [7, 8.125, 8.5, 8.25], "texture": "#texture"},
				"down": {"uv": [9, 8.25, 7.5, 8.125], "texture": "#texture"}
			}
		},
		{
			"from": [7, 5.875, 8.125],
			"to": [9.5, 6, 8.25],
			"faces": {
				"north": {"uv": [6.5, 10, 9, 10.125], "texture": "#texture"},
				"east": {"uv": [7.75, 10, 7.875, 10.125], "texture": "#texture"},
				"south": {"uv": [7, 10, 9.5, 10.125], "texture": "#texture"},
				"west": {"uv": [8.125, 10, 8.25, 10.125], "texture": "#texture"},
				"up": {"uv": [7, 8.125, 9.5, 8.25], "texture": "#texture"},
				"down": {"uv": [9, 8.25, 6.5, 8.125], "texture": "#texture"}
			}
		},
		{
			"from": [7.125, 1.875, 7.75],
			"to": [8.5, 2.125, 7.875],
			"faces": {
				"north": {"uv": [7.5, 13.875, 8.875, 14.125], "texture": "#texture"},
				"east": {"uv": [8.125, 13.875, 8.25, 14.125], "texture": "#texture"},
				"south": {"uv": [7.125, 13.875, 8.5, 14.125], "texture": "#texture"},
				"west": {"uv": [7.75, 13.875, 7.875, 14.125], "texture": "#texture"},
				"up": {"uv": [7.125, 7.75, 8.5, 7.875], "texture": "#texture"},
				"down": {"uv": [8.875, 7.875, 7.5, 7.75], "texture": "#texture"}
			}
		},
		{
			"from": [7.125, 2.5, 7.75],
			"to": [7.25, 2.625, 8.125],
			"faces": {
				"north": {"uv": [8.75, 13.375, 8.875, 13.5], "texture": "#texture"},
				"east": {"uv": [7.875, 13.375, 8.25, 13.5], "texture": "#texture"},
				"south": {"uv": [7.125, 13.375, 7.25, 13.5], "texture": "#texture"},
				"west": {"uv": [7.75, 13.375, 8.125, 13.5], "texture": "#texture"},
				"up": {"uv": [7.125, 7.75, 7.25, 8.125], "texture": "#texture"},
				"down": {"uv": [8.875, 8.125, 8.75, 7.75], "texture": "#texture"}
			}
		},
		{
			"from": [7.125, 2.75, 7.75],
			"to": [7.25, 3.125, 8.125],
			"faces": {
				"north": {"uv": [8.75, 12.875, 8.875, 13.25], "texture": "#texture"},
				"east": {"uv": [7.875, 12.875, 8.25, 13.25], "texture": "#texture"},
				"south": {"uv": [7.125, 12.875, 7.25, 13.25], "texture": "#texture"},
				"west": {"uv": [7.75, 12.875, 8.125, 13.25], "texture": "#texture"},
				"up": {"uv": [7.125, 7.75, 7.25, 8.125], "texture": "#texture"},
				"down": {"uv": [8.875, 8.125, 8.75, 7.75], "texture": "#texture"}
			}
		},
		{
			"from": [7.125, 4.75, 7.75],
			"to": [7.25, 4.875, 8.25],
			"faces": {
				"north": {"uv": [8.75, 11.125, 8.875, 11.25], "texture": "#texture"},
				"east": {"uv": [7.75, 11.125, 8.25, 11.25], "texture": "#texture"},
				"south": {"uv": [7.125, 11.125, 7.25, 11.25], "texture": "#texture"},
				"west": {"uv": [7.75, 11.125, 8.25, 11.25], "texture": "#texture"},
				"up": {"uv": [7.125, 7.75, 7.25, 8.25], "texture": "#texture"},
				"down": {"uv": [8.875, 8.25, 8.75, 7.75], "texture": "#texture"}
			}
		},
		{
			"from": [7.125, 4.875, 7.75],
			"to": [7.25, 5.125, 7.875],
			"faces": {
				"north": {"uv": [8.75, 10.875, 8.875, 11.125], "texture": "#texture"},
				"east": {"uv": [8.125, 10.875, 8.25, 11.125], "texture": "#texture"},
				"south": {"uv": [7.125, 10.875, 7.25, 11.125], "texture": "#texture"},
				"west": {"uv": [7.75, 10.875, 7.875, 11.125], "texture": "#texture"},
				"up": {"uv": [7.125, 7.75, 7.25, 7.875], "texture": "#texture"},
				"down": {"uv": [8.875, 7.875, 8.75, 7.75], "texture": "#texture"}
			}
		},
		{
			"from": [7.125, 6, 7.75],
			"to": [7.25, 6.125, 7.875],
			"faces": {
				"north": {"uv": [8.75, 9.875, 8.875, 10], "texture": "#texture"},
				"east": {"uv": [8.125, 9.875, 8.25, 10], "texture": "#texture"},
				"south": {"uv": [7.125, 9.875, 7.25, 10], "texture": "#texture"},
				"west": {"uv": [7.75, 9.875, 7.875, 10], "texture": "#texture"},
				"up": {"uv": [7.125, 7.75, 7.25, 7.875], "texture": "#texture"},
				"down": {"uv": [8.875, 7.875, 8.75, 7.75], "texture": "#texture"}
			}
		},
		{
			"from": [7.125, 1.625, 7.875],
			"to": [9.125, 1.75, 8.125],
			"faces": {
				"north": {"uv": [6.875, 14.25, 8.875, 14.375], "texture": "#texture"},
				"east": {"uv": [7.875, 14.25, 8.125, 14.375], "texture": "#texture"},
				"south": {"uv": [7.125, 14.25, 9.125, 14.375], "texture": "#texture"},
				"west": {"uv": [7.875, 14.25, 8.125, 14.375], "texture": "#texture"},
				"up": {"uv": [7.125, 7.875, 9.125, 8.125], "texture": "#texture"},
				"down": {"uv": [8.875, 8.125, 6.875, 7.875], "texture": "#texture"}
			}
		},
		{
			"from": [7.125, 2.625, 7.875],
			"to": [7.25, 2.75, 8.125],
			"faces": {
				"north": {"uv": [8.75, 13.25, 8.875, 13.375], "texture": "#texture"},
				"east": {"uv": [7.875, 13.25, 8.125, 13.375], "texture": "#texture"},
				"south": {"uv": [7.125, 13.25, 7.25, 13.375], "texture": "#texture"},
				"west": {"uv": [7.875, 13.25, 8.125, 13.375], "texture": "#texture"},
				"up": {"uv": [7.125, 7.875, 7.25, 8.125], "texture": "#texture"},
				"down": {"uv": [8.875, 8.125, 8.75, 7.875], "texture": "#texture"}
			}
		},
		{
			"from": [7.125, 1.875, 8.125],
			"to": [8.5, 2, 8.25],
			"faces": {
				"north": {"uv": [7.5, 14, 8.875, 14.125], "texture": "#texture"},
				"east": {"uv": [7.75, 14, 7.875, 14.125], "texture": "#texture"},
				"south": {"uv": [7.125, 14, 8.5, 14.125], "texture": "#texture"},
				"west": {"uv": [8.125, 14, 8.25, 14.125], "texture": "#texture"},
				"up": {"uv": [7.125, 8.125, 8.5, 8.25], "texture": "#texture"},
				"down": {"uv": [8.875, 8.25, 7.5, 8.125], "texture": "#texture"}
			}
		},
		{
			"from": [7.125, 2.875, 8.125],
			"to": [7.25, 3.125, 8.25],
			"faces": {
				"north": {"uv": [8.75, 12.875, 8.875, 13.125], "texture": "#texture"},
				"east": {"uv": [7.75, 12.875, 7.875, 13.125], "texture": "#texture"},
				"south": {"uv": [7.125, 12.875, 7.25, 13.125], "texture": "#texture"},
				"west": {"uv": [8.125, 12.875, 8.25, 13.125], "texture": "#texture"},
				"up": {"uv": [7.125, 8.125, 7.25, 8.25], "texture": "#texture"},
				"down": {"uv": [8.875, 8.25, 8.75, 8.125], "texture": "#texture"}
			}
		},
		{
			"from": [7.125, 4.875, 8.125],
			"to": [7.25, 5, 8.25],
			"faces": {
				"north": {"uv": [8.75, 11, 8.875, 11.125], "texture": "#texture"},
				"east": {"uv": [7.75, 11, 7.875, 11.125], "texture": "#texture"},
				"south": {"uv": [7.125, 11, 7.25, 11.125], "texture": "#texture"},
				"west": {"uv": [8.125, 11, 8.25, 11.125], "texture": "#texture"},
				"up": {"uv": [7.125, 8.125, 7.25, 8.25], "texture": "#texture"},
				"down": {"uv": [8.875, 8.25, 8.75, 8.125], "texture": "#texture"}
			}
		},
		{
			"from": [7.125, 6, 8.125],
			"to": [7.25, 6.125, 8.25],
			"faces": {
				"north": {"uv": [8.75, 9.875, 8.875, 10], "texture": "#texture"},
				"east": {"uv": [7.75, 9.875, 7.875, 10], "texture": "#texture"},
				"south": {"uv": [7.125, 9.875, 7.25, 10], "texture": "#texture"},
				"west": {"uv": [8.125, 9.875, 8.25, 10], "texture": "#texture"},
				"up": {"uv": [7.125, 8.125, 7.25, 8.25], "texture": "#texture"},
				"down": {"uv": [8.875, 8.25, 8.75, 8.125], "texture": "#texture"}
			}
		},
		{
			"from": [7.25, 1.75, 7.75],
			"to": [8.5, 1.875, 7.875],
			"faces": {
				"north": {"uv": [7.5, 14.125, 8.75, 14.25], "texture": "#texture"},
				"east": {"uv": [8.125, 14.125, 8.25, 14.25], "texture": "#texture"},
				"south": {"uv": [7.25, 14.125, 8.5, 14.25], "texture": "#texture"},
				"west": {"uv": [7.75, 14.125, 7.875, 14.25], "texture": "#texture"},
				"up": {"uv": [7.25, 7.75, 8.5, 7.875], "texture": "#texture"},
				"down": {"uv": [8.75, 7.875, 7.5, 7.75], "texture": "#texture"}
			}
		},
		{
			"from": [7.25, 1.75, 8.125],
			"to": [8.5, 1.875, 8.25],
			"faces": {
				"north": {"uv": [7.5, 14.125, 8.75, 14.25], "texture": "#texture"},
				"east": {"uv": [7.75, 14.125, 7.875, 14.25], "texture": "#texture"},
				"south": {"uv": [7.25, 14.125, 8.5, 14.25], "texture": "#texture"},
				"west": {"uv": [8.125, 14.125, 8.25, 14.25], "texture": "#texture"},
				"up": {"uv": [7.25, 8.125, 8.5, 8.25], "texture": "#texture"},
				"down": {"uv": [8.75, 8.25, 7.5, 8.125], "texture": "#texture"}
			}
		},
		{
			"from": [7.375, 1.625, 7.75],
			"to": [9, 1.75, 7.875],
			"faces": {
				"north": {"uv": [7, 14.25, 8.625, 14.375], "texture": "#texture"},
				"east": {"uv": [8.125, 14.25, 8.25, 14.375], "texture": "#texture"},
				"south": {"uv": [7.375, 14.25, 9, 14.375], "texture": "#texture"},
				"west": {"uv": [7.75, 14.25, 7.875, 14.375], "texture": "#texture"},
				"up": {"uv": [7.375, 7.75, 9, 7.875], "texture": "#texture"},
				"down": {"uv": [8.625, 7.875, 7, 7.75], "texture": "#texture"}
			}
		},
		{
			"from": [7.375, 5.25, 7.75],
			"to": [9.375, 5.375, 8.25],
			"faces": {
				"north": {"uv": [6.625, 10.625, 8.625, 10.75], "texture": "#texture"},
				"east": {"uv": [7.75, 10.625, 8.25, 10.75], "texture": "#texture"},
				"south": {"uv": [7.375, 10.625, 9.375, 10.75], "texture": "#texture"},
				"west": {"uv": [7.75, 10.625, 8.25, 10.75], "texture": "#texture"},
				"up": {"uv": [7.375, 7.75, 9.375, 8.25], "texture": "#texture"},
				"down": {"uv": [8.625, 8.25, 6.625, 7.75], "texture": "#texture"}
			}
		},
		{
			"from": [7.375, 2.25, 7.875],
			"to": [7.5, 2.375, 8.25],
			"faces": {
				"north": {"uv": [8.5, 13.625, 8.625, 13.75], "texture": "#texture"},
				"east": {"uv": [7.75, 13.625, 8.125, 13.75], "texture": "#texture"},
				"south": {"uv": [7.375, 13.625, 7.5, 13.75], "texture": "#texture"},
				"west": {"uv": [7.875, 13.625, 8.25, 13.75], "texture": "#texture"},
				"up": {"uv": [7.375, 7.875, 7.5, 8.25], "texture": "#texture"},
				"down": {"uv": [8.625, 8.25, 8.5, 7.875], "texture": "#texture"}
			}
		},
		{
			"from": [7.375, 1.625, 8.125],
			"to": [9, 1.75, 8.25],
			"faces": {
				"north": {"uv": [7, 14.25, 8.625, 14.375], "texture": "#texture"},
				"east": {"uv": [7.75, 14.25, 7.875, 14.375], "texture": "#texture"},
				"south": {"uv": [7.375, 14.25, 9, 14.375], "texture": "#texture"},
				"west": {"uv": [8.125, 14.25, 8.25, 14.375], "texture": "#texture"},
				"up": {"uv": [7.375, 8.125, 9, 8.25], "texture": "#texture"},
				"down": {"uv": [8.625, 8.25, 7, 8.125], "texture": "#texture"}
			}
		},
		{
			"from": [7.5, 1.25, 7.75],
			"to": [9, 1.625, 8.25],
			"faces": {
				"north": {"uv": [7, 14.375, 8.5, 14.75], "texture": "#texture"},
				"east": {"uv": [7.75, 14.375, 8.25, 14.75], "texture": "#texture"},
				"south": {"uv": [7.5, 14.375, 9, 14.75], "texture": "#texture"},
				"west": {"uv": [7.75, 14.375, 8.25, 14.75], "texture": "#texture"},
				"up": {"uv": [7.5, 7.75, 9, 8.25], "texture": "#texture"},
				"down": {"uv": [8.5, 8.25, 7, 7.75], "texture": "#texture"}
			}
		},
		{
			"from": [7.5, 2.125, 7.875],
			"to": [7.625, 2.25, 8.25],
			"faces": {
				"north": {"uv": [8.375, 13.75, 8.5, 13.875], "texture": "#texture"},
				"east": {"uv": [7.75, 13.75, 8.125, 13.875], "texture": "#texture"},
				"south": {"uv": [7.5, 13.75, 7.625, 13.875], "texture": "#texture"},
				"west": {"uv": [7.875, 13.75, 8.25, 13.875], "texture": "#texture"},
				"up": {"uv": [7.5, 7.875, 7.625, 8.25], "texture": "#texture"},
				"down": {"uv": [8.5, 8.25, 8.375, 7.875], "texture": "#texture"}
			}
		},
		{
			"from": [7.625, 1.25, 7.625],
			"to": [8.875, 1.75, 7.75],
			"faces": {
				"north": {"uv": [7.125, 14.25, 8.375, 14.75], "texture": "#texture"},
				"east": {"uv": [8.25, 14.25, 8.375, 14.75], "texture": "#texture"},
				"south": {"uv": [7.625, 14.25, 8.875, 14.75], "texture": "#texture"},
				"west": {"uv": [7.625, 14.25, 7.75, 14.75], "texture": "#texture"},
				"up": {"uv": [7.625, 7.625, 8.875, 7.75], "texture": "#texture"},
				"down": {"uv": [8.375, 7.75, 7.125, 7.625], "texture": "#texture"}
			}
		},
		{
			"from": [7.625, 6, 7.75],
			"to": [9.375, 6.125, 8.25],
			"faces": {
				"north": {"uv": [6.625, 9.875, 8.375, 10], "texture": "#texture"},
				"east": {"uv": [7.75, 9.875, 8.25, 10], "texture": "#texture"},
				"south": {"uv": [7.625, 9.875, 9.375, 10], "texture": "#texture"},
				"west": {"uv": [7.75, 9.875, 8.25, 10], "texture": "#texture"},
				"up": {"uv": [7.625, 7.75, 9.375, 8.25], "texture": "#texture"},
				"down": {"uv": [8.375, 8.25, 6.625, 7.75], "texture": "#texture"}
			}
		},
		{
			"from": [7.625, 10.625, 7.875],
			"to": [9.625, 11, 8.125],
			"faces": {
				"north": {"uv": [6.375, 5, 8.375, 5.375], "texture": "#particle"},
				"east": {"uv": [7.875, 5, 8.125, 5.375], "texture": "#particle"},
				"south": {"uv": [7.625, 5, 9.625, 5.375], "texture": "#particle"},
				"west": {"uv": [7.875, 5, 8.125, 5.375], "texture": "#particle"},
				"up": {"uv": [7.625, 7.875, 9.625, 8.125], "texture": "#particle"},
				"down": {"uv": [8.375, 8.125, 6.375, 7.875], "texture": "#particle"}
			}
		},
		{
			"from": [7.625, 10.125, 8],
			"to": [9.375, 10.625, 8.125],
			"faces": {
				"north": {"uv": [6.625, 5.375, 8.375, 5.875], "texture": "#particle"},
				"east": {"uv": [7.875, 5.375, 8, 5.875], "texture": "#particle"},
				"south": {"uv": [7.625, 5.375, 9.375, 5.875], "texture": "#particle"},
				"west": {"uv": [8, 5.375, 8.125, 5.875], "texture": "#particle"},
				"up": {"uv": [7.625, 8, 9.375, 8.125], "texture": "#particle"},
				"down": {"uv": [8.375, 8.125, 6.625, 8], "texture": "#particle"}
			}
		},
		{
			"from": [7.625, 11, 8],
			"to": [9.5, 11.75, 8.125],
			"faces": {
				"north": {"uv": [6.5, 4.25, 8.375, 5], "texture": "#particle"},
				"east": {"uv": [7.875, 4.25, 8, 5], "texture": "#particle"},
				"south": {"uv": [7.625, 4.25, 9.5, 5], "texture": "#particle"},
				"west": {"uv": [8, 4.25, 8.125, 5], "texture": "#particle"},
				"up": {"uv": [7.625, 8, 9.5, 8.125], "texture": "#particle"},
				"down": {"uv": [8.375, 8.125, 6.5, 8], "texture": "#particle"}
			}
		},
		{
			"from": [7.625, 11.875, 8],
			"to": [9.25, 12.125, 8.125],
			"faces": {
				"north": {"uv": [6.75, 3.875, 8.375, 4.125], "texture": "#particle"},
				"east": {"uv": [7.875, 3.875, 8, 4.125], "texture": "#particle"},
				"south": {"uv": [7.625, 3.875, 9.25, 4.125], "texture": "#particle"},
				"west": {"uv": [8, 3.875, 8.125, 4.125], "texture": "#particle"},
				"up": {"uv": [7.625, 8, 9.25, 8.125], "texture": "#particle"},
				"down": {"uv": [8.375, 8.125, 6.75, 8], "texture": "#particle"}
			}
		},
		{
			"from": [7.625, 1.25, 8.25],
			"to": [8.875, 1.75, 8.375],
			"faces": {
				"north": {"uv": [7.125, 14.25, 8.375, 14.75], "texture": "#texture"},
				"east": {"uv": [7.625, 14.25, 7.75, 14.75], "texture": "#texture"},
				"south": {"uv": [7.625, 14.25, 8.875, 14.75], "texture": "#texture"},
				"west": {"uv": [8.25, 14.25, 8.375, 14.75], "texture": "#texture"},
				"up": {"uv": [7.625, 8.25, 8.875, 8.375], "texture": "#texture"},
				"down": {"uv": [8.375, 8.375, 7.125, 8.25], "texture": "#texture"}
			}
		},
		{
			"from": [7.75, 5.25, 7.5],
			"to": [8.875, 6.125, 7.75],
			"faces": {
				"north": {"uv": [7.125, 9.875, 8.25, 10.75], "texture": "#texture"},
				"east": {"uv": [8.25, 9.875, 8.5, 10.75], "texture": "#texture"},
				"south": {"uv": [7.75, 9.875, 8.875, 10.75], "texture": "#texture"},
				"west": {"uv": [7.5, 9.875, 7.75, 10.75], "texture": "#texture"},
				"up": {"uv": [7.75, 7.5, 8.875, 7.75], "texture": "#texture"},
				"down": {"uv": [8.25, 7.75, 7.125, 7.5], "texture": "#texture"}
			}
		},
		{
			"from": [7.75, 1.125, 7.75],
			"to": [8.75, 1.25, 8.25],
			"faces": {
				"north": {"uv": [7.25, 14.75, 8.25, 14.875], "texture": "#particle"},
				"east": {"uv": [7.75, 14.75, 8.25, 14.875], "texture": "#particle"},
				"south": {"uv": [7.75, 14.75, 8.75, 14.875], "texture": "#particle"},
				"west": {"uv": [7.75, 14.75, 8.25, 14.875], "texture": "#particle"},
				"up": {"uv": [7.75, 7.75, 8.75, 8.25], "texture": "#particle"},
				"down": {"uv": [8.25, 8.25, 7.25, 7.75], "texture": "#particle"}
			}
		},
		{
			"from": [7.75, 1, 7.875],
			"to": [8.75, 1.125, 8.125],
			"faces": {
				"north": {"uv": [7.25, 14.875, 8.25, 15], "texture": "#particle"},
				"east": {"uv": [7.875, 14.875, 8.125, 15], "texture": "#particle"},
				"south": {"uv": [7.75, 14.875, 8.75, 15], "texture": "#particle"},
				"west": {"uv": [7.875, 14.875, 8.125, 15], "texture": "#particle"},
				"up": {"uv": [7.75, 7.875, 8.75, 8.125], "texture": "#particle"},
				"down": {"uv": [8.25, 8.125, 7.25, 7.875], "texture": "#particle"}
			}
		},
		{
			"from": [7.75, 9.125, 7.875],
			"to": [9.125, 10.125, 8.125],
			"faces": {
				"north": {"uv": [6.875, 5.875, 8.25, 6.875], "texture": "#particle"},
				"east": {"uv": [7.875, 5.875, 8.125, 6.875], "texture": "#particle"},
				"south": {"uv": [7.75, 5.875, 9.125, 6.875], "texture": "#particle"},
				"west": {"uv": [7.875, 5.875, 8.125, 6.875], "texture": "#particle"},
				"up": {"uv": [7.75, 7.875, 9.125, 8.125], "texture": "#particle"},
				"down": {"uv": [8.25, 8.125, 6.875, 7.875], "texture": "#particle"}
			}
		},
		{
			"from": [7.75, 10.125, 7.875],
			"to": [9.375, 10.625, 8],
			"faces": {
				"north": {"uv": [6.625, 5.375, 8.25, 5.875], "texture": "#particle"},
				"east": {"uv": [8, 5.375, 8.125, 5.875], "texture": "#particle"},
				"south": {"uv": [7.75, 5.375, 9.375, 5.875], "texture": "#particle"},
				"west": {"uv": [7.875, 5.375, 8, 5.875], "texture": "#particle"},
				"up": {"uv": [7.75, 7.875, 9.375, 8], "texture": "#particle"},
				"down": {"uv": [8.25, 8, 6.625, 7.875], "texture": "#particle"}
			}
		},
		{
			"from": [7.75, 11, 7.875],
			"to": [9, 12.75, 8],
			"faces": {
				"north": {"uv": [7, 3.25, 8.25, 5], "texture": "#particle"},
				"east": {"uv": [8, 3.25, 8.125, 5], "texture": "#particle"},
				"south": {"uv": [7.75, 3.25, 9, 5], "texture": "#particle"},
				"west": {"uv": [7.875, 3.25, 8, 5], "texture": "#particle"},
				"up": {"uv": [7.75, 7.875, 9, 8], "texture": "#particle"},
				"down": {"uv": [8.25, 8, 7, 7.875], "texture": "#particle"}
			}
		},
		{
			"from": [7.75, 8.75, 8],
			"to": [9, 9.125, 8.125],
			"faces": {
				"north": {"uv": [7, 6.875, 8.25, 7.25], "texture": "#particle"},
				"east": {"uv": [7.875, 6.875, 8, 7.25], "texture": "#particle"},
				"south": {"uv": [7.75, 6.875, 9, 7.25], "texture": "#particle"},
				"west": {"uv": [8, 6.875, 8.125, 7.25], "texture": "#particle"},
				"up": {"uv": [7.75, 8, 9, 8.125], "texture": "#particle"},
				"down": {"uv": [8.25, 8.125, 7, 8], "texture": "#particle"}
			}
		},
		{
			"from": [7.75, 11.75, 8],
			"to": [9.5, 11.875, 8.125],
			"faces": {
				"north": {"uv": [6.5, 4.125, 8.25, 4.25], "texture": "#particle"},
				"east": {"uv": [7.875, 4.125, 8, 4.25], "texture": "#particle"},
				"south": {"uv": [7.75, 4.125, 9.5, 4.25], "texture": "#particle"},
				"west": {"uv": [8, 4.125, 8.125, 4.25], "texture": "#particle"},
				"up": {"uv": [7.75, 8, 9.5, 8.125], "texture": "#particle"},
				"down": {"uv": [8.25, 8.125, 6.5, 8], "texture": "#particle"}
			}
		},
		{
			"from": [7.75, 12.125, 8],
			"to": [8.875, 13, 8.125],
			"faces": {
				"north": {"uv": [7.125, 3, 8.25, 3.875], "texture": "#particle"},
				"east": {"uv": [7.875, 3, 8, 3.875], "texture": "#particle"},
				"south": {"uv": [7.75, 3, 8.875, 3.875], "texture": "#particle"},
				"west": {"uv": [8, 3, 8.125, 3.875], "texture": "#particle"},
				"up": {"uv": [7.75, 8, 8.875, 8.125], "texture": "#particle"},
				"down": {"uv": [8.25, 8.125, 7.125, 8], "texture": "#particle"}
			}
		},
		{
			"from": [7.75, 5.25, 8.25],
			"to": [8.875, 6.125, 8.5],
			"faces": {
				"north": {"uv": [7.125, 9.875, 8.25, 10.75], "texture": "#texture"},
				"east": {"uv": [7.5, 9.875, 7.75, 10.75], "texture": "#texture"},
				"south": {"uv": [7.75, 9.875, 8.875, 10.75], "texture": "#texture"},
				"west": {"uv": [8.25, 9.875, 8.5, 10.75], "texture": "#texture"},
				"up": {"uv": [7.75, 8.25, 8.875, 8.5], "texture": "#texture"},
				"down": {"uv": [8.25, 8.5, 7.125, 8.25], "texture": "#texture"}
			}
		},
		{
			"from": [7.875, 5.25, 7.375],
			"to": [8.75, 6.125, 7.5],
			"faces": {
				"north": {"uv": [7.25, 9.875, 8.125, 10.75], "texture": "#texture"},
				"east": {"uv": [8.5, 9.875, 8.625, 10.75], "texture": "#texture"},
				"south": {"uv": [7.875, 9.875, 8.75, 10.75], "texture": "#texture"},
				"west": {"uv": [7.375, 9.875, 7.5, 10.75], "texture": "#texture"},
				"up": {"uv": [7.875, 7.375, 8.75, 7.5], "texture": "#texture"},
				"down": {"uv": [8.125, 7.5, 7.25, 7.375], "texture": "#texture"}
			}
		},
		{
			"from": [7.875, 1.25, 7.5],
			"to": [8.625, 1.75, 7.625],
			"faces": {
				"north": {"uv": [7.375, 14.25, 8.125, 14.75], "texture": "#texture"},
				"east": {"uv": [8.375, 14.25, 8.5, 14.75], "texture": "#texture"},
				"south": {"uv": [7.875, 14.25, 8.625, 14.75], "texture": "#texture"},
				"west": {"uv": [7.5, 14.25, 7.625, 14.75], "texture": "#texture"},
				"up": {"uv": [7.875, 7.5, 8.625, 7.625], "texture": "#texture"},
				"down": {"uv": [8.125, 7.625, 7.375, 7.5], "texture": "#texture"}
			}
		},
		{
			"from": [7.875, 1, 7.75],
			"to": [8.625, 1.125, 7.875],
			"faces": {
				"north": {"uv": [7.375, 14.875, 8.125, 15], "texture": "#particle"},
				"east": {"uv": [8.125, 14.875, 8.25, 15], "texture": "#particle"},
				"south": {"uv": [7.875, 14.875, 8.625, 15], "texture": "#particle"},
				"west": {"uv": [7.75, 14.875, 7.875, 15], "texture": "#particle"},
				"up": {"uv": [7.875, 7.75, 8.625, 7.875], "texture": "#particle"},
				"down": {"uv": [8.125, 7.875, 7.375, 7.75], "texture": "#particle"}
			}
		},
		{
			"from": [7.875, 2.125, 7.75],
			"to": [8.375, 2.25, 8.25],
			"faces": {
				"north": {"uv": [7.625, 13.75, 8.125, 13.875], "texture": "#log_oak"},
				"east": {"uv": [7.75, 13.75, 8.25, 13.875], "texture": "#log_oak"},
				"south": {"uv": [7.875, 13.75, 8.375, 13.875], "texture": "#log_oak"},
				"west": {"uv": [7.75, 13.75, 8.25, 13.875], "texture": "#log_oak"},
				"up": {"uv": [7.875, 7.75, 8.375, 8.25], "texture": "#log_oak"},
				"down": {"uv": [8.125, 8.25, 7.625, 7.75], "texture": "#log_oak"}
			}
		},
		{
			"from": [7.875, 3.875, 7.75],
			"to": [8.5, 4, 8.125],
			"faces": {
				"north": {"uv": [7.5, 12, 8.125, 12.125], "texture": "#log_oak"},
				"east": {"uv": [7.875, 12, 8.25, 12.125], "texture": "#log_oak"},
				"south": {"uv": [7.875, 12, 8.5, 12.125], "texture": "#log_oak"},
				"west": {"uv": [7.75, 12, 8.125, 12.125], "texture": "#log_oak"},
				"up": {"uv": [7.875, 7.75, 8.5, 8.125], "texture": "#log_oak"},
				"down": {"uv": [8.125, 8.125, 7.5, 7.75], "texture": "#log_oak"}
			}
		},
		{
			"from": [7.875, 0.875, 7.875],
			"to": [8.625, 1, 8.125],
			"faces": {
				"north": {"uv": [7.375, 15, 8.125, 15.125], "texture": "#particle"},
				"east": {"uv": [7.875, 15, 8.125, 15.125], "texture": "#particle"},
				"south": {"uv": [7.875, 15, 8.625, 15.125], "texture": "#particle"},
				"west": {"uv": [7.875, 15, 8.125, 15.125], "texture": "#particle"},
				"up": {"uv": [7.875, 7.875, 8.625, 8.125], "texture": "#particle"},
				"down": {"uv": [8.125, 8.125, 7.375, 7.875], "texture": "#particle"}
			}
		},
		{
			"from": [7.875, 2.25, 7.875],
			"to": [8.375, 3.875, 8.125],
			"faces": {
				"north": {"uv": [7.625, 12.125, 8.125, 13.75], "texture": "#log_oak"},
				"east": {"uv": [7.875, 12.125, 8.125, 13.75], "texture": "#log_oak"},
				"south": {"uv": [7.875, 12.125, 8.375, 13.75], "texture": "#log_oak"},
				"west": {"uv": [7.875, 12.125, 8.125, 13.75], "texture": "#log_oak"},
				"up": {"uv": [7.875, 7.875, 8.375, 8.125], "texture": "#log_oak"},
				"down": {"uv": [8.125, 8.125, 7.625, 7.875], "texture": "#log_oak"}
			}
		},
		{
			"from": [7.875, 4, 7.875],
			"to": [8.5, 5.25, 8.125],
			"faces": {
				"north": {"uv": [7.5, 10.75, 8.125, 12], "texture": "#log_oak"},
				"east": {"uv": [7.875, 10.75, 8.125, 12], "texture": "#log_oak"},
				"south": {"uv": [7.875, 10.75, 8.5, 12], "texture": "#log_oak"},
				"west": {"uv": [7.875, 10.75, 8.125, 12], "texture": "#log_oak"},
				"up": {"uv": [7.875, 7.875, 8.5, 8.125], "texture": "#log_oak"},
				"down": {"uv": [8.125, 8.125, 7.5, 7.875], "texture": "#log_oak"}
			}
		},
		{
			"from": [7.875, 7.125, 7.875],
			"to": [8.75, 8.75, 8.125],
			"faces": {
				"north": {"uv": [7.25, 7.25, 8.125, 8.875], "texture": "#particle"},
				"east": {"uv": [7.875, 7.25, 8.125, 8.875], "texture": "#particle"},
				"south": {"uv": [7.875, 7.25, 8.75, 8.875], "texture": "#particle"},
				"west": {"uv": [7.875, 7.25, 8.125, 8.875], "texture": "#particle"},
				"up": {"uv": [7.875, 7.875, 8.75, 8.125], "texture": "#particle"},
				"down": {"uv": [8.125, 8.125, 7.25, 7.875], "texture": "#particle"}
			}
		},
		{
			"from": [7.875, 8.75, 7.875],
			"to": [9, 9.125, 8],
			"faces": {
				"north": {"uv": [7, 6.875, 8.125, 7.25], "texture": "#particle"},
				"east": {"uv": [8, 6.875, 8.125, 7.25], "texture": "#particle"},
				"south": {"uv": [7.875, 6.875, 9, 7.25], "texture": "#particle"},
				"west": {"uv": [7.875, 6.875, 8, 7.25], "texture": "#particle"},
				"up": {"uv": [7.875, 7.875, 9, 8], "texture": "#particle"},
				"down": {"uv": [8.125, 8, 7, 7.875], "texture": "#particle"}
			}
		},
		{
			"from": [7.875, 12.75, 7.875],
			"to": [8.75, 13.5, 8],
			"faces": {
				"north": {"uv": [7.25, 2.5, 8.125, 3.25], "texture": "#particle"},
				"east": {"uv": [8, 2.5, 8.125, 3.25], "texture": "#particle"},
				"south": {"uv": [7.875, 2.5, 8.75, 3.25], "texture": "#particle"},
				"west": {"uv": [7.875, 2.5, 8, 3.25], "texture": "#particle"},
				"up": {"uv": [7.875, 7.875, 8.75, 8], "texture": "#particle"},
				"down": {"uv": [8.125, 8, 7.25, 7.875], "texture": "#particle"}
			}
		},
		{
			"from": [7.875, 7, 8],
			"to": [8.75, 7.125, 8.125],
			"faces": {
				"north": {"uv": [7.25, 8.875, 8.125, 9], "texture": "#particle"},
				"east": {"uv": [7.875, 8.875, 8, 9], "texture": "#particle"},
				"south": {"uv": [7.875, 8.875, 8.75, 9], "texture": "#particle"},
				"west": {"uv": [8, 8.875, 8.125, 9], "texture": "#particle"},
				"up": {"uv": [7.875, 8, 8.75, 8.125], "texture": "#particle"},
				"down": {"uv": [8.125, 8.125, 7.25, 8], "texture": "#particle"}
			}
		},
		{
			"from": [7.875, 13, 8],
			"to": [8.75, 13.625, 8.125],
			"faces": {
				"north": {"uv": [7.25, 2.375, 8.125, 3], "texture": "#particle"},
				"east": {"uv": [7.875, 2.375, 8, 3], "texture": "#particle"},
				"south": {"uv": [7.875, 2.375, 8.75, 3], "texture": "#particle"},
				"west": {"uv": [8, 2.375, 8.125, 3], "texture": "#particle"},
				"up": {"uv": [7.875, 8, 8.75, 8.125], "texture": "#particle"},
				"down": {"uv": [8.125, 8.125, 7.25, 8], "texture": "#particle"}
			}
		},
		{
			"from": [7.875, 1, 8.125],
			"to": [8.625, 1.125, 8.25],
			"faces": {
				"north": {"uv": [7.375, 14.875, 8.125, 15], "texture": "#particle"},
				"east": {"uv": [7.75, 14.875, 7.875, 15], "texture": "#particle"},
				"south": {"uv": [7.875, 14.875, 8.625, 15], "texture": "#particle"},
				"west": {"uv": [8.125, 14.875, 8.25, 15], "texture": "#particle"},
				"up": {"uv": [7.875, 8.125, 8.625, 8.25], "texture": "#particle"},
				"down": {"uv": [8.125, 8.25, 7.375, 8.125], "texture": "#particle"}
			}
		},
		{
			"from": [7.875, 1.25, 8.375],
			"to": [8.625, 1.75, 8.5],
			"faces": {
				"north": {"uv": [7.375, 14.25, 8.125, 14.75], "texture": "#texture"},
				"east": {"uv": [7.5, 14.25, 7.625, 14.75], "texture": "#texture"},
				"south": {"uv": [7.875, 14.25, 8.625, 14.75], "texture": "#texture"},
				"west": {"uv": [8.375, 14.25, 8.5, 14.75], "texture": "#texture"},
				"up": {"uv": [7.875, 8.375, 8.625, 8.5], "texture": "#texture"},
				"down": {"uv": [8.125, 8.5, 7.375, 8.375], "texture": "#texture"}
			}
		},
		{
			"from": [7.875, 5.25, 8.5],
			"to": [8.75, 6.125, 8.625],
			"faces": {
				"north": {"uv": [7.25, 9.875, 8.125, 10.75], "texture": "#texture"},
				"east": {"uv": [7.375, 9.875, 7.5, 10.75], "texture": "#texture"},
				"south": {"uv": [7.875, 9.875, 8.75, 10.75], "texture": "#texture"},
				"west": {"uv": [8.5, 9.875, 8.625, 10.75], "texture": "#texture"},
				"up": {"uv": [7.875, 8.5, 8.75, 8.625], "texture": "#texture"},
				"down": {"uv": [8.125, 8.625, 7.25, 8.5], "texture": "#texture"}
			}
		},
		{
			"from": [8, 0.875, 7.75],
			"to": [8.625, 1, 7.875],
			"faces": {
				"north": {"uv": [7.375, 15, 8, 15.125], "texture": "#particle"},
				"east": {"uv": [8.125, 15, 8.25, 15.125], "texture": "#particle"},
				"south": {"uv": [8, 15, 8.625, 15.125], "texture": "#particle"},
				"west": {"uv": [7.75, 15, 7.875, 15.125], "texture": "#particle"},
				"up": {"uv": [8, 7.75, 8.625, 7.875], "texture": "#particle"},
				"down": {"uv": [8, 7.875, 7.375, 7.75], "texture": "#particle"}
			}
		},
		{
			"from": [8, 2.25, 7.75],
			"to": [8.375, 3.875, 7.875],
			"faces": {
				"north": {"uv": [7.625, 12.125, 8, 13.75], "texture": "#log_oak"},
				"east": {"uv": [8.125, 12.125, 8.25, 13.75], "texture": "#log_oak"},
				"south": {"uv": [8, 12.125, 8.375, 13.75], "texture": "#log_oak"},
				"west": {"uv": [7.75, 12.125, 7.875, 13.75], "texture": "#log_oak"},
				"up": {"uv": [8, 7.75, 8.375, 7.875], "texture": "#log_oak"},
				"down": {"uv": [8, 7.875, 7.625, 7.75], "texture": "#log_oak"}
			}
		},
		{
			"from": [8, 4, 7.75],
			"to": [8.5, 5.25, 7.875],
			"faces": {
				"north": {"uv": [7.5, 10.75, 8, 12], "texture": "#log_oak"},
				"east": {"uv": [8.125, 10.75, 8.25, 12], "texture": "#log_oak"},
				"south": {"uv": [8, 10.75, 8.5, 12], "texture": "#log_oak"},
				"west": {"uv": [7.75, 10.75, 7.875, 12], "texture": "#log_oak"},
				"up": {"uv": [8, 7.75, 8.5, 7.875], "texture": "#log_oak"},
				"down": {"uv": [8, 7.875, 7.5, 7.75], "texture": "#log_oak"}
			}
		},
		{
			"from": [8, 0.75, 7.875],
			"to": [8.5, 0.875, 8.125],
			"faces": {
				"north": {"uv": [7.5, 15.125, 8, 15.25], "texture": "#particle"},
				"east": {"uv": [7.875, 15.125, 8.125, 15.25], "texture": "#particle"},
				"south": {"uv": [8, 15.125, 8.5, 15.25], "texture": "#particle"},
				"west": {"uv": [7.875, 15.125, 8.125, 15.25], "texture": "#particle"},
				"up": {"uv": [8, 7.875, 8.5, 8.125], "texture": "#particle"},
				"down": {"uv": [8, 8.125, 7.5, 7.875], "texture": "#particle"}
			}
		},
		{
			"from": [8, 6.125, 7.875],
			"to": [8.75, 7, 8.125],
			"faces": {
				"north": {"uv": [7.25, 9, 8, 9.875], "texture": "#particle"},
				"east": {"uv": [7.875, 9, 8.125, 9.875], "texture": "#particle"},
				"south": {"uv": [8, 9, 8.75, 9.875], "texture": "#particle"},
				"west": {"uv": [7.875, 9, 8.125, 9.875], "texture": "#particle"},
				"up": {"uv": [8, 7.875, 8.75, 8.125], "texture": "#particle"},
				"down": {"uv": [8, 8.125, 7.25, 7.875], "texture": "#particle"}
			}
		},
		{
			"from": [8, 7, 7.875],
			"to": [8.75, 7.125, 8],
			"faces": {
				"north": {"uv": [7.25, 8.875, 8, 9], "texture": "#particle"},
				"east": {"uv": [8, 8.875, 8.125, 9], "texture": "#particle"},
				"south": {"uv": [8, 8.875, 8.75, 9], "texture": "#particle"},
				"west": {"uv": [7.875, 8.875, 8, 9], "texture": "#particle"},
				"up": {"uv": [8, 7.875, 8.75, 8], "texture": "#particle"},
				"down": {"uv": [8, 8, 7.25, 7.875], "texture": "#particle"}
			}
		},
		{
			"from": [8, 13.5, 7.875],
			"to": [8.625, 14, 8],
			"faces": {
				"north": {"uv": [7.375, 2, 8, 2.5], "texture": "#particle"},
				"east": {"uv": [8, 2, 8.125, 2.5], "texture": "#particle"},
				"south": {"uv": [8, 2, 8.625, 2.5], "texture": "#particle"},
				"west": {"uv": [7.875, 2, 8, 2.5], "texture": "#particle"},
				"up": {"uv": [8, 7.875, 8.625, 8], "texture": "#particle"},
				"down": {"uv": [8, 8, 7.375, 7.875], "texture": "#particle"}
			}
		},
		{
			"from": [8, 13.625, 8],
			"to": [8.625, 14.125, 8.125],
			"faces": {
				"north": {"uv": [7.375, 1.875, 8, 2.375], "texture": "#particle"},
				"east": {"uv": [7.875, 1.875, 8, 2.375], "texture": "#particle"},
				"south": {"uv": [8, 1.875, 8.625, 2.375], "texture": "#particle"},
				"west": {"uv": [8, 1.875, 8.125, 2.375], "texture": "#particle"},
				"up": {"uv": [8, 8, 8.625, 8.125], "texture": "#particle"},
				"down": {"uv": [8, 8.125, 7.375, 8], "texture": "#particle"}
			}
		},
		{
			"from": [8, 0.875, 8.125],
			"to": [8.5, 1, 8.25],
			"faces": {
				"north": {"uv": [7.5, 15, 8, 15.125], "texture": "#particle"},
				"east": {"uv": [7.75, 15, 7.875, 15.125], "texture": "#particle"},
				"south": {"uv": [8, 15, 8.5, 15.125], "texture": "#particle"},
				"west": {"uv": [8.125, 15, 8.25, 15.125], "texture": "#particle"},
				"up": {"uv": [8, 8.125, 8.5, 8.25], "texture": "#particle"},
				"down": {"uv": [8, 8.25, 7.5, 8.125], "texture": "#particle"}
			}
		},
		{
			"from": [8, 2.25, 8.125],
			"to": [8.375, 5.25, 8.25],
			"faces": {
				"north": {"uv": [7.625, 10.75, 8, 13.75], "texture": "#log_oak"},
				"east": {"uv": [7.75, 10.75, 7.875, 13.75], "texture": "#log_oak"},
				"south": {"uv": [8, 10.75, 8.375, 13.75], "texture": "#log_oak"},
				"west": {"uv": [8.125, 10.75, 8.25, 13.75], "texture": "#log_oak"},
				"up": {"uv": [8, 8.125, 8.375, 8.25], "texture": "#log_oak"},
				"down": {"uv": [8, 8.25, 7.625, 8.125], "texture": "#log_oak"}
			}
		},
		{
			"from": [8.125, 1.125, 7.625],
			"to": [8.5, 1.25, 7.75],
			"faces": {
				"north": {"uv": [7.5, 14.75, 7.875, 14.875], "texture": "#particle"},
				"east": {"uv": [8.25, 14.75, 8.375, 14.875], "texture": "#particle"},
				"south": {"uv": [8.125, 14.75, 8.5, 14.875], "texture": "#particle"},
				"west": {"uv": [7.625, 14.75, 7.75, 14.875], "texture": "#particle"},
				"up": {"uv": [8.125, 7.625, 8.5, 7.75], "texture": "#particle"},
				"down": {"uv": [7.875, 7.75, 7.5, 7.625], "texture": "#particle"}
			}
		},
		{
			"from": [8.125, 1.75, 7.625],
			"to": [8.25, 1.875, 7.75],
			"faces": {
				"north": {"uv": [7.75, 14.125, 7.875, 14.25], "texture": "#texture"},
				"east": {"uv": [8.25, 14.125, 8.375, 14.25], "texture": "#texture"},
				"south": {"uv": [8.125, 14.125, 8.25, 14.25], "texture": "#texture"},
				"west": {"uv": [7.625, 14.125, 7.75, 14.25], "texture": "#texture"},
				"up": {"uv": [8.125, 7.625, 8.25, 7.75], "texture": "#texture"},
				"down": {"uv": [7.875, 7.75, 7.75, 7.625], "texture": "#texture"}
			}
		},
		{
			"from": [8.125, 3.875, 7.625],
			"to": [8.25, 4.5, 7.75],
			"faces": {
				"north": {"uv": [7.75, 11.5, 7.875, 12.125], "texture": "#log_oak"},
				"east": {"uv": [8.25, 11.5, 8.375, 12.125], "texture": "#log_oak"},
				"south": {"uv": [8.125, 11.5, 8.25, 12.125], "texture": "#log_oak"},
				"west": {"uv": [7.625, 11.5, 7.75, 12.125], "texture": "#log_oak"},
				"up": {"uv": [8.125, 7.625, 8.25, 7.75], "texture": "#log_oak"},
				"down": {"uv": [7.875, 7.75, 7.75, 7.625], "texture": "#log_oak"}
			}
		},
		{
			"from": [8.125, 14, 7.875],
			"to": [8.5, 14.5, 8],
			"faces": {
				"north": {"uv": [7.5, 1.5, 7.875, 2], "texture": "#particle"},
				"east": {"uv": [8, 1.5, 8.125, 2], "texture": "#particle"},
				"south": {"uv": [8.125, 1.5, 8.5, 2], "texture": "#particle"},
				"west": {"uv": [7.875, 1.5, 8, 2], "texture": "#particle"},
				"up": {"uv": [8.125, 7.875, 8.5, 8], "texture": "#particle"},
				"down": {"uv": [7.875, 8, 7.5, 7.875], "texture": "#particle"}
			}
		},
		{
			"from": [8.125, 14.125, 8],
			"to": [8.5, 14.625, 8.125],
			"faces": {
				"north": {"uv": [7.5, 1.375, 7.875, 1.875], "texture": "#particle"},
				"east": {"uv": [7.875, 1.375, 8, 1.875], "texture": "#particle"},
				"south": {"uv": [8.125, 1.375, 8.5, 1.875], "texture": "#particle"},
				"west": {"uv": [8, 1.375, 8.125, 1.875], "texture": "#particle"},
				"up": {"uv": [8.125, 8, 8.5, 8.125], "texture": "#particle"},
				"down": {"uv": [7.875, 8.125, 7.5, 8], "texture": "#particle"}
			}
		},
		{
			"from": [8.125, 1.125, 8.25],
			"to": [8.5, 1.25, 8.375],
			"faces": {
				"north": {"uv": [7.5, 14.75, 7.875, 14.875], "texture": "#particle"},
				"east": {"uv": [7.625, 14.75, 7.75, 14.875], "texture": "#particle"},
				"south": {"uv": [8.125, 14.75, 8.5, 14.875], "texture": "#particle"},
				"west": {"uv": [8.25, 14.75, 8.375, 14.875], "texture": "#particle"},
				"up": {"uv": [8.125, 8.25, 8.5, 8.375], "texture": "#particle"},
				"down": {"uv": [7.875, 8.375, 7.5, 8.25], "texture": "#particle"}
			}
		},
		{
			"from": [8.125, 1.75, 8.25],
			"to": [8.25, 1.875, 8.375],
			"faces": {
				"north": {"uv": [7.75, 14.125, 7.875, 14.25], "texture": "#texture"},
				"east": {"uv": [7.625, 14.125, 7.75, 14.25], "texture": "#texture"},
				"south": {"uv": [8.125, 14.125, 8.25, 14.25], "texture": "#texture"},
				"west": {"uv": [8.25, 14.125, 8.375, 14.25], "texture": "#texture"},
				"up": {"uv": [8.125, 8.25, 8.25, 8.375], "texture": "#texture"},
				"down": {"uv": [7.875, 8.375, 7.75, 8.25], "texture": "#texture"}
			}
		},
		{
			"from": [8.125, 3.875, 8.25],
			"to": [8.25, 4.125, 8.375],
			"faces": {
				"north": {"uv": [7.75, 11.875, 7.875, 12.125], "texture": "#log_oak"},
				"east": {"uv": [7.625, 11.875, 7.75, 12.125], "texture": "#log_oak"},
				"south": {"uv": [8.125, 11.875, 8.25, 12.125], "texture": "#log_oak"},
				"west": {"uv": [8.25, 11.875, 8.375, 12.125], "texture": "#log_oak"},
				"up": {"uv": [8.125, 8.25, 8.25, 8.375], "texture": "#log_oak"},
				"down": {"uv": [7.875, 8.375, 7.75, 8.25], "texture": "#log_oak"}
			}
		},
		{
			"from": [8.25, 5.25, 7.25],
			"to": [8.375, 6.125, 7.375],
			"faces": {
				"north": {"uv": [7.625, 9.875, 7.75, 10.75], "texture": "#texture"},
				"east": {"uv": [8.625, 9.875, 8.75, 10.75], "texture": "#texture"},
				"south": {"uv": [8.25, 9.875, 8.375, 10.75], "texture": "#texture"},
				"west": {"uv": [7.25, 9.875, 7.375, 10.75], "texture": "#texture"},
				"up": {"uv": [8.25, 7.25, 8.375, 7.375], "texture": "#texture"},
				"down": {"uv": [7.75, 7.375, 7.625, 7.25], "texture": "#texture"}
			}
		},
		{
			"from": [8.25, 4.375, 7.625],
			"to": [8.375, 5.25, 7.75],
			"faces": {
				"north": {"uv": [7.625, 10.75, 7.75, 11.625], "texture": "#log_oak"},
				"east": {"uv": [8.25, 10.75, 8.375, 11.625], "texture": "#log_oak"},
				"south": {"uv": [8.25, 10.75, 8.375, 11.625], "texture": "#log_oak"},
				"west": {"uv": [7.625, 10.75, 7.75, 11.625], "texture": "#log_oak"},
				"up": {"uv": [8.25, 7.625, 8.375, 7.75], "texture": "#log_oak"},
				"down": {"uv": [7.75, 7.75, 7.625, 7.625], "texture": "#log_oak"}
			}
		},
		{
			"from": [8.25, 14.5, 7.875],
			"to": [8.5, 14.75, 8],
			"faces": {
				"north": {"uv": [7.5, 1.25, 7.75, 1.5], "texture": "#particle"},
				"east": {"uv": [8, 1.25, 8.125, 1.5], "texture": "#particle"},
				"south": {"uv": [8.25, 1.25, 8.5, 1.5], "texture": "#particle"},
				"west": {"uv": [7.875, 1.25, 8, 1.5], "texture": "#particle"},
				"up": {"uv": [8.25, 7.875, 8.5, 8], "texture": "#particle"},
				"down": {"uv": [7.75, 8, 7.5, 7.875], "texture": "#particle"}
			}
		},
		{
			"from": [8.25, 14.625, 8],
			"to": [8.5, 14.875, 8.125],
			"faces": {
				"north": {"uv": [7.5, 1.125, 7.75, 1.375], "texture": "#particle"},
				"east": {"uv": [7.875, 1.125, 8, 1.375], "texture": "#particle"},
				"south": {"uv": [8.25, 1.125, 8.5, 1.375], "texture": "#particle"},
				"west": {"uv": [8, 1.125, 8.125, 1.375], "texture": "#particle"},
				"up": {"uv": [8.25, 8, 8.5, 8.125], "texture": "#particle"},
				"down": {"uv": [7.75, 8.125, 7.5, 8], "texture": "#particle"}
			}
		},
		{
			"from": [8.25, 4.25, 8.25],
			"to": [8.375, 5.25, 8.375],
			"faces": {
				"north": {"uv": [7.625, 10.75, 7.75, 11.75], "texture": "#log_oak"},
				"east": {"uv": [7.625, 10.75, 7.75, 11.75], "texture": "#log_oak"},
				"south": {"uv": [8.25, 10.75, 8.375, 11.75], "texture": "#log_oak"},
				"west": {"uv": [8.25, 10.75, 8.375, 11.75], "texture": "#log_oak"},
				"up": {"uv": [8.25, 8.25, 8.375, 8.375], "texture": "#log_oak"},
				"down": {"uv": [7.75, 8.375, 7.625, 8.25], "texture": "#log_oak"}
			}
		},
		{
			"from": [8.25, 5.25, 8.625],
			"to": [8.375, 6.125, 8.75],
			"faces": {
				"north": {"uv": [7.625, 9.875, 7.75, 10.75], "texture": "#texture"},
				"east": {"uv": [7.25, 9.875, 7.375, 10.75], "texture": "#texture"},
				"south": {"uv": [8.25, 9.875, 8.375, 10.75], "texture": "#texture"},
				"west": {"uv": [8.625, 9.875, 8.75, 10.75], "texture": "#texture"},
				"up": {"uv": [8.25, 8.625, 8.375, 8.75], "texture": "#texture"},
				"down": {"uv": [7.75, 8.75, 7.625, 8.625], "texture": "#texture"}
			}
		},
		{
			"from": [8.375, 4.625, 7.625],
			"to": [8.5, 5.25, 7.75],
			"faces": {
				"north": {"uv": [7.5, 10.75, 7.625, 11.375], "texture": "#log_oak"},
				"east": {"uv": [8.25, 10.75, 8.375, 11.375], "texture": "#log_oak"},
				"south": {"uv": [8.375, 10.75, 8.5, 11.375], "texture": "#log_oak"},
				"west": {"uv": [7.625, 10.75, 7.75, 11.375], "texture": "#log_oak"},
				"up": {"uv": [8.375, 7.625, 8.5, 7.75], "texture": "#log_oak"},
				"down": {"uv": [7.625, 7.75, 7.5, 7.625], "texture": "#log_oak"}
			}
		},
		{
			"from": [8.375, 2.125, 7.875],
			"to": [8.5, 2.375, 8.125],
			"faces": {
				"north": {"uv": [7.5, 13.625, 7.625, 13.875], "texture": "#log_oak"},
				"east": {"uv": [7.875, 13.625, 8.125, 13.875], "texture": "#log_oak"},
				"south": {"uv": [8.375, 13.625, 8.5, 13.875], "texture": "#log_oak"},
				"west": {"uv": [7.875, 13.625, 8.125, 13.875], "texture": "#log_oak"},
				"up": {"uv": [8.375, 7.875, 8.5, 8.125], "texture": "#log_oak"},
				"down": {"uv": [7.625, 8.125, 7.5, 7.875], "texture": "#log_oak"}
			}
		},
		{
			"from": [8.375, 3.75, 7.875],
			"to": [8.5, 3.875, 8.125],
			"faces": {
				"north": {"uv": [7.5, 12.125, 7.625, 12.25], "texture": "#log_oak"},
				"east": {"uv": [7.875, 12.125, 8.125, 12.25], "texture": "#log_oak"},
				"south": {"uv": [8.375, 12.125, 8.5, 12.25], "texture": "#log_oak"},
				"west": {"uv": [7.875, 12.125, 8.125, 12.25], "texture": "#log_oak"},
				"up": {"uv": [8.375, 7.875, 8.5, 8.125], "texture": "#log_oak"},
				"down": {"uv": [7.625, 8.125, 7.5, 7.875], "texture": "#log_oak"}
			}
		},
		{
			"from": [8.375, 14.75, 7.875],
			"to": [8.625, 15.125, 8],
			"faces": {
				"north": {"uv": [7.375, 0.875, 7.625, 1.25], "texture": "#particle"},
				"east": {"uv": [8, 0.875, 8.125, 1.25], "texture": "#particle"},
				"south": {"uv": [8.375, 0.875, 8.625, 1.25], "texture": "#particle"},
				"west": {"uv": [7.875, 0.875, 8, 1.25], "texture": "#particle"},
				"up": {"uv": [8.375, 7.875, 8.625, 8], "texture": "#particle"},
				"down": {"uv": [7.625, 8, 7.375, 7.875], "texture": "#particle"}
			}
		},
		{
			"from": [8.375, 14.875, 8],
			"to": [8.5, 15.25, 8.125],
			"faces": {
				"north": {"uv": [7.5, 0.75, 7.625, 1.125], "texture": "#particle"},
				"east": {"uv": [7.875, 0.75, 8, 1.125], "texture": "#particle"},
				"south": {"uv": [8.375, 0.75, 8.5, 1.125], "texture": "#particle"},
				"west": {"uv": [8, 0.75, 8.125, 1.125], "texture": "#particle"},
				"up": {"uv": [8.375, 8, 8.5, 8.125], "texture": "#particle"},
				"down": {"uv": [7.625, 8.125, 7.5, 8], "texture": "#particle"}
			}
		},
		{
			"from": [8.375, 3.875, 8.125],
			"to": [8.5, 5.25, 8.25],
			"faces": {
				"north": {"uv": [7.5, 10.75, 7.625, 12.125], "texture": "#log_oak"},
				"east": {"uv": [7.75, 10.75, 7.875, 12.125], "texture": "#log_oak"},
				"south": {"uv": [8.375, 10.75, 8.5, 12.125], "texture": "#log_oak"},
				"west": {"uv": [8.125, 10.75, 8.25, 12.125], "texture": "#log_oak"},
				"up": {"uv": [8.375, 8.125, 8.5, 8.25], "texture": "#log_oak"},
				"down": {"uv": [7.625, 8.25, 7.5, 8.125], "texture": "#log_oak"}
			}
		},
		{
			"from": [8.375, 4.625, 8.25],
			"to": [8.5, 5.25, 8.375],
			"faces": {
				"north": {"uv": [7.5, 10.75, 7.625, 11.375], "texture": "#log_oak"},
				"east": {"uv": [7.625, 10.75, 7.75, 11.375], "texture": "#log_oak"},
				"south": {"uv": [8.375, 10.75, 8.5, 11.375], "texture": "#log_oak"},
				"west": {"uv": [8.25, 10.75, 8.375, 11.375], "texture": "#log_oak"},
				"up": {"uv": [8.375, 8.25, 8.5, 8.375], "texture": "#log_oak"},
				"down": {"uv": [7.625, 8.375, 7.5, 8.25], "texture": "#log_oak"}
			}
		},
		{
			"from": [8.5, 5.125, 7.625],
			"to": [8.625, 5.25, 8.25],
			"faces": {
				"north": {"uv": [7.375, 10.75, 7.5, 10.875], "texture": "#log_oak"},
				"east": {"uv": [7.75, 10.75, 8.375, 10.875], "texture": "#log_oak"},
				"south": {"uv": [8.5, 10.75, 8.625, 10.875], "texture": "#log_oak"},
				"west": {"uv": [7.625, 10.75, 8.25, 10.875], "texture": "#log_oak"},
				"up": {"uv": [8.5, 7.625, 8.625, 8.25], "texture": "#log_oak"},
				"down": {"uv": [7.5, 8.25, 7.375, 7.625], "texture": "#log_oak"}
			}
		},
		{
			"from": [8.5, 4.25, 7.75],
			"to": [8.625, 5.125, 8.25],
			"faces": {
				"north": {"uv": [7.375, 10.875, 7.5, 11.75], "texture": "#log_oak"},
				"east": {"uv": [7.75, 10.875, 8.25, 11.75], "texture": "#log_oak"},
				"south": {"uv": [8.5, 10.875, 8.625, 11.75], "texture": "#log_oak"},
				"west": {"uv": [7.75, 10.875, 8.25, 11.75], "texture": "#log_oak"},
				"up": {"uv": [8.5, 7.75, 8.625, 8.25], "texture": "#log_oak"},
				"down": {"uv": [7.5, 8.25, 7.375, 7.75], "texture": "#log_oak"}
			}
		},
		{
			"from": [8.5, 1.75, 7.875],
			"to": [8.625, 2, 8.125],
			"faces": {
				"north": {"uv": [7.375, 14, 7.5, 14.25], "texture": "#texture"},
				"east": {"uv": [7.875, 14, 8.125, 14.25], "texture": "#texture"},
				"south": {"uv": [8.5, 14, 8.625, 14.25], "texture": "#texture"},
				"west": {"uv": [7.875, 14, 8.125, 14.25], "texture": "#texture"},
				"up": {"uv": [8.5, 7.875, 8.625, 8.125], "texture": "#texture"},
				"down": {"uv": [7.5, 8.125, 7.375, 7.875], "texture": "#texture"}
			}
		},
		{
			"from": [8.5, 4.125, 7.875],
			"to": [8.625, 4.25, 8.125],
			"faces": {
				"north": {"uv": [7.375, 11.75, 7.5, 11.875], "texture": "#log_oak"},
				"east": {"uv": [7.875, 11.75, 8.125, 11.875], "texture": "#log_oak"},
				"south": {"uv": [8.5, 11.75, 8.625, 11.875], "texture": "#log_oak"},
				"west": {"uv": [7.875, 11.75, 8.125, 11.875], "texture": "#log_oak"},
				"up": {"uv": [8.5, 7.875, 8.625, 8.125], "texture": "#log_oak"},
				"down": {"uv": [7.5, 8.125, 7.375, 7.875], "texture": "#log_oak"}
			}
		},
		{
			"from": [8.5, 14, 7.875],
			"to": [8.625, 14.25, 8],
			"faces": {
				"north": {"uv": [7.375, 1.75, 7.5, 2], "texture": "#particle"},
				"east": {"uv": [8, 1.75, 8.125, 2], "texture": "#particle"},
				"south": {"uv": [8.5, 1.75, 8.625, 2], "texture": "#particle"},
				"west": {"uv": [7.875, 1.75, 8, 2], "texture": "#particle"},
				"up": {"uv": [8.5, 7.875, 8.625, 8], "texture": "#particle"},
				"down": {"uv": [7.5, 8, 7.375, 7.875], "texture": "#particle"}
			}
		},
		{
			"from": [8.5, 15.125, 7.875],
			"to": [8.625, 15.375, 8.125],
			"faces": {
				"north": {"uv": [7.375, 0.625, 7.5, 0.875], "texture": "#particle"},
				"east": {"uv": [7.875, 0.625, 8.125, 0.875], "texture": "#particle"},
				"south": {"uv": [8.5, 0.625, 8.625, 0.875], "texture": "#particle"},
				"west": {"uv": [7.875, 0.625, 8.125, 0.875], "texture": "#particle"},
				"up": {"uv": [8.5, 7.875, 8.625, 8.125], "texture": "#particle"},
				"down": {"uv": [7.5, 8.125, 7.375, 7.875], "texture": "#particle"}
			}
		},
		{
			"from": [8.5, 4, 8],
			"to": [8.625, 4.125, 8.125],
			"faces": {
				"north": {"uv": [7.375, 11.875, 7.5, 12], "texture": "#log_oak"},
				"east": {"uv": [7.875, 11.875, 8, 12], "texture": "#log_oak"},
				"south": {"uv": [8.5, 11.875, 8.625, 12], "texture": "#log_oak"},
				"west": {"uv": [8, 11.875, 8.125, 12], "texture": "#log_oak"},
				"up": {"uv": [8.5, 8, 8.625, 8.125], "texture": "#log_oak"},
				"down": {"uv": [7.5, 8.125, 7.375, 8], "texture": "#log_oak"}
			}
		},
		{
			"from": [8.5, 14.125, 8],
			"to": [8.625, 14.25, 8.125],
			"faces": {
				"north": {"uv": [7.375, 1.75, 7.5, 1.875], "texture": "#particle"},
				"east": {"uv": [7.875, 1.75, 8, 1.875], "texture": "#particle"},
				"south": {"uv": [8.5, 1.75, 8.625, 1.875], "texture": "#particle"},
				"west": {"uv": [8, 1.75, 8.125, 1.875], "texture": "#particle"},
				"up": {"uv": [8.5, 8, 8.625, 8.125], "texture": "#particle"},
				"down": {"uv": [7.5, 8.125, 7.375, 8], "texture": "#particle"}
			}
		},
		{
			"from": [8.5, 15, 8],
			"to": [8.625, 15.125, 8.125],
			"faces": {
				"north": {"uv": [7.375, 0.875, 7.5, 1], "texture": "#particle"},
				"east": {"uv": [7.875, 0.875, 8, 1], "texture": "#particle"},
				"south": {"uv": [8.5, 0.875, 8.625, 1], "texture": "#particle"},
				"west": {"uv": [8, 0.875, 8.125, 1], "texture": "#particle"},
				"up": {"uv": [8.5, 8, 8.625, 8.125], "texture": "#particle"},
				"down": {"uv": [7.5, 8.125, 7.375, 8], "texture": "#particle"}
			}
		},
		{
			"from": [8.5, 15.375, 8],
			"to": [8.625, 15.5, 8.125],
			"faces": {
				"north": {"uv": [7.375, 0.5, 7.5, 0.625], "texture": "#particle"},
				"east": {"uv": [7.875, 0.5, 8, 0.625], "texture": "#particle"},
				"south": {"uv": [8.5, 0.5, 8.625, 0.625], "texture": "#particle"},
				"west": {"uv": [8, 0.5, 8.125, 0.625], "texture": "#particle"},
				"up": {"uv": [8.5, 8, 8.625, 8.125], "texture": "#particle"},
				"down": {"uv": [7.5, 8.125, 7.375, 8], "texture": "#particle"}
			}
		},
		{
			"from": [8.625, 4.5, 7.75],
			"to": [8.75, 5.25, 8.25],
			"faces": {
				"north": {"uv": [7.25, 10.75, 7.375, 11.5], "texture": "#log_oak"},
				"east": {"uv": [7.75, 10.75, 8.25, 11.5], "texture": "#log_oak"},
				"south": {"uv": [8.625, 10.75, 8.75, 11.5], "texture": "#log_oak"},
				"west": {"uv": [7.75, 10.75, 8.25, 11.5], "texture": "#log_oak"},
				"up": {"uv": [8.625, 7.75, 8.75, 8.25], "texture": "#log_oak"},
				"down": {"uv": [7.375, 8.25, 7.25, 7.75], "texture": "#log_oak"}
			}
		},
		{
			"from": [8.625, 0.875, 7.875],
			"to": [8.75, 1, 8],
			"faces": {
				"north": {"uv": [7.25, 15, 7.375, 15.125], "texture": "#particle"},
				"east": {"uv": [8, 15, 8.125, 15.125], "texture": "#particle"},
				"south": {"uv": [8.625, 15, 8.75, 15.125], "texture": "#particle"},
				"west": {"uv": [7.875, 15, 8, 15.125], "texture": "#particle"},
				"up": {"uv": [8.625, 7.875, 8.75, 8], "texture": "#particle"},
				"down": {"uv": [7.375, 8, 7.25, 7.875], "texture": "#particle"}
			}
		},
		{
			"from": [8.625, 4.375, 7.875],
			"to": [8.75, 4.5, 8.125],
			"faces": {
				"north": {"uv": [7.25, 11.5, 7.375, 11.625], "texture": "#log_oak"},
				"east": {"uv": [7.875, 11.5, 8.125, 11.625], "texture": "#log_oak"},
				"south": {"uv": [8.625, 11.5, 8.75, 11.625], "texture": "#log_oak"},
				"west": {"uv": [7.875, 11.5, 8.125, 11.625], "texture": "#log_oak"},
				"up": {"uv": [8.625, 7.875, 8.75, 8.125], "texture": "#log_oak"},
				"down": {"uv": [7.375, 8.125, 7.25, 7.875], "texture": "#log_oak"}
			}
		},
		{
			"from": [8.625, 13.5, 7.875],
			"to": [8.75, 13.75, 8],
			"faces": {
				"north": {"uv": [7.25, 2.25, 7.375, 2.5], "texture": "#particle"},
				"east": {"uv": [8, 2.25, 8.125, 2.5], "texture": "#particle"},
				"south": {"uv": [8.625, 2.25, 8.75, 2.5], "texture": "#particle"},
				"west": {"uv": [7.875, 2.25, 8, 2.5], "texture": "#particle"},
				"up": {"uv": [8.625, 7.875, 8.75, 8], "texture": "#particle"},
				"down": {"uv": [7.375, 8, 7.25, 7.875], "texture": "#particle"}
			}
		},
		{
			"from": [8.625, 13.625, 8],
			"to": [8.75, 13.75, 8.125],
			"faces": {
				"north": {"uv": [7.25, 2.25, 7.375, 2.375], "texture": "#particle"},
				"east": {"uv": [7.875, 2.25, 8, 2.375], "texture": "#particle"},
				"south": {"uv": [8.625, 2.25, 8.75, 2.375], "texture": "#particle"},
				"west": {"uv": [8, 2.25, 8.125, 2.375], "texture": "#particle"},
				"up": {"uv": [8.625, 8, 8.75, 8.125], "texture": "#particle"},
				"down": {"uv": [7.375, 8.125, 7.25, 8], "texture": "#particle"}
			}
		},
		{
			"from": [8.75, 4.875, 7.75],
			"to": [8.875, 5.25, 8.25],
			"faces": {
				"north": {"uv": [7.125, 10.75, 7.25, 11.125], "texture": "#log_oak"},
				"east": {"uv": [7.75, 10.75, 8.25, 11.125], "texture": "#log_oak"},
				"south": {"uv": [8.75, 10.75, 8.875, 11.125], "texture": "#log_oak"},
				"west": {"uv": [7.75, 10.75, 8.25, 11.125], "texture": "#log_oak"},
				"up": {"uv": [8.75, 7.75, 8.875, 8.25], "texture": "#log_oak"},
				"down": {"uv": [7.25, 8.25, 7.125, 7.75], "texture": "#log_oak"}
			}
		},
		{
			"from": [8.75, 1.125, 7.875],
			"to": [8.875, 1.25, 8.125],
			"faces": {
				"north": {"uv": [7.125, 14.75, 7.25, 14.875], "texture": "#particle"},
				"east": {"uv": [7.875, 14.75, 8.125, 14.875], "texture": "#particle"},
				"south": {"uv": [8.75, 14.75, 8.875, 14.875], "texture": "#particle"},
				"west": {"uv": [7.875, 14.75, 8.125, 14.875], "texture": "#particle"},
				"up": {"uv": [8.75, 7.875, 8.875, 8.125], "texture": "#particle"},
				"down": {"uv": [7.25, 8.125, 7.125, 7.875], "texture": "#particle"}
			}
		},
		{
			"from": [8.75, 4.625, 7.875],
			"to": [8.875, 4.875, 8.125],
			"faces": {
				"north": {"uv": [7.125, 11.125, 7.25, 11.375], "texture": "#log_oak"},
				"east": {"uv": [7.875, 11.125, 8.125, 11.375], "texture": "#log_oak"},
				"south": {"uv": [8.75, 11.125, 8.875, 11.375], "texture": "#log_oak"},
				"west": {"uv": [7.875, 11.125, 8.125, 11.375], "texture": "#log_oak"},
				"up": {"uv": [8.75, 7.875, 8.875, 8.125], "texture": "#log_oak"},
				"down": {"uv": [7.25, 8.125, 7.125, 7.875], "texture": "#log_oak"}
			}
		},
		{
			"from": [8.75, 7.75, 7.875],
			"to": [8.875, 8.75, 8.125],
			"faces": {
				"north": {"uv": [7.125, 7.25, 7.25, 8.25], "texture": "#particle"},
				"east": {"uv": [7.875, 7.25, 8.125, 8.25], "texture": "#particle"},
				"south": {"uv": [8.75, 7.25, 8.875, 8.25], "texture": "#particle"},
				"west": {"uv": [7.875, 7.25, 8.125, 8.25], "texture": "#particle"},
				"up": {"uv": [8.75, 7.875, 8.875, 8.125], "texture": "#particle"},
				"down": {"uv": [7.25, 8.125, 7.125, 7.875], "texture": "#particle"}
			}
		},
		{
			"from": [8.75, 12.75, 7.875],
			"to": [8.875, 13.25, 8],
			"faces": {
				"north": {"uv": [7.125, 2.75, 7.25, 3.25], "texture": "#particle"},
				"east": {"uv": [8, 2.75, 8.125, 3.25], "texture": "#particle"},
				"south": {"uv": [8.75, 2.75, 8.875, 3.25], "texture": "#particle"},
				"west": {"uv": [7.875, 2.75, 8, 3.25], "texture": "#particle"},
				"up": {"uv": [8.75, 7.875, 8.875, 8], "texture": "#particle"},
				"down": {"uv": [7.25, 8, 7.125, 7.875], "texture": "#particle"}
			}
		},
		{
			"from": [8.75, 13, 8],
			"to": [8.875, 13.25, 8.125],
			"faces": {
				"north": {"uv": [7.125, 2.75, 7.25, 3], "texture": "#particle"},
				"east": {"uv": [7.875, 2.75, 8, 3], "texture": "#particle"},
				"south": {"uv": [8.75, 2.75, 8.875, 3], "texture": "#particle"},
				"west": {"uv": [8, 2.75, 8.125, 3], "texture": "#particle"},
				"up": {"uv": [8.75, 8, 8.875, 8.125], "texture": "#particle"},
				"down": {"uv": [7.25, 8.125, 7.125, 8], "texture": "#particle"}
			}
		},
		{
			"from": [8.875, 5.25, 7.625],
			"to": [9.125, 6.125, 7.75],
			"faces": {
				"north": {"uv": [6.875, 9.875, 7.125, 10.75], "texture": "#texture"},
				"east": {"uv": [8.25, 9.875, 8.375, 10.75], "texture": "#texture"},
				"south": {"uv": [8.875, 9.875, 9.125, 10.75], "texture": "#texture"},
				"west": {"uv": [7.625, 9.875, 7.75, 10.75], "texture": "#texture"},
				"up": {"uv": [8.875, 7.625, 9.125, 7.75], "texture": "#texture"},
				"down": {"uv": [7.125, 7.75, 6.875, 7.625], "texture": "#texture"}
			}
		},
		{
			"from": [8.875, 8.375, 7.875],
			"to": [9, 8.75, 8.125],
			"faces": {
				"north": {"uv": [7, 7.25, 7.125, 7.625], "texture": "#particle"},
				"east": {"uv": [7.875, 7.25, 8.125, 7.625], "texture": "#particle"},
				"south": {"uv": [8.875, 7.25, 9, 7.625], "texture": "#particle"},
				"west": {"uv": [7.875, 7.25, 8.125, 7.625], "texture": "#particle"},
				"up": {"uv": [8.875, 7.875, 9, 8.125], "texture": "#particle"},
				"down": {"uv": [7.125, 8.125, 7, 7.875], "texture": "#particle"}
			}
		},
		{
			"from": [8.875, 12.75, 7.875],
			"to": [9, 12.875, 8.125],
			"faces": {
				"north": {"uv": [7, 3.125, 7.125, 3.25], "texture": "#particle"},
				"east": {"uv": [7.875, 3.125, 8.125, 3.25], "texture": "#particle"},
				"south": {"uv": [8.875, 3.125, 9, 3.25], "texture": "#particle"},
				"west": {"uv": [7.875, 3.125, 8.125, 3.25], "texture": "#particle"},
				"up": {"uv": [8.875, 7.875, 9, 8.125], "texture": "#particle"},
				"down": {"uv": [7.125, 8.125, 7, 7.875], "texture": "#particle"}
			}
		},
		{
			"from": [8.875, 12.125, 8],
			"to": [9, 12.75, 8.125],
			"faces": {
				"north": {"uv": [7, 3.25, 7.125, 3.875], "texture": "#particle"},
				"east": {"uv": [7.875, 3.25, 8, 3.875], "texture": "#particle"},
				"south": {"uv": [8.875, 3.25, 9, 3.875], "texture": "#particle"},
				"west": {"uv": [8, 3.25, 8.125, 3.875], "texture": "#particle"},
				"up": {"uv": [8.875, 8, 9, 8.125], "texture": "#particle"},
				"down": {"uv": [7.125, 8.125, 7, 8], "texture": "#particle"}
			}
		},
		{
			"from": [8.875, 5.25, 8.25],
			"to": [9.125, 6.125, 8.375],
			"faces": {
				"north": {"uv": [6.875, 9.875, 7.125, 10.75], "texture": "#texture"},
				"east": {"uv": [7.625, 9.875, 7.75, 10.75], "texture": "#texture"},
				"south": {"uv": [8.875, 9.875, 9.125, 10.75], "texture": "#texture"},
				"west": {"uv": [8.25, 9.875, 8.375, 10.75], "texture": "#texture"},
				"up": {"uv": [8.875, 8.25, 9.125, 8.375], "texture": "#texture"},
				"down": {"uv": [7.125, 8.375, 6.875, 8.25], "texture": "#texture"}
			}
		},
		{
			"from": [9, 1.25, 7.875],
			"to": [9.125, 1.625, 8.125],
			"faces": {
				"north": {"uv": [6.875, 14.375, 7, 14.75], "texture": "#texture"},
				"east": {"uv": [7.875, 14.375, 8.125, 14.75], "texture": "#texture"},
				"south": {"uv": [9, 14.375, 9.125, 14.75], "texture": "#texture"},
				"west": {"uv": [7.875, 14.375, 8.125, 14.75], "texture": "#texture"},
				"up": {"uv": [9, 7.875, 9.125, 8.125], "texture": "#texture"},
				"down": {"uv": [7, 8.125, 6.875, 7.875], "texture": "#texture"}
			}
		},
		{
			"from": [9, 9, 7.875],
			"to": [9.125, 9.125, 8.125],
			"faces": {
				"north": {"uv": [6.875, 6.875, 7, 7], "texture": "#particle"},
				"east": {"uv": [7.875, 6.875, 8.125, 7], "texture": "#particle"},
				"south": {"uv": [9, 6.875, 9.125, 7], "texture": "#particle"},
				"west": {"uv": [7.875, 6.875, 8.125, 7], "texture": "#particle"},
				"up": {"uv": [9, 7.875, 9.125, 8.125], "texture": "#particle"},
				"down": {"uv": [7, 8.125, 6.875, 7.875], "texture": "#particle"}
			}
		},
		{
			"from": [9, 11, 7.875],
			"to": [9.125, 12.625, 8],
			"faces": {
				"north": {"uv": [6.875, 3.375, 7, 5], "texture": "#particle"},
				"east": {"uv": [8, 3.375, 8.125, 5], "texture": "#particle"},
				"south": {"uv": [9, 3.375, 9.125, 5], "texture": "#particle"},
				"west": {"uv": [7.875, 3.375, 8, 5], "texture": "#particle"},
				"up": {"uv": [9, 7.875, 9.125, 8], "texture": "#particle"},
				"down": {"uv": [7, 8, 6.875, 7.875], "texture": "#particle"}
			}
		},
		{
			"from": [9, 12.125, 8],
			"to": [9.125, 12.625, 8.125],
			"faces": {
				"north": {"uv": [6.875, 3.375, 7, 3.875], "texture": "#particle"},
				"east": {"uv": [7.875, 3.375, 8, 3.875], "texture": "#particle"},
				"south": {"uv": [9, 3.375, 9.125, 3.875], "texture": "#particle"},
				"west": {"uv": [8, 3.375, 8.125, 3.875], "texture": "#particle"},
				"up": {"uv": [9, 8, 9.125, 8.125], "texture": "#particle"},
				"down": {"uv": [7, 8.125, 6.875, 8], "texture": "#particle"}
			}
		},
		{
			"from": [9.125, 5.25, 7.625],
			"to": [9.25, 5.875, 7.75],
			"faces": {
				"north": {"uv": [6.75, 10.125, 6.875, 10.75], "texture": "#texture"},
				"east": {"uv": [8.25, 10.125, 8.375, 10.75], "texture": "#texture"},
				"south": {"uv": [9.125, 10.125, 9.25, 10.75], "texture": "#texture"},
				"west": {"uv": [7.625, 10.125, 7.75, 10.75], "texture": "#texture"},
				"up": {"uv": [9.125, 7.625, 9.25, 7.75], "texture": "#texture"},
				"down": {"uv": [6.875, 7.75, 6.75, 7.625], "texture": "#texture"}
			}
		},
		{
			"from": [9.125, 6.125, 7.75],
			"to": [9.25, 6.5, 8.25],
			"faces": {
				"north": {"uv": [6.75, 9.5, 6.875, 9.875], "texture": "#texture"},
				"east": {"uv": [7.75, 9.5, 8.25, 9.875], "texture": "#texture"},
				"south": {"uv": [9.125, 9.5, 9.25, 9.875], "texture": "#texture"},
				"west": {"uv": [7.75, 9.5, 8.25, 9.875], "texture": "#texture"},
				"up": {"uv": [9.125, 7.75, 9.25, 8.25], "texture": "#texture"},
				"down": {"uv": [6.875, 8.25, 6.75, 7.75], "texture": "#texture"}
			}
		},
		{
			"from": [9.125, 9.375, 7.875],
			"to": [9.25, 10.125, 8.125],
			"faces": {
				"north": {"uv": [6.75, 5.875, 6.875, 6.625], "texture": "#particle"},
				"east": {"uv": [7.875, 5.875, 8.125, 6.625], "texture": "#particle"},
				"south": {"uv": [9.125, 5.875, 9.25, 6.625], "texture": "#particle"},
				"west": {"uv": [7.875, 5.875, 8.125, 6.625], "texture": "#particle"},
				"up": {"uv": [9.125, 7.875, 9.25, 8.125], "texture": "#particle"},
				"down": {"uv": [6.875, 8.125, 6.75, 7.875], "texture": "#particle"}
			}
		},
		{
			"from": [9.125, 11, 7.875],
			"to": [9.25, 12.25, 8],
			"faces": {
				"north": {"uv": [6.75, 3.75, 6.875, 5], "texture": "#particle"},
				"east": {"uv": [8, 3.75, 8.125, 5], "texture": "#particle"},
				"south": {"uv": [9.125, 3.75, 9.25, 5], "texture": "#particle"},
				"west": {"uv": [7.875, 3.75, 8, 5], "texture": "#particle"},
				"up": {"uv": [9.125, 7.875, 9.25, 8], "texture": "#particle"},
				"down": {"uv": [6.875, 8, 6.75, 7.875], "texture": "#particle"}
			}
		},
		{
			"from": [9.125, 12.125, 8],
			"to": [9.25, 12.25, 8.125],
			"faces": {
				"north": {"uv": [6.75, 3.75, 6.875, 3.875], "texture": "#particle"},
				"east": {"uv": [7.875, 3.75, 8, 3.875], "texture": "#particle"},
				"south": {"uv": [9.125, 3.75, 9.25, 3.875], "texture": "#particle"},
				"west": {"uv": [8, 3.75, 8.125, 3.875], "texture": "#particle"},
				"up": {"uv": [9.125, 8, 9.25, 8.125], "texture": "#particle"},
				"down": {"uv": [6.875, 8.125, 6.75, 8], "texture": "#particle"}
			}
		},
		{
			"from": [9.125, 5.25, 8.25],
			"to": [9.25, 6, 8.375],
			"faces": {
				"north": {"uv": [6.75, 10, 6.875, 10.75], "texture": "#texture"},
				"east": {"uv": [7.625, 10, 7.75, 10.75], "texture": "#texture"},
				"south": {"uv": [9.125, 10, 9.25, 10.75], "texture": "#texture"},
				"west": {"uv": [8.25, 10, 8.375, 10.75], "texture": "#texture"},
				"up": {"uv": [9.125, 8.25, 9.25, 8.375], "texture": "#texture"},
				"down": {"uv": [6.875, 8.375, 6.75, 8.25], "texture": "#texture"}
			}
		},
		{
			"from": [9.25, 5.25, 7.625],
			"to": [9.375, 5.5, 7.75],
			"faces": {
				"north": {"uv": [6.625, 10.5, 6.75, 10.75], "texture": "#texture"},
				"east": {"uv": [8.25, 10.5, 8.375, 10.75], "texture": "#texture"},
				"south": {"uv": [9.25, 10.5, 9.375, 10.75], "texture": "#texture"},
				"west": {"uv": [7.625, 10.5, 7.75, 10.75], "texture": "#texture"},
				"up": {"uv": [9.25, 7.625, 9.375, 7.75], "texture": "#texture"},
				"down": {"uv": [6.75, 7.75, 6.625, 7.625], "texture": "#texture"}
			}
		},
		{
			"from": [9.25, 6.125, 7.75],
			"to": [9.375, 6.375, 8.25],
			"faces": {
				"north": {"uv": [6.625, 9.625, 6.75, 9.875], "texture": "#texture"},
				"east": {"uv": [7.75, 9.625, 8.25, 9.875], "texture": "#texture"},
				"south": {"uv": [9.25, 9.625, 9.375, 9.875], "texture": "#texture"},
				"west": {"uv": [7.75, 9.625, 8.25, 9.875], "texture": "#texture"},
				"up": {"uv": [9.25, 7.75, 9.375, 8.25], "texture": "#texture"},
				"down": {"uv": [6.75, 8.25, 6.625, 7.75], "texture": "#texture"}
			}
		},
		{
			"from": [9.25, 9.875, 7.875],
			"to": [9.375, 10.125, 8.125],
			"faces": {
				"north": {"uv": [6.625, 5.875, 6.75, 6.125], "texture": "#particle"},
				"east": {"uv": [7.875, 5.875, 8.125, 6.125], "texture": "#particle"},
				"south": {"uv": [9.25, 5.875, 9.375, 6.125], "texture": "#particle"},
				"west": {"uv": [7.875, 5.875, 8.125, 6.125], "texture": "#particle"},
				"up": {"uv": [9.25, 7.875, 9.375, 8.125], "texture": "#particle"},
				"down": {"uv": [6.75, 8.125, 6.625, 7.875], "texture": "#particle"}
			}
		},
		{
			"from": [9.25, 11, 7.875],
			"to": [9.375, 12, 8],
			"faces": {
				"north": {"uv": [6.625, 4, 6.75, 5], "texture": "#particle"},
				"east": {"uv": [8, 4, 8.125, 5], "texture": "#particle"},
				"south": {"uv": [9.25, 4, 9.375, 5], "texture": "#particle"},
				"west": {"uv": [7.875, 4, 8, 5], "texture": "#particle"},
				"up": {"uv": [9.25, 7.875, 9.375, 8], "texture": "#particle"},
				"down": {"uv": [6.75, 8, 6.625, 7.875], "texture": "#particle"}
			}
		},
		{
			"from": [9.25, 11.875, 8],
			"to": [9.375, 12, 8.125],
			"faces": {
				"north": {"uv": [6.625, 4, 6.75, 4.125], "texture": "#particle"},
				"east": {"uv": [7.875, 4, 8, 4.125], "texture": "#particle"},
				"south": {"uv": [9.25, 4, 9.375, 4.125], "texture": "#particle"},
				"west": {"uv": [8, 4, 8.125, 4.125], "texture": "#particle"},
				"up": {"uv": [9.25, 8, 9.375, 8.125], "texture": "#particle"},
				"down": {"uv": [6.75, 8.125, 6.625, 8], "texture": "#particle"}
			}
		},
		{
			"from": [9.25, 5.25, 8.25],
			"to": [9.375, 5.625, 8.375],
			"faces": {
				"north": {"uv": [6.625, 10.375, 6.75, 10.75], "texture": "#texture"},
				"east": {"uv": [7.625, 10.375, 7.75, 10.75], "texture": "#texture"},
				"south": {"uv": [9.25, 10.375, 9.375, 10.75], "texture": "#texture"},
				"west": {"uv": [8.25, 10.375, 8.375, 10.75], "texture": "#texture"},
				"up": {"uv": [9.25, 8.25, 9.375, 8.375], "texture": "#texture"},
				"down": {"uv": [6.75, 8.375, 6.625, 8.25], "texture": "#texture"}
			}
		},
		{
			"from": [9.375, 5.5, 7.75],
			"to": [9.5, 5.625, 8.25],
			"faces": {
				"north": {"uv": [6.5, 10.375, 6.625, 10.5], "texture": "#texture"},
				"east": {"uv": [7.75, 10.375, 8.25, 10.5], "texture": "#texture"},
				"south": {"uv": [9.375, 10.375, 9.5, 10.5], "texture": "#texture"},
				"west": {"uv": [7.75, 10.375, 8.25, 10.5], "texture": "#texture"},
				"up": {"uv": [9.375, 7.75, 9.5, 8.25], "texture": "#texture"},
				"down": {"uv": [6.625, 8.25, 6.5, 7.75], "texture": "#texture"}
			}
		},
		{
			"from": [9.375, 10.25, 7.875],
			"to": [9.5, 10.625, 8.125],
			"faces": {
				"north": {"uv": [6.5, 5.375, 6.625, 5.75], "texture": "#particle"},
				"east": {"uv": [7.875, 5.375, 8.125, 5.75], "texture": "#particle"},
				"south": {"uv": [9.375, 5.375, 9.5, 5.75], "texture": "#particle"},
				"west": {"uv": [7.875, 5.375, 8.125, 5.75], "texture": "#particle"},
				"up": {"uv": [9.375, 7.875, 9.5, 8.125], "texture": "#particle"},
				"down": {"uv": [6.625, 8.125, 6.5, 7.875], "texture": "#particle"}
			}
		},
		{
			"from": [9.375, 11, 7.875],
			"to": [9.5, 11.875, 8],
			"faces": {
				"north": {"uv": [6.5, 4.125, 6.625, 5], "texture": "#particle"},
				"east": {"uv": [8, 4.125, 8.125, 5], "texture": "#particle"},
				"south": {"uv": [9.375, 4.125, 9.5, 5], "texture": "#particle"},
				"west": {"uv": [7.875, 4.125, 8, 5], "texture": "#particle"},
				"up": {"uv": [9.375, 7.875, 9.5, 8], "texture": "#particle"},
				"down": {"uv": [6.625, 8, 6.5, 7.875], "texture": "#particle"}
			}
		},
		{
			"from": [9.5, 10.5, 7.875],
			"to": [9.625, 10.625, 8.125],
			"faces": {
				"north": {"uv": [6.375, 5.375, 6.5, 5.5], "texture": "#particle"},
				"east": {"uv": [7.875, 5.375, 8.125, 5.5], "texture": "#particle"},
				"south": {"uv": [9.5, 5.375, 9.625, 5.5], "texture": "#particle"},
				"west": {"uv": [7.875, 5.375, 8.125, 5.5], "texture": "#particle"},
				"up": {"uv": [9.5, 7.875, 9.625, 8.125], "texture": "#particle"},
				"down": {"uv": [6.5, 8.125, 6.375, 7.875], "texture": "#particle"}
			}
		},
		{
			"from": [9.5, 11, 7.875],
			"to": [9.625, 11.625, 8.125],
			"faces": {
				"north": {"uv": [6.375, 4.375, 6.5, 5], "texture": "#particle"},
				"east": {"uv": [7.875, 4.375, 8.125, 5], "texture": "#particle"},
				"south": {"uv": [9.5, 4.375, 9.625, 5], "texture": "#particle"},
				"west": {"uv": [7.875, 4.375, 8.125, 5], "texture": "#particle"},
				"up": {"uv": [9.5, 7.875, 9.625, 8.125], "texture": "#particle"},
				"down": {"uv": [6.5, 8.125, 6.375, 7.875], "texture": "#particle"}
			}
		},
		{
			"from": [9.625, 10.75, 7.875],
			"to": [9.75, 11.375, 8.125],
			"faces": {
				"north": {"uv": [6.25, 4.625, 6.375, 5.25], "texture": "#particle"},
				"east": {"uv": [7.875, 4.625, 8.125, 5.25], "texture": "#particle"},
				"south": {"uv": [9.625, 4.625, 9.75, 5.25], "texture": "#particle"},
				"west": {"uv": [7.875, 4.625, 8.125, 5.25], "texture": "#particle"},
				"up": {"uv": [9.625, 7.875, 9.75, 8.125], "texture": "#particle"},
				"down": {"uv": [6.375, 8.125, 6.25, 7.875], "texture": "#particle"}
			}
		},
		{
			"from": [9.75, 11.125, 7.875],
			"to": [9.875, 11.25, 8.125],
			"faces": {
				"north": {"uv": [6.125, 4.75, 6.25, 4.875], "texture": "#particle"},
				"east": {"uv": [7.875, 4.75, 8.125, 4.875], "texture": "#particle"},
				"south": {"uv": [9.75, 4.75, 9.875, 4.875], "texture": "#particle"},
				"west": {"uv": [7.875, 4.75, 8.125, 4.875], "texture": "#particle"},
				"up": {"uv": [9.75, 7.875, 9.875, 8.125], "texture": "#particle"},
				"down": {"uv": [6.25, 8.125, 6.125, 7.875], "texture": "#particle"}
			}
		}
	],
	"display": {
		"thirdperson_righthand": {
			"rotation": [0, -90, -1],
			"translation": [0, 3.59, 0.5],
			"scale": [1.33, 1.33, 1.33]
		},
		"thirdperson_lefthand": {
			"rotation": [0, 92, -1],
			"translation": [0, 3.59, 0.5],
			"scale": [1.33, 1.33, 1.33]
		},
		"head": {
			"rotation": [0, 0, 142],
			"translation": [0.96, -17, 5.5],
			"scale": [2.28, 2.28, 2.28]
		},
		"ground": {
			"rotation": [91, 0, 0],
			"translation": [0, 2, 0],
			"scale": [0.825, 0.775, 0.8]
		},
		"fixed": {
			"rotation": [0, 0, 42],
			"translation": [0, 0, 0],
			"scale": [1.48, 1.48, 1.48]
		},
		"firstperson_righthand": {
			"rotation": [0, -91, 0],
			"translation": [0, 4.8, 0],
			"scale": [1.32, 1.32, 1.32]
		},
		"firstperson_lefthand": {
			"rotation": [0, 91, 0],
			"translation": [1.92, 4.8, 0],
			"scale": [1.32, 1.32, 1.32]
		},
		"gui": {
			"rotation": [0, 0, -42],
			"translation": [0, 0, 0],
			"scale": [1.16, 1.16, 1.16]
		}
	}
}