{
	"credit": "Made using Blockbench ~",
	"textures": {
		"texture": "block/weapons/blade",
		"pick": "block/weapons/pick"
	},
	"elements": [
		{
			"name": "1 x64",
			"from": [7.5, -14.375, 7.625],
			"to": [8.375, 18.375, 7.875],
			"faces": {
				"north": {"uv": [0, 13, 13.25, 16], "rotation": 90, "texture": "#pick"},
				"east": {"uv": [0, 16, 13.25, 15.75], "rotation": 90, "texture": "#pick"},
				"south": {"uv": [13.25, 13, 0, 16], "rotation": 270, "texture": "#pick"},
				"west": {"uv": [0, 13, 13.25, 13.25], "rotation": 90, "texture": "#pick"},
				"up": {"uv": [0, 13, 0.25, 16], "rotation": 270, "texture": "#pick"},
				"down": {"uv": [13.25, 13, 13, 16], "rotation": 270, "texture": "#pick"}
			}
		},
		{
			"name": "5 x64",
			"from": [7.75, 26.875, 7.5],
			"to": [8.125, 29, 8.15],
			"faces": {
				"north": {"uv": [8.25, 0, 7.5, 4.25], "texture": "#texture"},
				"east": {"uv": [8.25, 0, 8, 4.25], "texture": "#texture"},
				"south": {"uv": [7.5, 0, 8.25, 4.25], "texture": "#texture"},
				"west": {"uv": [7.5, 0, 7.75, 4.25], "texture": "#texture"},
				"up": {"uv": [7.5, 0, 8.25, 0.25], "texture": "#texture"},
				"down": {"uv": [7.5, 4.25, 8.25, 4], "texture": "#texture"}
			}
		},
		{
			"name": "5 x64",
			"from": [7.75, 25, 7.5625],
			"to": [8.125, 26.375, 8.2125],
			"faces": {
				"north": {"uv": [8.25, 5, 7.5, 7.75], "texture": "#texture"},
				"east": {"uv": [8.25, 5, 8, 7.75], "texture": "#texture"},
				"south": {"uv": [7.5, 5, 8.25, 7.75], "texture": "#texture"},
				"west": {"uv": [7.5, 5, 7.75, 7.75], "texture": "#texture"},
				"up": {"uv": [7.5, 5, 8.25, 5.25], "texture": "#texture"},
				"down": {"uv": [7.5, 7.75, 8.25, 7.5], "texture": "#texture"}
			}
		},
		{
			"name": "5 x64",
			"from": [7.75, 21, 7.5],
			"to": [8.125, 24.625, 8.15],
			"faces": {
				"north": {"uv": [8.25, 8.75, 7.5, 16], "texture": "#texture"},
				"east": {"uv": [8.25, 8.75, 8, 16], "texture": "#texture"},
				"south": {"uv": [7.5, 8.75, 8.25, 16], "texture": "#texture"},
				"west": {"uv": [7.5, 8.75, 7.75, 16], "texture": "#texture"},
				"up": {"uv": [7.5, 8.75, 8.25, 9], "texture": "#texture"},
				"down": {"uv": [7.5, 16, 8.25, 15.75], "texture": "#texture"}
			}
		},
		{
			"name": "5 x64",
			"from": [8.125, 21, 7.5],
			"to": [8.25, 21.75, 8.15],
			"faces": {
				"north": {"uv": [8.5, 14.5, 8.25, 16], "texture": "#texture"},
				"east": {"uv": [8.5, 14.5, 8.25, 16], "texture": "#texture"},
				"south": {"uv": [8.25, 14.5, 8.5, 16], "texture": "#texture"},
				"west": {"uv": [8.25, 14.5, 8.5, 16], "texture": "#texture"},
				"up": {"uv": [8.25, 14.5, 8.5, 14.75], "texture": "#texture"},
				"down": {"uv": [8.25, 16, 8.5, 15.75], "texture": "#texture"}
			}
		},
		{
			"name": "5 x64",
			"from": [7.75, 29, 7.6875],
			"to": [8.125, 29.5, 7.9875],
			"faces": {
				"north": {"uv": [10.75, 2.5, 10, 3.5], "texture": "#texture"},
				"east": {"uv": [10.75, 2.5, 10.5, 3.5], "texture": "#texture"},
				"south": {"uv": [10.75, 2.5, 10, 3.5], "texture": "#texture"},
				"west": {"uv": [10, 2.5, 10.25, 3.5], "texture": "#texture"},
				"up": {"uv": [10, 3, 10.75, 3.25], "texture": "#texture"},
				"down": {"uv": [10, 3, 10.75, 3.25], "texture": "#texture"}
			}
		},
		{
			"name": "5 x64",
			"from": [10.75, 24, 7.25],
			"to": [11, 27.375, 8.5],
			"faces": {
				"north": {"uv": [14, 3.25, 13.5, 10], "texture": "#texture"},
				"east": {"uv": [14, 3.25, 13.75, 10], "texture": "#texture"},
				"south": {"uv": [13.5, 3.25, 14, 10], "texture": "#texture"},
				"west": {"uv": [13.5, 3.25, 13.75, 10], "texture": "#texture"},
				"up": {"uv": [13.5, 3.25, 14, 3.5], "texture": "#texture"},
				"down": {"uv": [13.5, 10, 14, 9.75], "texture": "#texture"}
			}
		},
		{
			"name": "5 x64",
			"from": [7.75, 13.375, 7.4875],
			"to": [7.875, 21, 8.1375],
			"faces": {
				"north": {"uv": [15, 0, 14.75, 15.25], "texture": "#texture"},
				"east": {"uv": [15, 0, 14.75, 15.25], "texture": "#texture"},
				"south": {"uv": [14.75, 0, 15, 15.25], "texture": "#texture"},
				"west": {"uv": [14.75, 0, 15, 15.25], "texture": "#texture"},
				"up": {"uv": [14.75, 0, 15, 0.25], "texture": "#texture"},
				"down": {"uv": [14.75, 15.25, 15, 15], "texture": "#texture"}
			}
		},
		{
			"name": "5 x64",
			"from": [7.875, 18.25, 7.4875],
			"to": [8.25, 21, 8.1375],
			"faces": {
				"north": {"uv": [15.75, 0, 15, 5.5], "texture": "#texture"},
				"east": {"uv": [15.75, 0, 15.5, 5.5], "texture": "#texture"},
				"south": {"uv": [15, 0, 15.75, 5.5], "texture": "#texture"},
				"west": {"uv": [15, 0, 15.25, 5.5], "texture": "#texture"},
				"up": {"uv": [15, 0, 15.75, 0.25], "texture": "#texture"},
				"down": {"uv": [15, 5.5, 15.75, 5.25], "texture": "#texture"}
			}
		},
		{
			"name": "5 x64",
			"from": [7.875, 14.125, 7.5],
			"to": [8.25, 18, 8.15],
			"faces": {
				"north": {"uv": [15.75, 6, 15, 13.75], "texture": "#texture"},
				"east": {"uv": [15.75, 6, 15.5, 13.75], "texture": "#texture"},
				"south": {"uv": [15, 6, 15.75, 13.75], "texture": "#texture"},
				"west": {"uv": [15, 6, 15.25, 13.75], "texture": "#texture"},
				"up": {"uv": [15, 6, 15.75, 6.25], "texture": "#texture"},
				"down": {"uv": [15, 13.75, 15.75, 13.5], "texture": "#texture"}
			}
		},
		{
			"name": "5 x64",
			"from": [7.875, 13.25, 7.5],
			"to": [8.125, 13.875, 8.15],
			"faces": {
				"north": {"uv": [15.5, 14.25, 15, 15.5], "texture": "#texture"},
				"east": {"uv": [15.5, 14.25, 15.25, 15.5], "texture": "#texture"},
				"south": {"uv": [15, 14.25, 15.5, 15.5], "texture": "#texture"},
				"west": {"uv": [15, 14.25, 15.25, 15.5], "texture": "#texture"},
				"up": {"uv": [15, 14.25, 15.5, 14.5], "texture": "#texture"},
				"down": {"uv": [15, 15.5, 15.5, 15.25], "texture": "#texture"}
			}
		},
		{
			"name": "5 x64",
			"from": [8.125, 18, 7.5],
			"to": [8.25, 18.25, 8.15],
			"faces": {
				"north": {"uv": [15.75, 5.5, 15.5, 6], "texture": "#texture"},
				"east": {"uv": [15.75, 5.5, 15.5, 6], "texture": "#texture"},
				"south": {"uv": [15.5, 5.5, 15.75, 6], "texture": "#texture"},
				"west": {"uv": [15.5, 5.5, 15.75, 6], "texture": "#texture"},
				"up": {"uv": [15.5, 5.5, 15.75, 5.75], "texture": "#texture"},
				"down": {"uv": [15.5, 6, 15.75, 5.75], "texture": "#texture"}
			}
		},
		{
			"name": "5 x64",
			"from": [8.125, 13.375, 7.5],
			"to": [8.25, 14.125, 8.15],
			"faces": {
				"north": {"uv": [15.75, 13.75, 15.5, 15.25], "texture": "#texture"},
				"east": {"uv": [15.75, 13.75, 15.5, 15.25], "texture": "#texture"},
				"south": {"uv": [15.5, 13.75, 15.75, 15.25], "texture": "#texture"},
				"west": {"uv": [15.5, 13.75, 15.75, 15.25], "texture": "#texture"},
				"up": {"uv": [15.5, 13.75, 15.75, 14], "texture": "#texture"},
				"down": {"uv": [15.5, 15.25, 15.75, 15], "texture": "#texture"}
			}
		},
		{
			"name": "4 x64",
			"from": [7.5, 25, 7.625],
			"to": [7.75, 26.375, 8.025],
			"faces": {
				"north": {"uv": [7.5, 5, 7, 7.75], "texture": "#texture"},
				"east": {"uv": [7.5, 5, 7.25, 7.75], "texture": "#texture"},
				"south": {"uv": [7, 5, 7.5, 7.75], "texture": "#texture"},
				"west": {"uv": [7, 5, 7.25, 7.75], "texture": "#texture"},
				"up": {"uv": [7, 5, 7.5, 5.25], "texture": "#texture"},
				"down": {"uv": [7, 7.75, 7.5, 7.5], "texture": "#texture"}
			}
		},
		{
			"name": "4 x64",
			"from": [7.625, 26.875, 7.625],
			"to": [7.75, 29, 8.025],
			"faces": {
				"north": {"uv": [7.5, 0, 7.25, 4.25], "texture": "#texture"},
				"east": {"uv": [7.5, 0, 7.25, 4.25], "texture": "#texture"},
				"south": {"uv": [7.25, 0, 7.5, 4.25], "texture": "#texture"},
				"west": {"uv": [7.25, 0, 7.5, 4.25], "texture": "#texture"},
				"up": {"uv": [7.25, 0, 7.5, 0.25], "texture": "#texture"},
				"down": {"uv": [7.25, 4.25, 7.5, 4], "texture": "#texture"}
			}
		},
		{
			"name": "4 x64",
			"from": [7.625, 21, 7.625],
			"to": [7.75, 24.625, 8.025],
			"faces": {
				"north": {"uv": [7.5, 8.75, 7.25, 16], "texture": "#texture"},
				"east": {"uv": [7.5, 8.75, 7.25, 16], "texture": "#texture"},
				"south": {"uv": [7.25, 8.75, 7.5, 16], "texture": "#texture"},
				"west": {"uv": [7.25, 8.75, 7.5, 16], "texture": "#texture"},
				"up": {"uv": [7.25, 8.75, 7.5, 9], "texture": "#texture"},
				"down": {"uv": [7.25, 16, 7.5, 15.75], "texture": "#texture"}
			}
		},
		{
			"name": "4 x64",
			"from": [8.125, 26.875, 7.625],
			"to": [8.25, 29, 8.025],
			"faces": {
				"north": {"uv": [8.5, 0, 8.25, 4.25], "texture": "#texture"},
				"east": {"uv": [8.5, 0, 8.25, 4.25], "texture": "#texture"},
				"south": {"uv": [8.25, 0, 8.5, 4.25], "texture": "#texture"},
				"west": {"uv": [8.25, 0, 8.5, 4.25], "texture": "#texture"},
				"up": {"uv": [8.25, 0, 8.5, 0.25], "texture": "#texture"},
				"down": {"uv": [8.25, 4.25, 8.5, 4], "texture": "#texture"}
			}
		},
		{
			"name": "4 x64",
			"from": [8.125, 25, 7.625],
			"to": [8.375, 26.375, 8.025],
			"faces": {
				"north": {"uv": [8.75, 5, 8.25, 7.75], "texture": "#texture"},
				"east": {"uv": [8.75, 5, 8.5, 7.75], "texture": "#texture"},
				"south": {"uv": [8.25, 5, 8.75, 7.75], "texture": "#texture"},
				"west": {"uv": [8.25, 5, 8.5, 7.75], "texture": "#texture"},
				"up": {"uv": [8.25, 5, 8.75, 5.25], "texture": "#texture"},
				"down": {"uv": [8.25, 7.75, 8.75, 7.5], "texture": "#texture"}
			}
		},
		{
			"name": "4 x64",
			"from": [8.125, 21.75, 7.625],
			"to": [8.25, 24.625, 8.025],
			"faces": {
				"north": {"uv": [8.5, 8.75, 8.25, 14.5], "texture": "#texture"},
				"east": {"uv": [8.5, 8.75, 8.25, 14.5], "texture": "#texture"},
				"south": {"uv": [8.25, 8.75, 8.5, 14.5], "texture": "#texture"},
				"west": {"uv": [8.25, 8.75, 8.5, 14.5], "texture": "#texture"},
				"up": {"uv": [8.25, 8.75, 8.5, 9], "texture": "#texture"},
				"down": {"uv": [8.25, 14.5, 8.5, 14.25], "texture": "#texture"}
			}
		},
		{
			"name": "4 x64",
			"from": [8.25, 21, 7.625],
			"to": [8.375, 22, 8.025],
			"faces": {
				"north": {"uv": [8.75, 14, 8.5, 16], "texture": "#texture"},
				"east": {"uv": [8.75, 14, 8.5, 16], "texture": "#texture"},
				"south": {"uv": [8.5, 14, 8.75, 16], "texture": "#texture"},
				"west": {"uv": [8.5, 14, 8.75, 16], "texture": "#texture"},
				"up": {"uv": [8.5, 14, 8.75, 14.25], "texture": "#texture"},
				"down": {"uv": [8.5, 16, 8.75, 15.75], "texture": "#texture"}
			}
		},
		{
			"name": "4 x64",
			"from": [7.625, 29, 7.75],
			"to": [8.25, 29.625, 7.9],
			"faces": {
				"north": {"uv": [11, 2.25, 9.75, 3.5], "texture": "#texture"},
				"east": {"uv": [11, 2.25, 10.75, 3.5], "texture": "#texture"},
				"south": {"uv": [9.75, 2.25, 11, 3.5], "texture": "#texture"},
				"west": {"uv": [9.75, 2.25, 10, 3.5], "texture": "#texture"},
				"up": {"uv": [9.75, 2.75, 11, 3], "texture": "#texture"},
				"down": {"uv": [9.75, 3.5, 11, 3.25], "texture": "#texture"}
			}
		},
		{
			"name": "4 x64",
			"from": [7.75, 29.625, 7.75],
			"to": [8.125, 30.375, 7.9],
			"faces": {
				"north": {"uv": [10.75, 1.25, 10, 2.75], "texture": "#texture"},
				"east": {"uv": [10.75, 1.25, 10.5, 2.75], "texture": "#texture"},
				"south": {"uv": [10, 1.25, 10.75, 2.75], "texture": "#texture"},
				"west": {"uv": [10, 1.25, 10.25, 2.75], "texture": "#texture"},
				"up": {"uv": [10, 1.25, 10.75, 1.5], "texture": "#texture"},
				"down": {"uv": [10, 2.75, 10.75, 2.5], "texture": "#texture"}
			}
		},
		{
			"name": "4 x64",
			"from": [7.875, 30.375, 7.75],
			"to": [8, 30.75, 7.9],
			"faces": {
				"north": {"uv": [10.5, 0.5, 10.25, 1.25], "texture": "#texture"},
				"east": {"uv": [10.5, 0.5, 10.25, 1.25], "texture": "#texture"},
				"south": {"uv": [10.25, 0.5, 10.5, 1.25], "texture": "#texture"},
				"west": {"uv": [10.25, 0.5, 10.5, 1.25], "texture": "#texture"},
				"up": {"uv": [10.25, 0.5, 10.5, 0.75], "texture": "#texture"},
				"down": {"uv": [10.25, 1.25, 10.5, 1], "texture": "#texture"}
			}
		},
		{
			"name": "4 x64",
			"from": [7.625, 13.25, 7.6125],
			"to": [7.75, 21, 8.0125],
			"faces": {
				"north": {"uv": [14.75, 0, 14.5, 15.5], "texture": "#texture"},
				"east": {"uv": [14.75, 0, 14.5, 15.5], "texture": "#texture"},
				"south": {"uv": [14.5, 0, 14.75, 15.5], "texture": "#texture"},
				"west": {"uv": [14.5, 0, 14.75, 15.5], "texture": "#texture"},
				"up": {"uv": [14.5, 0, 14.75, 0.25], "texture": "#texture"},
				"down": {"uv": [14.5, 15.5, 14.75, 15.25], "texture": "#texture"}
			}
		},
		{
			"name": "4 x64",
			"from": [7.75, 13.125, 7.6875],
			"to": [7.875, 13.375, 8.0875],
			"faces": {
				"north": {"uv": [15, 15.25, 14.75, 15.75], "texture": "#texture"},
				"east": {"uv": [15, 15.25, 14.75, 15.75], "texture": "#texture"},
				"south": {"uv": [14.75, 15.25, 15, 15.75], "texture": "#texture"},
				"west": {"uv": [14.75, 15.25, 15, 15.75], "texture": "#texture"},
				"up": {"uv": [14.75, 15.25, 15, 15.5], "texture": "#texture"},
				"down": {"uv": [14.75, 15.75, 15, 15.5], "texture": "#texture"}
			}
		},
		{
			"name": "4 x64",
			"from": [7.875, 13, 7.625],
			"to": [8.125, 13.25, 8.025],
			"faces": {
				"north": {"uv": [15.5, 15.5, 15, 16], "texture": "#texture"},
				"east": {"uv": [15.5, 15.5, 15.25, 16], "texture": "#texture"},
				"south": {"uv": [15, 15.5, 15.5, 16], "texture": "#texture"},
				"west": {"uv": [15, 15.5, 15.25, 16], "texture": "#texture"},
				"up": {"uv": [15, 15.5, 15.5, 15.75], "texture": "#texture"},
				"down": {"uv": [15, 16, 15.5, 15.75], "texture": "#texture"}
			}
		},
		{
			"name": "4 x64",
			"from": [8.125, 13.125, 7.6625],
			"to": [8.25, 13.375, 8.0625],
			"faces": {
				"north": {"uv": [15.75, 15.25, 15.5, 15.75], "texture": "#texture"},
				"east": {"uv": [15.75, 15.25, 15.5, 15.75], "texture": "#texture"},
				"south": {"uv": [15.5, 15.25, 15.75, 15.75], "texture": "#texture"},
				"west": {"uv": [15.5, 15.25, 15.75, 15.75], "texture": "#texture"},
				"up": {"uv": [15.5, 15.25, 15.75, 15.5], "texture": "#texture"},
				"down": {"uv": [15.5, 15.75, 15.75, 15.5], "texture": "#texture"}
			}
		},
		{
			"name": "4 x64",
			"from": [8.25, 13.25, 7.6125],
			"to": [8.375, 21, 8.0125],
			"faces": {
				"north": {"uv": [16, 0, 15.75, 15.5], "texture": "#texture"},
				"east": {"uv": [16, 0, 15.75, 15.5], "texture": "#texture"},
				"south": {"uv": [15.75, 0, 16, 15.5], "texture": "#texture"},
				"west": {"uv": [15.75, 0, 16, 15.5], "texture": "#texture"},
				"up": {"uv": [15.75, 0, 16, 0.25], "texture": "#texture"},
				"down": {"uv": [15.75, 15.5, 16, 15.25], "texture": "#texture"}
			}
		},
		{
			"name": "2 x64",
			"from": [5.25, 24.75, 7.625],
			"to": [6.375, 25, 8.125],
			"faces": {
				"north": {"uv": [4.75, 8, 2.5, 8.5], "texture": "#texture"},
				"east": {"uv": [4.75, 8, 4.5, 8.5], "texture": "#texture"},
				"south": {"uv": [2.5, 8, 4.75, 8.5], "texture": "#texture"},
				"west": {"uv": [2.5, 8, 2.75, 8.5], "texture": "#texture"},
				"up": {"uv": [2.5, 8, 4.75, 8.25], "texture": "#texture"},
				"down": {"uv": [2.5, 8.5, 4.75, 8.25], "texture": "#texture"}
			}
		},
		{
			"name": "2 x64",
			"from": [5.375, 25, 7.65625],
			"to": [5.625, 26.25, 8.15625],
			"faces": {
				"north": {"uv": [3.25, 5.5, 2.75, 8], "texture": "#texture"},
				"east": {"uv": [3.25, 5.5, 3, 8], "texture": "#texture"},
				"south": {"uv": [2.75, 5.5, 3.25, 8], "texture": "#texture"},
				"west": {"uv": [2.75, 5.5, 3, 8], "texture": "#texture"},
				"up": {"uv": [2.75, 5.5, 3.25, 5.75], "texture": "#texture"},
				"down": {"uv": [2.75, 8, 3.25, 7.75], "texture": "#texture"}
			}
		},
		{
			"name": "2 x64",
			"from": [5.375, 24.625, 7.625],
			"to": [6.25, 24.75, 8.125],
			"faces": {
				"north": {"uv": [4.5, 8.5, 2.75, 8.75], "texture": "#texture"},
				"east": {"uv": [4.5, 8.5, 4.25, 8.75], "texture": "#texture"},
				"south": {"uv": [2.75, 8.5, 4.5, 8.75], "texture": "#texture"},
				"west": {"uv": [2.75, 8.5, 3, 8.75], "texture": "#texture"},
				"up": {"uv": [2.75, 8.5, 4.5, 8.75], "texture": "#texture"},
				"down": {"uv": [2.75, 8.75, 4.5, 8.5], "texture": "#texture"}
			}
		},
		{
			"name": "2 x64",
			"from": [5.5, 26.25, 7.65625],
			"to": [7.125, 26.375, 8.15625],
			"faces": {
				"north": {"uv": [6.25, 5.25, 3, 5.5], "texture": "#texture"},
				"east": {"uv": [6.25, 5.25, 6, 5.5], "texture": "#texture"},
				"south": {"uv": [3, 5.25, 6.25, 5.5], "texture": "#texture"},
				"west": {"uv": [3, 5.25, 3.25, 5.5], "texture": "#texture"},
				"up": {"uv": [3, 5.25, 6.25, 5.5], "texture": "#texture"},
				"down": {"uv": [3, 5.5, 6.25, 5.25], "texture": "#texture"}
			}
		},
		{
			"name": "2 x64",
			"from": [5.5, 24.5, 7.625],
			"to": [6, 24.625, 8.125],
			"faces": {
				"north": {"uv": [4, 8.75, 3, 9], "texture": "#texture"},
				"east": {"uv": [4, 8.75, 3.75, 9], "texture": "#texture"},
				"south": {"uv": [3, 8.75, 4, 9], "texture": "#texture"},
				"west": {"uv": [3, 8.75, 3.25, 9], "texture": "#texture"},
				"up": {"uv": [3, 8.75, 4, 9], "texture": "#texture"},
				"down": {"uv": [3, 9, 4, 8.75], "texture": "#texture"}
			}
		},
		{
			"name": "2 x64",
			"from": [5.625, 26, 7.625],
			"to": [5.75, 26.25, 8.125],
			"faces": {
				"north": {"uv": [3.5, 5.5, 3.25, 6], "texture": "#texture"},
				"east": {"uv": [3.5, 5.5, 3.25, 6], "texture": "#texture"},
				"south": {"uv": [3.25, 5.5, 3.5, 6], "texture": "#texture"},
				"west": {"uv": [3.25, 5.5, 3.5, 6], "texture": "#texture"},
				"up": {"uv": [3.25, 5.5, 3.5, 5.75], "texture": "#texture"},
				"down": {"uv": [3.25, 6, 3.5, 5.75], "texture": "#texture"}
			}
		},
		{
			"name": "2 x64",
			"from": [5.625, 25, 7.625],
			"to": [5.75, 25.5, 8.125],
			"faces": {
				"north": {"uv": [3.5, 7, 3.25, 8], "texture": "#texture"},
				"east": {"uv": [3.5, 7, 3.25, 8], "texture": "#texture"},
				"south": {"uv": [3.25, 7, 3.5, 8], "texture": "#texture"},
				"west": {"uv": [3.25, 7, 3.5, 8], "texture": "#texture"},
				"up": {"uv": [3.25, 7, 3.5, 7.25], "texture": "#texture"},
				"down": {"uv": [3.25, 8, 3.5, 7.75], "texture": "#texture"}
			}
		},
		{
			"name": "2 x64",
			"from": [5.625, 24.375, 7.625],
			"to": [5.875, 24.5, 8.125],
			"faces": {
				"north": {"uv": [3.75, 9, 3.25, 9.25], "texture": "#texture"},
				"east": {"uv": [3.75, 9, 3.5, 9.25], "texture": "#texture"},
				"south": {"uv": [3.25, 9, 3.75, 9.25], "texture": "#texture"},
				"west": {"uv": [3.25, 9, 3.5, 9.25], "texture": "#texture"},
				"up": {"uv": [3.25, 9, 3.75, 9.25], "texture": "#texture"},
				"down": {"uv": [3.25, 9.25, 3.75, 9], "texture": "#texture"}
			}
		},
		{
			"name": "2 x64",
			"from": [5.75, 26.375, 7.65625],
			"to": [7.125, 26.5, 8.15625],
			"faces": {
				"north": {"uv": [6.25, 5, 3.5, 5.25], "texture": "#texture"},
				"east": {"uv": [6.25, 5, 6, 5.25], "texture": "#texture"},
				"south": {"uv": [3.5, 5, 6.25, 5.25], "texture": "#texture"},
				"west": {"uv": [3.5, 5, 3.75, 5.25], "texture": "#texture"},
				"up": {"uv": [3.5, 5, 6.25, 5.25], "texture": "#texture"},
				"down": {"uv": [3.5, 5.25, 6.25, 5], "texture": "#texture"}
			}
		},
		{
			"name": "2 x64",
			"from": [5.75, 26.125, 7.625],
			"to": [5.875, 26.25, 8.125],
			"faces": {
				"north": {"uv": [3.75, 5.5, 3.5, 5.75], "texture": "#texture"},
				"east": {"uv": [3.75, 5.5, 3.5, 5.75], "texture": "#texture"},
				"south": {"uv": [3.5, 5.5, 3.75, 5.75], "texture": "#texture"},
				"west": {"uv": [3.5, 5.5, 3.75, 5.75], "texture": "#texture"},
				"up": {"uv": [3.5, 5.5, 3.75, 5.75], "texture": "#texture"},
				"down": {"uv": [3.5, 5.75, 3.75, 5.5], "texture": "#texture"}
			}
		},
		{
			"name": "2 x64",
			"from": [5.75, 25, 7.625],
			"to": [5.875, 25.375, 8.125],
			"faces": {
				"north": {"uv": [3.75, 7.25, 3.5, 8], "texture": "#texture"},
				"east": {"uv": [3.75, 7.25, 3.5, 8], "texture": "#texture"},
				"south": {"uv": [3.5, 7.25, 3.75, 8], "texture": "#texture"},
				"west": {"uv": [3.5, 7.25, 3.75, 8], "texture": "#texture"},
				"up": {"uv": [3.5, 7.25, 3.75, 7.5], "texture": "#texture"},
				"down": {"uv": [3.5, 8, 3.75, 7.75], "texture": "#texture"}
			}
		},
		{
			"name": "2 x64",
			"from": [5.875, 25, 7.625],
			"to": [6.875, 25.25, 8.125],
			"faces": {
				"north": {"uv": [5.75, 7.5, 3.75, 8], "texture": "#texture"},
				"east": {"uv": [5.75, 7.5, 5.5, 8], "texture": "#texture"},
				"south": {"uv": [3.75, 7.5, 5.75, 8], "texture": "#texture"},
				"west": {"uv": [3.75, 7.5, 4, 8], "texture": "#texture"},
				"up": {"uv": [3.75, 7.5, 5.75, 7.75], "texture": "#texture"},
				"down": {"uv": [3.75, 8, 5.75, 7.75], "texture": "#texture"}
			}
		},
		{
			"name": "2 x64",
			"from": [6, 26.5, 7.65625],
			"to": [6.75, 26.625, 8.15625],
			"faces": {
				"north": {"uv": [5.5, 4.75, 4, 5], "texture": "#texture"},
				"east": {"uv": [5.5, 4.75, 5.25, 5], "texture": "#texture"},
				"south": {"uv": [4, 4.75, 5.5, 5], "texture": "#texture"},
				"west": {"uv": [4, 4.75, 4.25, 5], "texture": "#texture"},
				"up": {"uv": [4, 4.75, 5.5, 5], "texture": "#texture"},
				"down": {"uv": [4, 5, 5.5, 4.75], "texture": "#texture"}
			}
		},
		{
			"name": "2 x64",
			"from": [6.125, 26.625, 7.65625],
			"to": [6.375, 26.75, 8.15625],
			"faces": {
				"north": {"uv": [4.75, 4.5, 4.25, 4.75], "texture": "#texture"},
				"east": {"uv": [4.75, 4.5, 4.5, 4.75], "texture": "#texture"},
				"south": {"uv": [4.25, 4.5, 4.75, 4.75], "texture": "#texture"},
				"west": {"uv": [4.25, 4.5, 4.5, 4.75], "texture": "#texture"},
				"up": {"uv": [4.25, 4.5, 4.75, 4.75], "texture": "#texture"},
				"down": {"uv": [4.25, 4.75, 4.75, 4.5], "texture": "#texture"}
			}
		},
		{
			"name": "2 x64",
			"from": [6.375, 26.125, 7.625],
			"to": [7.125, 26.25, 8.125],
			"faces": {
				"north": {"uv": [6.25, 5.5, 4.75, 5.75], "texture": "#texture"},
				"east": {"uv": [6.25, 5.5, 6, 5.75], "texture": "#texture"},
				"south": {"uv": [4.75, 5.5, 6.25, 5.75], "texture": "#texture"},
				"west": {"uv": [4.75, 5.5, 5, 5.75], "texture": "#texture"},
				"up": {"uv": [4.75, 5.5, 6.25, 5.75], "texture": "#texture"},
				"down": {"uv": [4.75, 5.75, 6.25, 5.5], "texture": "#texture"}
			}
		},
		{
			"name": "2 x64",
			"from": [6.375, 25.25, 7.625],
			"to": [7.125, 25.375, 8.125],
			"faces": {
				"north": {"uv": [6.25, 7.25, 4.75, 7.5], "texture": "#texture"},
				"east": {"uv": [6.25, 7.25, 6, 7.5], "texture": "#texture"},
				"south": {"uv": [4.75, 7.25, 6.25, 7.5], "texture": "#texture"},
				"west": {"uv": [4.75, 7.25, 5, 7.5], "texture": "#texture"},
				"up": {"uv": [4.75, 7.25, 6.25, 7.5], "texture": "#texture"},
				"down": {"uv": [4.75, 7.5, 6.25, 7.25], "texture": "#texture"}
			}
		},
		{
			"name": "2 x64",
			"from": [6.375, 24.875, 7.625],
			"to": [6.625, 25, 8.125],
			"faces": {
				"north": {"uv": [5.25, 8, 4.75, 8.25], "texture": "#texture"},
				"east": {"uv": [5.25, 8, 5, 8.25], "texture": "#texture"},
				"south": {"uv": [4.75, 8, 5.25, 8.25], "texture": "#texture"},
				"west": {"uv": [4.75, 8, 5, 8.25], "texture": "#texture"},
				"up": {"uv": [4.75, 8, 5.25, 8.25], "texture": "#texture"},
				"down": {"uv": [4.75, 8.25, 5.25, 8], "texture": "#texture"}
			}
		},
		{
			"name": "2 x64",
			"from": [6.5, 26, 7.625],
			"to": [7.125, 26.125, 8.125],
			"faces": {
				"north": {"uv": [6.25, 5.75, 5, 6], "texture": "#texture"},
				"east": {"uv": [6.25, 5.75, 6, 6], "texture": "#texture"},
				"south": {"uv": [5, 5.75, 6.25, 6], "texture": "#texture"},
				"west": {"uv": [5, 5.75, 5.25, 6], "texture": "#texture"},
				"up": {"uv": [5, 5.75, 6.25, 6], "texture": "#texture"},
				"down": {"uv": [5, 6, 6.25, 5.75], "texture": "#texture"}
			}
		},
		{
			"name": "2 x64",
			"from": [6.5, 25.375, 7.625],
			"to": [7.125, 25.5, 8.125],
			"faces": {
				"north": {"uv": [6.25, 7, 5, 7.25], "texture": "#texture"},
				"east": {"uv": [6.25, 7, 6, 7.25], "texture": "#texture"},
				"south": {"uv": [5, 7, 6.25, 7.25], "texture": "#texture"},
				"west": {"uv": [5, 7, 5.25, 7.25], "texture": "#texture"},
				"up": {"uv": [5, 7, 6.25, 7.25], "texture": "#texture"},
				"down": {"uv": [5, 7.25, 6.25, 7], "texture": "#texture"}
			}
		},
		{
			"name": "2 x64",
			"from": [6.625, 25.5, 7.625],
			"to": [7.125, 26, 8.125],
			"faces": {
				"north": {"uv": [6.25, 6, 5.25, 7], "texture": "#texture"},
				"east": {"uv": [6.25, 6, 6, 7], "texture": "#texture"},
				"south": {"uv": [5.25, 6, 6.25, 7], "texture": "#texture"},
				"west": {"uv": [5.25, 6, 5.5, 7], "texture": "#texture"},
				"up": {"uv": [5.25, 6, 6.25, 6.25], "texture": "#texture"},
				"down": {"uv": [5.25, 7, 6.25, 6.75], "texture": "#texture"}
			}
		},
		{
			"name": "2 x64",
			"from": [6.875, 25.125, 7.625],
			"to": [7.125, 25.25, 8.125],
			"faces": {
				"north": {"uv": [6.25, 7.5, 5.75, 7.75], "texture": "#texture"},
				"east": {"uv": [6.25, 7.5, 6, 7.75], "texture": "#texture"},
				"south": {"uv": [5.75, 7.5, 6.25, 7.75], "texture": "#texture"},
				"west": {"uv": [5.75, 7.5, 6, 7.75], "texture": "#texture"},
				"up": {"uv": [5.75, 7.5, 6.25, 7.75], "texture": "#texture"},
				"down": {"uv": [5.75, 7.75, 6.25, 7.5], "texture": "#texture"}
			}
		},
		{
			"name": "2 x64",
			"from": [7, 26.5, 7.65625],
			"to": [7.125, 26.625, 8.15625],
			"faces": {
				"north": {"uv": [6.25, 4.75, 6, 5], "texture": "#texture"},
				"east": {"uv": [6.25, 4.75, 6, 5], "texture": "#texture"},
				"south": {"uv": [6, 4.75, 6.25, 5], "texture": "#texture"},
				"west": {"uv": [6, 4.75, 6.25, 5], "texture": "#texture"},
				"up": {"uv": [6, 4.75, 6.25, 5], "texture": "#texture"},
				"down": {"uv": [6, 5, 6.25, 4.75], "texture": "#texture"}
			}
		},
		{
			"name": "2 x64",
			"from": [7, 25, 7.625],
			"to": [7.125, 25.125, 8.125],
			"faces": {
				"north": {"uv": [6.25, 7.75, 6, 8], "texture": "#texture"},
				"east": {"uv": [6.25, 7.75, 6, 8], "texture": "#texture"},
				"south": {"uv": [6, 7.75, 6.25, 8], "texture": "#texture"},
				"west": {"uv": [6, 7.75, 6.25, 8], "texture": "#texture"},
				"up": {"uv": [6, 7.75, 6.25, 8], "texture": "#texture"},
				"down": {"uv": [6, 8, 6.25, 7.75], "texture": "#texture"}
			}
		},
		{
			"name": "2 x64",
			"from": [7.375, 24.875, 7.32],
			"to": [7.5, 26.5, 8.32],
			"faces": {
				"north": {"uv": [7, 5, 6.75, 8.25], "texture": "#texture"},
				"east": {"uv": [7, 5, 6.75, 8.25], "texture": "#texture"},
				"south": {"uv": [6.75, 5, 7, 8.25], "texture": "#texture"},
				"west": {"uv": [6.75, 5, 7, 8.25], "texture": "#texture"},
				"up": {"uv": [6.75, 5, 7, 5.25], "texture": "#texture"},
				"down": {"uv": [6.75, 8.25, 7, 8], "texture": "#texture"}
			}
		},
		{
			"name": "2 x64",
			"from": [7.5, 26.375, 7.3225],
			"to": [8.5, 26.5, 8.3475],
			"faces": {
				"north": {"uv": [9, 5, 7, 5.25], "texture": "#texture"},
				"east": {"uv": [9, 5, 8.75, 5.25], "texture": "#texture"},
				"south": {"uv": [7, 5, 9, 5.25], "texture": "#texture"},
				"west": {"uv": [7, 5, 7.25, 5.25], "texture": "#texture"},
				"up": {"uv": [7, 5, 9, 5.25], "texture": "#texture"},
				"down": {"uv": [7, 5.25, 9, 5], "texture": "#texture"}
			}
		},
		{
			"name": "2 x64",
			"from": [7.5, 24.875, 7.325],
			"to": [8.5, 25, 8.325],
			"faces": {
				"north": {"uv": [9, 8, 7, 8.25], "texture": "#texture"},
				"east": {"uv": [9, 8, 8.75, 8.25], "texture": "#texture"},
				"south": {"uv": [7, 8, 9, 8.25], "texture": "#texture"},
				"west": {"uv": [7, 8, 7.25, 8.25], "texture": "#texture"},
				"up": {"uv": [7, 8, 9, 8.25], "texture": "#texture"},
				"down": {"uv": [7, 8.25, 9, 8], "texture": "#texture"}
			}
		},
		{
			"name": "2 x64",
			"from": [8.375, 25, 7.325],
			"to": [8.5, 26.375, 8.325],
			"faces": {
				"north": {"uv": [9, 5.25, 8.75, 8], "texture": "#texture"},
				"east": {"uv": [9, 5.25, 8.75, 8], "texture": "#texture"},
				"south": {"uv": [8.75, 5.25, 9, 8], "texture": "#texture"},
				"west": {"uv": [8.75, 5.25, 9, 8], "texture": "#texture"},
				"up": {"uv": [8.75, 5.25, 9, 5.5], "texture": "#texture"},
				"down": {"uv": [8.75, 8, 9, 7.75], "texture": "#texture"}
			}
		},
		{
			"name": "2 x64",
			"from": [8.75, 25.125, 7.75],
			"to": [9.125, 26.5, 8.05],
			"faces": {
				"north": {"uv": [10.25, 5, 9.5, 7.75], "texture": "#texture"},
				"east": {"uv": [10.25, 5, 10, 7.75], "texture": "#texture"},
				"south": {"uv": [9.5, 5, 10.25, 7.75], "texture": "#texture"},
				"west": {"uv": [9.5, 5, 9.75, 7.75], "texture": "#texture"},
				"up": {"uv": [9.5, 5, 10.25, 5.25], "texture": "#texture"},
				"down": {"uv": [9.5, 7.75, 10.25, 7.5], "texture": "#texture"}
			}
		},
		{
			"name": "2 x64",
			"from": [8.875, 25, 7.75],
			"to": [9.25, 25.125, 8.05],
			"faces": {
				"north": {"uv": [10.5, 7.75, 9.75, 8], "texture": "#texture"},
				"east": {"uv": [10.5, 7.75, 10.25, 8], "texture": "#texture"},
				"south": {"uv": [9.75, 7.75, 10.5, 8], "texture": "#texture"},
				"west": {"uv": [9.75, 7.75, 10, 8], "texture": "#texture"},
				"up": {"uv": [9.75, 7.75, 10.5, 8], "texture": "#texture"},
				"down": {"uv": [9.75, 8, 10.5, 7.75], "texture": "#texture"}
			}
		},
		{
			"name": "2 x64",
			"from": [9.125, 25.125, 7.75],
			"to": [9.25, 26.375, 8.05],
			"faces": {
				"north": {"uv": [10.5, 5.25, 10.25, 7.75], "texture": "#texture"},
				"east": {"uv": [10.5, 5.25, 10.25, 7.75], "texture": "#texture"},
				"south": {"uv": [10.25, 5.25, 10.5, 7.75], "texture": "#texture"},
				"west": {"uv": [10.25, 5.25, 10.5, 7.75], "texture": "#texture"},
				"up": {"uv": [10.25, 5.25, 10.5, 5.5], "texture": "#texture"},
				"down": {"uv": [10.25, 7.75, 10.5, 7.5], "texture": "#texture"}
			}
		},
		{
			"name": "2 x64",
			"from": [9.25, 25.5, 7.7],
			"to": [9.375, 26.125, 8.2],
			"faces": {
				"north": {"uv": [10.75, 5.75, 10.5, 7], "texture": "#texture"},
				"east": {"uv": [10.75, 5.75, 10.5, 7], "texture": "#texture"},
				"south": {"uv": [10.5, 5.75, 10.75, 7], "texture": "#texture"},
				"west": {"uv": [10.5, 5.75, 10.75, 7], "texture": "#texture"},
				"up": {"uv": [10.5, 5.75, 10.75, 6], "texture": "#texture"},
				"down": {"uv": [10.5, 7, 10.75, 6.75], "texture": "#texture"}
			}
		},
		{
			"name": "3 x64",
			"from": [4.75, 24.75, 7.75],
			"to": [5.25, 26, 8],
			"faces": {
				"north": {"uv": [2.5, 6, 1.5, 8.5], "texture": "#texture"},
				"east": {"uv": [2.5, 6, 2.25, 8.5], "texture": "#texture"},
				"south": {"uv": [1.5, 6, 2.5, 8.5], "texture": "#texture"},
				"west": {"uv": [1.5, 6, 1.75, 8.5], "texture": "#texture"},
				"up": {"uv": [1.5, 6, 2.5, 6.25], "texture": "#texture"},
				"down": {"uv": [1.5, 8.5, 2.5, 8.25], "texture": "#texture"}
			}
		},
		{
			"name": "3 x64",
			"from": [4.875, 26, 7.75],
			"to": [5.375, 26.625, 8],
			"faces": {
				"north": {"uv": [2.75, 4.75, 1.75, 6], "texture": "#texture"},
				"east": {"uv": [2.75, 4.75, 2.5, 6], "texture": "#texture"},
				"south": {"uv": [1.75, 4.75, 2.75, 6], "texture": "#texture"},
				"west": {"uv": [1.75, 4.75, 2, 6], "texture": "#texture"},
				"up": {"uv": [1.75, 4.75, 2.75, 5], "texture": "#texture"},
				"down": {"uv": [1.75, 6, 2.75, 5.75], "texture": "#texture"}
			}
		},
		{
			"name": "3 x64",
			"from": [4.875, 24.125, 7.75],
			"to": [5.375, 24.75, 8],
			"faces": {
				"north": {"uv": [2.75, 8.5, 1.75, 9.75], "texture": "#texture"},
				"east": {"uv": [2.75, 8.5, 2.5, 9.75], "texture": "#texture"},
				"south": {"uv": [1.75, 8.5, 2.75, 9.75], "texture": "#texture"},
				"west": {"uv": [1.75, 8.5, 2, 9.75], "texture": "#texture"},
				"up": {"uv": [1.75, 8.5, 2.75, 8.75], "texture": "#texture"},
				"down": {"uv": [1.75, 9.75, 2.75, 9.5], "texture": "#texture"}
			}
		},
		{
			"name": "3 x64",
			"from": [5, 26.625, 7.75],
			"to": [5.625, 27.125, 8],
			"faces": {
				"north": {"uv": [3.25, 3.75, 2, 4.75], "texture": "#texture"},
				"east": {"uv": [3.25, 3.75, 3, 4.75], "texture": "#texture"},
				"south": {"uv": [2, 3.75, 3.25, 4.75], "texture": "#texture"},
				"west": {"uv": [2, 3.75, 2.25, 4.75], "texture": "#texture"},
				"up": {"uv": [2, 3.75, 3.25, 4], "texture": "#texture"},
				"down": {"uv": [2, 4.75, 3.25, 4.5], "texture": "#texture"}
			}
		},
		{
			"name": "3 x64",
			"from": [5, 23.375, 7.75],
			"to": [5.375, 24.125, 8],
			"faces": {
				"north": {"uv": [2.75, 9.75, 2, 11.25], "texture": "#texture"},
				"east": {"uv": [2.75, 9.75, 2.5, 11.25], "texture": "#texture"},
				"south": {"uv": [2, 9.75, 2.75, 11.25], "texture": "#texture"},
				"west": {"uv": [2, 9.75, 2.25, 11.25], "texture": "#texture"},
				"up": {"uv": [2, 9.75, 2.75, 10], "texture": "#texture"},
				"down": {"uv": [2, 11.25, 2.75, 11], "texture": "#texture"}
			}
		},
		{
			"name": "3 x64",
			"from": [5.125, 27.125, 7.75],
			"to": [5.25, 27.375, 8],
			"faces": {
				"north": {"uv": [2.5, 3.25, 2.25, 3.75], "texture": "#texture"},
				"east": {"uv": [2.5, 3.25, 2.25, 3.75], "texture": "#texture"},
				"south": {"uv": [2.25, 3.25, 2.5, 3.75], "texture": "#texture"},
				"west": {"uv": [2.25, 3.25, 2.5, 3.75], "texture": "#texture"},
				"up": {"uv": [2.25, 3.25, 2.5, 3.5], "texture": "#texture"},
				"down": {"uv": [2.25, 3.75, 2.5, 3.5], "texture": "#texture"}
			}
		},
		{
			"name": "3 x64",
			"from": [5.125, 23.125, 7.75],
			"to": [5.25, 23.375, 8],
			"faces": {
				"north": {"uv": [2.5, 11.25, 2.25, 11.75], "texture": "#texture"},
				"east": {"uv": [2.5, 11.25, 2.25, 11.75], "texture": "#texture"},
				"south": {"uv": [2.25, 11.25, 2.5, 11.75], "texture": "#texture"},
				"west": {"uv": [2.25, 11.25, 2.5, 11.75], "texture": "#texture"},
				"up": {"uv": [2.25, 11.25, 2.5, 11.5], "texture": "#texture"},
				"down": {"uv": [2.25, 11.75, 2.5, 11.5], "texture": "#texture"}
			}
		},
		{
			"name": "3 x64",
			"from": [5.25, 27.125, 7.75],
			"to": [5.375, 27.25, 8],
			"faces": {
				"north": {"uv": [2.75, 3.5, 2.5, 3.75], "texture": "#texture"},
				"east": {"uv": [2.75, 3.5, 2.5, 3.75], "texture": "#texture"},
				"south": {"uv": [2.5, 3.5, 2.75, 3.75], "texture": "#texture"},
				"west": {"uv": [2.5, 3.5, 2.75, 3.75], "texture": "#texture"},
				"up": {"uv": [2.5, 3.5, 2.75, 3.75], "texture": "#texture"},
				"down": {"uv": [2.5, 3.75, 2.75, 3.5], "texture": "#texture"}
			}
		},
		{
			"name": "3 x64",
			"from": [5.25, 25, 7.75],
			"to": [5.375, 26, 8],
			"faces": {
				"north": {"uv": [2.75, 6, 2.5, 8], "texture": "#texture"},
				"east": {"uv": [2.75, 6, 2.5, 8], "texture": "#texture"},
				"south": {"uv": [2.5, 6, 2.75, 8], "texture": "#texture"},
				"west": {"uv": [2.5, 6, 2.75, 8], "texture": "#texture"},
				"up": {"uv": [2.5, 6, 2.75, 6.25], "texture": "#texture"},
				"down": {"uv": [2.5, 8, 2.75, 7.75], "texture": "#texture"}
			}
		},
		{
			"name": "3 x64",
			"from": [5.375, 26.25, 7.75],
			"to": [5.5, 26.625, 8],
			"faces": {
				"north": {"uv": [3, 4.75, 2.75, 5.5], "texture": "#texture"},
				"east": {"uv": [3, 4.75, 2.75, 5.5], "texture": "#texture"},
				"south": {"uv": [2.75, 4.75, 3, 5.5], "texture": "#texture"},
				"west": {"uv": [2.75, 4.75, 3, 5.5], "texture": "#texture"},
				"up": {"uv": [2.75, 4.75, 3, 5], "texture": "#texture"},
				"down": {"uv": [2.75, 5.5, 3, 5.25], "texture": "#texture"}
			}
		},
		{
			"name": "3 x64",
			"from": [5.375, 23.625, 7.75],
			"to": [5.5, 24.625, 8],
			"faces": {
				"north": {"uv": [3, 8.75, 2.75, 10.75], "texture": "#texture"},
				"east": {"uv": [3, 8.75, 2.75, 10.75], "texture": "#texture"},
				"south": {"uv": [2.75, 8.75, 3, 10.75], "texture": "#texture"},
				"west": {"uv": [2.75, 8.75, 3, 10.75], "texture": "#texture"},
				"up": {"uv": [2.75, 8.75, 3, 9], "texture": "#texture"},
				"down": {"uv": [2.75, 10.75, 3, 10.5], "texture": "#texture"}
			}
		},
		{
			"name": "3 x64",
			"from": [5.5, 26.375, 7.75],
			"to": [5.75, 26.625, 8],
			"faces": {
				"north": {"uv": [3.5, 4.75, 3, 5.25], "texture": "#texture"},
				"east": {"uv": [3.5, 4.75, 3.25, 5.25], "texture": "#texture"},
				"south": {"uv": [3, 4.75, 3.5, 5.25], "texture": "#texture"},
				"west": {"uv": [3, 4.75, 3.25, 5.25], "texture": "#texture"},
				"up": {"uv": [3, 4.75, 3.5, 5], "texture": "#texture"},
				"down": {"uv": [3, 5.25, 3.5, 5], "texture": "#texture"}
			}
		},
		{
			"name": "3 x64",
			"from": [5.5, 23.875, 7.75],
			"to": [5.625, 24.5, 8],
			"faces": {
				"north": {"uv": [3.25, 9, 3, 10.25], "texture": "#texture"},
				"east": {"uv": [3.25, 9, 3, 10.25], "texture": "#texture"},
				"south": {"uv": [3, 9, 3.25, 10.25], "texture": "#texture"},
				"west": {"uv": [3, 9, 3.25, 10.25], "texture": "#texture"},
				"up": {"uv": [3, 9, 3.25, 9.25], "texture": "#texture"},
				"down": {"uv": [3, 10.25, 3.25, 10], "texture": "#texture"}
			}
		},
		{
			"name": "3 x64",
			"from": [5.625, 26.625, 7.75],
			"to": [5.75, 27, 8],
			"faces": {
				"north": {"uv": [3.5, 4, 3.25, 4.75], "texture": "#texture"},
				"east": {"uv": [3.5, 4, 3.25, 4.75], "texture": "#texture"},
				"south": {"uv": [3.25, 4, 3.5, 4.75], "texture": "#texture"},
				"west": {"uv": [3.25, 4, 3.5, 4.75], "texture": "#texture"},
				"up": {"uv": [3.25, 4, 3.5, 4.25], "texture": "#texture"},
				"down": {"uv": [3.25, 4.75, 3.5, 4.5], "texture": "#texture"}
			}
		},
		{
			"name": "3 x64",
			"from": [5.625, 25.5, 7.75],
			"to": [5.75, 26, 8],
			"faces": {
				"north": {"uv": [3.5, 6, 3.25, 7], "texture": "#texture"},
				"east": {"uv": [3.5, 6, 3.25, 7], "texture": "#texture"},
				"south": {"uv": [3.25, 6, 3.5, 7], "texture": "#texture"},
				"west": {"uv": [3.25, 6, 3.5, 7], "texture": "#texture"},
				"up": {"uv": [3.25, 6, 3.5, 6.25], "texture": "#texture"},
				"down": {"uv": [3.25, 7, 3.5, 6.75], "texture": "#texture"}
			}
		},
		{
			"name": "3 x64",
			"from": [5.625, 24.125, 7.75],
			"to": [5.75, 24.375, 8],
			"faces": {
				"north": {"uv": [3.5, 9.25, 3.25, 9.75], "texture": "#texture"},
				"east": {"uv": [3.5, 9.25, 3.25, 9.75], "texture": "#texture"},
				"south": {"uv": [3.25, 9.25, 3.5, 9.75], "texture": "#texture"},
				"west": {"uv": [3.25, 9.25, 3.5, 9.75], "texture": "#texture"},
				"up": {"uv": [3.25, 9.25, 3.5, 9.5], "texture": "#texture"},
				"down": {"uv": [3.25, 9.75, 3.5, 9.5], "texture": "#texture"}
			}
		},
		{
			"name": "3 x64",
			"from": [5.75, 26.5, 7.75],
			"to": [6, 26.875, 8],
			"faces": {
				"north": {"uv": [4, 4.25, 3.5, 5], "texture": "#texture"},
				"east": {"uv": [4, 4.25, 3.75, 5], "texture": "#texture"},
				"south": {"uv": [3.5, 4.25, 4, 5], "texture": "#texture"},
				"west": {"uv": [3.5, 4.25, 3.75, 5], "texture": "#texture"},
				"up": {"uv": [3.5, 4.25, 4, 4.5], "texture": "#texture"},
				"down": {"uv": [3.5, 5, 4, 4.75], "texture": "#texture"}
			}
		},
		{
			"name": "3 x64",
			"from": [5.75, 25.875, 7.75],
			"to": [5.875, 26.125, 8],
			"faces": {
				"north": {"uv": [3.75, 5.75, 3.5, 6.25], "texture": "#texture"},
				"east": {"uv": [3.75, 5.75, 3.5, 6.25], "texture": "#texture"},
				"south": {"uv": [3.5, 5.75, 3.75, 6.25], "texture": "#texture"},
				"west": {"uv": [3.5, 5.75, 3.75, 6.25], "texture": "#texture"},
				"up": {"uv": [3.5, 5.75, 3.75, 6], "texture": "#texture"},
				"down": {"uv": [3.5, 6.25, 3.75, 6], "texture": "#texture"}
			}
		},
		{
			"name": "3 x64",
			"from": [5.75, 25.375, 7.75],
			"to": [5.875, 25.625, 8],
			"faces": {
				"north": {"uv": [3.75, 6.75, 3.5, 7.25], "texture": "#texture"},
				"east": {"uv": [3.75, 6.75, 3.5, 7.25], "texture": "#texture"},
				"south": {"uv": [3.5, 6.75, 3.75, 7.25], "texture": "#texture"},
				"west": {"uv": [3.5, 6.75, 3.75, 7.25], "texture": "#texture"},
				"up": {"uv": [3.5, 6.75, 3.75, 7], "texture": "#texture"},
				"down": {"uv": [3.5, 7.25, 3.75, 7], "texture": "#texture"}
			}
		},
		{
			"name": "3 x64",
			"from": [5.875, 26, 7.75],
			"to": [6, 26.25, 8],
			"faces": {
				"north": {"uv": [4, 5.5, 3.75, 6], "texture": "#texture"},
				"east": {"uv": [4, 5.5, 3.75, 6], "texture": "#texture"},
				"south": {"uv": [3.75, 5.5, 4, 6], "texture": "#texture"},
				"west": {"uv": [3.75, 5.5, 4, 6], "texture": "#texture"},
				"up": {"uv": [3.75, 5.5, 4, 5.75], "texture": "#texture"},
				"down": {"uv": [3.75, 6, 4, 5.75], "texture": "#texture"}
			}
		},
		{
			"name": "3 x64",
			"from": [5.875, 25.25, 7.75],
			"to": [6, 25.5, 8],
			"faces": {
				"north": {"uv": [4, 7, 3.75, 7.5], "texture": "#texture"},
				"east": {"uv": [4, 7, 3.75, 7.5], "texture": "#texture"},
				"south": {"uv": [3.75, 7, 4, 7.5], "texture": "#texture"},
				"west": {"uv": [3.75, 7, 4, 7.5], "texture": "#texture"},
				"up": {"uv": [3.75, 7, 4, 7.25], "texture": "#texture"},
				"down": {"uv": [3.75, 7.5, 4, 7.25], "texture": "#texture"}
			}
		},
		{
			"name": "3 x64",
			"from": [6, 26.625, 7.75],
			"to": [6.125, 26.875, 8],
			"faces": {
				"north": {"uv": [4.25, 4.25, 4, 4.75], "texture": "#texture"},
				"east": {"uv": [4.25, 4.25, 4, 4.75], "texture": "#texture"},
				"south": {"uv": [4, 4.25, 4.25, 4.75], "texture": "#texture"},
				"west": {"uv": [4, 4.25, 4.25, 4.75], "texture": "#texture"},
				"up": {"uv": [4, 4.25, 4.25, 4.5], "texture": "#texture"},
				"down": {"uv": [4, 4.75, 4.25, 4.5], "texture": "#texture"}
			}
		},
		{
			"name": "3 x64",
			"from": [6, 26.125, 7.75],
			"to": [6.375, 26.25, 8],
			"faces": {
				"north": {"uv": [4.75, 5.5, 4, 5.75], "texture": "#texture"},
				"east": {"uv": [4.75, 5.5, 4.5, 5.75], "texture": "#texture"},
				"south": {"uv": [4, 5.5, 4.75, 5.75], "texture": "#texture"},
				"west": {"uv": [4, 5.5, 4.25, 5.75], "texture": "#texture"},
				"up": {"uv": [4, 5.5, 4.75, 5.75], "texture": "#texture"},
				"down": {"uv": [4, 5.75, 4.75, 5.5], "texture": "#texture"}
			}
		},
		{
			"name": "3 x64",
			"from": [6, 25.25, 7.75],
			"to": [6.375, 25.375, 8],
			"faces": {
				"north": {"uv": [4.75, 7.25, 4, 7.5], "texture": "#texture"},
				"east": {"uv": [4.75, 7.25, 4.5, 7.5], "texture": "#texture"},
				"south": {"uv": [4, 7.25, 4.75, 7.5], "texture": "#texture"},
				"west": {"uv": [4, 7.25, 4.25, 7.5], "texture": "#texture"},
				"up": {"uv": [4, 7.25, 4.75, 7.5], "texture": "#texture"},
				"down": {"uv": [4, 7.5, 4.75, 7.25], "texture": "#texture"}
			}
		},
		{
			"name": "3 x64",
			"from": [6.25, 26, 7.75],
			"to": [6.5, 26.125, 8],
			"faces": {
				"north": {"uv": [5, 5.75, 4.5, 6], "texture": "#texture"},
				"east": {"uv": [5, 5.75, 4.75, 6], "texture": "#texture"},
				"south": {"uv": [4.5, 5.75, 5, 6], "texture": "#texture"},
				"west": {"uv": [4.5, 5.75, 4.75, 6], "texture": "#texture"},
				"up": {"uv": [4.5, 5.75, 5, 6], "texture": "#texture"},
				"down": {"uv": [4.5, 6, 5, 5.75], "texture": "#texture"}
			}
		},
		{
			"name": "3 x64",
			"from": [6.25, 25.375, 7.75],
			"to": [6.5, 25.5, 8],
			"faces": {
				"north": {"uv": [5, 7, 4.5, 7.25], "texture": "#texture"},
				"east": {"uv": [5, 7, 4.75, 7.25], "texture": "#texture"},
				"south": {"uv": [4.5, 7, 5, 7.25], "texture": "#texture"},
				"west": {"uv": [4.5, 7, 4.75, 7.25], "texture": "#texture"},
				"up": {"uv": [4.5, 7, 5, 7.25], "texture": "#texture"},
				"down": {"uv": [4.5, 7.25, 5, 7], "texture": "#texture"}
			}
		},
		{
			"name": "3 x64",
			"from": [6.375, 25.875, 7.75],
			"to": [6.625, 26, 8],
			"faces": {
				"north": {"uv": [5.25, 6, 4.75, 6.25], "texture": "#texture"},
				"east": {"uv": [5.25, 6, 5, 6.25], "texture": "#texture"},
				"south": {"uv": [4.75, 6, 5.25, 6.25], "texture": "#texture"},
				"west": {"uv": [4.75, 6, 5, 6.25], "texture": "#texture"},
				"up": {"uv": [4.75, 6, 5.25, 6.25], "texture": "#texture"},
				"down": {"uv": [4.75, 6.25, 5.25, 6], "texture": "#texture"}
			}
		},
		{
			"name": "3 x64",
			"from": [6.375, 25.5, 7.75],
			"to": [6.625, 25.625, 8],
			"faces": {
				"north": {"uv": [5.25, 6.75, 4.75, 7], "texture": "#texture"},
				"east": {"uv": [5.25, 6.75, 5, 7], "texture": "#texture"},
				"south": {"uv": [4.75, 6.75, 5.25, 7], "texture": "#texture"},
				"west": {"uv": [4.75, 6.75, 5, 7], "texture": "#texture"},
				"up": {"uv": [4.75, 6.75, 5.25, 7], "texture": "#texture"},
				"down": {"uv": [4.75, 7, 5.25, 6.75], "texture": "#texture"}
			}
		},
		{
			"name": "3 x64",
			"from": [6.5, 25.625, 7.75],
			"to": [6.625, 25.875, 8],
			"faces": {
				"north": {"uv": [5.25, 6.25, 5, 6.75], "texture": "#texture"},
				"east": {"uv": [5.25, 6.25, 5, 6.75], "texture": "#texture"},
				"south": {"uv": [5, 6.25, 5.25, 6.75], "texture": "#texture"},
				"west": {"uv": [5, 6.25, 5.25, 6.75], "texture": "#texture"},
				"up": {"uv": [5, 6.25, 5.25, 6.5], "texture": "#texture"},
				"down": {"uv": [5, 6.75, 5.25, 6.5], "texture": "#texture"}
			}
		},
		{
			"name": "3 x64",
			"from": [9.125, 26.375, 7.6375],
			"to": [9.75, 26.5, 8.1375],
			"faces": {
				"north": {"uv": [11.5, 5, 10.25, 5.25], "texture": "#texture"},
				"east": {"uv": [11.5, 5, 11.25, 5.25], "texture": "#texture"},
				"south": {"uv": [10.25, 5, 11.5, 5.25], "texture": "#texture"},
				"west": {"uv": [10.25, 5, 10.5, 5.25], "texture": "#texture"},
				"up": {"uv": [10.25, 5, 11.5, 5.25], "texture": "#texture"},
				"down": {"uv": [10.25, 5.25, 11.5, 5], "texture": "#texture"}
			}
		},
		{
			"name": "3 x64",
			"from": [9.125, 24.875, 7.6375],
			"to": [9.625, 25, 8.1375],
			"faces": {
				"north": {"uv": [11.25, 8, 10.25, 8.25], "texture": "#texture"},
				"east": {"uv": [11.25, 8, 11, 8.25], "texture": "#texture"},
				"south": {"uv": [10.25, 8, 11.25, 8.25], "texture": "#texture"},
				"west": {"uv": [10.25, 8, 10.5, 8.25], "texture": "#texture"},
				"up": {"uv": [10.25, 8, 11.25, 8.25], "texture": "#texture"},
				"down": {"uv": [10.25, 8.25, 11.25, 8], "texture": "#texture"}
			}
		},
		{
			"name": "3 x64",
			"from": [9.25, 26.5, 7.6375],
			"to": [9.75, 26.625, 8.1375],
			"faces": {
				"north": {"uv": [11.5, 4.75, 10.5, 5], "texture": "#texture"},
				"east": {"uv": [11.5, 4.75, 11.25, 5], "texture": "#texture"},
				"south": {"uv": [10.5, 4.75, 11.5, 5], "texture": "#texture"},
				"west": {"uv": [10.5, 4.75, 10.75, 5], "texture": "#texture"},
				"up": {"uv": [10.5, 4.75, 11.5, 5], "texture": "#texture"},
				"down": {"uv": [10.5, 5, 11.5, 4.75], "texture": "#texture"}
			}
		},
		{
			"name": "3 x64",
			"from": [9.25, 26.125, 7.6375],
			"to": [9.75, 26.375, 8.1375],
			"faces": {
				"north": {"uv": [11.5, 5.25, 10.5, 5.75], "texture": "#texture"},
				"east": {"uv": [11.5, 5.25, 11.25, 5.75], "texture": "#texture"},
				"south": {"uv": [10.5, 5.25, 11.5, 5.75], "texture": "#texture"},
				"west": {"uv": [10.5, 5.25, 10.75, 5.75], "texture": "#texture"},
				"up": {"uv": [10.5, 5.25, 11.5, 5.5], "texture": "#texture"},
				"down": {"uv": [10.5, 5.75, 11.5, 5.5], "texture": "#texture"}
			}
		},
		{
			"name": "3 x64",
			"from": [9.25, 25, 7.6375],
			"to": [9.625, 25.5, 8.1375],
			"faces": {
				"north": {"uv": [11.25, 7, 10.5, 8], "texture": "#texture"},
				"east": {"uv": [11.25, 7, 11, 8], "texture": "#texture"},
				"south": {"uv": [10.5, 7, 11.25, 8], "texture": "#texture"},
				"west": {"uv": [10.5, 7, 10.75, 8], "texture": "#texture"},
				"up": {"uv": [10.5, 7, 11.25, 7.25], "texture": "#texture"},
				"down": {"uv": [10.5, 8, 11.25, 7.75], "texture": "#texture"}
			}
		},
		{
			"name": "3 x64",
			"from": [9.375, 25.5, 7.6375],
			"to": [9.75, 26.125, 8.1375],
			"faces": {
				"north": {"uv": [11.5, 5.75, 10.75, 7], "texture": "#texture"},
				"east": {"uv": [11.5, 5.75, 11.25, 7], "texture": "#texture"},
				"south": {"uv": [10.75, 5.75, 11.5, 7], "texture": "#texture"},
				"west": {"uv": [10.75, 5.75, 11, 7], "texture": "#texture"},
				"up": {"uv": [10.75, 5.75, 11.5, 6], "texture": "#texture"},
				"down": {"uv": [10.75, 7, 11.5, 6.75], "texture": "#texture"}
			}
		},
		{
			"name": "3 x64",
			"from": [9.375, 24.75, 7.6375],
			"to": [9.5, 24.875, 8.1375],
			"faces": {
				"north": {"uv": [11, 8.25, 10.75, 8.5], "texture": "#texture"},
				"east": {"uv": [11, 8.25, 10.75, 8.5], "texture": "#texture"},
				"south": {"uv": [10.75, 8.25, 11, 8.5], "texture": "#texture"},
				"west": {"uv": [10.75, 8.25, 11, 8.5], "texture": "#texture"},
				"up": {"uv": [10.75, 8.25, 11, 8.5], "texture": "#texture"},
				"down": {"uv": [10.75, 8.5, 11, 8.25], "texture": "#texture"}
			}
		},
		{
			"name": "3 x64",
			"from": [9.625, 25.25, 7.6375],
			"to": [9.75, 25.5, 8.1375],
			"faces": {
				"north": {"uv": [11.5, 7, 11.25, 7.5], "texture": "#texture"},
				"east": {"uv": [11.5, 7, 11.25, 7.5], "texture": "#texture"},
				"south": {"uv": [11.25, 7, 11.5, 7.5], "texture": "#texture"},
				"west": {"uv": [11.25, 7, 11.5, 7.5], "texture": "#texture"},
				"up": {"uv": [11.25, 7, 11.5, 7.25], "texture": "#texture"},
				"down": {"uv": [11.25, 7.5, 11.5, 7.25], "texture": "#texture"}
			}
		},
		{
			"name": "3 x64",
			"from": [9.75, 26.25, 7.53125],
			"to": [9.875, 26.375, 8.28125],
			"faces": {
				"north": {"uv": [11.75, 5.25, 11.5, 5.5], "texture": "#texture"},
				"east": {"uv": [11.75, 5.25, 11.5, 5.5], "texture": "#texture"},
				"south": {"uv": [11.5, 5.25, 11.75, 5.5], "texture": "#texture"},
				"west": {"uv": [11.5, 5.25, 11.75, 5.5], "texture": "#texture"},
				"up": {"uv": [11.5, 5.25, 11.75, 5.5], "texture": "#texture"},
				"down": {"uv": [11.5, 5.5, 11.75, 5.25], "texture": "#texture"}
			}
		},
		{
			"name": "1 x64",
			"from": [4, 26.5, 7.8],
			"to": [4.375, 28.875, 7.95],
			"faces": {
				"north": {"uv": [0.75, 0.25, 0, 5], "texture": "#texture"},
				"east": {"uv": [0.75, 0.25, 0.5, 5], "texture": "#texture"},
				"south": {"uv": [0, 0.25, 0.75, 5], "texture": "#texture"},
				"west": {"uv": [0, 0.25, 0.25, 5], "texture": "#texture"},
				"up": {"uv": [0, 0.25, 0.75, 0.5], "texture": "#texture"},
				"down": {"uv": [0, 5, 0.75, 4.75], "texture": "#texture"}
			}
		},
		{
			"name": "1 x64",
			"from": [4.125, 25.375, 7.8],
			"to": [4.75, 26.5, 7.95],
			"faces": {
				"north": {"uv": [1.5, 5, 0.25, 7.25], "texture": "#texture"},
				"east": {"uv": [1.5, 5, 1.25, 7.25], "texture": "#texture"},
				"south": {"uv": [0.25, 5, 1.5, 7.25], "texture": "#texture"},
				"west": {"uv": [0.25, 5, 0.5, 7.25], "texture": "#texture"},
				"up": {"uv": [0.25, 5, 1.5, 5.25], "texture": "#texture"},
				"down": {"uv": [0.25, 7.25, 1.5, 7], "texture": "#texture"}
			}
		},
		{
			"name": "1 x64",
			"from": [4.25, 24.25, 7.8],
			"to": [4.75, 25.375, 7.95],
			"faces": {
				"north": {"uv": [1.5, 7.25, 0.5, 9.5], "texture": "#texture"},
				"east": {"uv": [1.5, 7.25, 1.25, 9.5], "texture": "#texture"},
				"south": {"uv": [0.5, 7.25, 1.5, 9.5], "texture": "#texture"},
				"west": {"uv": [0.5, 7.25, 0.75, 9.5], "texture": "#texture"},
				"up": {"uv": [0.5, 7.25, 1.5, 7.5], "texture": "#texture"},
				"down": {"uv": [0.5, 9.5, 1.5, 9.25], "texture": "#texture"}
			}
		},
		{
			"name": "1 x64",
			"from": [4.375, 26.5, 7.8],
			"to": [4.5, 28.75, 7.95],
			"faces": {
				"north": {"uv": [1, 0.5, 0.75, 5], "texture": "#texture"},
				"east": {"uv": [1, 0.5, 0.75, 5], "texture": "#texture"},
				"south": {"uv": [0.75, 0.5, 1, 5], "texture": "#texture"},
				"west": {"uv": [0.75, 0.5, 1, 5], "texture": "#texture"},
				"up": {"uv": [0.75, 0.5, 1, 0.75], "texture": "#texture"},
				"down": {"uv": [0.75, 5, 1, 4.75], "texture": "#texture"}
			}
		},
		{
			"name": "1 x64",
			"from": [4.375, 22.875, 7.8],
			"to": [4.875, 24.25, 7.95],
			"faces": {
				"north": {"uv": [1.75, 9.5, 0.75, 12.25], "texture": "#texture"},
				"east": {"uv": [1.75, 9.5, 1.5, 12.25], "texture": "#texture"},
				"south": {"uv": [0.75, 9.5, 1.75, 12.25], "texture": "#texture"},
				"west": {"uv": [0.75, 9.5, 1, 12.25], "texture": "#texture"},
				"up": {"uv": [0.75, 9.5, 1.75, 9.75], "texture": "#texture"},
				"down": {"uv": [0.75, 12.25, 1.75, 12], "texture": "#texture"}
			}
		},
		{
			"name": "1 x64",
			"from": [4.5, 26.5, 7.8],
			"to": [4.625, 28.5, 7.95],
			"faces": {
				"north": {"uv": [1.25, 1, 1, 5], "texture": "#texture"},
				"east": {"uv": [1.25, 1, 1, 5], "texture": "#texture"},
				"south": {"uv": [1, 1, 1.25, 5], "texture": "#texture"},
				"west": {"uv": [1, 1, 1.25, 5], "texture": "#texture"},
				"up": {"uv": [1, 1, 1.25, 1.25], "texture": "#texture"},
				"down": {"uv": [1, 5, 1.25, 4.75], "texture": "#texture"}
			}
		},
		{
			"name": "1 x64",
			"from": [4.5, 22, 7.8],
			"to": [4.625, 22.875, 7.95],
			"faces": {
				"north": {"uv": [1.25, 12.25, 1, 14], "texture": "#texture"},
				"east": {"uv": [1.25, 12.25, 1, 14], "texture": "#texture"},
				"south": {"uv": [1, 12.25, 1.25, 14], "texture": "#texture"},
				"west": {"uv": [1, 12.25, 1.25, 14], "texture": "#texture"},
				"up": {"uv": [1, 12.25, 1.25, 12.5], "texture": "#texture"},
				"down": {"uv": [1, 14, 1.25, 13.75], "texture": "#texture"}
			}
		},
		{
			"name": "1 x64",
			"from": [4.625, 26.5, 7.8],
			"to": [4.75, 28.25, 7.95],
			"faces": {
				"north": {"uv": [1.5, 1.5, 1.25, 5], "texture": "#texture"},
				"east": {"uv": [1.5, 1.5, 1.25, 5], "texture": "#texture"},
				"south": {"uv": [1.25, 1.5, 1.5, 5], "texture": "#texture"},
				"west": {"uv": [1.25, 1.5, 1.5, 5], "texture": "#texture"},
				"up": {"uv": [1.25, 1.5, 1.5, 1.75], "texture": "#texture"},
				"down": {"uv": [1.25, 5, 1.5, 4.75], "texture": "#texture"}
			}
		},
		{
			"name": "1 x64",
			"from": [4.625, 22.25, 7.8],
			"to": [4.75, 22.875, 7.95],
			"faces": {
				"north": {"uv": [1.5, 12.25, 1.25, 13.5], "texture": "#texture"},
				"east": {"uv": [1.5, 12.25, 1.25, 13.5], "texture": "#texture"},
				"south": {"uv": [1.25, 12.25, 1.5, 13.5], "texture": "#texture"},
				"west": {"uv": [1.25, 12.25, 1.5, 13.5], "texture": "#texture"},
				"up": {"uv": [1.25, 12.25, 1.5, 12.5], "texture": "#texture"},
				"down": {"uv": [1.25, 13.5, 1.5, 13.25], "texture": "#texture"}
			}
		},
		{
			"name": "1 x64",
			"from": [4.75, 26, 7.8],
			"to": [4.875, 28, 7.95],
			"faces": {
				"north": {"uv": [1.75, 2, 1.5, 6], "texture": "#texture"},
				"east": {"uv": [1.75, 2, 1.5, 6], "texture": "#texture"},
				"south": {"uv": [1.5, 2, 1.75, 6], "texture": "#texture"},
				"west": {"uv": [1.5, 2, 1.75, 6], "texture": "#texture"},
				"up": {"uv": [1.5, 2, 1.75, 2.25], "texture": "#texture"},
				"down": {"uv": [1.5, 6, 1.75, 5.75], "texture": "#texture"}
			}
		},
		{
			"name": "1 x64",
			"from": [4.75, 24.25, 7.8],
			"to": [4.875, 24.75, 7.95],
			"faces": {
				"north": {"uv": [1.75, 8.5, 1.5, 9.5], "texture": "#texture"},
				"east": {"uv": [1.75, 8.5, 1.5, 9.5], "texture": "#texture"},
				"south": {"uv": [1.5, 8.5, 1.75, 9.5], "texture": "#texture"},
				"west": {"uv": [1.5, 8.5, 1.75, 9.5], "texture": "#texture"},
				"up": {"uv": [1.5, 8.5, 1.75, 8.75], "texture": "#texture"},
				"down": {"uv": [1.5, 9.5, 1.75, 9.25], "texture": "#texture"}
			}
		},
		{
			"name": "1 x64",
			"from": [4.75, 22.375, 7.8],
			"to": [4.875, 22.875, 7.95],
			"faces": {
				"north": {"uv": [1.75, 12.25, 1.5, 13.25], "texture": "#texture"},
				"east": {"uv": [1.75, 12.25, 1.5, 13.25], "texture": "#texture"},
				"south": {"uv": [1.5, 12.25, 1.75, 13.25], "texture": "#texture"},
				"west": {"uv": [1.5, 12.25, 1.75, 13.25], "texture": "#texture"},
				"up": {"uv": [1.5, 12.25, 1.75, 12.5], "texture": "#texture"},
				"down": {"uv": [1.5, 13.25, 1.75, 13], "texture": "#texture"}
			}
		},
		{
			"name": "1 x64",
			"from": [4.875, 26.625, 7.8],
			"to": [5, 27.875, 7.95],
			"faces": {
				"north": {"uv": [2, 2.25, 1.75, 4.75], "texture": "#texture"},
				"east": {"uv": [2, 2.25, 1.75, 4.75], "texture": "#texture"},
				"south": {"uv": [1.75, 2.25, 2, 4.75], "texture": "#texture"},
				"west": {"uv": [1.75, 2.25, 2, 4.75], "texture": "#texture"},
				"up": {"uv": [1.75, 2.25, 2, 2.5], "texture": "#texture"},
				"down": {"uv": [1.75, 4.75, 2, 4.5], "texture": "#texture"}
			}
		},
		{
			"name": "1 x64",
			"from": [4.875, 22.5, 7.8],
			"to": [5, 24.125, 7.95],
			"faces": {
				"north": {"uv": [2, 9.75, 1.75, 13], "texture": "#texture"},
				"east": {"uv": [2, 9.75, 1.75, 13], "texture": "#texture"},
				"south": {"uv": [1.75, 9.75, 2, 13], "texture": "#texture"},
				"west": {"uv": [1.75, 9.75, 2, 13], "texture": "#texture"},
				"up": {"uv": [1.75, 9.75, 2, 10], "texture": "#texture"},
				"down": {"uv": [1.75, 13, 2, 12.75], "texture": "#texture"}
			}
		},
		{
			"name": "1 x64",
			"from": [5, 27.125, 7.8],
			"to": [5.125, 27.625, 7.95],
			"faces": {
				"north": {"uv": [2.25, 2.75, 2, 3.75], "texture": "#texture"},
				"east": {"uv": [2.25, 2.75, 2, 3.75], "texture": "#texture"},
				"south": {"uv": [2, 2.75, 2.25, 3.75], "texture": "#texture"},
				"west": {"uv": [2, 2.75, 2.25, 3.75], "texture": "#texture"},
				"up": {"uv": [2, 2.75, 2.25, 3], "texture": "#texture"},
				"down": {"uv": [2, 3.75, 2.25, 3.5], "texture": "#texture"}
			}
		},
		{
			"name": "1 x64",
			"from": [5, 22.625, 7.8],
			"to": [5.125, 23.375, 7.95],
			"faces": {
				"north": {"uv": [2.25, 11.25, 2, 12.75], "texture": "#texture"},
				"east": {"uv": [2.25, 11.25, 2, 12.75], "texture": "#texture"},
				"south": {"uv": [2, 11.25, 2.25, 12.75], "texture": "#texture"},
				"west": {"uv": [2, 11.25, 2.25, 12.75], "texture": "#texture"},
				"up": {"uv": [2, 11.25, 2.25, 11.5], "texture": "#texture"},
				"down": {"uv": [2, 12.75, 2.25, 12.5], "texture": "#texture"}
			}
		},
		{
			"name": "1 x64",
			"from": [7.125, 24.875, 7.325],
			"to": [7.375, 26.75, 8.325],
			"faces": {
				"north": {"uv": [6.75, 4.5, 6.25, 8.25], "texture": "#texture"},
				"east": {"uv": [6.75, 4.5, 6.5, 8.25], "texture": "#texture"},
				"south": {"uv": [6.25, 4.5, 6.75, 8.25], "texture": "#texture"},
				"west": {"uv": [6.25, 4.5, 6.5, 8.25], "texture": "#texture"},
				"up": {"uv": [6.25, 4.5, 6.75, 4.75], "texture": "#texture"},
				"down": {"uv": [6.25, 8.25, 6.75, 8], "texture": "#texture"}
			}
		},
		{
			"name": "1 x64",
			"from": [7.25, 26.75, 7.325],
			"to": [8.5, 26.875, 8.325],
			"faces": {
				"north": {"uv": [9, 4.25, 6.5, 4.5], "texture": "#texture"},
				"east": {"uv": [9, 4.25, 8.75, 4.5], "texture": "#texture"},
				"south": {"uv": [6.5, 4.25, 9, 4.5], "texture": "#texture"},
				"west": {"uv": [6.5, 4.25, 6.75, 4.5], "texture": "#texture"},
				"up": {"uv": [6.5, 4.25, 9, 4.5], "texture": "#texture"},
				"down": {"uv": [6.5, 4.5, 9, 4.25], "texture": "#texture"}
			}
		},
		{
			"name": "1 x64",
			"from": [7.375, 26.5, 7.325],
			"to": [8.625, 26.75, 8.325],
			"faces": {
				"north": {"uv": [9.25, 4.5, 6.75, 5], "texture": "#texture"},
				"east": {"uv": [9.25, 4.5, 9, 5], "texture": "#texture"},
				"south": {"uv": [6.75, 4.5, 9.25, 5], "texture": "#texture"},
				"west": {"uv": [6.75, 4.5, 7, 5], "texture": "#texture"},
				"up": {"uv": [6.75, 4.5, 9.25, 4.75], "texture": "#texture"},
				"down": {"uv": [6.75, 5, 9.25, 4.75], "texture": "#texture"}
			}
		},
		{
			"name": "1 x64",
			"from": [7.5, 24.75, 7.325],
			"to": [8.375, 24.875, 8.325],
			"faces": {
				"north": {"uv": [8.75, 8.25, 7, 8.5], "texture": "#texture"},
				"east": {"uv": [8.75, 8.25, 8.5, 8.5], "texture": "#texture"},
				"south": {"uv": [7, 8.25, 8.75, 8.5], "texture": "#texture"},
				"west": {"uv": [7, 8.25, 7.25, 8.5], "texture": "#texture"},
				"up": {"uv": [7, 8.25, 8.75, 8.5], "texture": "#texture"},
				"down": {"uv": [7, 8.5, 8.75, 8.25], "texture": "#texture"}
			}
		},
		{
			"name": "1 x64",
			"from": [7.625, 24.625, 7.325],
			"to": [8.25, 24.75, 8.325],
			"faces": {
				"north": {"uv": [8.5, 8.5, 7.25, 8.75], "texture": "#texture"},
				"east": {"uv": [8.5, 8.5, 8.25, 8.75], "texture": "#texture"},
				"south": {"uv": [7.25, 8.5, 8.5, 8.75], "texture": "#texture"},
				"west": {"uv": [7.25, 8.5, 7.5, 8.75], "texture": "#texture"},
				"up": {"uv": [7.25, 8.5, 8.5, 8.75], "texture": "#texture"},
				"down": {"uv": [7.25, 8.75, 8.5, 8.5], "texture": "#texture"}
			}
		},
		{
			"name": "1 x64",
			"from": [8.5, 25, 7.325],
			"to": [8.625, 26.5, 8.325],
			"faces": {
				"north": {"uv": [9.25, 5, 9, 8], "texture": "#texture"},
				"east": {"uv": [9.25, 5, 9, 8], "texture": "#texture"},
				"south": {"uv": [9, 5, 9.25, 8], "texture": "#texture"},
				"west": {"uv": [9, 5, 9.25, 8], "texture": "#texture"},
				"up": {"uv": [9, 5, 9.25, 5.25], "texture": "#texture"},
				"down": {"uv": [9, 8, 9.25, 7.75], "texture": "#texture"}
			}
		},
		{
			"name": "1 x64",
			"from": [8.625, 25.125, 7.325],
			"to": [8.75, 26.625, 8.325],
			"faces": {
				"north": {"uv": [9.5, 4.75, 9.25, 7.75], "texture": "#texture"},
				"east": {"uv": [9.5, 4.75, 9.25, 7.75], "texture": "#texture"},
				"south": {"uv": [9.25, 4.75, 9.5, 7.75], "texture": "#texture"},
				"west": {"uv": [9.25, 4.75, 9.5, 7.75], "texture": "#texture"},
				"up": {"uv": [9.25, 4.75, 9.5, 5], "texture": "#texture"},
				"down": {"uv": [9.25, 7.75, 9.5, 7.5], "texture": "#texture"}
			}
		},
		{
			"name": "1 x64",
			"from": [9.5, 24.75, 7.525],
			"to": [10.75, 24.875, 8.275],
			"faces": {
				"north": {"uv": [13.5, 8.25, 11, 8.5], "texture": "#texture"},
				"east": {"uv": [13.5, 8.25, 13.25, 8.5], "texture": "#texture"},
				"south": {"uv": [11, 8.25, 13.5, 8.5], "texture": "#texture"},
				"west": {"uv": [11, 8.25, 11.25, 8.5], "texture": "#texture"},
				"up": {"uv": [11, 8.25, 13.5, 8.5], "texture": "#texture"},
				"down": {"uv": [11, 8.5, 13.5, 8.25], "texture": "#texture"}
			}
		},
		{
			"name": "1 x64",
			"from": [9.625, 24.875, 7.525],
			"to": [10.75, 25.25, 8.275],
			"faces": {
				"north": {"uv": [13.5, 7.5, 11.25, 8.25], "texture": "#texture"},
				"east": {"uv": [13.5, 7.5, 13.25, 8.25], "texture": "#texture"},
				"south": {"uv": [11.25, 7.5, 13.5, 8.25], "texture": "#texture"},
				"west": {"uv": [11.25, 7.5, 11.5, 8.25], "texture": "#texture"},
				"up": {"uv": [11.25, 7.5, 13.5, 7.75], "texture": "#texture"},
				"down": {"uv": [11.25, 8.25, 13.5, 8], "texture": "#texture"}
			}
		},
		{
			"name": "1 x64",
			"from": [9.75, 26.375, 7.525],
			"to": [10.75, 26.75, 8.275],
			"faces": {
				"north": {"uv": [13.5, 4.5, 11.5, 5.25], "texture": "#texture"},
				"east": {"uv": [13.5, 4.5, 13.25, 5.25], "texture": "#texture"},
				"south": {"uv": [11.5, 4.5, 13.5, 5.25], "texture": "#texture"},
				"west": {"uv": [11.5, 4.5, 11.75, 5.25], "texture": "#texture"},
				"up": {"uv": [11.5, 4.5, 13.5, 4.75], "texture": "#texture"},
				"down": {"uv": [11.5, 5.25, 13.5, 5], "texture": "#texture"}
			}
		},
		{
			"name": "1 x64",
			"from": [9.75, 25.25, 7.525],
			"to": [10.75, 26.25, 8.275],
			"faces": {
				"north": {"uv": [13.5, 5.5, 11.5, 7.5], "texture": "#texture"},
				"east": {"uv": [13.5, 5.5, 13.25, 7.5], "texture": "#texture"},
				"south": {"uv": [11.5, 5.5, 13.5, 7.5], "texture": "#texture"},
				"west": {"uv": [11.5, 5.5, 11.75, 7.5], "texture": "#texture"},
				"up": {"uv": [11.5, 5.5, 13.5, 5.75], "texture": "#texture"},
				"down": {"uv": [11.5, 7.5, 13.5, 7.25], "texture": "#texture"}
			}
		},
		{
			"name": "1 x64",
			"from": [9.875, 26.25, 7.525],
			"to": [10.75, 26.375, 8.275],
			"faces": {
				"north": {"uv": [13.5, 5.25, 11.75, 5.5], "texture": "#texture"},
				"east": {"uv": [13.5, 5.25, 13.25, 5.5], "texture": "#texture"},
				"south": {"uv": [11.75, 5.25, 13.5, 5.5], "texture": "#texture"},
				"west": {"uv": [11.75, 5.25, 12, 5.5], "texture": "#texture"},
				"up": {"uv": [11.75, 5.25, 13.5, 5.5], "texture": "#texture"},
				"down": {"uv": [11.75, 5.5, 13.5, 5.25], "texture": "#texture"}
			}
		},
		{
			"name": "1 x64",
			"from": [9.875, 24.625, 7.525],
			"to": [10.75, 24.75, 8.275],
			"faces": {
				"north": {"uv": [13.5, 8.5, 11.75, 8.75], "texture": "#texture"},
				"east": {"uv": [13.5, 8.5, 13.25, 8.75], "texture": "#texture"},
				"south": {"uv": [11.75, 8.5, 13.5, 8.75], "texture": "#texture"},
				"west": {"uv": [11.75, 8.5, 12, 8.75], "texture": "#texture"},
				"up": {"uv": [11.75, 8.5, 13.5, 8.75], "texture": "#texture"},
				"down": {"uv": [11.75, 8.75, 13.5, 8.5], "texture": "#texture"}
			}
		},
		{
			"name": "1 x64",
			"from": [10.25, 26.75, 7.525],
			"to": [10.75, 26.875, 8.275],
			"faces": {
				"north": {"uv": [13.5, 4.25, 12.5, 4.5], "texture": "#texture"},
				"east": {"uv": [13.5, 4.25, 13.25, 4.5], "texture": "#texture"},
				"south": {"uv": [12.5, 4.25, 13.5, 4.5], "texture": "#texture"},
				"west": {"uv": [12.5, 4.25, 12.75, 4.5], "texture": "#texture"},
				"up": {"uv": [12.5, 4.25, 13.5, 4.5], "texture": "#texture"},
				"down": {"uv": [12.5, 4.5, 13.5, 4.25], "texture": "#texture"}
			}
		},
		{
			"name": "1 x64",
			"from": [10.5, 24.5, 7.525],
			"to": [10.75, 24.625, 8.275],
			"faces": {
				"north": {"uv": [13.5, 8.75, 13, 9], "texture": "#texture"},
				"east": {"uv": [13.5, 8.75, 13.25, 9], "texture": "#texture"},
				"south": {"uv": [13, 8.75, 13.5, 9], "texture": "#texture"},
				"west": {"uv": [13, 8.75, 13.25, 9], "texture": "#texture"},
				"up": {"uv": [13, 8.75, 13.5, 9], "texture": "#texture"},
				"down": {"uv": [13, 9, 13.5, 8.75], "texture": "#texture"}
			}
		},
		{
			"name": "1 x64",
			"from": [10.625, 24.25, 7.525],
			"to": [10.75, 24.5, 8.275],
			"faces": {
				"north": {"uv": [13.5, 9, 13.25, 9.5], "texture": "#texture"},
				"east": {"uv": [13.5, 9, 13.25, 9.5], "texture": "#texture"},
				"south": {"uv": [13.25, 9, 13.5, 9.5], "texture": "#texture"},
				"west": {"uv": [13.25, 9, 13.5, 9.5], "texture": "#texture"},
				"up": {"uv": [13.25, 9, 13.5, 9.25], "texture": "#texture"},
				"down": {"uv": [13.25, 9.5, 13.5, 9.25], "texture": "#texture"}
			}
		},
		{
			"name": "4 x64*",
			"from": [7.875, 29, 7.525],
			"to": [8.025, 29.625, 8.15],
			"faces": {
				"north": {"uv": [9.75, 2.25, 10, 3.5], "texture": "#texture"},
				"east": {"uv": [11, 2.25, 9.75, 3.5], "texture": "#texture"},
				"south": {"uv": [11, 2.25, 10.75, 3.5], "texture": "#texture"},
				"west": {"uv": [9.75, 2.25, 11, 3.5], "texture": "#texture"},
				"up": {"uv": [9.75, 2.75, 11, 3], "rotation": 90, "texture": "#texture"},
				"down": {"uv": [9.75, 3.5, 11, 3.25], "rotation": 270, "texture": "#texture"}
			}
		},
		{
			"name": "4 x64*",
			"from": [7.875, 29.625, 7.65625],
			"to": [8.025, 30.375, 8.03125],
			"faces": {
				"north": {"uv": [10, 1.25, 10.25, 2.75], "texture": "#texture"},
				"east": {"uv": [10.75, 1.25, 10, 2.75], "texture": "#texture"},
				"south": {"uv": [10.75, 1.25, 10.5, 2.75], "texture": "#texture"},
				"west": {"uv": [10, 1.25, 10.75, 2.75], "texture": "#texture"},
				"up": {"uv": [10, 1.25, 10.75, 1.5], "rotation": 90, "texture": "#texture"},
				"down": {"uv": [10, 2.75, 10.75, 2.5], "rotation": 270, "texture": "#texture"}
			}
		},
		{
			"name": "4 x64*",
			"from": [7.875, 30.375, 7.775],
			"to": [8.025, 30.75, 7.9],
			"faces": {
				"north": {"uv": [10.25, 0.5, 10.5, 1.25], "texture": "#texture"},
				"east": {"uv": [10.5, 0.5, 10.25, 1.25], "texture": "#texture"},
				"south": {"uv": [10.5, 0.5, 10.25, 1.25], "texture": "#texture"},
				"west": {"uv": [10.25, 0.5, 10.5, 1.25], "texture": "#texture"},
				"up": {"uv": [10.25, 0.5, 10.5, 0.75], "rotation": 90, "texture": "#texture"},
				"down": {"uv": [10.25, 1.25, 10.5, 1], "rotation": 270, "texture": "#texture"}
			}
		},
		{
			"name": "1 x64*",
			"from": [7.625, -16, 7.5],
			"to": [8.25, 13.25, 8.15],
			"faces": {
				"north": {"uv": [0, 13, 13.25, 16], "rotation": 90, "texture": "#pick"},
				"east": {"uv": [0, 16, 13.25, 15.75], "rotation": 90, "texture": "#pick"},
				"south": {"uv": [13.25, 13, 0, 16], "rotation": 270, "texture": "#pick"},
				"west": {"uv": [0, 13, 13.25, 13.25], "rotation": 90, "texture": "#pick"},
				"up": {"uv": [0, 13, 0.25, 16], "rotation": 270, "texture": "#pick"},
				"down": {"uv": [13.25, 13, 13, 16], "rotation": 270, "texture": "#pick"}
			}
		}
	],
	"display": {
		"thirdperson_righthand": {
			"rotation": [0, -90, 0],
			"translation": [0, 6.99, -0.19],
			"scale": [0.88, 0.79, 0.82]
		},
		"thirdperson_lefthand": {
			"rotation": [0, 90, 0],
			"translation": [0, 6.99, -0.19],
			"scale": [0.88, 0.79, 0.82]
		},
		"firstperson_righthand": {
			"rotation": [-9, -91, 0],
			"translation": [4.16, 4.34, -0.76],
			"scale": [0.56, 0.6, 0.94]
		},
		"firstperson_lefthand": {
			"rotation": [-9, -91, 0],
			"translation": [4.16, 4.35, -0.76],
			"scale": [0.56, 0.6, 0.72]
		},
		"ground": {
			"translation": [0, 5.86, 0],
			"scale": [0.44, 0.22, 0.19]
		},
		"gui": {
			"rotation": [0, -164, 45],
			"translation": [-0.19, 0.19, 0],
			"scale": [0.56, 0.47, 0.44]
		},
		"fixed": {
			"rotation": [6, -180, -33],
			"translation": [0.38, 0.19, -0.76],
			"scale": [-0.57, 0.38, 0.35]
		}
	}
}