{
	"credit": "Made with Blockbench",
	"textures": {
		"blades1": "block/weapons/blades1",
		"texture": "block/weapons/ironparts"
	},
	"elements": [
		{
			"from": [8.11, -4.7676, 5.4375],
			"to": [8.21, 21.6875, 8.29395],
			"faces": {
				"north": {"uv": [3, 3, 3.25, 16], "texture": "#blades1"},
				"east": {"uv": [5.5, 3, 3, 16], "texture": "#blades1"},
				"south": {"uv": [5.5, 3, 5.25, 16], "texture": "#blades1"},
				"west": {"uv": [3, 3, 5.5, 16], "texture": "#blades1"},
				"up": {"uv": [3, 3, 5.5, 3.25], "texture": "#blades1", "rotation": 90},
				"down": {"uv": [3, 16, 5.5, 15.75], "texture": "#blades1", "rotation": 270}
			}
		},
		{
			"from": [8.11, 21.676, 5.8125],
			"to": [8.21, 22.5, 8.00977],
			"faces": {
				"north": {"uv": [3.25, 2.25, 3.5, 3], "texture": "#blades1"},
				"east": {"uv": [5.25, 2.25, 3.25, 3], "texture": "#blades1"},
				"south": {"uv": [5.25, 2.25, 5, 3], "texture": "#blades1"},
				"west": {"uv": [3.25, 2.25, 5.25, 3], "texture": "#blades1"},
				"up": {"uv": [3.25, 2.25, 5.25, 2.5], "texture": "#blades1", "rotation": 90},
				"down": {"uv": [3.25, 3, 5.25, 2.75], "texture": "#blades1", "rotation": 270}
			}
		},
		{
			"from": [8.11, 22.4885, 6.125],
			"to": [8.21, 23.3125, 7.77295],
			"faces": {
				"north": {"uv": [3.5, 1.5, 3.75, 2.25], "texture": "#blades1"},
				"east": {"uv": [5, 1.5, 3.5, 2.25], "texture": "#blades1"},
				"south": {"uv": [5, 1.5, 4.75, 2.25], "texture": "#blades1"},
				"west": {"uv": [3.5, 1.5, 5, 2.25], "texture": "#blades1"},
				"up": {"uv": [3.5, 1.5, 5, 1.75], "texture": "#blades1", "rotation": 90},
				"down": {"uv": [3.5, 2.25, 5, 2], "texture": "#blades1", "rotation": 270}
			}
		},
		{
			"from": [8.11, 23.3257, 6.375],
			"to": [8.21, 23.875, 7.47363],
			"faces": {
				"north": {"uv": [3.75, 1, 4, 1.5], "texture": "#blades1"},
				"east": {"uv": [4.75, 1, 3.75, 1.5], "texture": "#blades1"},
				"south": {"uv": [4.75, 1, 4.5, 1.5], "texture": "#blades1"},
				"west": {"uv": [3.75, 1, 4.75, 1.5], "texture": "#blades1"},
				"up": {"uv": [3.75, 1, 4.75, 1.25], "texture": "#blades1", "rotation": 90},
				"down": {"uv": [3.75, 1.5, 4.75, 1.25], "texture": "#blades1", "rotation": 270}
			}
		},
		{
			"from": [8.11, 23.8257, 6.6875],
			"to": [8.21, 24.375, 7.23682],
			"faces": {
				"north": {"uv": [4, 0.5, 4.25, 1], "texture": "#blades1"},
				"east": {"uv": [4.5, 0.5, 4, 1], "texture": "#blades1"},
				"south": {"uv": [4.5, 0.5, 4.25, 1], "texture": "#blades1"},
				"west": {"uv": [4, 0.5, 4.5, 1], "texture": "#blades1"},
				"up": {"uv": [4, 0.5, 4.5, 0.75], "texture": "#blades1", "rotation": 90},
				"down": {"uv": [4, 1, 4.5, 0.75], "texture": "#blades1", "rotation": 270}
			}
		},
		{
			"from": [7.6125, -5.625, 0.125],
			"to": [8.625, -5.0625, 0.6875],
			"faces": {
				"north": {"uv": [4, 8, 4.25, 9], "texture": "#texture"},
				"east": {"uv": [5, 8, 4, 9], "texture": "#texture"},
				"south": {"uv": [5, 8, 4.75, 9], "texture": "#texture"},
				"west": {"uv": [4, 8, 5, 9], "texture": "#texture"},
				"up": {"uv": [4, 8, 5, 8.25], "texture": "#texture", "rotation": 90},
				"down": {"uv": [4, 9, 5, 8.75], "texture": "#texture", "rotation": 270}
			}
		},
		{
			"from": [8.06094, -13.4398, 6.25],
			"to": [8.1875, -12.9125, 7.41016],
			"faces": {
				"east": {"uv": [9, 13, 6.25, 14.25], "texture": "#texture"},
				"south": {"uv": [9, 13, 8.75, 14.25], "texture": "#texture"},
				"west": {"uv": [6.25, 13, 9, 14.25], "texture": "#texture"},
				"up": {"uv": [6.25, 13, 9, 13.25], "texture": "#texture", "rotation": 90},
				"down": {"uv": [6.25, 14.25, 9, 14], "texture": "#texture", "rotation": 270}
			}
		},
		{
			"from": [8.06094, -12.8984, 6.375],
			"to": [8.1875, -12.6875, 7.32422],
			"faces": {
				"north": {"uv": [6.5, 12.5, 6.75, 13], "texture": "#texture"},
				"east": {"uv": [8.75, 12.5, 6.5, 13], "texture": "#texture"},
				"south": {"uv": [8.75, 12.5, 8.5, 13], "texture": "#texture"},
				"west": {"uv": [6.5, 12.5, 8.75, 13], "texture": "#texture"},
				"up": {"uv": [6.5, 12.5, 8.75, 12.75], "texture": "#texture", "rotation": 90},
				"down": {"uv": [6.5, 13, 8.75, 12.75], "texture": "#texture", "rotation": 270}
			}
		},
		{
			"from": [8.06094, -13.6368, 6.375],
			"to": [8.1875, -13.4258, 7.32422],
			"faces": {
				"north": {"uv": [6.5, 14.25, 6.75, 14.75], "texture": "#texture"},
				"east": {"uv": [8.75, 14.25, 6.5, 14.75], "texture": "#texture"},
				"south": {"uv": [8.75, 14.25, 8.5, 14.75], "texture": "#texture"},
				"west": {"uv": [6.5, 14.25, 8.75, 14.75], "texture": "#texture"},
				"up": {"uv": [6.5, 14.25, 8.75, 14.5], "texture": "#texture", "rotation": 90},
				"down": {"uv": [6.5, 14.75, 8.75, 14.5], "texture": "#texture", "rotation": 270}
			}
		},
		{
			"from": [8.06094, -12.6875, 6.5625],
			"to": [8.1875, -12.5821, 7.08984],
			"faces": {
				"north": {"uv": [7, 12.25, 7.25, 12.5], "texture": "#texture"},
				"east": {"uv": [8.25, 12.25, 7, 12.5], "texture": "#texture"},
				"south": {"uv": [8.25, 12.25, 8, 12.5], "texture": "#texture"},
				"west": {"uv": [7, 12.25, 8.25, 12.5], "texture": "#texture"},
				"up": {"uv": [7, 12.25, 8.25, 12.5], "texture": "#texture", "rotation": 90}
			}
		},
		{
			"from": [8.06094, -13.7422, 6.5625],
			"to": [8.1875, -13.6367, 7.08984],
			"faces": {
				"north": {"uv": [7, 14.75, 7.25, 15], "texture": "#texture"},
				"east": {"uv": [8.25, 14.75, 7, 15], "texture": "#texture"},
				"south": {"uv": [8.25, 14.75, 8, 15], "texture": "#texture"},
				"west": {"uv": [7, 14.75, 8.25, 15], "texture": "#texture"},
				"up": {"uv": [7, 14.75, 8.25, 15], "texture": "#texture", "rotation": 90},
				"down": {"uv": [7, 15, 8.25, 14.75], "texture": "#texture", "rotation": 270}
			}
		},
		{
			"from": [7.5625, -5.48438, 0.25],
			"to": [8.6875, -5.20313, 0.53125],
			"faces": {
				"north": {"uv": [4.25, 8.25, 4.5, 8.75], "texture": "#texture"},
				"east": {"uv": [4.75, 8.25, 4.25, 8.75], "texture": "#texture"},
				"south": {"uv": [4.75, 8.25, 4.5, 8.75], "texture": "#texture"},
				"west": {"uv": [4.25, 8.25, 4.75, 8.75], "texture": "#texture"},
				"up": {"uv": [4.25, 8.25, 4.75, 8.5], "texture": "#texture", "rotation": 90},
				"down": {"uv": [4.25, 8.75, 4.75, 8.5], "texture": "#texture", "rotation": 270}
			}
		},
		{
			"from": [7.88312, -13.4398, 5.9375],
			"to": [8.305, -12.9125, 6.14844],
			"faces": {
				"north": {"uv": [5.5, 13, 5.75, 14.25], "texture": "#texture"},
				"east": {"uv": [6, 13, 5.5, 14.25], "texture": "#texture"},
				"south": {"uv": [6, 13, 5.75, 14.25], "texture": "#texture"},
				"west": {"uv": [5.5, 13, 6, 14.25], "texture": "#texture"},
				"up": {"uv": [5.5, 13, 6, 13.25], "texture": "#texture", "rotation": 90},
				"down": {"uv": [5.5, 14.25, 6, 14], "texture": "#texture", "rotation": 270}
			}
		},
		{
			"from": [7.88312, -12.9125, 6],
			"to": [8.305, -12.5961, 6.21094],
			"faces": {
				"north": {"uv": [5.75, 12.25, 6, 13], "texture": "#texture"},
				"east": {"uv": [6.25, 12.25, 5.75, 13], "texture": "#texture"},
				"south": {"uv": [6.25, 12.25, 6, 13], "texture": "#texture"},
				"west": {"uv": [5.75, 12.25, 6.25, 13], "texture": "#texture"},
				"up": {"uv": [5.75, 12.25, 6.25, 12.5], "texture": "#texture", "rotation": 90},
				"down": {"uv": [5.75, 13, 6.25, 12.75], "texture": "#texture", "rotation": 270}
			}
		},
		{
			"from": [7.88312, -13.7563, 6],
			"to": [8.305, -13.4399, 6.21094],
			"faces": {
				"north": {"uv": [5.75, 14.25, 6, 15], "texture": "#texture"},
				"east": {"uv": [6.25, 14.25, 5.75, 15], "texture": "#texture"},
				"south": {"uv": [6.25, 14.25, 6, 15], "texture": "#texture"},
				"west": {"uv": [5.75, 14.25, 6.25, 15], "texture": "#texture"},
				"up": {"uv": [5.75, 14.25, 6.25, 14.5], "texture": "#texture", "rotation": 90},
				"down": {"uv": [5.75, 15, 6.25, 14.75], "texture": "#texture", "rotation": 270}
			}
		},
		{
			"from": [7.88312, -12.5961, 6.1875],
			"to": [8.305, -12.4906, 6.50391],
			"faces": {
				"north": {"uv": [6, 12, 6.25, 12.25], "texture": "#texture"},
				"east": {"uv": [6.75, 12, 6, 12.25], "texture": "#texture"},
				"south": {"uv": [6.75, 12, 6.5, 12.25], "texture": "#texture"},
				"west": {"uv": [6, 12, 6.75, 12.25], "texture": "#texture"},
				"up": {"uv": [6, 12, 6.75, 12.25], "texture": "#texture", "rotation": 90},
				"down": {"uv": [6, 12.25, 6.75, 12], "texture": "#texture", "rotation": 270}
			}
		},
		{
			"from": [7.88312, -13.8617, 6.1875],
			"to": [8.305, -13.7563, 6.60938],
			"faces": {
				"north": {"uv": [6, 15, 6.25, 15.25], "texture": "#texture"},
				"east": {"uv": [7, 15, 6, 15.25], "texture": "#texture"},
				"south": {"uv": [7, 15, 6.75, 15.25], "texture": "#texture"},
				"west": {"uv": [6, 15, 7, 15.25], "texture": "#texture"},
				"up": {"uv": [6, 15, 7, 15.25], "texture": "#texture", "rotation": 90},
				"down": {"uv": [6, 15.25, 7, 15], "texture": "#texture", "rotation": 270}
			}
		},
		{
			"from": [7.88312, -12.4907, 6.25],
			"to": [8.305, -12.3852, 7.41016],
			"faces": {
				"north": {"uv": [6.25, 11.75, 6.5, 12], "texture": "#texture"},
				"east": {"uv": [9, 11.75, 6.25, 12], "texture": "#texture"},
				"south": {"uv": [9, 11.75, 8.75, 12], "texture": "#texture"},
				"west": {"uv": [6.25, 11.75, 9, 12], "texture": "#texture"},
				"up": {"uv": [6.25, 11.75, 9, 12], "texture": "#texture", "rotation": 90},
				"down": {"uv": [6.25, 12, 9, 11.75], "texture": "#texture", "rotation": 270}
			}
		},
		{
			"from": [7.88312, -12.7016, 6.25],
			"to": [8.305, -12.5961, 6.35547],
			"faces": {
				"north": {"uv": [6.25, 12.25, 6.5, 12.5], "texture": "#texture"},
				"east": {"uv": [6.5, 12.25, 6.25, 12.5], "texture": "#texture"},
				"south": {"uv": [6.5, 12.25, 6.25, 12.5], "texture": "#texture"},
				"west": {"uv": [6.25, 12.25, 6.5, 12.5], "texture": "#texture"},
				"up": {"uv": [6.25, 12.25, 6.5, 12.5], "texture": "#texture", "rotation": 90},
				"down": {"uv": [6.25, 12.5, 6.5, 12.25], "texture": "#texture", "rotation": 270}
			}
		},
		{
			"from": [7.88312, -13.7563, 6.25],
			"to": [8.305, -13.6508, 6.35547],
			"faces": {
				"north": {"uv": [6.25, 14.75, 6.5, 15], "texture": "#texture"},
				"east": {"uv": [6.5, 14.75, 6.25, 15], "texture": "#texture"},
				"south": {"uv": [6.5, 14.75, 6.25, 15], "texture": "#texture"},
				"west": {"uv": [6.25, 14.75, 6.5, 15], "texture": "#texture"},
				"up": {"uv": [6.25, 14.75, 6.5, 15], "texture": "#texture", "rotation": 90},
				"down": {"uv": [6.25, 15, 6.5, 14.75], "texture": "#texture", "rotation": 270}
			}
		},
		{
			"from": [7.88312, -13.9672, 6.375],
			"to": [8.305, -13.8618, 7.42969],
			"faces": {
				"north": {"uv": [6.5, 15.25, 6.75, 15.5], "texture": "#texture"},
				"east": {"uv": [9, 15.25, 6.5, 15.5], "texture": "#texture"},
				"south": {"uv": [9, 15.25, 8.75, 15.5], "texture": "#texture"},
				"west": {"uv": [6.5, 15.25, 9, 15.5], "texture": "#texture"},
				"up": {"uv": [6.5, 15.25, 9, 15.5], "texture": "#texture", "rotation": 90},
				"down": {"uv": [6.5, 15.5, 9, 15.25], "texture": "#texture", "rotation": 270}
			}
		},
		{
			"from": [7.88312, -12.3852, 6.4375],
			"to": [8.305, -12.2797, 7.17578],
			"faces": {
				"north": {"uv": [6.75, 11.5, 7, 11.75], "texture": "#texture"},
				"east": {"uv": [8.5, 11.5, 6.75, 11.75], "texture": "#texture"},
				"south": {"uv": [8.5, 11.5, 8.25, 11.75], "texture": "#texture"},
				"west": {"uv": [6.75, 11.5, 8.5, 11.75], "texture": "#texture"},
				"up": {"uv": [6.75, 11.5, 8.5, 11.75], "texture": "#texture", "rotation": 90},
				"down": {"uv": [6.75, 11.75, 8.5, 11.5], "texture": "#texture", "rotation": 270}
			}
		},
		{
			"from": [7.88312, -14.0727, 6.4375],
			"to": [8.305, -13.9672, 7.17578],
			"faces": {
				"north": {"uv": [6.75, 15.5, 7, 15.75], "texture": "#texture"},
				"east": {"uv": [8.5, 15.5, 6.75, 15.75], "texture": "#texture"},
				"south": {"uv": [8.5, 15.5, 8.25, 15.75], "texture": "#texture"},
				"west": {"uv": [6.75, 15.5, 8.5, 15.75], "texture": "#texture"},
				"up": {"uv": [6.75, 15.5, 8.5, 15.75], "texture": "#texture", "rotation": 90},
				"down": {"uv": [6.75, 15.75, 8.5, 15.5], "texture": "#texture", "rotation": 270}
			}
		},
		{
			"from": [7.88312, -12.5961, 7.125],
			"to": [8.305, -12.4906, 7.54688],
			"faces": {
				"north": {"uv": [8.25, 12, 8.5, 12.25], "texture": "#texture"},
				"east": {"uv": [9.25, 12, 8.25, 12.25], "texture": "#texture"},
				"south": {"uv": [9.25, 12, 9, 12.25], "texture": "#texture"},
				"west": {"uv": [8.25, 12, 9.25, 12.25], "texture": "#texture"},
				"up": {"uv": [8.25, 12, 9.25, 12.25], "texture": "#texture", "rotation": 90},
				"down": {"uv": [8.25, 12.25, 9.25, 12], "texture": "#texture", "rotation": 270}
			}
		},
		{
			"from": [7.88312, -13.8617, 7.1875],
			"to": [8.305, -13.7563, 7.50391],
			"faces": {
				"north": {"uv": [8.5, 15, 8.75, 15.25], "texture": "#texture"},
				"east": {"uv": [9.25, 15, 8.5, 15.25], "texture": "#texture"},
				"south": {"uv": [9.25, 15, 9, 15.25], "texture": "#texture"},
				"west": {"uv": [8.5, 15, 9.25, 15.25], "texture": "#texture"},
				"up": {"uv": [8.5, 15, 9.25, 15.25], "texture": "#texture", "rotation": 90},
				"down": {"uv": [8.5, 15.25, 9.25, 15], "texture": "#texture", "rotation": 270}
			}
		},
		{
			"from": [7.88312, -12.7016, 7.3125],
			"to": [8.305, -12.5961, 7.62891],
			"faces": {
				"north": {"uv": [8.75, 12.25, 9, 12.5], "texture": "#texture"},
				"east": {"uv": [9.5, 12.25, 8.75, 12.5], "texture": "#texture"},
				"south": {"uv": [9.5, 12.25, 9.25, 12.5], "texture": "#texture"},
				"west": {"uv": [8.75, 12.25, 9.5, 12.5], "texture": "#texture"},
				"up": {"uv": [8.75, 12.25, 9.5, 12.5], "texture": "#texture", "rotation": 90},
				"down": {"uv": [8.75, 12.5, 9.5, 12.25], "texture": "#texture", "rotation": 270}
			}
		},
		{
			"from": [7.88312, -13.7563, 7.3125],
			"to": [8.305, -13.6508, 7.62891],
			"faces": {
				"north": {"uv": [8.75, 14.75, 9, 15], "texture": "#texture"},
				"east": {"uv": [9.5, 14.75, 8.75, 15], "texture": "#texture"},
				"south": {"uv": [9.5, 14.75, 9.25, 15], "texture": "#texture"},
				"west": {"uv": [8.75, 14.75, 9.5, 15], "texture": "#texture"},
				"up": {"uv": [8.75, 14.75, 9.5, 15], "texture": "#texture", "rotation": 90},
				"down": {"uv": [8.75, 15, 9.5, 14.75], "texture": "#texture", "rotation": 270}
			}
		},
		{
			"from": [7.88312, -12.9125, 7.4375],
			"to": [8.305, -12.7016, 7.64844],
			"faces": {
				"north": {"uv": [9, 12.5, 9.25, 13], "texture": "#texture"},
				"east": {"uv": [9.5, 12.5, 9, 13], "texture": "#texture"},
				"south": {"uv": [9.5, 12.5, 9.25, 13], "texture": "#texture"},
				"west": {"uv": [9, 12.5, 9.5, 13], "texture": "#texture"},
				"up": {"uv": [9, 12.5, 9.5, 12.75], "texture": "#texture", "rotation": 90},
				"down": {"uv": [9, 13, 9.5, 12.75], "texture": "#texture", "rotation": 270}
			}
		},
		{
			"from": [7.88312, -13.6508, 7.4375],
			"to": [8.305, -13.4399, 7.64844],
			"faces": {
				"north": {"uv": [9, 14.25, 9.25, 14.75], "texture": "#texture"},
				"east": {"uv": [9.5, 14.25, 9, 14.75], "texture": "#texture"},
				"south": {"uv": [9.5, 14.25, 9.25, 14.75], "texture": "#texture"},
				"west": {"uv": [9, 14.25, 9.5, 14.75], "texture": "#texture"},
				"up": {"uv": [9, 14.25, 9.5, 14.5], "texture": "#texture", "rotation": 90},
				"down": {"uv": [9, 14.75, 9.5, 14.5], "texture": "#texture", "rotation": 270}
			}
		},
		{
			"from": [7.88312, -13.4398, 7.5],
			"to": [8.305, -12.9125, 7.71094],
			"faces": {
				"north": {"uv": [9.25, 13, 9.5, 14.25], "texture": "#texture"},
				"east": {"uv": [9.75, 13, 9.25, 14.25], "texture": "#texture"},
				"south": {"uv": [9.75, 13, 9.5, 14.25], "texture": "#texture"},
				"west": {"uv": [9.25, 13, 9.75, 14.25], "texture": "#texture"},
				"up": {"uv": [9.25, 13, 9.75, 13.25], "texture": "#texture", "rotation": 90},
				"down": {"uv": [9.25, 14.25, 9.75, 14], "texture": "#texture", "rotation": 270}
			}
		},
		{
			"from": [7.825, -5.48438, 0.8125],
			"to": [8.5, -5.34375, 2.92188],
			"faces": {
				"north": {"uv": [5.25, 8.5, 5.5, 8.75], "texture": "#texture"},
				"east": {"uv": [9, 8.5, 5.25, 8.75], "texture": "#texture"},
				"south": {"uv": [9, 8.5, 8.75, 8.75], "texture": "#texture"},
				"west": {"uv": [5.25, 8.5, 9, 8.75], "texture": "#texture"},
				"up": {"uv": [5.25, 8.5, 9, 8.75], "texture": "#texture", "rotation": 90},
				"down": {"uv": [5.25, 8.75, 9, 8.5], "texture": "#texture", "rotation": 270}
			}
		},
		{
			"from": [7.825, -5.34375, 2.375],
			"to": [8.5, -5.20313, 5.1875],
			"faces": {
				"north": {"uv": [8, 8.25, 8.25, 8.5], "texture": "#texture"},
				"east": {"uv": [13, 8.25, 8, 8.5], "texture": "#texture"},
				"south": {"uv": [13, 8.25, 12.75, 8.5], "texture": "#texture"},
				"west": {"uv": [8, 8.25, 13, 8.5], "texture": "#texture"},
				"up": {"uv": [8, 8.25, 13, 8.5], "texture": "#texture", "rotation": 90},
				"down": {"uv": [8, 8.5, 13, 8.25], "texture": "#texture", "rotation": 270}
			}
		},
		{
			"from": [7.825, -5.20313, 2.8125],
			"to": [8.5, -5.0625, 6.89063],
			"faces": {
				"north": {"uv": [8.75, 8, 9, 8.25], "texture": "#texture"},
				"east": {"uv": [16, 8, 8.75, 8.25], "texture": "#texture"},
				"south": {"uv": [16, 8, 15.75, 8.25], "texture": "#texture"},
				"west": {"uv": [8.75, 8, 16, 8.25], "texture": "#texture"},
				"up": {"uv": [8.75, 8, 16, 8.25], "texture": "#texture", "rotation": 90},
				"down": {"uv": [8.75, 8.25, 16, 8], "texture": "#texture", "rotation": 270}
			}
		},
		{
			"from": [7.825, -5.0625, 6.3125],
			"to": [8.5, -4.92188, 6.875],
			"faces": {
				"north": {"uv": [15, 7.75, 15.25, 8], "texture": "#texture"},
				"east": {"uv": [16, 7.75, 15, 8], "texture": "#texture"},
				"south": {"uv": [16, 7.75, 15.75, 8], "texture": "#texture"},
				"west": {"uv": [15, 7.75, 16, 8], "texture": "#texture"},
				"up": {"uv": [15, 7.75, 16, 8], "texture": "#texture", "rotation": 90},
				"down": {"uv": [15, 8, 16, 7.75], "texture": "#texture", "rotation": 270}
			}
		},
		{
			"from": [7.825, -3.9375, 6.4375],
			"to": [8.5, -3.79688, 6.85938],
			"faces": {
				"north": {"uv": [15.25, 5.75, 15.5, 6], "texture": "#texture"},
				"east": {"uv": [16, 5.75, 15.25, 6], "texture": "#texture"},
				"south": {"uv": [16, 5.75, 15.75, 6], "texture": "#texture"},
				"west": {"uv": [15.25, 5.75, 16, 6], "texture": "#texture"},
				"up": {"uv": [15.25, 5.75, 16, 6], "texture": "#texture", "rotation": 90},
				"down": {"uv": [15.25, 6, 16, 5.75], "texture": "#texture", "rotation": 270}
			}
		},
		{
			"from": [7.825, -4.92188, 6.4375],
			"to": [8.5, -4.78125, 6.85938],
			"faces": {
				"north": {"uv": [15.25, 7.5, 15.5, 7.75], "texture": "#texture"},
				"east": {"uv": [16, 7.5, 15.25, 7.75], "texture": "#texture"},
				"south": {"uv": [16, 7.5, 15.75, 7.75], "texture": "#texture"},
				"west": {"uv": [15.25, 7.5, 16, 7.75], "texture": "#texture"},
				"up": {"uv": [15.25, 7.5, 16, 7.75], "texture": "#texture", "rotation": 90},
				"down": {"uv": [15.25, 7.75, 16, 7.5], "texture": "#texture", "rotation": 270}
			}
		},
		{
			"from": [7.825, -3.79688, 6.5625],
			"to": [8.5, -3.65625, 6.84375],
			"faces": {
				"north": {"uv": [15.5, 5.5, 15.75, 5.75], "texture": "#texture"},
				"east": {"uv": [16, 5.5, 15.5, 5.75], "texture": "#texture"},
				"south": {"uv": [16, 5.5, 15.75, 5.75], "texture": "#texture"},
				"west": {"uv": [15.5, 5.5, 16, 5.75], "texture": "#texture"},
				"up": {"uv": [15.5, 5.5, 16, 5.75], "texture": "#texture", "rotation": 90},
				"down": {"uv": [15.5, 5.75, 16, 5.5], "texture": "#texture", "rotation": 270}
			}
		},
		{
			"from": [7.825, -4.78125, 6.5625],
			"to": [8.5, -4.35938, 6.84375],
			"faces": {
				"north": {"uv": [15.5, 6.75, 15.75, 7.5], "texture": "#texture"},
				"east": {"uv": [16, 6.75, 15.5, 7.5], "texture": "#texture"},
				"south": {"uv": [16, 6.75, 15.75, 7.5], "texture": "#texture"},
				"west": {"uv": [15.5, 6.75, 16, 7.5], "texture": "#texture"},
				"up": {"uv": [15.5, 6.75, 16, 7], "texture": "#texture", "rotation": 90},
				"down": {"uv": [15.5, 7.5, 16, 7.25], "texture": "#texture", "rotation": 270}
			}
		},
		{
			"from": [7.825, -3.65625, 6.75],
			"to": [8.5, -3.375, 6.89063],
			"faces": {
				"north": {"uv": [15.75, 5, 16, 5.5], "texture": "#texture"},
				"east": {"uv": [16, 5, 15.75, 5.5], "texture": "#texture"},
				"south": {"uv": [16, 5, 15.75, 5.5], "texture": "#texture"},
				"west": {"uv": [15.75, 5, 16, 5.5], "texture": "#texture"},
				"up": {"uv": [15.75, 5, 16, 5.25], "texture": "#texture", "rotation": 90},
				"down": {"uv": [15.75, 5.5, 16, 5.25], "texture": "#texture", "rotation": 270}
			}
		},
		{
			"from": [7.825, -4.35938, 6.75],
			"to": [8.5, -3.9375, 6.89063],
			"faces": {
				"north": {"uv": [15.75, 6, 16, 6.75], "texture": "#texture"},
				"east": {"uv": [16, 6, 15.75, 6.75], "texture": "#texture"},
				"south": {"uv": [16, 6, 15.75, 6.75], "texture": "#texture"},
				"west": {"uv": [15.75, 6, 16, 6.75], "texture": "#texture"},
				"up": {"uv": [15.75, 6, 16, 6.25], "texture": "#texture", "rotation": 90},
				"down": {"uv": [15.75, 6.75, 16, 6.5], "texture": "#texture", "rotation": 270}
			}
		},
		{
			"from": [7.925, -5.48438, 0.8125],
			"to": [8.375, -5.20313, 6.85938],
			"faces": {
				"north": {"uv": [5.25, 8.25, 5.5, 8.75], "texture": "#texture"},
				"east": {"uv": [16, 8.25, 5.25, 8.75], "texture": "#texture"},
				"south": {"uv": [16, 8.25, 15.75, 8.75], "texture": "#texture"},
				"west": {"uv": [5.25, 8.25, 16, 8.75], "texture": "#texture"},
				"up": {"uv": [5.25, 8.25, 16, 8.5], "texture": "#texture", "rotation": 90},
				"down": {"uv": [5.25, 8.75, 16, 8.5], "texture": "#texture", "rotation": 270}
			}
		},
		{
			"from": [7.925, -5.0625, 2.8125],
			"to": [8.375, -4.92188, 6.89063],
			"faces": {
				"north": {"uv": [8.75, 7.75, 9, 8], "texture": "#texture"},
				"east": {"uv": [16, 7.75, 8.75, 8], "texture": "#texture"},
				"south": {"uv": [16, 7.75, 15.75, 8], "texture": "#texture"},
				"west": {"uv": [8.75, 7.75, 16, 8], "texture": "#texture"},
				"up": {"uv": [8.75, 7.75, 16, 8], "texture": "#texture", "rotation": 90}
			}
		},
		{
			"from": [7.925, -4.92188, 5.75],
			"to": [8.375, -4.78125, 6.875],
			"faces": {
				"north": {"uv": [14, 7.5, 14.25, 7.75], "texture": "#texture"},
				"east": {"uv": [16, 7.5, 14, 7.75], "texture": "#texture"},
				"south": {"uv": [16, 7.5, 15.75, 7.75], "texture": "#texture"},
				"west": {"uv": [14, 7.5, 16, 7.75], "texture": "#texture"},
				"up": {"uv": [14, 7.5, 16, 7.75], "texture": "#texture", "rotation": 90},
				"down": {"uv": [14, 7.75, 16, 7.5], "texture": "#texture", "rotation": 270}
			}
		},
		{
			"from": [7.9375, -12.4375, 6.4375],
			"to": [8.25391, -5.75, 7.25],
			"faces": {
				"north": {"uv": [0, 9.5, 0.25, 16], "texture": "#texture"},
				"east": {"uv": [1.5, 9.5, 0, 16], "texture": "#texture"},
				"south": {"uv": [1.5, 9.5, 1.25, 16], "texture": "#texture"},
				"west": {"uv": [0, 9.5, 1.5, 16], "texture": "#texture"},
				"up": {"uv": [0, 9.5, 1.5, 9.75], "texture": "#texture", "rotation": 90},
				"down": {"uv": [0, 16, 1.5, 15.75], "texture": "#texture", "rotation": 270}
			}
		},
		{
			"from": [7.65625, -5.625, 0],
			"to": [8.5, -5.0625, 0.84375],
			"faces": {
				"north": {"uv": [3.75, 8, 4, 9], "texture": "#texture"},
				"east": {"uv": [5.25, 8, 3.75, 9], "texture": "#texture"},
				"south": {"uv": [5.25, 8, 5, 9], "texture": "#texture"},
				"west": {"uv": [3.75, 8, 5.25, 9], "texture": "#texture"},
				"up": {"uv": [3.75, 8, 5.25, 8.25], "texture": "#texture", "rotation": 90},
				"down": {"uv": [3.75, 9, 5.25, 8.75], "texture": "#texture", "rotation": 270}
			}
		},
		{
			"from": [7.65625, -5.0625, 0.125],
			"to": [8.5, -4.92188, 0.6875],
			"faces": {
				"north": {"uv": [4, 7.75, 4.25, 8], "texture": "#texture"},
				"east": {"uv": [5, 7.75, 4, 8], "texture": "#texture"},
				"south": {"uv": [5, 7.75, 4.75, 8], "texture": "#texture"},
				"west": {"uv": [4, 7.75, 5, 8], "texture": "#texture"},
				"up": {"uv": [4, 7.75, 5, 8], "texture": "#texture", "rotation": 90}
			}
		},
		{
			"from": [7.65625, -5.76563, 0.125],
			"to": [8.5, -5.625, 0.6875],
			"faces": {
				"north": {"uv": [4, 9, 4.25, 9.25], "texture": "#texture"},
				"east": {"uv": [5, 9, 4, 9.25], "texture": "#texture"},
				"south": {"uv": [5, 9, 4.75, 9.25], "texture": "#texture"},
				"west": {"uv": [4, 9, 5, 9.25], "texture": "#texture"},
				"down": {"uv": [4, 9.25, 5, 9], "texture": "#texture", "rotation": 270}
			}
		},
		{
			"from": [7.96875, -5.48438, 0.8125],
			"to": [8.25, -5.20313, 6.85938],
			"faces": {
				"north": {"uv": [5.25, 8.25, 5.5, 8.75], "texture": "#texture"},
				"east": {"uv": [16, 8.25, 5.25, 8.75], "texture": "#texture"},
				"south": {"uv": [16, 8.25, 15.75, 8.75], "texture": "#texture"},
				"west": {"uv": [5.25, 8.25, 16, 8.75], "texture": "#texture"},
				"up": {"uv": [5.25, 8.25, 16, 8.5], "texture": "#texture", "rotation": 90},
				"down": {"uv": [5.25, 8.75, 16, 8.5], "texture": "#texture", "rotation": 270}
			}
		},
		{
			"from": [7.97656, -13.5453, 5.8125],
			"to": [8.1875, -12.8071, 6.23438],
			"faces": {
				"north": {"uv": [5.25, 12.75, 5.5, 14.5], "texture": "#texture"},
				"east": {"uv": [6.25, 12.75, 5.25, 14.5], "texture": "#texture"},
				"south": {"uv": [6.25, 12.75, 6, 14.5], "texture": "#texture"},
				"west": {"uv": [5.25, 12.75, 6.25, 14.5], "texture": "#texture"},
				"up": {"uv": [5.25, 12.75, 6.25, 13], "texture": "#texture", "rotation": 90},
				"down": {"uv": [5.25, 14.5, 6.25, 14.25], "texture": "#texture", "rotation": 270}
			}
		},
		{
			"from": [7.97656, -12.8071, 5.9375],
			"to": [8.1875, -12.5961, 6.35938],
			"faces": {
				"north": {"uv": [5.5, 12.25, 5.75, 12.75], "texture": "#texture"},
				"east": {"uv": [6.5, 12.25, 5.5, 12.75], "texture": "#texture"},
				"south": {"uv": [6.5, 12.25, 6.25, 12.75], "texture": "#texture"},
				"west": {"uv": [5.5, 12.25, 6.5, 12.75], "texture": "#texture"},
				"up": {"uv": [5.5, 12.25, 6.5, 12.5], "texture": "#texture", "rotation": 90},
				"down": {"uv": [5.5, 12.75, 6.5, 12.5], "texture": "#texture", "rotation": 270}
			}
		},
		{
			"from": [7.97656, -13.7563, 5.9375],
			"to": [8.1875, -13.5453, 6.35938],
			"faces": {
				"north": {"uv": [5.5, 14.5, 5.75, 15], "texture": "#texture"},
				"east": {"uv": [6.5, 14.5, 5.5, 15], "texture": "#texture"},
				"south": {"uv": [6.5, 14.5, 6.25, 15], "texture": "#texture"},
				"west": {"uv": [5.5, 14.5, 6.5, 15], "texture": "#texture"},
				"up": {"uv": [5.5, 14.5, 6.5, 14.75], "texture": "#texture", "rotation": 90},
				"down": {"uv": [5.5, 15, 6.5, 14.75], "texture": "#texture", "rotation": 270}
			}
		},
		{
			"from": [7.97656, -12.5961, 6],
			"to": [8.1875, -12.4906, 7.58203],
			"faces": {
				"north": {"uv": [5.75, 12, 6, 12.25], "texture": "#texture"},
				"east": {"uv": [9.5, 12, 5.75, 12.25], "texture": "#texture"},
				"south": {"uv": [9.5, 12, 9.25, 12.25], "texture": "#texture"},
				"west": {"uv": [5.75, 12, 9.5, 12.25], "texture": "#texture"},
				"up": {"uv": [5.75, 12, 9.5, 12.25], "texture": "#texture", "rotation": 90},
				"down": {"uv": [5.75, 12.25, 9.5, 12], "texture": "#texture", "rotation": 270}
			}
		},
		{
			"from": [7.97656, -13.8617, 6],
			"to": [8.1875, -13.7563, 7.58203],
			"faces": {
				"north": {"uv": [5.75, 15, 6, 15.25], "texture": "#texture"},
				"east": {"uv": [9.5, 15, 5.75, 15.25], "texture": "#texture"},
				"south": {"uv": [9.5, 15, 9.25, 15.25], "texture": "#texture"},
				"west": {"uv": [5.75, 15, 9.5, 15.25], "texture": "#texture"},
				"up": {"uv": [5.75, 15, 9.5, 15.25], "texture": "#texture", "rotation": 90},
				"down": {"uv": [5.75, 15.25, 9.5, 15], "texture": "#texture", "rotation": 270}
			}
		},
		{
			"from": [7.97656, -12.4907, 6.1875],
			"to": [8.1875, -12.3852, 7.55859],
			"faces": {
				"north": {"uv": [6, 11.75, 6.25, 12], "texture": "#texture"},
				"east": {"uv": [9.25, 11.75, 6, 12], "texture": "#texture"},
				"south": {"uv": [9.25, 11.75, 9, 12], "texture": "#texture"},
				"west": {"uv": [6, 11.75, 9.25, 12], "texture": "#texture"},
				"up": {"uv": [6, 11.75, 9.25, 12], "texture": "#texture", "rotation": 90},
				"down": {"uv": [6, 12, 9.25, 11.75], "texture": "#texture", "rotation": 270}
			}
		},
		{
			"from": [7.97656, -13.9672, 6.1875],
			"to": [8.1875, -13.8618, 7.55859],
			"faces": {
				"north": {"uv": [6, 15.25, 6.25, 15.5], "texture": "#texture"},
				"east": {"uv": [9.25, 15.25, 6, 15.5], "texture": "#texture"},
				"south": {"uv": [9.25, 15.25, 9, 15.5], "texture": "#texture"},
				"west": {"uv": [6, 15.25, 9.25, 15.5], "texture": "#texture"},
				"up": {"uv": [6, 15.25, 9.25, 15.5], "texture": "#texture", "rotation": 90},
				"down": {"uv": [6, 15.5, 9.25, 15.25], "texture": "#texture", "rotation": 270}
			}
		},
		{
			"from": [7.925, -5.20313, 1.375],
			"to": [8.375, -5.0625, 6.85938],
			"faces": {
				"north": {"uv": [6.25, 8, 6.5, 8.25], "texture": "#texture"},
				"east": {"uv": [16, 8, 6.25, 8.25], "texture": "#texture"},
				"south": {"uv": [16, 8, 15.75, 8.25], "texture": "#texture"},
				"west": {"uv": [6.25, 8, 16, 8.25], "texture": "#texture"},
				"up": {"uv": [6.25, 8, 16, 8.25], "texture": "#texture", "rotation": 90},
				"down": {"uv": [6.25, 8.25, 16, 8], "texture": "#texture", "rotation": 270}
			}
		},
		{
			"from": [7.97656, -12.3852, 6.25],
			"to": [8.1875, -12.2797, 7.41016],
			"faces": {
				"north": {"uv": [6.25, 11.5, 6.5, 11.75], "texture": "#texture"},
				"east": {"uv": [9, 11.5, 6.25, 11.75], "texture": "#texture"},
				"south": {"uv": [9, 11.5, 8.75, 11.75], "texture": "#texture"},
				"west": {"uv": [6.25, 11.5, 9, 11.75], "texture": "#texture"},
				"up": {"uv": [6.25, 11.5, 9, 11.75], "texture": "#texture", "rotation": 90},
				"down": {"uv": [6.25, 11.75, 9, 11.5], "texture": "#texture", "rotation": 270}
			}
		},
		{
			"from": [7.97656, -12.9125, 6.25],
			"to": [8.1875, -12.8071, 6.35547],
			"faces": {
				"north": {"uv": [6.25, 12.75, 6.5, 13], "texture": "#texture"},
				"east": {"uv": [6.5, 12.75, 6.25, 13], "texture": "#texture"},
				"south": {"uv": [6.5, 12.75, 6.25, 13], "texture": "#texture"},
				"west": {"uv": [6.25, 12.75, 6.5, 13], "texture": "#texture"},
				"up": {"uv": [6.25, 12.75, 6.5, 13], "texture": "#texture", "rotation": 90},
				"down": {"uv": [6.25, 13, 6.5, 12.75], "texture": "#texture", "rotation": 270}
			}
		},
		{
			"from": [7.97656, -13.5453, 6.25],
			"to": [8.1875, -13.4399, 6.35547],
			"faces": {
				"east": {"uv": [6.5, 14.25, 6.25, 14.5], "texture": "#texture"},
				"south": {"uv": [6.5, 14.25, 6.25, 14.5], "texture": "#texture"},
				"west": {"uv": [6.25, 14.25, 6.5, 14.5], "texture": "#texture"},
				"up": {"uv": [6.25, 14.25, 6.5, 14.5], "texture": "#texture", "rotation": 90},
				"down": {"uv": [6.25, 14.5, 6.5, 14.25], "texture": "#texture", "rotation": 270}
			}
		},
		{
			"from": [7.97656, -14.0727, 6.25],
			"to": [8.1875, -13.9672, 7.41016],
			"faces": {
				"north": {"uv": [6.25, 15.5, 6.5, 15.75], "texture": "#texture"},
				"east": {"uv": [9, 15.5, 6.25, 15.75], "texture": "#texture"},
				"south": {"uv": [9, 15.5, 8.75, 15.75], "texture": "#texture"},
				"west": {"uv": [6.25, 15.5, 9, 15.75], "texture": "#texture"},
				"up": {"uv": [6.25, 15.5, 9, 15.75], "texture": "#texture", "rotation": 90},
				"down": {"uv": [6.25, 15.75, 9, 15.5], "texture": "#texture", "rotation": 270}
			}
		},
		{
			"from": [7.97656, -12.7016, 6.375],
			"to": [8.1875, -12.5961, 6.58594],
			"faces": {
				"north": {"uv": [6.5, 12.25, 6.75, 12.5], "texture": "#texture"},
				"east": {"uv": [7, 12.25, 6.5, 12.5], "texture": "#texture"},
				"south": {"uv": [7, 12.25, 6.75, 12.5], "texture": "#texture"},
				"west": {"uv": [6.5, 12.25, 7, 12.5], "texture": "#texture"},
				"up": {"uv": [6.5, 12.25, 7, 12.5], "texture": "#texture", "rotation": 90},
				"down": {"uv": [6.5, 12.5, 7, 12.25], "texture": "#texture", "rotation": 270}
			}
		},
		{
			"from": [7.97656, -13.7563, 6.375],
			"to": [8.1875, -13.6508, 6.58594],
			"faces": {
				"north": {"uv": [6.5, 14.75, 6.75, 15], "texture": "#texture"},
				"east": {"uv": [7, 14.75, 6.5, 15], "texture": "#texture"},
				"south": {"uv": [7, 14.75, 6.75, 15], "texture": "#texture"},
				"west": {"uv": [6.5, 14.75, 7, 15], "texture": "#texture"},
				"up": {"uv": [6.5, 14.75, 7, 15], "texture": "#texture", "rotation": 90},
				"down": {"uv": [6.5, 15, 7, 14.75], "texture": "#texture", "rotation": 270}
			}
		},
		{
			"from": [7.97656, -12.2797, 6.4375],
			"to": [8.1875, -12.1743, 7.17578],
			"faces": {
				"north": {"uv": [6.75, 11.25, 7, 11.5], "texture": "#texture"},
				"east": {"uv": [8.5, 11.25, 6.75, 11.5], "texture": "#texture"},
				"south": {"uv": [8.5, 11.25, 8.25, 11.5], "texture": "#texture"},
				"west": {"uv": [6.75, 11.25, 8.5, 11.5], "texture": "#texture"},
				"up": {"uv": [6.75, 11.25, 8.5, 11.5], "texture": "#texture", "rotation": 90},
				"down": {"uv": [6.75, 11.5, 8.5, 11.25], "texture": "#texture", "rotation": 270}
			}
		},
		{
			"from": [7.97656, -14.1782, 6.4375],
			"to": [8.1875, -14.0727, 7.17578],
			"faces": {
				"north": {"uv": [6.75, 15.75, 7, 16], "texture": "#texture"},
				"east": {"uv": [8.5, 15.75, 6.75, 16], "texture": "#texture"},
				"south": {"uv": [8.5, 15.75, 8.25, 16], "texture": "#texture"},
				"west": {"uv": [6.75, 15.75, 8.5, 16], "texture": "#texture"},
				"up": {"uv": [6.75, 15.75, 8.5, 16], "texture": "#texture", "rotation": 90},
				"down": {"uv": [6.75, 16, 8.5, 15.75], "texture": "#texture", "rotation": 270}
			}
		},
		{
			"from": [7.96875, -5.625, 1.8125],
			"to": [8.25, -5.48438, 6.875],
			"faces": {
				"north": {"uv": [7, 8.75, 7.25, 9], "texture": "#texture"},
				"east": {"uv": [16, 8.75, 7, 9], "texture": "#texture"},
				"south": {"uv": [16, 8.75, 15.75, 9], "texture": "#texture"},
				"west": {"uv": [7, 8.75, 16, 9], "texture": "#texture"},
				"up": {"uv": [7, 8.75, 16, 9], "texture": "#texture", "rotation": 90},
				"down": {"uv": [7, 9, 16, 8.75], "texture": "#texture", "rotation": 270}
			}
		},
		{
			"from": [8.03125, -5.09766, 2.375],
			"to": [8.3125, -4.95703, 6.875],
			"faces": {
				"north": {"uv": [8, 7.75, 8.25, 8], "texture": "#texture"},
				"east": {"uv": [16, 7.75, 8, 8], "texture": "#texture"},
				"south": {"uv": [16, 7.75, 15.75, 8], "texture": "#texture"},
				"west": {"uv": [8, 7.75, 16, 8], "texture": "#texture"},
				"up": {"uv": [8, 7.75, 16, 8], "texture": "#texture", "rotation": 90},
				"down": {"uv": [8, 8, 16, 7.75], "texture": "#texture", "rotation": 270}
			}
		},
		{
			"from": [7.97656, -12.7016, 7.125],
			"to": [8.1875, -12.5961, 7.75781],
			"faces": {
				"north": {"uv": [8.25, 12.25, 8.5, 12.5], "texture": "#texture"},
				"east": {"uv": [9.75, 12.25, 8.25, 12.5], "texture": "#texture"},
				"south": {"uv": [9.75, 12.25, 9.5, 12.5], "texture": "#texture"},
				"west": {"uv": [8.25, 12.25, 9.75, 12.5], "texture": "#texture"},
				"up": {"uv": [8.25, 12.25, 9.75, 12.5], "texture": "#texture", "rotation": 90},
				"down": {"uv": [8.25, 12.5, 9.75, 12.25], "texture": "#texture", "rotation": 270}
			}
		},
		{
			"from": [7.97656, -13.7563, 7.125],
			"to": [8.1875, -13.6508, 7.75781],
			"faces": {
				"north": {"uv": [8.25, 14.75, 8.5, 15], "texture": "#texture"},
				"east": {"uv": [9.75, 14.75, 8.25, 15], "texture": "#texture"},
				"south": {"uv": [9.75, 14.75, 9.5, 15], "texture": "#texture"},
				"west": {"uv": [8.25, 14.75, 9.75, 15], "texture": "#texture"},
				"up": {"uv": [8.25, 14.75, 9.75, 15], "texture": "#texture", "rotation": 90},
				"down": {"uv": [8.25, 15, 9.75, 14.75], "texture": "#texture", "rotation": 270}
			}
		},
		{
			"from": [7.97656, -12.9125, 7.3125],
			"to": [8.1875, -12.7016, 7.73438],
			"faces": {
				"north": {"uv": [8.75, 12.5, 9, 13], "texture": "#texture"},
				"east": {"uv": [9.75, 12.5, 8.75, 13], "texture": "#texture"},
				"south": {"uv": [9.75, 12.5, 9.5, 13], "texture": "#texture"},
				"west": {"uv": [8.75, 12.5, 9.75, 13], "texture": "#texture"},
				"up": {"uv": [8.75, 12.5, 9.75, 12.75], "texture": "#texture", "rotation": 90},
				"down": {"uv": [8.75, 13, 9.75, 12.75], "texture": "#texture", "rotation": 270}
			}
		},
		{
			"from": [7.97656, -13.6508, 7.3125],
			"to": [8.1875, -13.4399, 7.73438],
			"faces": {
				"north": {"uv": [8.75, 14.25, 9, 14.75], "texture": "#texture"},
				"east": {"uv": [9.75, 14.25, 8.75, 14.75], "texture": "#texture"},
				"south": {"uv": [9.75, 14.25, 9.5, 14.75], "texture": "#texture"},
				"west": {"uv": [8.75, 14.25, 9.75, 14.75], "texture": "#texture"},
				"up": {"uv": [8.75, 14.25, 9.75, 14.5], "texture": "#texture", "rotation": 90},
				"down": {"uv": [8.75, 14.75, 9.75, 14.5], "texture": "#texture", "rotation": 270}
			}
		},
		{
			"from": [7.97656, -13.4398, 7.4375],
			"to": [8.1875, -12.9125, 7.85938],
			"faces": {
				"north": {"uv": [9, 13, 9.25, 14.25], "texture": "#texture"},
				"east": {"uv": [10, 13, 9, 14.25], "texture": "#texture"},
				"south": {"uv": [10, 13, 9.75, 14.25], "texture": "#texture"},
				"west": {"uv": [9, 13, 10, 14.25], "texture": "#texture"},
				"up": {"uv": [9, 13, 10, 13.25], "texture": "#texture", "rotation": 90},
				"down": {"uv": [9, 14.25, 10, 14], "texture": "#texture", "rotation": 270}
			}
		},
		{
			"from": [8.03125, -4.89063, 3.3125],
			"to": [8.3125, -4.75, 6.82813],
			"faces": {
				"north": {"uv": [9.75, 7.5, 10, 7.75], "texture": "#texture"},
				"east": {"uv": [16, 7.5, 9.75, 7.75], "texture": "#texture"},
				"south": {"uv": [16, 7.5, 15.75, 7.75], "texture": "#texture"},
				"west": {"uv": [9.75, 7.5, 16, 7.75], "texture": "#texture"},
				"up": {"uv": [9.75, 7.5, 16, 7.75], "texture": "#texture", "rotation": 90},
				"down": {"uv": [9.75, 7.75, 16, 7.5], "texture": "#texture", "rotation": 270}
			}
		},
		{
			"from": [7.97656, -12.9125, 7.6875],
			"to": [8.1875, -12.8071, 7.79297],
			"faces": {
				"north": {"uv": [9.75, 12.75, 10, 13], "texture": "#texture"},
				"east": {"uv": [10, 12.75, 9.75, 13], "texture": "#texture"},
				"south": {"uv": [10, 12.75, 9.75, 13], "texture": "#texture"},
				"west": {"uv": [9.75, 12.75, 10, 13], "texture": "#texture"},
				"up": {"uv": [9.75, 12.75, 10, 13], "texture": "#texture", "rotation": 90},
				"down": {"uv": [9.75, 13, 10, 12.75], "texture": "#texture", "rotation": 270}
			}
		},
		{
			"from": [7.97656, -13.5453, 7.6875],
			"to": [8.1875, -13.4399, 7.79297],
			"faces": {
				"east": {"uv": [10, 14.25, 9.75, 14.5], "texture": "#texture"},
				"south": {"uv": [10, 14.25, 9.75, 14.5], "texture": "#texture"},
				"west": {"uv": [9.75, 14.25, 10, 14.5], "texture": "#texture"},
				"up": {"uv": [9.75, 14.25, 10, 14.5], "texture": "#texture", "rotation": 90},
				"down": {"uv": [9.75, 14.5, 10, 14.25], "texture": "#texture", "rotation": 270}
			}
		},
		{
			"from": [7.96875, -5.76563, 4.3125],
			"to": [8.25, -5.625, 6.84375],
			"faces": {
				"north": {"uv": [11.5, 9, 11.75, 9.25], "texture": "#texture"},
				"east": {"uv": [16, 9, 11.5, 9.25], "texture": "#texture"},
				"south": {"uv": [16, 9, 15.75, 9.25], "texture": "#texture"},
				"west": {"uv": [11.5, 9, 16, 9.25], "texture": "#texture"},
				"up": {"uv": [11.5, 9, 16, 9.25], "texture": "#texture", "rotation": 90},
				"down": {"uv": [11.5, 9.25, 16, 9], "texture": "#texture", "rotation": 270}
			}
		},
		{
			"from": [8.03125, -4.78125, 5.1875],
			"to": [8.3125, -4.64063, 6.875],
			"faces": {
				"north": {"uv": [13, 7.25, 13.25, 7.5], "texture": "#texture"},
				"east": {"uv": [16, 7.25, 13, 7.5], "texture": "#texture"},
				"south": {"uv": [16, 7.25, 15.75, 7.5], "texture": "#texture"},
				"west": {"uv": [13, 7.25, 16, 7.5], "texture": "#texture"},
				"up": {"uv": [13, 7.25, 16, 7.5], "texture": "#texture", "rotation": 90},
				"down": {"uv": [13, 7.5, 16, 7.25], "texture": "#texture", "rotation": 270}
			}
		},
		{
			"from": [7.96875, -5.90625, 5.1875],
			"to": [8.25, -5.76563, 6.875],
			"faces": {
				"north": {"uv": [13, 9.25, 13.25, 9.5], "texture": "#texture"},
				"east": {"uv": [16, 9.25, 13, 9.5], "texture": "#texture"},
				"south": {"uv": [16, 9.25, 15.75, 9.5], "texture": "#texture"},
				"west": {"uv": [13, 9.25, 16, 9.5], "texture": "#texture"},
				"up": {"uv": [13, 9.25, 16, 9.5], "texture": "#texture", "rotation": 90},
				"down": {"uv": [13, 9.5, 16, 9.25], "texture": "#texture", "rotation": 270}
			}
		},
		{
			"from": [7.96875, -3.9375, 6.3125],
			"to": [8.25, -3.79688, 6.875],
			"faces": {
				"north": {"uv": [15, 5.75, 15.25, 6], "texture": "#texture"},
				"east": {"uv": [16, 5.75, 15, 6], "texture": "#texture"},
				"west": {"uv": [15, 5.75, 16, 6], "texture": "#texture"},
				"up": {"uv": [15, 5.75, 16, 6], "texture": "#texture", "rotation": 90},
				"down": {"uv": [15, 6, 16, 5.75], "texture": "#texture", "rotation": 270}
			}
		},
		{
			"from": [7.96875, -4.64063, 6.3125],
			"to": [8.25, -4.5, 6.875],
			"faces": {
				"north": {"uv": [15, 7, 15.25, 7.25], "texture": "#texture"},
				"east": {"uv": [16, 7, 15, 7.25], "texture": "#texture"},
				"west": {"uv": [15, 7, 16, 7.25], "texture": "#texture"},
				"up": {"uv": [15, 7, 16, 7.25], "texture": "#texture", "rotation": 90},
				"down": {"uv": [15, 7.25, 16, 7], "texture": "#texture", "rotation": 270}
			}
		},
		{
			"from": [7.96875, -3.79688, 6.4375],
			"to": [8.25, -3.65625, 6.85938],
			"faces": {
				"north": {"uv": [15.25, 5.5, 15.5, 5.75], "texture": "#texture"},
				"east": {"uv": [16, 5.5, 15.25, 5.75], "texture": "#texture"},
				"south": {"uv": [16, 5.5, 15.75, 5.75], "texture": "#texture"},
				"west": {"uv": [15.25, 5.5, 16, 5.75], "texture": "#texture"},
				"up": {"uv": [15.25, 5.5, 16, 5.75], "texture": "#texture", "rotation": 90},
				"down": {"uv": [15.25, 5.75, 16, 5.5], "texture": "#texture", "rotation": 270}
			}
		},
		{
			"from": [7.96875, -4.07813, 6.4375],
			"to": [8.25, -3.9375, 6.85938],
			"faces": {
				"north": {"uv": [15.25, 6, 15.5, 6.25], "texture": "#texture"},
				"east": {"uv": [16, 6, 15.25, 6.25], "texture": "#texture"},
				"south": {"uv": [16, 6, 15.75, 6.25], "texture": "#texture"},
				"west": {"uv": [15.25, 6, 16, 6.25], "texture": "#texture"},
				"down": {"uv": [15.25, 6.25, 16, 6], "texture": "#texture", "rotation": 270}
			}
		},
		{
			"from": [7.96875, -4.5, 6.4375],
			"to": [8.25, -4.35938, 6.85938],
			"faces": {
				"north": {"uv": [15.25, 6.75, 15.5, 7], "texture": "#texture"},
				"east": {"uv": [16, 6.75, 15.25, 7], "texture": "#texture"},
				"south": {"uv": [16, 6.75, 15.75, 7], "texture": "#texture"},
				"west": {"uv": [15.25, 6.75, 16, 7], "texture": "#texture"},
				"up": {"uv": [15.25, 6.75, 16, 7], "texture": "#texture", "rotation": 90},
				"down": {"uv": [15.25, 7, 16, 6.75], "texture": "#texture", "rotation": 270}
			}
		},
		{
			"from": [7.96875, -3.65625, 6.5625],
			"to": [8.25, -3.375, 6.84375],
			"faces": {
				"north": {"uv": [15.5, 5, 15.75, 5.5], "texture": "#texture"},
				"east": {"uv": [16, 5, 15.5, 5.5], "texture": "#texture"},
				"south": {"uv": [16, 5, 15.75, 5.5], "texture": "#texture"},
				"west": {"uv": [15.5, 5, 16, 5.5], "texture": "#texture"},
				"up": {"uv": [15.5, 5, 16, 5.25], "texture": "#texture", "rotation": 90},
				"down": {"uv": [15.5, 5.5, 16, 5.25], "texture": "#texture", "rotation": 270}
			}
		},
		{
			"from": [7.96875, -4.35938, 6.5625],
			"to": [8.25, -4.07813, 6.84375],
			"faces": {
				"north": {"uv": [15.5, 6.25, 15.75, 6.75], "texture": "#texture"},
				"east": {"uv": [16, 6.25, 15.5, 6.75], "texture": "#texture"},
				"south": {"uv": [16, 6.25, 15.75, 6.75], "texture": "#texture"},
				"west": {"uv": [15.5, 6.25, 16, 6.75], "texture": "#texture"},
				"up": {"uv": [15.5, 6.25, 16, 6.5], "texture": "#texture", "rotation": 90},
				"down": {"uv": [15.5, 6.75, 16, 6.5], "texture": "#texture", "rotation": 270}
			}
		},
		{
			"from": [7.96875, -3.375, 6.75],
			"to": [8.25, -3.09375, 6.89063],
			"faces": {
				"north": {"uv": [15.75, 4.5, 16, 5], "texture": "#texture"},
				"east": {"uv": [16, 4.5, 15.75, 5], "texture": "#texture"},
				"south": {"uv": [16, 4.5, 15.75, 5], "texture": "#texture"},
				"west": {"uv": [15.75, 4.5, 16, 5], "texture": "#texture"},
				"up": {"uv": [15.75, 4.5, 16, 4.75], "texture": "#texture", "rotation": 90}
			}
		},
		{
			"from": [7.5625, -5.48438, 13.1875],
			"to": [8.6875, -5.20313, 13.4688],
			"faces": {
				"north": {"uv": [4.75, 8.25, 4.5, 8.75], "texture": "#texture"},
				"east": {"uv": [4.25, 8.25, 4.75, 8.75], "texture": "#texture"},
				"south": {"uv": [4.25, 8.25, 4.5, 8.75], "texture": "#texture"},
				"west": {"uv": [4.75, 8.25, 4.25, 8.75], "texture": "#texture"},
				"up": {"uv": [4.25, 8.25, 4.75, 8.5], "texture": "#texture", "rotation": 270},
				"down": {"uv": [4.25, 8.75, 4.75, 8.5], "texture": "#texture", "rotation": 90}
			}
		},
		{
			"from": [7.825, -5.48438, 10.8125],
			"to": [8.5, -5.34375, 12.9219],
			"faces": {
				"north": {"uv": [9, 8.5, 8.75, 8.75], "texture": "#texture"},
				"east": {"uv": [5.25, 8.5, 9, 8.75], "texture": "#texture"},
				"south": {"uv": [5.25, 8.5, 5.5, 8.75], "texture": "#texture"},
				"west": {"uv": [9, 8.5, 5.25, 8.75], "texture": "#texture"},
				"up": {"uv": [5.25, 8.5, 9, 8.75], "texture": "#texture", "rotation": 270},
				"down": {"uv": [5.25, 8.75, 9, 8.5], "texture": "#texture", "rotation": 90}
			}
		},
		{
			"from": [7.825, -5.34375, 8.5625],
			"to": [8.5, -5.20313, 11.375],
			"faces": {
				"north": {"uv": [13, 8.25, 12.75, 8.5], "texture": "#texture"},
				"east": {"uv": [8, 8.25, 13, 8.5], "texture": "#texture"},
				"south": {"uv": [8, 8.25, 8.25, 8.5], "texture": "#texture"},
				"west": {"uv": [13, 8.25, 8, 8.5], "texture": "#texture"},
				"up": {"uv": [8, 8.25, 13, 8.5], "texture": "#texture", "rotation": 270},
				"down": {"uv": [8, 8.5, 13, 8.25], "texture": "#texture", "rotation": 90}
			}
		},
		{
			"from": [7.825, -5.20313, 6.875],
			"to": [8.5, -5.0625, 10.9531],
			"faces": {
				"north": {"uv": [16, 8, 15.75, 8.25], "texture": "#texture"},
				"east": {"uv": [8.75, 8, 16, 8.25], "texture": "#texture"},
				"south": {"uv": [8.75, 8, 9, 8.25], "texture": "#texture"},
				"west": {"uv": [16, 8, 8.75, 8.25], "texture": "#texture"},
				"up": {"uv": [8.75, 8, 16, 8.25], "texture": "#texture", "rotation": 270},
				"down": {"uv": [8.75, 8.25, 16, 8], "texture": "#texture", "rotation": 90}
			}
		},
		{
			"from": [7.825, -5.0625, 6.875],
			"to": [8.5, -4.92188, 7.4375],
			"faces": {
				"north": {"uv": [16, 7.75, 15.75, 8], "texture": "#texture"},
				"east": {"uv": [15, 7.75, 16, 8], "texture": "#texture"},
				"south": {"uv": [15, 7.75, 15.25, 8], "texture": "#texture"},
				"west": {"uv": [16, 7.75, 15, 8], "texture": "#texture"},
				"up": {"uv": [15, 7.75, 16, 8], "texture": "#texture", "rotation": 270},
				"down": {"uv": [15, 8, 16, 7.75], "texture": "#texture", "rotation": 90}
			}
		},
		{
			"from": [7.825, -3.9375, 6.875],
			"to": [8.5, -3.79688, 7.29688],
			"faces": {
				"north": {"uv": [16, 5.75, 15.75, 6], "texture": "#texture"},
				"east": {"uv": [15.25, 5.75, 16, 6], "texture": "#texture"},
				"south": {"uv": [15.25, 5.75, 15.5, 6], "texture": "#texture"},
				"west": {"uv": [16, 5.75, 15.25, 6], "texture": "#texture"},
				"up": {"uv": [15.25, 5.75, 16, 6], "texture": "#texture", "rotation": 270},
				"down": {"uv": [15.25, 6, 16, 5.75], "texture": "#texture", "rotation": 90}
			}
		},
		{
			"from": [7.825, -4.92188, 6.875],
			"to": [8.5, -4.78125, 7.29688],
			"faces": {
				"north": {"uv": [16, 7.5, 15.75, 7.75], "texture": "#texture"},
				"east": {"uv": [15.25, 7.5, 16, 7.75], "texture": "#texture"},
				"south": {"uv": [15.25, 7.5, 15.5, 7.75], "texture": "#texture"},
				"west": {"uv": [16, 7.5, 15.25, 7.75], "texture": "#texture"},
				"up": {"uv": [15.25, 7.5, 16, 7.75], "texture": "#texture", "rotation": 270},
				"down": {"uv": [15.25, 7.75, 16, 7.5], "texture": "#texture", "rotation": 90}
			}
		},
		{
			"from": [7.825, -3.79688, 6.875],
			"to": [8.5, -3.65625, 7.15625],
			"faces": {
				"north": {"uv": [16, 5.5, 15.75, 5.75], "texture": "#texture"},
				"east": {"uv": [15.5, 5.5, 16, 5.75], "texture": "#texture"},
				"south": {"uv": [15.5, 5.5, 15.75, 5.75], "texture": "#texture"},
				"west": {"uv": [16, 5.5, 15.5, 5.75], "texture": "#texture"},
				"up": {"uv": [15.5, 5.5, 16, 5.75], "texture": "#texture", "rotation": 270},
				"down": {"uv": [15.5, 5.75, 16, 5.5], "texture": "#texture", "rotation": 90}
			}
		},
		{
			"from": [7.825, -4.78125, 6.875],
			"to": [8.5, -4.35938, 7.15625],
			"faces": {
				"north": {"uv": [16, 6.75, 15.75, 7.5], "texture": "#texture"},
				"east": {"uv": [15.5, 6.75, 16, 7.5], "texture": "#texture"},
				"south": {"uv": [15.5, 6.75, 15.75, 7.5], "texture": "#texture"},
				"west": {"uv": [16, 6.75, 15.5, 7.5], "texture": "#texture"},
				"up": {"uv": [15.5, 6.75, 16, 7], "texture": "#texture", "rotation": 270},
				"down": {"uv": [15.5, 7.5, 16, 7.25], "texture": "#texture", "rotation": 90}
			}
		},
		{
			"from": [7.825, -3.65625, 6.875],
			"to": [8.5, -3.375, 7.01563],
			"faces": {
				"north": {"uv": [16, 5, 15.75, 5.5], "texture": "#texture"},
				"east": {"uv": [15.75, 5, 16, 5.5], "texture": "#texture"},
				"south": {"uv": [15.75, 5, 16, 5.5], "texture": "#texture"},
				"west": {"uv": [16, 5, 15.75, 5.5], "texture": "#texture"},
				"up": {"uv": [15.75, 5, 16, 5.25], "texture": "#texture", "rotation": 270},
				"down": {"uv": [15.75, 5.5, 16, 5.25], "texture": "#texture", "rotation": 90}
			}
		},
		{
			"from": [7.825, -4.35938, 6.875],
			"to": [8.5, -3.9375, 7.01563],
			"faces": {
				"north": {"uv": [16, 6, 15.75, 6.75], "texture": "#texture"},
				"east": {"uv": [15.75, 6, 16, 6.75], "texture": "#texture"},
				"south": {"uv": [15.75, 6, 16, 6.75], "texture": "#texture"},
				"west": {"uv": [16, 6, 15.75, 6.75], "texture": "#texture"},
				"up": {"uv": [15.75, 6, 16, 6.25], "texture": "#texture", "rotation": 270},
				"down": {"uv": [15.75, 6.75, 16, 6.5], "texture": "#texture", "rotation": 90}
			}
		},
		{
			"from": [7.925, -5.48438, 6.875],
			"to": [8.375, -5.20313, 12.9219],
			"faces": {
				"north": {"uv": [16, 8.25, 15.75, 8.75], "texture": "#texture"},
				"east": {"uv": [5.25, 8.25, 16, 8.75], "texture": "#texture"},
				"south": {"uv": [5.25, 8.25, 5.5, 8.75], "texture": "#texture"},
				"west": {"uv": [16, 8.25, 5.25, 8.75], "texture": "#texture"},
				"up": {"uv": [5.25, 8.25, 16, 8.5], "texture": "#texture", "rotation": 270},
				"down": {"uv": [5.25, 8.75, 16, 8.5], "texture": "#texture", "rotation": 90}
			}
		},
		{
			"from": [7.925, -5.0625, 6.875],
			"to": [8.375, -4.92188, 10.9531],
			"faces": {
				"east": {"uv": [8.75, 7.75, 16, 8], "texture": "#texture"},
				"south": {"uv": [8.75, 7.75, 9, 8], "texture": "#texture"},
				"west": {"uv": [16, 7.75, 8.75, 8], "texture": "#texture"},
				"up": {"uv": [8.75, 7.75, 16, 8], "texture": "#texture", "rotation": 270},
				"down": {"uv": [8.75, 8, 16, 7.75], "texture": "#texture", "rotation": 90}
			}
		},
		{
			"from": [7.925, -4.92188, 6.875],
			"to": [8.375, -4.78125, 8],
			"faces": {
				"north": {"uv": [16, 7.5, 15.75, 7.75], "texture": "#texture"},
				"east": {"uv": [14, 7.5, 16, 7.75], "texture": "#texture"},
				"south": {"uv": [14, 7.5, 14.25, 7.75], "texture": "#texture"},
				"west": {"uv": [16, 7.5, 14, 7.75], "texture": "#texture"},
				"up": {"uv": [14, 7.5, 16, 7.75], "texture": "#texture", "rotation": 270},
				"down": {"uv": [14, 7.75, 16, 7.5], "texture": "#texture", "rotation": 90}
			}
		},
		{
			"from": [7.71875, -5.625, 12.9375],
			"to": [8.5625, -5.0625, 13.7813],
			"faces": {
				"north": {"uv": [5.25, 8, 5, 9], "texture": "#texture"},
				"east": {"uv": [3.75, 8, 5.25, 9], "texture": "#texture"},
				"south": {"uv": [3.75, 8, 4, 9], "texture": "#texture"},
				"west": {"uv": [5.25, 8, 3.75, 9], "texture": "#texture"},
				"up": {"uv": [3.75, 8, 5.25, 8.25], "texture": "#texture", "rotation": 270},
				"down": {"uv": [3.75, 9, 5.25, 8.75], "texture": "#texture", "rotation": 90}
			}
		},
		{
			"from": [7.71875, -5.0625, 13.0625],
			"to": [8.5625, -4.92188, 13.625],
			"faces": {
				"north": {"uv": [5, 7.75, 4.75, 8], "texture": "#texture"},
				"east": {"uv": [4, 7.75, 5, 8], "texture": "#texture"},
				"south": {"uv": [4, 7.75, 4.25, 8], "texture": "#texture"},
				"west": {"uv": [5, 7.75, 4, 8], "texture": "#texture"},
				"up": {"uv": [4, 7.75, 5, 8], "texture": "#texture", "rotation": 270},
				"down": {"uv": [4, 8, 5, 7.75], "texture": "#texture", "rotation": 90}
			}
		},
		{
			"from": [7.71875, -5.76563, 13.0625],
			"to": [8.5625, -5.625, 13.625],
			"faces": {
				"north": {"uv": [5, 9, 4.75, 9.25], "texture": "#texture"},
				"east": {"uv": [4, 9, 5, 9.25], "texture": "#texture"},
				"south": {"uv": [4, 9, 4.25, 9.25], "texture": "#texture"},
				"west": {"uv": [5, 9, 4, 9.25], "texture": "#texture"},
				"up": {"uv": [4, 9, 5, 9.25], "texture": "#texture", "rotation": 270},
				"down": {"uv": [4, 9.25, 5, 9], "texture": "#texture", "rotation": 90}
			}
		},
		{
			"from": [7.90625, -5.48438, 6.875],
			"to": [8.1875, -5.20313, 12.9219],
			"faces": {
				"north": {"uv": [16, 8.25, 15.75, 8.75], "texture": "#texture"},
				"east": {"uv": [5.25, 8.25, 16, 8.75], "texture": "#texture"},
				"south": {"uv": [5.25, 8.25, 5.5, 8.75], "texture": "#texture"},
				"west": {"uv": [16, 8.25, 5.25, 8.75], "texture": "#texture"},
				"up": {"uv": [5.25, 8.25, 16, 8.5], "texture": "#texture", "rotation": 270},
				"down": {"uv": [5.25, 8.75, 16, 8.5], "texture": "#texture", "rotation": 90}
			}
		},
		{
			"from": [7.925, -5.20313, 6.875],
			"to": [8.375, -5.0625, 12.3594],
			"faces": {
				"north": {"uv": [16, 8, 15.75, 8.25], "texture": "#texture"},
				"east": {"uv": [6.25, 8, 16, 8.25], "texture": "#texture"},
				"south": {"uv": [6.25, 8, 6.5, 8.25], "texture": "#texture"},
				"west": {"uv": [16, 8, 6.25, 8.25], "texture": "#texture"},
				"up": {"uv": [6.25, 8, 16, 8.25], "texture": "#texture", "rotation": 270},
				"down": {"uv": [6.25, 8.25, 16, 8], "texture": "#texture", "rotation": 90}
			}
		},
		{
			"from": [7.90625, -5.625, 6.875],
			"to": [8.1875, -5.48438, 11.9375],
			"faces": {
				"north": {"uv": [16, 8.75, 15.75, 9], "texture": "#texture"},
				"east": {"uv": [7, 8.75, 16, 9], "texture": "#texture"},
				"south": {"uv": [7, 8.75, 7.25, 9], "texture": "#texture"},
				"west": {"uv": [16, 8.75, 7, 9], "texture": "#texture"},
				"up": {"uv": [7, 8.75, 16, 9], "texture": "#texture", "rotation": 270},
				"down": {"uv": [7, 9, 16, 8.75], "texture": "#texture", "rotation": 90}
			}
		},
		{
			"from": [8.03125, -5.09766, 6.875],
			"to": [8.3125, -4.95703, 11.375],
			"faces": {
				"north": {"uv": [16, 7.75, 15.75, 8], "texture": "#texture"},
				"east": {"uv": [8, 7.75, 16, 8], "texture": "#texture"},
				"south": {"uv": [8, 7.75, 8.25, 8], "texture": "#texture"},
				"west": {"uv": [16, 7.75, 8, 8], "texture": "#texture"},
				"up": {"uv": [8, 7.75, 16, 8], "texture": "#texture", "rotation": 270},
				"down": {"uv": [8, 8, 16, 7.75], "texture": "#texture", "rotation": 90}
			}
		},
		{
			"from": [8.03125, -4.92188, 6.8125],
			"to": [8.3125, -4.78125, 10.3281],
			"faces": {
				"north": {"uv": [16, 7.5, 15.75, 7.75], "texture": "#texture"},
				"east": {"uv": [9.75, 7.5, 16, 7.75], "texture": "#texture"},
				"south": {"uv": [9.75, 7.5, 10, 7.75], "texture": "#texture"},
				"west": {"uv": [16, 7.5, 9.75, 7.75], "texture": "#texture"},
				"up": {"uv": [9.75, 7.5, 16, 7.75], "texture": "#texture", "rotation": 270},
				"down": {"uv": [9.75, 7.75, 16, 7.5], "texture": "#texture", "rotation": 90}
			}
		},
		{
			"from": [7.90625, -5.76563, 6.875],
			"to": [8.1875, -5.625, 9.40625],
			"faces": {
				"north": {"uv": [16, 9, 15.75, 9.25], "texture": "#texture"},
				"east": {"uv": [11.5, 9, 16, 9.25], "texture": "#texture"},
				"south": {"uv": [11.5, 9, 11.75, 9.25], "texture": "#texture"},
				"west": {"uv": [16, 9, 11.5, 9.25], "texture": "#texture"},
				"up": {"uv": [11.5, 9, 16, 9.25], "texture": "#texture", "rotation": 270},
				"down": {"uv": [11.5, 9.25, 16, 9], "texture": "#texture", "rotation": 90}
			}
		},
		{
			"from": [8.03125, -4.78125, 6.875],
			"to": [8.3125, -4.64063, 8.5625],
			"faces": {
				"north": {"uv": [16, 7.25, 15.75, 7.5], "texture": "#texture"},
				"east": {"uv": [13, 7.25, 16, 7.5], "texture": "#texture"},
				"south": {"uv": [13, 7.25, 13.25, 7.5], "texture": "#texture"},
				"west": {"uv": [16, 7.25, 13, 7.5], "texture": "#texture"},
				"up": {"uv": [13, 7.25, 16, 7.5], "texture": "#texture", "rotation": 270},
				"down": {"uv": [13, 7.5, 16, 7.25], "texture": "#texture", "rotation": 90}
			}
		},
		{
			"from": [7.90625, -5.90625, 6.875],
			"to": [8.1875, -5.76563, 8.5625],
			"faces": {
				"north": {"uv": [16, 9.25, 15.75, 9.5], "texture": "#texture"},
				"east": {"uv": [13, 9.25, 16, 9.5], "texture": "#texture"},
				"south": {"uv": [13, 9.25, 13.25, 9.5], "texture": "#texture"},
				"west": {"uv": [16, 9.25, 13, 9.5], "texture": "#texture"},
				"up": {"uv": [13, 9.25, 16, 9.5], "texture": "#texture", "rotation": 270},
				"down": {"uv": [13, 9.5, 16, 9.25], "texture": "#texture", "rotation": 90}
			}
		},
		{
			"from": [7.96875, -3.9375, 6.875],
			"to": [8.25, -3.79688, 7.4375],
			"faces": {
				"east": {"uv": [15, 5.75, 16, 6], "texture": "#texture"},
				"south": {"uv": [15, 5.75, 15.25, 6], "texture": "#texture"},
				"west": {"uv": [16, 5.75, 15, 6], "texture": "#texture"},
				"up": {"uv": [15, 5.75, 16, 6], "texture": "#texture", "rotation": 270},
				"down": {"uv": [15, 6, 16, 5.75], "texture": "#texture", "rotation": 90}
			}
		},
		{
			"from": [7.90625, -4.64063, 6.875],
			"to": [8.1875, -4.5, 7.4375],
			"faces": {
				"east": {"uv": [15, 7, 16, 7.25], "texture": "#texture"},
				"south": {"uv": [15, 7, 15.25, 7.25], "texture": "#texture"},
				"west": {"uv": [16, 7, 15, 7.25], "texture": "#texture"},
				"up": {"uv": [15, 7, 16, 7.25], "texture": "#texture", "rotation": 270},
				"down": {"uv": [15, 7.25, 16, 7], "texture": "#texture", "rotation": 90}
			}
		},
		{
			"from": [7.90625, -3.79688, 6.875],
			"to": [8.1875, -3.65625, 7.29688],
			"faces": {
				"north": {"uv": [16, 5.5, 15.75, 5.75], "texture": "#texture"},
				"east": {"uv": [15.25, 5.5, 16, 5.75], "texture": "#texture"},
				"south": {"uv": [15.25, 5.5, 15.5, 5.75], "texture": "#texture"},
				"west": {"uv": [16, 5.5, 15.25, 5.75], "texture": "#texture"},
				"up": {"uv": [15.25, 5.5, 16, 5.75], "texture": "#texture", "rotation": 270},
				"down": {"uv": [15.25, 5.75, 16, 5.5], "texture": "#texture", "rotation": 90}
			}
		},
		{
			"from": [7.90625, -4.07813, 6.875],
			"to": [8.1875, -3.9375, 7.29688],
			"faces": {
				"north": {"uv": [16, 6, 15.75, 6.25], "texture": "#texture"},
				"east": {"uv": [15.25, 6, 16, 6.25], "texture": "#texture"},
				"south": {"uv": [15.25, 6, 15.5, 6.25], "texture": "#texture"},
				"west": {"uv": [16, 6, 15.25, 6.25], "texture": "#texture"},
				"down": {"uv": [15.25, 6.25, 16, 6], "texture": "#texture", "rotation": 90}
			}
		},
		{
			"from": [7.90625, -4.5, 6.875],
			"to": [8.1875, -4.35938, 7.29688],
			"faces": {
				"east": {"uv": [15.25, 6.75, 16, 7], "texture": "#texture"},
				"south": {"uv": [15.25, 6.75, 15.5, 7], "texture": "#texture"},
				"west": {"uv": [16, 6.75, 15.25, 7], "texture": "#texture"},
				"up": {"uv": [15.25, 6.75, 16, 7], "texture": "#texture", "rotation": 270},
				"down": {"uv": [15.25, 7, 16, 6.75], "texture": "#texture", "rotation": 90}
			}
		},
		{
			"from": [7.90625, -3.65625, 6.875],
			"to": [8.1875, -3.375, 7.15625],
			"faces": {
				"north": {"uv": [16, 5, 15.75, 5.5], "texture": "#texture"},
				"east": {"uv": [15.5, 5, 16, 5.5], "texture": "#texture"},
				"south": {"uv": [15.5, 5, 15.75, 5.5], "texture": "#texture"},
				"west": {"uv": [16, 5, 15.5, 5.5], "texture": "#texture"},
				"up": {"uv": [15.5, 5, 16, 5.25], "texture": "#texture", "rotation": 270},
				"down": {"uv": [15.5, 5.5, 16, 5.25], "texture": "#texture", "rotation": 90}
			}
		},
		{
			"from": [7.90625, -4.35938, 6.875],
			"to": [8.1875, -4.07813, 7.15625],
			"faces": {
				"north": {"uv": [16, 6.25, 15.75, 6.75], "texture": "#texture"},
				"east": {"uv": [15.5, 6.25, 16, 6.75], "texture": "#texture"},
				"south": {"uv": [15.5, 6.25, 15.75, 6.75], "texture": "#texture"},
				"west": {"uv": [16, 6.25, 15.5, 6.75], "texture": "#texture"},
				"up": {"uv": [15.5, 6.25, 16, 6.5], "texture": "#texture", "rotation": 270},
				"down": {"uv": [15.5, 6.75, 16, 6.5], "texture": "#texture", "rotation": 90}
			}
		},
		{
			"from": [7.96875, -3.375, 6.875],
			"to": [8.25, -3.09375, 7.01563],
			"faces": {
				"north": {"uv": [16, 4.5, 15.75, 5], "texture": "#texture"},
				"east": {"uv": [15.75, 4.5, 16, 5], "texture": "#texture"},
				"south": {"uv": [15.75, 4.5, 16, 5], "texture": "#texture"},
				"west": {"uv": [16, 4.5, 15.75, 5], "texture": "#texture"},
				"up": {"uv": [15.75, 4.5, 16, 4.75], "texture": "#texture", "rotation": 270}
			}
		},
		{
			"from": [7.875, -12.1875, 6.625],
			"to": [8.33203, -5.8125, 7.125],
			"faces": {
				"north": {"uv": [2, 9.5, 3.0625, 16], "texture": "#texture"},
				"east": {"uv": [1.5, 9.5, 0, 16], "texture": "#texture"},
				"south": {"uv": [2.0625, 9.5, 3, 16], "texture": "#texture"},
				"west": {"uv": [3.4375, 9.5, 4.9375, 16], "texture": "#texture"},
				"up": {"uv": [0, 9.5, 1.5, 9.75], "texture": "#texture", "rotation": 90},
				"down": {"uv": [0, 16, 1.5, 15.75], "texture": "#texture", "rotation": 270}
			}
		},
		{
			"from": [7.9725, -4.8125, 5.8125],
			"to": [8.2725, 21.25, 8],
			"faces": {
				"north": {"uv": [3, 3, 3.25, 16], "texture": "#blades1"},
				"east": {"uv": [5.5, 3, 3, 16], "texture": "#blades1"},
				"south": {"uv": [5.5, 3, 5.25, 16], "texture": "#blades1"},
				"west": {"uv": [3, 3, 5.5, 16], "texture": "#blades1"},
				"up": {"uv": [3, 3, 5.5, 3.25], "texture": "#blades1", "rotation": 90},
				"down": {"uv": [3, 16, 5.5, 15.75], "texture": "#blades1", "rotation": 270}
			}
		},
		{
			"from": [7.9725, 21.257, 6.125],
			"to": [8.2725, 21.875, 7.77295],
			"faces": {
				"north": {"uv": [3.25, 2.25, 3.5, 3], "texture": "#blades1"},
				"east": {"uv": [5.25, 2.25, 3.25, 3], "texture": "#blades1"},
				"south": {"uv": [5.25, 2.25, 5, 3], "texture": "#blades1"},
				"west": {"uv": [3.25, 2.25, 5.25, 3], "texture": "#blades1"},
				"up": {"uv": [3.25, 2.25, 5.25, 2.5], "texture": "#blades1", "rotation": 90},
				"down": {"uv": [3.25, 3, 5.25, 2.75], "texture": "#blades1", "rotation": 270}
			}
		},
		{
			"from": [7.9725, 21.882, 6.3125],
			"to": [8.2725, 22.5, 7.54846],
			"faces": {
				"north": {"uv": [3.5, 1.5, 3.75, 2.25], "texture": "#blades1"},
				"east": {"uv": [5, 1.5, 3.5, 2.25], "texture": "#blades1"},
				"south": {"uv": [5, 1.5, 4.75, 2.25], "texture": "#blades1"},
				"west": {"uv": [3.5, 1.5, 5, 2.25], "texture": "#blades1"},
				"up": {"uv": [3.5, 1.5, 5, 1.75], "texture": "#blades1", "rotation": 90},
				"down": {"uv": [3.5, 2.25, 5, 2], "texture": "#blades1", "rotation": 270}
			}
		},
		{
			"from": [7.9725, 22.463, 6.5],
			"to": [8.2725, 22.875, 7.32397],
			"faces": {
				"north": {"uv": [3.75, 1, 4, 1.5], "texture": "#blades1"},
				"east": {"uv": [4.75, 1, 3.75, 1.5], "texture": "#blades1"},
				"south": {"uv": [4.75, 1, 4.5, 1.5], "texture": "#blades1"},
				"west": {"uv": [3.75, 1, 4.75, 1.5], "texture": "#blades1"},
				"up": {"uv": [3.75, 1, 4.75, 1.25], "texture": "#blades1", "rotation": 90},
				"down": {"uv": [3.75, 1.5, 4.75, 1.25], "texture": "#blades1", "rotation": 270}
			}
		},
		{
			"from": [7.9725, 22.838, 6.75],
			"to": [8.2725, 23.25, 7.16199],
			"faces": {
				"north": {"uv": [4, 0.5, 4.25, 1], "texture": "#blades1"},
				"east": {"uv": [4.5, 0.5, 4, 1], "texture": "#blades1"},
				"south": {"uv": [4.5, 0.5, 4.25, 1], "texture": "#blades1"},
				"west": {"uv": [4, 0.5, 4.5, 1], "texture": "#blades1"},
				"up": {"uv": [4, 0.5, 4.5, 0.75], "texture": "#blades1", "rotation": 90},
				"down": {"uv": [4, 1, 4.5, 0.75], "texture": "#blades1", "rotation": 270}
			}
		},
		{
			"from": [7.86, -4.6875, 6.0625],
			"to": [8.46, 20.4375, 7.75],
			"faces": {
				"north": {"uv": [3, 3, 3.25, 16], "texture": "#blades1"},
				"east": {"uv": [5.5, 3, 3, 16], "texture": "#blades1"},
				"south": {"uv": [5.5, 3, 5.25, 16], "texture": "#blades1"},
				"west": {"uv": [3, 3, 5.5, 16], "texture": "#blades1"},
				"up": {"uv": [3, 3, 5.5, 3.25], "texture": "#blades1", "rotation": 90},
				"down": {"uv": [3, 16, 5.5, 15.75], "texture": "#blades1", "rotation": 270}
			}
		},
		{
			"from": [7.86, 20.4428, 6.3125],
			"to": [8.46, 20.9063, 7.54846],
			"faces": {
				"north": {"uv": [3.25, 2.25, 3.5, 3], "texture": "#blades1"},
				"east": {"uv": [5.25, 2.25, 3.25, 3], "texture": "#blades1"},
				"south": {"uv": [5.25, 2.25, 5, 3], "texture": "#blades1"},
				"west": {"uv": [3.25, 2.25, 5.25, 3], "texture": "#blades1"},
				"up": {"uv": [3.25, 2.25, 5.25, 2.5], "texture": "#blades1", "rotation": 90},
				"down": {"uv": [3.25, 3, 5.25, 2.75], "texture": "#blades1", "rotation": 270}
			}
		},
		{
			"from": [7.86, 20.9115, 6.4375],
			"to": [8.46, 21.375, 7.36447],
			"faces": {
				"north": {"uv": [3.5, 1.5, 3.75, 2.25], "texture": "#blades1"},
				"east": {"uv": [5, 1.5, 3.5, 2.25], "texture": "#blades1"},
				"south": {"uv": [5, 1.5, 4.75, 2.25], "texture": "#blades1"},
				"west": {"uv": [3.5, 1.5, 5, 2.25], "texture": "#blades1"},
				"up": {"uv": [3.5, 1.5, 5, 1.75], "texture": "#blades1", "rotation": 90},
				"down": {"uv": [3.5, 2.25, 5, 2], "texture": "#blades1", "rotation": 270}
			}
		},
		{
			"from": [7.86, 21.3473, 6.5625],
			"to": [8.46, 21.6563, 7.18048],
			"faces": {
				"north": {"uv": [3.75, 1, 4, 1.5], "texture": "#blades1"},
				"east": {"uv": [4.75, 1, 3.75, 1.5], "texture": "#blades1"},
				"south": {"uv": [4.75, 1, 4.5, 1.5], "texture": "#blades1"},
				"west": {"uv": [3.75, 1, 4.75, 1.5], "texture": "#blades1"},
				"up": {"uv": [3.75, 1, 4.75, 1.25], "texture": "#blades1", "rotation": 90},
				"down": {"uv": [3.75, 1.5, 4.75, 1.25], "texture": "#blades1", "rotation": 270}
			}
		},
		{
			"from": [7.86, 21.6285, 6.75],
			"to": [8.46, 21.9375, 7.05899],
			"faces": {
				"north": {"uv": [4, 0.5, 4.25, 1], "texture": "#blades1"},
				"east": {"uv": [4.5, 0.5, 4, 1], "texture": "#blades1"},
				"south": {"uv": [4.5, 0.5, 4.25, 1], "texture": "#blades1"},
				"west": {"uv": [4, 0.5, 4.5, 1], "texture": "#blades1"},
				"up": {"uv": [4, 0.5, 4.5, 0.75], "texture": "#blades1", "rotation": 90},
				"down": {"uv": [4, 1, 4.5, 0.75], "texture": "#blades1", "rotation": 270}
			}
		}
	],
	"display": {
		"thirdperson_righthand": {
			"rotation": [0, 0, 0],
			"translation": [0, 7.75, 0.57],
			"scale": [0.5, 0.54, 0.5]
		},
		"thirdperson_lefthand": {
			"rotation": [0, 0, 0],
			"translation": [0, 7.75, 0.57],
			"scale": [0.5, 0.54, 0.5]
		},
		"ground": {
			"rotation": [-84, 0, 0],
			"translation": [0, 7.75, 0.57],
			"scale": [0.5, 0.54, 0.5]
		},
		"fixed": {
			"rotation": [0, 90, 0],
			"translation": [0, 1.51, 0],
			"scale": [0.5, 0.5, 0.5]
		},
		"firstperson_righthand": {
			"rotation": [-18, 0, 0],
			"translation": [1.32, 10.02, -0.38],
			"scale": [0.79, 0.66, 0.63]
		},
		"firstperson_lefthand": {
			"rotation": [-18, 0, 0],
			"translation": [1.32, 10.02, -0.38],
			"scale": [0.79, 0.66, 0.63]
		},
		"gui": {
			"rotation": [-91, -45, -50],
			"translation": [1.13, 1.51, 0],
			"scale": [1, 0.76, 0.5]
		},
		"head": {
			"scale": [0.5, 0.54, 0.5],
			"rotation": [148, 0, 0],
			"translation": [6.5, -30, 0.5]
		}
	}
}