{
	"credit": "Made with Blockbench",
	"textures": {
		"texture": "block/weapons/lance"
	},
	"elements": [
		{
			"from": [7.36719, -1.99157, 7.86078],
			"to": [9.64532, 4.84281, 8.99984],
			"faces": {
				"north": {"uv": [13.8125, 12.3125, 14.5, 15.625], "texture": "#texture"},
				"east": {"uv": [13.875, 12.375, 14.4375, 15.75], "texture": "#texture"},
				"south": {"uv": [13.8125, 12.3125, 14.5, 15.625], "texture": "#texture"},
				"west": {"uv": [13.875, 12.375, 14.4375, 15.75], "texture": "#texture"},
				"up": {"uv": [7.875, 13.875, 9, 14.4375], "texture": "#texture"},
				"down": {"uv": [7.875, 13.875, 9, 14.4375], "texture": "#texture"}
			}
		},
		{
			"from": [7.36719, 4.81117, 8.12656],
			"to": [9.64532, 6.235, 8.69609],
			"faces": {
				"north": {"uv": [7.6875, 11.875, 8.8125, 12.5625], "texture": "#texture"},
				"east": {"uv": [14.0625, 11.75, 14.3125, 12.4375], "texture": "#texture"},
				"south": {"uv": [7.6875, 11.75, 8.8125, 12.4375], "texture": "#texture"},
				"west": {"uv": [14.0625, 11.75, 14.3125, 12.4375], "texture": "#texture"},
				"up": {"uv": [7.8125, 14.0625, 8.9375, 14.3125], "texture": "#texture"},
				"down": {"uv": [7.8125, 14.0625, 8.9375, 14.3125], "texture": "#texture"}
			}
		},
		{
			"from": [7.62031, -1.99153, 7.62031],
			"to": [9.3289, 6.80456, 7.93672],
			"faces": {
				"north": {"uv": [13.8125, 12.375, 14.6875, 15.75], "texture": "#texture"},
				"east": {"uv": [13.8125, 11.4375, 13.9375, 15.75], "texture": "#texture"},
				"south": {"uv": [13.8125, 12.375, 14.6875, 15.75], "texture": "#texture"},
				"west": {"uv": [13.8125, 11.4375, 13.9375, 15.75], "texture": "#texture"},
				"up": {"uv": [7.8125, 13.8125, 8.625, 13.9375], "texture": "#texture"},
				"down": {"uv": [7.8125, 13.8125, 8.625, 13.9375], "texture": "#texture"}
			}
		},
		{
			"from": [7.74688, 4.78585, 7.87344],
			"to": [9.45547, 10.7659, 8.1582],
			"faces": {
				"north": {"uv": [7.875, 9.5625, 8.6875, 12.5], "texture": "#texture"},
				"east": {"uv": [13.9375, 9.5625, 14.0625, 12.5], "texture": "#texture"},
				"south": {"uv": [7.875, 9.5625, 8.6875, 12.5], "texture": "#texture"},
				"west": {"uv": [13.9375, 9.5625, 14.0625, 12.5], "texture": "#texture"},
				"up": {"uv": [7.875, 13.9375, 8.6875, 14.0625], "texture": "#texture"},
				"down": {"uv": [7.875, 13.9375, 8.6875, 14.0625], "texture": "#texture"}
			}
		},
		{
			"from": [7.68359, 6.23503, 8.18984],
			"to": [9.39218, 6.80456, 9.3289],
			"faces": {
				"north": {"uv": [13.875, 11.625, 14.6875, 11.875], "texture": "#texture"},
				"east": {"uv": [14.0625, 11.5, 14.625, 11.75], "texture": "#texture"},
				"south": {"uv": [13.875, 11.625, 14.6875, 11.875], "texture": "#texture"},
				"west": {"uv": [14.0625, 11.5, 14.625, 11.75], "texture": "#texture"},
				"up": {"uv": [13.875, 13.6875, 14.6875, 14.25], "texture": "#texture"},
				"down": {"uv": [13.875, 13.6875, 14.6875, 14.25], "texture": "#texture"}
			}
		},
		{
			"from": [7.68359, 6.74125, 8.18984],
			"to": [9.39218, 10.7913, 9.07578],
			"faces": {
				"north": {"uv": [7.8125, 9.5, 8.625, 11.5], "texture": "#texture"},
				"east": {"uv": [14.0625, 9.5, 14.5, 11.5], "texture": "#texture"},
				"south": {"uv": [7.8125, 9.5, 8.625, 11.5], "texture": "#texture"},
				"west": {"uv": [14.0625, 9.5, 14.5, 11.5], "texture": "#texture"},
				"up": {"uv": [7.8125, 14.0625, 8.625, 14.5], "texture": "#texture"},
				"down": {"uv": [7.8125, 14.0625, 8.625, 14.5], "texture": "#texture"}
			}
		},
		{
			"from": [7.65195, 10.7913, 8.14555],
			"to": [9.36054, 16.8663, 8.71508],
			"faces": {
				"north": {"uv": [7.8125, 6.5, 8.625, 9.5], "texture": "#texture"},
				"east": {"uv": [14.0625, 6.5, 14.3125, 9.5], "texture": "#texture"},
				"south": {"uv": [7.8125, 6.5, 8.625, 9.5], "texture": "#texture"},
				"west": {"uv": [14.0625, 6.5, 14.3125, 9.5], "texture": "#texture"},
				"up": {"uv": [7.8125, 14.0625, 8.625, 14.3125], "texture": "#texture"},
				"down": {"uv": [7.8125, 14.0625, 8.625, 14.3125], "texture": "#texture"}
			}
		},
		{
			"from": [7.6875, 4.76367, 8.6875],
			"to": [9.39609, 6.1875, 9.25703],
			"faces": {
				"north": {"uv": [7.8125, 11.75, 8.625, 12.4375], "texture": "#texture"},
				"east": {"uv": [14.3125, 11.75, 14.5625, 12.4375], "texture": "#texture"},
				"south": {"uv": [7.8125, 11.75, 8.625, 12.4375], "texture": "#texture"},
				"west": {"uv": [14.3125, 11.75, 14.5625, 12.4375], "texture": "#texture"},
				"up": {"uv": [7.8125, 14.25, 8.625, 14.5], "texture": "#texture"},
				"down": {"uv": [7.8125, 14.25, 8.625, 14.5], "texture": "#texture"}
			}
		},
		{
			"from": [7.65195, -1.99157, 8.99984],
			"to": [9.36054, 4.84281, 9.37953],
			"faces": {
				"north": {"uv": [13.8125, 12.3125, 14.625, 15.6875], "texture": "#texture"},
				"east": {"uv": [14.4375, 12.3125, 14.625, 15.6875], "texture": "#texture"},
				"south": {"uv": [13.8125, 12.375, 14.625, 15.75], "texture": "#texture"},
				"west": {"uv": [14.4375, 12.3125, 14.625, 15.6875], "texture": "#texture"},
				"up": {"uv": [13.875, 14.0625, 14.6875, 14.25], "texture": "#texture"},
				"down": {"uv": [13.875, 14.0625, 14.6875, 14.25], "texture": "#texture"}
			}
		},
		{
			"from": [7.93672, -1.99157, 7.36719],
			"to": [9.07578, 4.84281, 7.65195],
			"faces": {
				"north": {"uv": [13.875, 12.3125, 14.4375, 15.6875], "texture": "#texture"},
				"east": {"uv": [13.75, 12.375, 13.875, 15.75], "texture": "#texture"},
				"south": {"uv": [13.875, 12.3125, 14.4375, 15.6875], "texture": "#texture"},
				"west": {"uv": [13.75, 12.375, 13.875, 15.75], "texture": "#texture"},
				"up": {"uv": [7.9375, 13.6875, 8.5, 13.8125], "texture": "#texture"},
				"down": {"uv": [7.9375, 13.6875, 8.5, 13.8125], "texture": "#texture"}
			}
		},
		{
			"from": [8, 6.74125, 7.62031],
			"to": [9.13906, 10.7913, 7.87344],
			"faces": {
				"north": {"uv": [13.8125, 9.9375, 14.375, 11.9375], "texture": "#texture"},
				"east": {"uv": [13.8125, 9.5, 13.9375, 11.5], "texture": "#texture"},
				"south": {"uv": [13.8125, 9.9375, 14.375, 11.9375], "texture": "#texture"},
				"west": {"uv": [13.8125, 9.5, 13.9375, 11.5], "texture": "#texture"},
				"up": {"uv": [8, 13.8125, 8.5625, 13.9375], "texture": "#texture"},
				"down": {"uv": [8, 13.8125, 8.5625, 13.9375], "texture": "#texture"}
			}
		},
		{
			"from": [7.9375, 10.7453, 7.875],
			"to": [9.07656, 21.25, 8.12813],
			"faces": {
				"north": {"uv": [14, 4.375, 14.5, 9.5625], "texture": "#texture"},
				"east": {"uv": [14.0625, 4.375, 14.1875, 9.5625], "texture": "#texture"},
				"south": {"uv": [14, 4.375, 14.5, 9.5625], "texture": "#texture"},
				"west": {"uv": [14.0625, 4.375, 14.1875, 9.5625], "texture": "#texture"},
				"up": {"uv": [8, 13.9375, 8.5625, 14.0625], "texture": "#texture"}
			}
		},
		{
			"from": [7.93672, 16.8662, 8.14555],
			"to": [9.07578, 21.2959, 8.9682],
			"faces": {
				"north": {"uv": [14.0625, 4.5, 14.5, 6.6875], "texture": "#texture"},
				"east": {"uv": [14.125, 4.3125, 14.5, 6.5], "texture": "#texture"},
				"south": {"uv": [14.0625, 4.5, 14.5, 6.6875], "texture": "#texture"},
				"west": {"uv": [14.0625, 4.3125, 14.4375, 6.5], "texture": "#texture"},
				"up": {"uv": [7.9375, 14.0625, 8.5, 14.4375], "texture": "#texture"},
				"down": {"uv": [7.9375, 14.0625, 8.5, 14.4375], "texture": "#texture"}
			}
		},
		{
			"from": [7.93672, 21.2959, 8.14555],
			"to": [9.07578, 25.7572, 8.71508],
			"faces": {
				"north": {"uv": [14.125, 2.1875, 14.5, 4.375], "texture": "#texture"},
				"east": {"uv": [14.0625, 2.125, 14.3125, 4.3125], "texture": "#texture"},
				"south": {"uv": [14.125, 2.1875, 14.5, 4.375], "texture": "#texture"},
				"west": {"uv": [14.0625, 2.125, 14.3125, 4.3125], "texture": "#texture"},
				"up": {"uv": [7.9375, 14.0625, 8.5, 14.3125], "texture": "#texture"},
				"down": {"uv": [7.9375, 14.0625, 8.5, 14.3125], "texture": "#texture"}
			}
		},
		{
			"from": [7.93672, 10.7913, 8.71508],
			"to": [9.07578, 16.8663, 8.96821],
			"faces": {
				"north": {"uv": [14.125, 6.5, 14.5, 9.625], "texture": "#texture"},
				"east": {"uv": [14.3125, 6.5, 14.4375, 9.5], "texture": "#texture"},
				"south": {"uv": [14.125, 6.5, 14.5, 9.625], "texture": "#texture"},
				"west": {"uv": [14.3125, 6.5, 14.4375, 9.5], "texture": "#texture"},
				"up": {"uv": [7.9375, 14.3125, 8.5, 14.4375], "texture": "#texture"},
				"down": {"uv": [7.9375, 14.3125, 8.5, 14.4375], "texture": "#texture"}
			}
		},
		{
			"from": [7.93672, 6.74125, 9.07578],
			"to": [9.07578, 10.7913, 9.32891],
			"faces": {
				"north": {"uv": [14.1875, 9.5, 14.6875, 11.5], "texture": "#texture"},
				"east": {"uv": [14.625, 9.5, 14.5, 11.5], "texture": "#texture"},
				"south": {"uv": [14.1875, 9.5, 14.6875, 11.5], "texture": "#texture"},
				"west": {"uv": [14.5, 9.5, 14.625, 11.5], "texture": "#texture"},
				"up": {"uv": [14.25, 9.5, 14.75, 10], "texture": "#texture"},
				"down": {"uv": [14.25, 9.5, 14.75, 10], "texture": "#texture"}
			}
		},
		{
			"from": [7.93672, -1.99157, 9.28461],
			"to": [9.07578, 4.84281, 9.6643],
			"faces": {
				"north": {"uv": [14.125, 12.3125, 14.6875, 15.6875], "texture": "#texture"},
				"east": {"uv": [14.5625, 12.375, 14.75, 15.75], "texture": "#texture"},
				"south": {"uv": [14.125, 12.3125, 14.6875, 15.6875], "texture": "#texture"},
				"west": {"uv": [14.5625, 12.375, 14.75, 15.75], "texture": "#texture"},
				"up": {"uv": [13.9375, 13.6875, 14.5, 13.875], "texture": "#texture"},
				"down": {"uv": [13.9375, 13.6875, 14.5, 13.875], "texture": "#texture"}
			}
		},
		{
			"from": [8.25313, 4.81117, 7.36719],
			"to": [8.82266, 6.235, 7.65195],
			"faces": {
				"north": {"uv": [13.75, 11.75, 14.25, 12.4375], "texture": "#texture"},
				"east": {"uv": [13.875, 11.75, 13.75, 12.4375], "texture": "#texture"},
				"south": {"uv": [13.75, 11.75, 14.25, 12.4375], "texture": "#texture"},
				"west": {"uv": [13.75, 11.75, 13.875, 12.4375], "texture": "#texture"},
				"up": {"uv": [13.75, 11.75, 14.25, 12.25], "texture": "#texture"},
				"down": {"uv": [13.75, 12.4375, 14.25, 11.9375], "texture": "#texture"}
			}
		},
		{
			"from": [8.12656, 10.7659, 7.62031],
			"to": [8.69609, 16.8409, 7.87344],
			"faces": {
				"north": {"uv": [13.8125, 6.8125, 14.3125, 9.8125], "texture": "#texture"},
				"east": {"uv": [13.8125, 6.8125, 13.9375, 9.8125], "texture": "#texture"},
				"west": {"uv": [13.8125, 6.8125, 13.9375, 9.8125], "texture": "#texture"},
				"up": {"uv": [13.8125, 6.875, 14.3125, 7.375], "texture": "#texture"}
			}
		},
		{
			"from": [8.12656, 21.2706, 7.87344],
			"to": [8.69609, 25.7003, 8.12656],
			"faces": {
				"north": {"uv": [14.0625, 2.1875, 14.4375, 4.25], "texture": "#texture"},
				"east": {"uv": [14.1875, 2.1875, 14.0625, 4.375], "texture": "#texture"},
				"west": {"uv": [14.0625, 2.1875, 14.1875, 4.375], "texture": "#texture"},
				"up": {"uv": [14.0625, 2.1875, 14.4375, 2.75], "texture": "#texture"}
			}
		},
		{
			"from": [8.125, 25.6875, 8.125],
			"to": [8.69453, 31.9375, 8.8125],
			"faces": {
				"north": {"uv": [14, 0.5, 14.5, 2.4375], "texture": "#texture"},
				"east": {"uv": [14.375, 0.5, 14.0625, 2.4375], "texture": "#texture"},
				"south": {"uv": [14, 0.5, 14.5, 2.4375], "texture": "#texture"},
				"west": {"uv": [14.0625, 0.5, 14.375, 2.4375], "texture": "#texture"},
				"up": {"uv": [14, 1, 14.5, 0.5], "texture": "#texture"},
				"down": {"uv": [14.0625, 0.5, 14.5625, 1], "texture": "#texture"}
			}
		},
		{
			"from": [8.22148, 21.2959, 8.71508],
			"to": [8.79102, 25.7572, 8.99985],
			"faces": {
				"north": {"uv": [14.0625, 2.125, 14.5, 4.3125], "texture": "#texture"},
				"east": {"uv": [14.375, 2.125, 14.25, 4.3125], "texture": "#texture"},
				"south": {"uv": [14.0625, 2.125, 14.5, 4.3125], "texture": "#texture"},
				"west": {"uv": [14.3125, 2.125, 14.4375, 4.3125], "texture": "#texture"},
				"up": {"uv": [14.0625, 2.125, 14.3125, 2.6875], "texture": "#texture"},
				"down": {"uv": [14.0625, 2.125, 14.3125, 2.6875], "texture": "#texture"}
			}
		},
		{
			"from": [8.22148, 10.7913, 8.99984],
			"to": [8.79102, 16.8663, 9.37953],
			"faces": {
				"north": {"uv": [14, 6.5, 14.5, 9.5], "texture": "#texture"},
				"east": {"uv": [14.3125, 6.5, 14.5, 9.5], "texture": "#texture"},
				"south": {"uv": [14, 6.5, 14.5, 9.5], "texture": "#texture"},
				"west": {"uv": [14.3125, 6.5, 14.5, 9.5], "texture": "#texture"},
				"up": {"uv": [14.0625, 6.5, 14.5, 7.1875], "texture": "#texture"},
				"down": {"uv": [14.0625, 6.5, 14.5, 7.1875], "texture": "#texture"}
			}
		},
		{
			"from": [8.25313, 4.8175, 9.13906],
			"to": [8.82266, 6.20969, 9.64531],
			"faces": {
				"north": {"uv": [14.25, 11.8125, 14.75, 12.5], "texture": "#texture"},
				"east": {"uv": [14.5, 11.8125, 14.75, 12.5], "texture": "#texture"},
				"south": {"uv": [14.25, 11.8125, 14.75, 12.5], "texture": "#texture"},
				"west": {"uv": [14.5, 11.8125, 14.75, 12.5], "texture": "#texture"},
				"up": {"uv": [14.25, 11.8125, 14.75, 12.3125], "texture": "#texture"},
				"down": {"uv": [14.25, 11.8125, 14.75, 12.3125], "texture": "#texture"}
			}
		},
		{
			"from": [4.5625, -3.3125, 7.375],
			"to": [12.4375, -2.9375, 9.625],
			"faces": {
				"north": {"uv": [4.875, 4.0625, 12.375, 4.25], "texture": "#texture"},
				"east": {"uv": [7.375, 3.9375, 9.625, 4.3125], "texture": "#texture"},
				"south": {"uv": [4.5625, 3.9375, 12.4375, 4.3125], "texture": "#texture"},
				"west": {"uv": [7.375, 3.9375, 9.625, 4.3125], "texture": "#texture"},
				"up": {"uv": [0, 9.9375, 6.6875, 11.625], "texture": "#texture"},
				"down": {"uv": [0, 9.9375, 6.6875, 11.625], "texture": "#texture"}
			}
		},
		{
			"from": [4.5625, -2.9375, 8.3125],
			"to": [12.4375, -2.75, 8.6875],
			"faces": {
				"north": {"uv": [8.3125, 3.75, 8.8125, 3.9375], "texture": "#texture"},
				"east": {"uv": [8.6875, 3.75, 8.3125, 3.9375], "texture": "#texture"},
				"south": {"uv": [8.6875, 3.75, 8.1875, 3.9375], "texture": "#texture"},
				"west": {"uv": [8.3125, 3.75, 8.6875, 3.9375], "texture": "#texture"},
				"up": {"uv": [0.1875, 9.25, 6.6875, 10.3125], "texture": "#texture"}
			}
		},
		{
			"from": [4.75, -3.3125, 6.8125],
			"to": [12.25, -2.9375, 7.375],
			"faces": {
				"north": {"uv": [4.9375, 4, 12.25, 4.4375], "texture": "#texture"},
				"east": {"uv": [6.8125, 3.9375, 7.375, 4.3125], "texture": "#texture"},
				"west": {"uv": [6.8125, 3.9375, 7.375, 4.3125], "texture": "#texture"},
				"up": {"uv": [0, 10.1875, 6.625, 10.5625], "texture": "#texture"},
				"down": {"uv": [0, 10.1875, 6.625, 10.5625], "texture": "#texture"}
			}
		},
		{
			"from": [4.75, -2.9375, 7.1875],
			"to": [12.25, -2.75, 8.3125],
			"faces": {
				"north": {"uv": [7.1875, 3.75, 7.6875, 3.9375], "texture": "#texture"},
				"east": {"uv": [8.3125, 3.75, 7.1875, 3.9375], "texture": "#texture"},
				"west": {"uv": [7.1875, 3.75, 8.3125, 3.9375], "texture": "#texture"},
				"up": {"uv": [0, 9.5, 6.6875, 10.5625], "texture": "#texture"},
				"down": {"uv": [0, 9.5, 6.6875, 10.5625], "texture": "#texture"}
			}
		},
		{
			"from": [4.75, -2.9375, 8.6875],
			"to": [12.25, -2.75, 9.8125],
			"faces": {
				"east": {"uv": [9.8125, 3.75, 8.6875, 3.9375], "texture": "#texture"},
				"south": {"uv": [9.8125, 3.75, 9.3125, 3.9375], "texture": "#texture"},
				"west": {"uv": [8.6875, 3.75, 9.8125, 3.9375], "texture": "#texture"},
				"up": {"uv": [0, 9.5, 6.375, 10.9375], "texture": "#texture"},
				"down": {"uv": [0, 9.5, 6.375, 10.9375], "texture": "#texture"}
			}
		},
		{
			"from": [4.75, -3.3125, 9.625],
			"to": [12.25, -2.9375, 10.1875],
			"faces": {
				"east": {"uv": [9.625, 3.9375, 10.1875, 4.3125], "texture": "#texture"},
				"south": {"uv": [4.875, 4.0625, 12.375, 4.375], "texture": "#texture"},
				"west": {"uv": [9.625, 3.9375, 10.1875, 4.3125], "texture": "#texture"},
				"up": {"uv": [0, 9.875, 6.6875, 10.4375], "texture": "#texture"},
				"down": {"uv": [0, 9.875, 6.6875, 10.4375], "texture": "#texture"}
			}
		},
		{
			"from": [4.9375, -3.3125, 6.4375],
			"to": [12.0625, -2.9375, 6.8125],
			"faces": {
				"north": {"uv": [5, 3.9375, 12.125, 4.3125], "texture": "#texture"},
				"east": {"uv": [6.4375, 3.9375, 6.8125, 4.3125], "texture": "#texture"},
				"west": {"uv": [6.4375, 3.9375, 6.8125, 4.3125], "texture": "#texture"},
				"up": {"uv": [0, 10.25, 6.375, 10.75], "texture": "#texture"},
				"down": {"uv": [0, 10.25, 6.375, 10.75], "texture": "#texture"}
			}
		},
		{
			"from": [4.9375, -2.9375, 6.8125],
			"to": [12.0625, -2.75, 7.1875],
			"faces": {
				"north": {"uv": [6.8125, 3.75, 7.3125, 3.9375], "texture": "#texture"},
				"east": {"uv": [7.1875, 3.75, 6.8125, 3.9375], "texture": "#texture"},
				"west": {"uv": [6.8125, 3.75, 7.1875, 3.9375], "texture": "#texture"},
				"up": {"uv": [0, 10.375, 6.6875, 11.125], "texture": "#texture"}
			}
		},
		{
			"from": [4.9375, -2.75, 7.9375],
			"to": [12.0625, -2.5625, 9.0625],
			"faces": {
				"north": {"uv": [7.9375, 3.5625, 8.4375, 3.75], "texture": "#texture"},
				"east": {"uv": [9.0625, 3.5625, 7.9375, 3.75], "texture": "#texture"},
				"south": {"uv": [9.0625, 3.5625, 8.5625, 3.75], "texture": "#texture"},
				"west": {"uv": [7.9375, 3.5625, 9.0625, 3.75], "texture": "#texture"},
				"up": {"uv": [0.0625, 9.25, 6.5, 10.25], "texture": "#texture"},
				"down": {"uv": [0.0625, 9.25, 6.5, 10.25], "texture": "#texture"}
			}
		},
		{
			"from": [4.9375, -2.9375, 9.8125],
			"to": [12.0625, -2.75, 10.1875],
			"faces": {
				"east": {"uv": [10.1875, 3.75, 9.8125, 3.9375], "texture": "#texture"},
				"south": {"uv": [10.1875, 3.75, 9.6875, 3.9375], "texture": "#texture"},
				"west": {"uv": [9.8125, 3.75, 10.1875, 3.9375], "texture": "#texture"},
				"up": {"uv": [0, 10.25, 6.6875, 11], "texture": "#texture"}
			}
		},
		{
			"from": [4.9375, -3.3125, 10.1875],
			"to": [12.0625, -2.9375, 10.5625],
			"faces": {
				"east": {"uv": [10.1875, 3.9375, 10.5625, 4.3125], "texture": "#texture"},
				"south": {"uv": [5.125, 4.0625, 12.25, 4.4375], "texture": "#texture"},
				"west": {"uv": [10.1875, 3.9375, 10.5625, 4.3125], "texture": "#texture"},
				"up": {"uv": [0, 9.5625, 6.625, 9.8125], "texture": "#texture"},
				"down": {"uv": [0, 9.5625, 6.625, 9.8125], "texture": "#texture"}
			}
		},
		{
			"from": [5.125, -3.3125, 6.25],
			"to": [11.875, -2.9375, 6.4375],
			"faces": {
				"north": {"uv": [5.125, 3.9375, 11.875, 4.3125], "texture": "#texture"},
				"east": {"uv": [6.25, 3.9375, 6.4375, 4.3125], "texture": "#texture"},
				"west": {"uv": [6.25, 3.9375, 6.4375, 4.3125], "texture": "#texture"},
				"up": {"uv": [0, 10.5, 6.75, 10.6875], "texture": "#texture"},
				"down": {"uv": [0, 10.5, 6.75, 10.6875], "texture": "#texture"}
			}
		},
		{
			"from": [5.125, -2.9375, 6.4375],
			"to": [11.875, -2.75, 6.8125],
			"faces": {
				"north": {"uv": [6.4375, 3.75, 6.9375, 3.9375], "texture": "#texture"},
				"east": {"uv": [6.8125, 3.75, 6.4375, 3.9375], "texture": "#texture"},
				"west": {"uv": [6.4375, 3.75, 6.8125, 3.9375], "texture": "#texture"},
				"up": {"uv": [0.1875, 9.0625, 6.75, 9.75], "texture": "#texture"}
			}
		},
		{
			"from": [5.125, -2.75, 7.1875],
			"to": [11.875, -2.5625, 7.9375],
			"faces": {
				"north": {"uv": [5.5625, 3.5, 11.625, 3.8125], "texture": "#texture"},
				"east": {"uv": [7.1875, 3.5625, 7.9375, 3.75], "texture": "#texture"},
				"west": {"uv": [7.1875, 3.5625, 7.9375, 3.75], "texture": "#texture"},
				"up": {"uv": [0, 11.125, 6.75, 11.875], "texture": "#texture"}
			}
		},
		{
			"from": [5.125, -2.75, 9.0625],
			"to": [11.875, -2.5625, 9.8125],
			"faces": {
				"east": {"uv": [9.0625, 3.5625, 9.8125, 3.75], "texture": "#texture"},
				"south": {"uv": [5.125, 3.8125, 11.875, 4], "texture": "#texture"},
				"west": {"uv": [9.0625, 3.5625, 9.8125, 3.75], "texture": "#texture"},
				"up": {"uv": [0, 8.8125, 1.5625, 10.625], "texture": "#texture"}
			}
		},
		{
			"from": [5.125, -2.9375, 10.1875],
			"to": [11.875, -2.75, 10.5625],
			"faces": {
				"east": {"uv": [10.1875, 3.75, 10.5625, 3.9375], "texture": "#texture"},
				"south": {"uv": [5.125, 3.8125, 11.875, 4], "texture": "#texture"},
				"west": {"uv": [10.1875, 3.75, 10.5625, 3.9375], "texture": "#texture"},
				"up": {"uv": [0, 8.8125, 2.375, 10.9375], "texture": "#texture"}
			}
		},
		{
			"from": [5.125, -3.3125, 10.5625],
			"to": [11.875, -2.9375, 10.75],
			"faces": {
				"east": {"uv": [10.5625, 3.9375, 10.75, 4.3125], "texture": "#texture"},
				"south": {"uv": [5.125, 3.9375, 11.875, 4.3125], "texture": "#texture"},
				"west": {"uv": [10.5625, 3.9375, 10.75, 4.3125], "texture": "#texture"},
				"up": {"uv": [0, 10.125, 1.1875, 11.875], "texture": "#texture"},
				"down": {"uv": [0, 10.125, 1.1875, 11.875], "texture": "#texture"}
			}
		},
		{
			"from": [5.3125, -3.3125, 5.875],
			"to": [11.6875, -2.9375, 6.25],
			"faces": {
				"north": {"uv": [5.3125, 3.9375, 11.6875, 4.3125], "texture": "#texture"},
				"east": {"uv": [5.875, 3.9375, 6.25, 4.3125], "texture": "#texture"},
				"west": {"uv": [5.875, 3.9375, 6.25, 4.3125], "texture": "#texture"},
				"up": {"uv": [0, 9.25, 1.625, 10.875], "texture": "#texture"},
				"down": {"uv": [0, 9.25, 1.625, 10.875], "texture": "#texture"}
			}
		},
		{
			"from": [5.3125, -2.9375, 6.25],
			"to": [11.6875, -2.75, 6.4375],
			"faces": {
				"north": {"uv": [5.3125, 3.75, 11.6875, 3.9375], "texture": "#texture"},
				"east": {"uv": [6.25, 3.75, 6.4375, 3.9375], "texture": "#texture"},
				"west": {"uv": [6.25, 3.75, 6.4375, 3.9375], "texture": "#texture"},
				"up": {"uv": [0, 9.1875, 1.3125, 10.625], "texture": "#texture"}
			}
		},
		{
			"from": [5.3125, -2.75, 6.8125],
			"to": [11.6875, -2.5625, 7.1875],
			"faces": {
				"north": {"uv": [5.3125, 3.5625, 11.6875, 3.75], "texture": "#texture"},
				"east": {"uv": [6.8125, 3.5625, 7.1875, 3.75], "texture": "#texture"},
				"west": {"uv": [6.8125, 3.5625, 7.1875, 3.75], "texture": "#texture"},
				"up": {"uv": [0, 9.6875, 1.6875, 11.5], "texture": "#texture"}
			}
		},
		{
			"from": [5.3125, -2.5625, 7.75],
			"to": [11.6875, -2.375, 9.25],
			"faces": {
				"north": {"uv": [5.875, 3.3125, 11.1875, 3.625], "texture": "#texture"},
				"east": {"uv": [7.75, 3.375, 9.25, 3.5625], "texture": "#texture"},
				"south": {"uv": [5.875, 3.3125, 11.1875, 3.625], "texture": "#texture"},
				"west": {"uv": [7.75, 3.375, 9.25, 3.5625], "texture": "#texture"},
				"up": {"uv": [0, 9.4375, 1.5625, 11], "texture": "#texture"},
				"down": {"uv": [0, 9.4375, 1.5625, 11], "texture": "#texture"}
			}
		},
		{
			"from": [5.3125, -2.75, 9.8125],
			"to": [11.6875, -2.5625, 10.1875],
			"faces": {
				"east": {"uv": [9.8125, 3.5625, 10.1875, 3.75], "texture": "#texture"},
				"south": {"uv": [5.3125, 3.875, 11.6875, 4.0625], "texture": "#texture"},
				"west": {"uv": [9.8125, 3.5625, 10.1875, 3.75], "texture": "#texture"},
				"up": {"uv": [0, 9.0625, 1.5, 10.75], "texture": "#texture"}
			}
		},
		{
			"from": [5.3125, -2.9375, 10.5625],
			"to": [11.6875, -2.75, 10.75],
			"faces": {
				"east": {"uv": [10.5625, 3.75, 10.75, 3.9375], "texture": "#texture"},
				"south": {"uv": [5.3125, 3.75, 11.6875, 3.9375], "texture": "#texture"},
				"west": {"uv": [10.5625, 3.75, 10.75, 3.9375], "texture": "#texture"},
				"up": {"uv": [0, 9.0625, 1.75, 11.1875], "texture": "#texture"}
			}
		},
		{
			"from": [5.3125, -3.3125, 10.75],
			"to": [11.6875, -2.9375, 11.125],
			"faces": {
				"east": {"uv": [10.75, 3.9375, 11.125, 4.3125], "texture": "#texture"},
				"south": {"uv": [5.3125, 3.9375, 11.6875, 4.3125], "texture": "#texture"},
				"west": {"uv": [10.75, 3.9375, 11.125, 4.3125], "texture": "#texture"},
				"up": {"uv": [0, 9.1875, 1.875, 10.75], "texture": "#texture"},
				"down": {"uv": [0, 9.1875, 1.875, 10.75], "texture": "#texture"}
			}
		},
		{
			"from": [5.5, -3.3125, 5.6875],
			"to": [11.5, -2.9375, 5.875],
			"faces": {
				"north": {"uv": [5.5, 3.9375, 11.5, 4.3125], "texture": "#texture"},
				"east": {"uv": [5.6875, 3.9375, 5.875, 4.3125], "texture": "#texture"},
				"west": {"uv": [5.6875, 3.9375, 5.875, 4.3125], "texture": "#texture"},
				"up": {"uv": [0, 9.25, 1.75, 11], "texture": "#texture"},
				"down": {"uv": [0, 9.25, 1.75, 11], "texture": "#texture"}
			}
		},
		{
			"from": [5.5, -2.9375, 5.875],
			"to": [11.5, -2.75, 6.25],
			"faces": {
				"north": {"uv": [5.5, 3.75, 11.5, 3.9375], "texture": "#texture"},
				"east": {"uv": [5.875, 3.75, 6.25, 3.9375], "texture": "#texture"},
				"west": {"uv": [5.875, 3.75, 6.25, 3.9375], "texture": "#texture"},
				"up": {"uv": [0, 9.5, 1.375, 10.625], "texture": "#texture"}
			}
		},
		{
			"from": [5.5, -2.75, 6.4375],
			"to": [11.5, -2.5625, 6.8125],
			"faces": {
				"north": {"uv": [5.625, 3.5625, 11.625, 3.75], "texture": "#texture"},
				"east": {"uv": [6.4375, 3.5625, 6.8125, 3.75], "texture": "#texture"},
				"west": {"uv": [6.4375, 3.5625, 6.8125, 3.75], "texture": "#texture"},
				"up": {"uv": [0, 9.5625, 2.125, 10.875], "texture": "#texture"}
			}
		},
		{
			"from": [5.5, -2.5625, 7.1875],
			"to": [11.5, -2.375, 7.75],
			"faces": {
				"north": {"uv": [5.8125, 3.375, 11.1875, 3.5625], "texture": "#texture"},
				"east": {"uv": [7.1875, 3.375, 7.75, 3.5625], "texture": "#texture"},
				"west": {"uv": [7.1875, 3.375, 7.75, 3.5625], "texture": "#texture"},
				"up": {"uv": [0, 10.0625, 1.875, 11.875], "texture": "#texture"}
			}
		},
		{
			"from": [5.5, -2.5625, 9.25],
			"to": [11.5, -2.375, 9.8125],
			"faces": {
				"east": {"uv": [9.25, 3.375, 9.8125, 3.5625], "texture": "#texture"},
				"south": {"uv": [5.875, 3.375, 11.1875, 3.5625], "texture": "#texture"},
				"west": {"uv": [9.25, 3.375, 9.8125, 3.5625], "texture": "#texture"},
				"up": {"uv": [0, 9.25, 1.5, 10.6875], "texture": "#texture"}
			}
		},
		{
			"from": [5.5, -2.75, 10.1875],
			"to": [11.5, -2.5625, 10.5625],
			"faces": {
				"east": {"uv": [10.1875, 3.5625, 10.5625, 3.75], "texture": "#texture"},
				"south": {"uv": [5.625, 3.5625, 11.625, 3.75], "texture": "#texture"},
				"west": {"uv": [10.1875, 3.5625, 10.5625, 3.75], "texture": "#texture"},
				"up": {"uv": [0, 9.125, 1.5, 10.6875], "texture": "#texture"}
			}
		},
		{
			"from": [5.5, -2.9375, 10.75],
			"to": [11.5, -2.75, 11.125],
			"faces": {
				"east": {"uv": [10.75, 3.75, 11.125, 3.9375], "texture": "#texture"},
				"south": {"uv": [5.6875, 3.75, 11.6875, 3.9375], "texture": "#texture"},
				"west": {"uv": [10.75, 3.75, 11.125, 3.9375], "texture": "#texture"},
				"up": {"uv": [0, 9.5625, 0.9375, 10.8125], "texture": "#texture"}
			}
		},
		{
			"from": [5.5, -3.3125, 11.125],
			"to": [11.5, -2.9375, 11.3125],
			"faces": {
				"east": {"uv": [11.125, 3.9375, 11.3125, 4.3125], "texture": "#texture"},
				"south": {"uv": [5.5, 3.9375, 11.5, 4.3125], "texture": "#texture"},
				"west": {"uv": [11.125, 3.9375, 11.3125, 4.3125], "texture": "#texture"},
				"up": {"uv": [0, 10.1875, 1.25, 11.75], "texture": "#texture"},
				"down": {"uv": [0, 10.1875, 1.25, 11.75], "texture": "#texture"}
			}
		},
		{
			"from": [5.6875, -3.3125, 5.5],
			"to": [11.3125, -2.9375, 5.6875],
			"faces": {
				"north": {"uv": [5.6875, 3.9375, 11.3125, 4.3125], "texture": "#texture"},
				"east": {"uv": [5.5, 3.9375, 5.6875, 4.3125], "texture": "#texture"},
				"west": {"uv": [5.5, 3.9375, 5.6875, 4.3125], "texture": "#texture"},
				"up": {"uv": [0, 9.1875, 1.6875, 10.75], "texture": "#texture"},
				"down": {"uv": [0, 9.1875, 1.6875, 10.75], "texture": "#texture"}
			}
		},
		{
			"from": [5.6875, -2.9375, 5.6875],
			"to": [11.3125, -2.75, 5.875],
			"faces": {
				"north": {"uv": [5.6875, 3.75, 11.3125, 3.9375], "texture": "#texture"},
				"east": {"uv": [5.6875, 3.75, 5.875, 3.9375], "texture": "#texture"},
				"west": {"uv": [5.6875, 3.75, 5.875, 3.9375], "texture": "#texture"},
				"up": {"uv": [0, 9.5625, 1.4375, 11.125], "texture": "#texture"}
			}
		},
		{
			"from": [5.6875, -2.75, 6.25],
			"to": [11.3125, -2.5625, 6.4375],
			"faces": {
				"north": {"uv": [5.6875, 3.5625, 11.3125, 3.75], "texture": "#texture"},
				"east": {"uv": [6.25, 3.5625, 6.4375, 3.75], "texture": "#texture"},
				"west": {"uv": [6.25, 3.5625, 6.4375, 3.75], "texture": "#texture"},
				"up": {"uv": [0, 9.375, 1.3125, 10.6875], "texture": "#texture"}
			}
		},
		{
			"from": [5.6875, -2.5625, 6.8125],
			"to": [11.3125, -2.375, 7.1875],
			"faces": {
				"north": {"uv": [5.6875, 3.5, 11.3125, 3.6875], "texture": "#texture"},
				"east": {"uv": [6.8125, 3.375, 7.1875, 3.5625], "texture": "#texture"},
				"west": {"uv": [6.8125, 3.375, 7.1875, 3.5625], "texture": "#texture"},
				"up": {"uv": [0, 10.0625, 1.1875, 12.5], "texture": "#texture"}
			}
		},
		{
			"from": [5.6875, -2.375, 8.3125],
			"to": [11.3125, -2.1875, 8.6875],
			"faces": {
				"north": {"uv": [5.875, 3.25, 11.1875, 3.5], "texture": "#texture"},
				"east": {"uv": [8.3125, 3.3125, 8.6875, 3.5], "texture": "#texture"},
				"south": {"uv": [5.875, 3.25, 11.1875, 3.5], "texture": "#texture"},
				"west": {"uv": [8.3125, 3.3125, 8.6875, 3.5], "texture": "#texture"},
				"up": {"uv": [0, 10.4375, 1.375, 11.875], "texture": "#texture"}
			}
		},
		{
			"from": [5.6875, -2.5625, 9.8125],
			"to": [11.3125, -2.375, 10.1875],
			"faces": {
				"east": {"uv": [9.8125, 3.375, 10.1875, 3.5625], "texture": "#texture"},
				"south": {"uv": [5.875, 3.3125, 11.125, 3.625], "texture": "#texture"},
				"west": {"uv": [9.8125, 3.375, 10.1875, 3.5625], "texture": "#texture"},
				"up": {"uv": [0, 9.3125, 6.6875, 11.3125], "texture": "#texture"}
			}
		},
		{
			"from": [5.6875, -2.75, 10.5625],
			"to": [11.3125, -2.5625, 10.75],
			"faces": {
				"east": {"uv": [10.5625, 3.5625, 10.75, 3.75], "texture": "#texture"},
				"south": {"uv": [5.6875, 3.5625, 11.3125, 3.75], "texture": "#texture"},
				"west": {"uv": [10.5625, 3.5625, 10.75, 3.75], "texture": "#texture"},
				"up": {"uv": [0, 10.125, 5.8125, 11.375], "texture": "#texture"}
			}
		},
		{
			"from": [5.6875, -2.9375, 11.125],
			"to": [11.3125, -2.75, 11.3125],
			"faces": {
				"east": {"uv": [11.125, 3.75, 11.3125, 3.9375], "texture": "#texture"},
				"south": {"uv": [5.6875, 3.75, 11.3125, 3.9375], "texture": "#texture"},
				"west": {"uv": [11.125, 3.75, 11.3125, 3.9375], "texture": "#texture"},
				"up": {"uv": [0, 9.9375, 5.625, 11.5], "texture": "#texture"}
			}
		},
		{
			"from": [5.6875, -3.3125, 11.3125],
			"to": [11.3125, -2.9375, 11.5],
			"faces": {
				"east": {"uv": [11.3125, 3.9375, 11.5, 4.3125], "texture": "#texture"},
				"south": {"uv": [5.6875, 3.9375, 11.3125, 4.3125], "texture": "#texture"},
				"west": {"uv": [11.3125, 3.9375, 11.5, 4.3125], "texture": "#texture"},
				"up": {"uv": [0, 9.8125, 5.6875, 11.25], "texture": "#texture"},
				"down": {"uv": [0, 9.8125, 5.6875, 11.25], "texture": "#texture"}
			}
		},
		{
			"from": [5.875, -3.3125, 5.3125],
			"to": [11.125, -2.9375, 5.5],
			"faces": {
				"north": {"uv": [5.875, 3.9375, 11.125, 4.3125], "texture": "#texture"},
				"east": {"uv": [5.3125, 3.9375, 5.5, 4.3125], "texture": "#texture"},
				"west": {"uv": [5.3125, 3.9375, 5.5, 4.3125], "texture": "#texture"},
				"up": {"uv": [0, 9.125, 5.1875, 10.1875], "texture": "#texture"},
				"down": {"uv": [0, 9.125, 5.1875, 10.1875], "texture": "#texture"}
			}
		},
		{
			"from": [5.875, -2.9375, 5.5],
			"to": [11.125, -2.75, 5.6875],
			"faces": {
				"north": {"uv": [5.875, 3.75, 11.125, 3.9375], "texture": "#texture"},
				"east": {"uv": [5.5, 3.75, 5.6875, 3.9375], "texture": "#texture"},
				"west": {"uv": [5.5, 3.75, 5.6875, 3.9375], "texture": "#texture"},
				"up": {"uv": [0, 9, 5.1875, 10.375], "texture": "#texture"}
			}
		},
		{
			"from": [5.875, -2.75, 6.0625],
			"to": [11.125, -2.5625, 6.25],
			"faces": {
				"north": {"uv": [5.875, 3.5625, 11.125, 3.75], "texture": "#texture"},
				"east": {"uv": [6.0625, 3.5625, 6.25, 3.75], "texture": "#texture"},
				"west": {"uv": [6.0625, 3.5625, 6.25, 3.75], "texture": "#texture"},
				"up": {"uv": [0, 9.9375, 5.1875, 10.9375], "texture": "#texture"}
			}
		},
		{
			"from": [5.875, -2.5625, 6.625],
			"to": [11.125, -2.375, 6.8125],
			"faces": {
				"north": {"uv": [5.875, 3.375, 11.125, 3.5625], "texture": "#texture"},
				"east": {"uv": [6.625, 3.375, 6.8125, 3.5625], "texture": "#texture"},
				"west": {"uv": [6.625, 3.375, 6.8125, 3.5625], "texture": "#texture"},
				"up": {"uv": [0, 10.0625, 6.625, 11.5625], "texture": "#texture"}
			}
		},
		{
			"from": [5.875, -2.375, 7.375],
			"to": [11.125, -2.1875, 8.3125],
			"faces": {
				"north": {"uv": [5.875, 3.3125, 11.125, 3.5], "texture": "#texture"},
				"east": {"uv": [7.375, 3.25, 8.3125, 3.4375], "texture": "#texture"},
				"west": {"uv": [7.375, 3.25, 8.3125, 3.4375], "texture": "#texture"},
				"up": {"uv": [0, 9.1875, 6.5625, 10.5625], "texture": "#texture"},
				"down": {"uv": [0, 9.1875, 6.5625, 10.5625], "texture": "#texture"}
			}
		},
		{
			"from": [5.875, -2.375, 8.6875],
			"to": [11.125, -2.1875, 9.625],
			"faces": {
				"east": {"uv": [8.6875, 3.3125, 9.625, 3.5], "texture": "#texture"},
				"south": {"uv": [5.875, 3.3125, 11.125, 3.5], "texture": "#texture"},
				"west": {"uv": [8.6875, 3.3125, 9.625, 3.5], "texture": "#texture"},
				"up": {"uv": [0, 9.25, 6.625, 11.4375], "texture": "#texture"},
				"down": {"uv": [0, 9.25, 6.625, 11.4375], "texture": "#texture"}
			}
		},
		{
			"from": [5.875, -2.5625, 10.1875],
			"to": [11.125, -2.375, 10.375],
			"faces": {
				"east": {"uv": [10.1875, 3.375, 10.375, 3.5625], "texture": "#texture"},
				"south": {"uv": [5.875, 3.375, 11.125, 3.5625], "texture": "#texture"},
				"west": {"uv": [10.1875, 3.375, 10.375, 3.5625], "texture": "#texture"},
				"up": {"uv": [0, 10.0625, 6.5625, 11.8125], "texture": "#texture"}
			}
		},
		{
			"from": [5.875, -2.75, 10.75],
			"to": [11.125, -2.5625, 10.9375],
			"faces": {
				"east": {"uv": [10.75, 3.5625, 10.9375, 3.75], "texture": "#texture"},
				"south": {"uv": [5.875, 3.5625, 11.125, 3.75], "texture": "#texture"},
				"west": {"uv": [10.75, 3.5625, 10.9375, 3.75], "texture": "#texture"},
				"up": {"uv": [0, 9.25, 2.6875, 11.125], "texture": "#texture"}
			}
		},
		{
			"from": [5.875, -2.9375, 11.3125],
			"to": [11.125, -2.75, 11.5],
			"faces": {
				"east": {"uv": [11.3125, 3.75, 11.5, 3.9375], "texture": "#texture"},
				"south": {"uv": [5.875, 3.75, 11.125, 3.9375], "texture": "#texture"},
				"west": {"uv": [11.3125, 3.75, 11.5, 3.9375], "texture": "#texture"},
				"up": {"uv": [0, 9.875, 5.25, 10.0625], "texture": "#texture"}
			}
		},
		{
			"from": [5.875, -3.3125, 11.5],
			"to": [11.125, -2.9375, 11.6875],
			"faces": {
				"east": {"uv": [11.5, 3.9375, 11.6875, 4.3125], "texture": "#texture"},
				"south": {"uv": [5.875, 3.9375, 11.125, 4.3125], "texture": "#texture"},
				"west": {"uv": [11.5, 3.9375, 11.6875, 4.3125], "texture": "#texture"},
				"up": {"uv": [0, 11, 5.25, 11.1875], "texture": "#texture"},
				"down": {"uv": [0, 11, 5.25, 11.1875], "texture": "#texture"}
			}
		},
		{
			"from": [6.0625, -2.75, 5.875],
			"to": [10.9375, -2.5625, 6.0625],
			"faces": {
				"north": {"uv": [6.0625, 3.5625, 10.9375, 3.75], "texture": "#texture"},
				"east": {"uv": [5.875, 3.5625, 6.0625, 3.75], "texture": "#texture"},
				"west": {"uv": [5.875, 3.5625, 6.0625, 3.75], "texture": "#texture"},
				"up": {"uv": [0, 10.1875, 4.875, 10.375], "texture": "#texture"}
			}
		},
		{
			"from": [6.0625, -2.5625, 6.25],
			"to": [10.9375, -2.375, 6.625],
			"faces": {
				"north": {"uv": [6.0625, 3.375, 10.9375, 3.5625], "texture": "#texture"},
				"east": {"uv": [6.25, 3.375, 6.625, 3.5625], "texture": "#texture"},
				"west": {"uv": [6.25, 3.375, 6.625, 3.5625], "texture": "#texture"},
				"up": {"uv": [0, 10.1875, 4.875, 10.5625], "texture": "#texture"},
				"down": {"uv": [0, 10.1875, 4.875, 10.5625], "texture": "#texture"}
			}
		},
		{
			"from": [6.0625, -2.375, 7],
			"to": [10.9375, -2.1875, 7.375],
			"faces": {
				"north": {"uv": [6.0625, 3.1875, 10.9375, 3.375], "texture": "#texture"},
				"east": {"uv": [7, 3.3125, 7.375, 3.5], "texture": "#texture"},
				"west": {"uv": [7, 3.3125, 7.375, 3.5], "texture": "#texture"},
				"up": {"uv": [0, 10.875, 4.875, 11.25], "texture": "#texture"},
				"down": {"uv": [0, 10.875, 4.875, 11.25], "texture": "#texture"}
			}
		},
		{
			"from": [6.0625, -2.375, 9.625],
			"to": [10.9375, -2.1875, 10],
			"faces": {
				"east": {"uv": [9.625, 3.3125, 10, 3.5], "texture": "#texture"},
				"south": {"uv": [6.0625, 3.3125, 10.9375, 3.5], "texture": "#texture"},
				"west": {"uv": [9.625, 3.3125, 10, 3.5], "texture": "#texture"},
				"up": {"uv": [0.1875, 8.9375, 5.0625, 9.3125], "texture": "#texture"},
				"down": {"uv": [0.1875, 8.9375, 5.0625, 9.3125], "texture": "#texture"}
			}
		},
		{
			"from": [6.0625, -2.5625, 10.375],
			"to": [10.9375, -2.375, 10.75],
			"faces": {
				"east": {"uv": [10.375, 3.375, 10.75, 3.5625], "texture": "#texture"},
				"south": {"uv": [6.0625, 3.375, 10.9375, 3.5625], "texture": "#texture"},
				"west": {"uv": [10.375, 3.375, 10.75, 3.5625], "texture": "#texture"},
				"up": {"uv": [0, 9.875, 4.875, 10.25], "texture": "#texture"},
				"down": {"uv": [0, 9.875, 4.875, 10.25], "texture": "#texture"}
			}
		},
		{
			"from": [6.0625, -2.75, 10.9375],
			"to": [10.9375, -2.5625, 11.125],
			"faces": {
				"east": {"uv": [10.9375, 3.5625, 11.125, 3.75], "texture": "#texture"},
				"south": {"uv": [6.0625, 3.5625, 10.9375, 3.75], "texture": "#texture"},
				"west": {"uv": [10.9375, 3.5625, 11.125, 3.75], "texture": "#texture"},
				"up": {"uv": [0.625, 11.3125, 5.5, 11.5], "texture": "#texture"}
			}
		},
		{
			"from": [6.25, -3.3125, 5.125],
			"to": [10.75, -2.9375, 5.3125],
			"faces": {
				"north": {"uv": [6.25, 3.9375, 10.75, 4.3125], "texture": "#texture"},
				"east": {"uv": [5.125, 3.9375, 5.3125, 4.3125], "texture": "#texture"},
				"west": {"uv": [5.125, 3.9375, 5.3125, 4.3125], "texture": "#texture"},
				"up": {"uv": [0.1875, 10.125, 4.6875, 10.3125], "texture": "#texture"},
				"down": {"uv": [0.1875, 10.125, 4.6875, 10.3125], "texture": "#texture"}
			}
		},
		{
			"from": [6.25, -2.9375, 5.3125],
			"to": [10.75, -2.75, 5.5],
			"faces": {
				"north": {"uv": [6.25, 3.75, 10.75, 3.9375], "texture": "#texture"},
				"east": {"uv": [5.3125, 3.75, 5.5, 3.9375], "texture": "#texture"},
				"west": {"uv": [5.3125, 3.75, 5.5, 3.9375], "texture": "#texture"},
				"up": {"uv": [0, 10.125, 4.5, 10.3125], "texture": "#texture"}
			}
		},
		{
			"from": [6.25, -2.75, 5.6875],
			"to": [10.75, -2.5625, 5.875],
			"faces": {
				"north": {"uv": [6.25, 3.5625, 10.75, 3.75], "texture": "#texture"},
				"east": {"uv": [5.6875, 3.5625, 5.875, 3.75], "texture": "#texture"},
				"west": {"uv": [5.6875, 3.5625, 5.875, 3.75], "texture": "#texture"},
				"up": {"uv": [0, 10.4375, 4.5, 10.625], "texture": "#texture"}
			}
		},
		{
			"from": [6.25, -2.5625, 6.0625],
			"to": [10.75, -2.375, 6.25],
			"faces": {
				"north": {"uv": [6.25, 3.375, 10.75, 3.5625], "texture": "#texture"},
				"east": {"uv": [6.0625, 3.375, 6.25, 3.5625], "texture": "#texture"},
				"west": {"uv": [6.0625, 3.375, 6.25, 3.5625], "texture": "#texture"},
				"up": {"uv": [0.75, 10.25, 5.25, 10.4375], "texture": "#texture"}
			}
		},
		{
			"from": [6.25, -2.375, 6.8125],
			"to": [10.75, -2.1875, 7],
			"faces": {
				"north": {"uv": [6.25, 3.1875, 10.75, 3.375], "texture": "#texture"},
				"east": {"uv": [6.8125, 3.3125, 7, 3.5], "texture": "#texture"},
				"west": {"uv": [6.8125, 3.3125, 7, 3.5], "texture": "#texture"},
				"up": {"uv": [0, 11.75, 4.5, 11.9375], "texture": "#texture"}
			}
		},
		{
			"from": [6.25, -2.375, 10],
			"to": [10.75, -2.1875, 10.1875],
			"faces": {
				"east": {"uv": [10, 3.3125, 10.1875, 3.5], "texture": "#texture"},
				"south": {"uv": [6.25, 3.3125, 10.75, 3.5], "texture": "#texture"},
				"west": {"uv": [10, 3.3125, 10.1875, 3.5], "texture": "#texture"},
				"up": {"uv": [0, 11.0625, 4.5, 11.25], "texture": "#texture"}
			}
		},
		{
			"from": [6.25, -2.5625, 10.75],
			"to": [10.75, -2.375, 10.9375],
			"faces": {
				"east": {"uv": [10.75, 3.375, 10.9375, 3.5625], "texture": "#texture"},
				"south": {"uv": [6.25, 3.375, 10.75, 3.5625], "texture": "#texture"},
				"west": {"uv": [10.75, 3.375, 10.9375, 3.5625], "texture": "#texture"},
				"up": {"uv": [0, 12.0625, 4.5, 12.25], "texture": "#texture"}
			}
		},
		{
			"from": [6.25, -2.75, 11.125],
			"to": [10.75, -2.5625, 11.3125],
			"faces": {
				"east": {"uv": [11.125, 3.5625, 11.3125, 3.75], "texture": "#texture"},
				"south": {"uv": [6.25, 3.5625, 10.75, 3.75], "texture": "#texture"},
				"west": {"uv": [11.125, 3.5625, 11.3125, 3.75], "texture": "#texture"},
				"up": {"uv": [0, 12, 4.5, 12.1875], "texture": "#texture"}
			}
		},
		{
			"from": [6.25, -2.9375, 11.5],
			"to": [10.75, -2.75, 11.6875],
			"faces": {
				"east": {"uv": [11.5, 3.75, 11.6875, 3.9375], "texture": "#texture"},
				"south": {"uv": [6.25, 3.75, 10.75, 3.9375], "texture": "#texture"},
				"west": {"uv": [11.5, 3.75, 11.6875, 3.9375], "texture": "#texture"},
				"up": {"uv": [0.25, 10.375, 4.75, 10.5625], "texture": "#texture"}
			}
		},
		{
			"from": [6.25, -3.3125, 11.6875],
			"to": [10.75, -2.9375, 11.875],
			"faces": {
				"east": {"uv": [11.6875, 3.9375, 11.875, 4.3125], "texture": "#texture"},
				"south": {"uv": [6.25, 3.9375, 10.75, 4.3125], "texture": "#texture"},
				"west": {"uv": [11.6875, 3.9375, 11.875, 4.3125], "texture": "#texture"},
				"up": {"uv": [0.25, 11.25, 4.75, 11.4375], "texture": "#texture"},
				"down": {"uv": [0.25, 11.25, 4.75, 11.4375], "texture": "#texture"}
			}
		},
		{
			"from": [6.4375, -3.3125, 4.9375],
			"to": [10.5625, -2.9375, 5.125],
			"faces": {
				"north": {"uv": [6.4375, 3.9375, 10.5625, 4.3125], "texture": "#texture"},
				"east": {"uv": [4.9375, 3.9375, 5.125, 4.3125], "texture": "#texture"},
				"west": {"uv": [4.9375, 3.9375, 5.125, 4.3125], "texture": "#texture"},
				"up": {"uv": [0.625, 10.125, 4.75, 10.3125], "texture": "#texture"},
				"down": {"uv": [0.625, 10.125, 4.75, 10.3125], "texture": "#texture"}
			}
		},
		{
			"from": [6.4375, -2.9375, 5.125],
			"to": [10.5625, -2.75, 5.3125],
			"faces": {
				"north": {"uv": [6.4375, 3.75, 10.5625, 3.9375], "texture": "#texture"},
				"east": {"uv": [5.125, 3.8125, 5.3125, 4], "texture": "#texture"},
				"west": {"uv": [5.125, 3.8125, 5.3125, 4], "texture": "#texture"},
				"up": {"uv": [0, 11.0625, 4.125, 11.25], "texture": "#texture"}
			}
		},
		{
			"from": [6.4375, -2.75, 5.5],
			"to": [10.5625, -2.5625, 5.6875],
			"faces": {
				"north": {"uv": [6.4375, 3.5625, 10.5625, 3.75], "texture": "#texture"},
				"east": {"uv": [5.5, 3.5625, 5.6875, 3.75], "texture": "#texture"},
				"west": {"uv": [5.5, 3.5625, 5.6875, 3.75], "texture": "#texture"},
				"up": {"uv": [1, 10.875, 5.125, 11.0625], "texture": "#texture"}
			}
		},
		{
			"from": [6.4375, -2.375, 6.625],
			"to": [10.5625, -2.1875, 6.8125],
			"faces": {
				"north": {"uv": [6.4375, 3.25, 10.5625, 3.4375], "texture": "#texture"},
				"east": {"uv": [6.625, 3.3125, 6.8125, 3.5], "texture": "#texture"},
				"west": {"uv": [6.625, 3.25, 6.8125, 3.4375], "texture": "#texture"},
				"up": {"uv": [0.8125, 9.75, 4.9375, 9.9375], "texture": "#texture"}
			}
		},
		{
			"from": [6.4375, -2.1875, 7.9375],
			"to": [10.5625, -2, 9.0625],
			"faces": {
				"north": {"uv": [6.4375, 3.3125, 10.5625, 3.5], "texture": "#texture"},
				"east": {"uv": [7.9375, 3.3125, 9.0625, 3.5], "texture": "#texture"},
				"south": {"uv": [6.4375, 3.3125, 10.5625, 3.5], "texture": "#texture"},
				"west": {"uv": [7.9375, 3.3125, 9.0625, 3.5], "texture": "#texture"},
				"up": {"uv": [0.5625, 10, 4.6875, 11.125], "texture": "#texture"},
				"down": {"uv": [0.5625, 10, 4.6875, 11.125], "texture": "#texture"}
			}
		},
		{
			"from": [6.4375, -2.375, 10.1875],
			"to": [10.5625, -2.1875, 10.375],
			"faces": {
				"east": {"uv": [10.1875, 3.3125, 10.375, 3.5], "texture": "#texture"},
				"south": {"uv": [6.4375, 3.3125, 10.5625, 3.5], "texture": "#texture"},
				"west": {"uv": [10.1875, 3.3125, 10.375, 3.5], "texture": "#texture"},
				"up": {"uv": [1.75, 10.625, 5.875, 10.8125], "texture": "#texture"}
			}
		},
		{
			"from": [6.4375, -2.75, 11.3125],
			"to": [10.5625, -2.5625, 11.5],
			"faces": {
				"east": {"uv": [11.3125, 3.5625, 11.5, 3.75], "texture": "#texture"},
				"south": {"uv": [6.4375, 3.5625, 10.5625, 3.75], "texture": "#texture"},
				"west": {"uv": [11.3125, 3.5625, 11.5, 3.75], "texture": "#texture"},
				"up": {"uv": [0.875, 11.375, 5, 11.5625], "texture": "#texture"}
			}
		},
		{
			"from": [6.4375, -2.9375, 11.6875],
			"to": [10.5625, -2.75, 11.875],
			"faces": {
				"east": {"uv": [11.6875, 3.75, 11.875, 3.9375], "texture": "#texture"},
				"south": {"uv": [6.4375, 3.75, 10.5625, 3.9375], "texture": "#texture"},
				"west": {"uv": [11.6875, 3.75, 11.875, 3.9375], "texture": "#texture"},
				"up": {"uv": [0, 11.625, 4.125, 11.8125], "texture": "#texture"}
			}
		},
		{
			"from": [6.4375, -3.3125, 11.875],
			"to": [10.5625, -2.9375, 12.0625],
			"faces": {
				"east": {"uv": [11.875, 3.9375, 12.0625, 4.3125], "texture": "#texture"},
				"south": {"uv": [6.4375, 3.9375, 10.5625, 4.3125], "texture": "#texture"},
				"west": {"uv": [11.875, 3.9375, 12.0625, 4.3125], "texture": "#texture"},
				"up": {"uv": [0.8125, 10.8125, 4.9375, 11], "texture": "#texture"},
				"down": {"uv": [0.8125, 10.8125, 4.9375, 11], "texture": "#texture"}
			}
		},
		{
			"from": [6.625, -2.5625, 5.875],
			"to": [10.375, -2.375, 6.0625],
			"faces": {
				"north": {"uv": [6.625, 3.375, 10.375, 3.5625], "texture": "#texture"},
				"east": {"uv": [5.875, 3.375, 6.0625, 3.5625], "texture": "#texture"},
				"west": {"uv": [5.875, 3.375, 6.0625, 3.5625], "texture": "#texture"},
				"up": {"uv": [1.875, 9.875, 5.625, 10.0625], "texture": "#texture"}
			}
		},
		{
			"from": [6.625, -2.375, 6.4375],
			"to": [10.375, -2.1875, 6.625],
			"faces": {
				"north": {"uv": [6.625, 3.3125, 10.375, 3.5], "texture": "#texture"},
				"east": {"uv": [6.4375, 3.3125, 6.625, 3.5], "texture": "#texture"},
				"west": {"uv": [6.4375, 3.3125, 6.625, 3.5], "texture": "#texture"},
				"up": {"uv": [0.6875, 10.75, 4.4375, 10.9375], "texture": "#texture"}
			}
		},
		{
			"from": [6.625, -2.1875, 7.5625],
			"to": [10.375, -2, 7.9375],
			"faces": {
				"north": {"uv": [6.625, 3.3125, 10.375, 3.5], "texture": "#texture"},
				"east": {"uv": [7.5625, 3.3125, 7.9375, 3.5], "texture": "#texture"},
				"west": {"uv": [7.5625, 3.3125, 7.9375, 3.5], "texture": "#texture"},
				"up": {"uv": [0.875, 11.25, 4.625, 11.625], "texture": "#texture"}
			}
		},
		{
			"from": [6.625, -2.1875, 9.0625],
			"to": [10.375, -2, 9.4375],
			"faces": {
				"east": {"uv": [9.0625, 3.3125, 9.4375, 3.5], "texture": "#texture"},
				"south": {"uv": [6.625, 3.3125, 10.375, 3.5], "texture": "#texture"},
				"west": {"uv": [9.0625, 3.3125, 9.4375, 3.5], "texture": "#texture"},
				"up": {"uv": [2.25, 11.125, 6, 11.5], "texture": "#texture"}
			}
		},
		{
			"from": [6.625, -2.375, 10.375],
			"to": [10.375, -2.1875, 10.5625],
			"faces": {
				"east": {"uv": [10.375, 3.3125, 10.5625, 3.5], "texture": "#texture"},
				"south": {"uv": [6.625, 3.3125, 10.375, 3.5], "texture": "#texture"},
				"west": {"uv": [10.375, 3.3125, 10.5625, 3.5], "texture": "#texture"},
				"up": {"uv": [2.9375, 11.1875, 6.6875, 11.375], "texture": "#texture"}
			}
		},
		{
			"from": [6.625, -2.5625, 10.9375],
			"to": [10.375, -2.375, 11.125],
			"faces": {
				"east": {"uv": [10.9375, 3.375, 11.125, 3.5625], "texture": "#texture"},
				"south": {"uv": [6.625, 3.375, 10.375, 3.5625], "texture": "#texture"},
				"west": {"uv": [10.9375, 3.375, 11.125, 3.5625], "texture": "#texture"},
				"up": {"uv": [1.6875, 10.1875, 5.4375, 10.375], "texture": "#texture"}
			}
		},
		{
			"from": [6.8125, -3.3125, 4.75],
			"to": [10.1875, -2.9375, 4.9375],
			"faces": {
				"north": {"uv": [6.8125, 3.9375, 10.1875, 4.3125], "texture": "#texture"},
				"east": {"uv": [4.8125, 4.0625, 5, 4.4375], "texture": "#texture"},
				"west": {"uv": [4.8125, 4.0625, 5, 4.4375], "texture": "#texture"},
				"up": {"uv": [1.9375, 11.4375, 5.3125, 11.625], "texture": "#texture"},
				"down": {"uv": [1.9375, 11.4375, 5.3125, 11.625], "texture": "#texture"}
			}
		},
		{
			"from": [6.8125, -2.9375, 4.9375],
			"to": [10.1875, -2.75, 5.125],
			"faces": {
				"north": {"uv": [6.8125, 3.75, 10.1875, 3.9375], "texture": "#texture"},
				"east": {"uv": [5.0625, 3.8125, 5.25, 4], "texture": "#texture"},
				"west": {"uv": [5.0625, 3.8125, 5.25, 4], "texture": "#texture"},
				"up": {"uv": [1.9375, 11.5625, 5.3125, 11.75], "texture": "#texture"}
			}
		},
		{
			"from": [6.8125, -2.75, 5.3125],
			"to": [10.1875, -2.5625, 5.5],
			"faces": {
				"north": {"uv": [6.8125, 3.5625, 10.1875, 3.75], "texture": "#texture"},
				"east": {"uv": [5.5625, 3.5625, 5.75, 3.75], "texture": "#texture"},
				"west": {"uv": [5.5625, 3.5625, 5.75, 3.75], "texture": "#texture"},
				"up": {"uv": [2.1875, 10.5, 5.5625, 10.6875], "texture": "#texture"}
			}
		},
		{
			"from": [6.8125, -2.5625, 5.6875],
			"to": [10.1875, -2.375, 5.875],
			"faces": {
				"north": {"uv": [6.8125, 3.375, 10.1875, 3.5625], "texture": "#texture"},
				"east": {"uv": [5.8125, 3.375, 6, 3.5625], "texture": "#texture"},
				"west": {"uv": [5.8125, 3.375, 6, 3.5625], "texture": "#texture"},
				"up": {"uv": [2.8125, 10.75, 6.1875, 10.9375], "texture": "#texture"}
			}
		},
		{
			"from": [6.8125, -2.375, 6.25],
			"to": [10.1875, -2.1875, 6.4375],
			"faces": {
				"north": {"uv": [6.8125, 3.3125, 10.1875, 3.5], "texture": "#texture"},
				"east": {"uv": [6.25, 3.3125, 6.4375, 3.5], "texture": "#texture"},
				"west": {"uv": [6.25, 3.3125, 6.4375, 3.5], "texture": "#texture"},
				"up": {"uv": [1.375, 10.4375, 4.75, 10.625], "texture": "#texture"}
			}
		},
		{
			"from": [6.8125, -2.1875, 7.1875],
			"to": [10.1875, -2, 7.5625],
			"faces": {
				"north": {"uv": [6.8125, 3.3125, 10.1875, 3.5], "texture": "#texture"},
				"east": {"uv": [7.1875, 3.3125, 7.5625, 3.5], "texture": "#texture"},
				"west": {"uv": [7.1875, 3.3125, 7.5625, 3.5], "texture": "#texture"},
				"up": {"uv": [0.0625, 11, 3.4375, 11.375], "texture": "#texture"},
				"down": {"uv": [0.0625, 11, 3.4375, 11.375], "texture": "#texture"}
			}
		},
		{
			"from": [6.8125, -2.1875, 9.4375],
			"to": [10.1875, -2, 9.8125],
			"faces": {
				"east": {"uv": [9.4375, 3.3125, 9.8125, 3.5], "texture": "#texture"},
				"south": {"uv": [6.8125, 3.3125, 10.1875, 3.5], "texture": "#texture"},
				"west": {"uv": [9.4375, 3.3125, 9.8125, 3.5], "texture": "#texture"},
				"up": {"uv": [2, 10.3125, 5.375, 10.6875], "texture": "#texture"},
				"down": {"uv": [2, 10.3125, 5.375, 10.6875], "texture": "#texture"}
			}
		},
		{
			"from": [6.8125, -2.375, 10.5625],
			"to": [10.1875, -2.1875, 10.75],
			"faces": {
				"east": {"uv": [10.5625, 3.3125, 10.75, 3.5], "texture": "#texture"},
				"south": {"uv": [6.8125, 3.3125, 10.1875, 3.5], "texture": "#texture"},
				"west": {"uv": [10.5625, 3.3125, 10.75, 3.5], "texture": "#texture"},
				"up": {"uv": [0.6875, 10.5625, 4.0625, 10.75], "texture": "#texture"}
			}
		},
		{
			"from": [6.8125, -2.5625, 11.125],
			"to": [10.1875, -2.375, 11.3125],
			"faces": {
				"east": {"uv": [11.0625, 3.375, 11.25, 3.5625], "texture": "#texture"},
				"south": {"uv": [6.8125, 3.375, 10.1875, 3.5625], "texture": "#texture"},
				"west": {"uv": [11.0625, 3.375, 11.25, 3.5625], "texture": "#texture"},
				"up": {"uv": [0.625, 11.25, 4, 11.4375], "texture": "#texture"}
			}
		},
		{
			"from": [6.8125, -2.75, 11.5],
			"to": [10.1875, -2.5625, 11.6875],
			"faces": {
				"east": {"uv": [11.5, 3.5625, 11.6875, 3.75], "texture": "#texture"},
				"south": {"uv": [6.8125, 3.5625, 10.1875, 3.75], "texture": "#texture"},
				"west": {"uv": [11.5, 3.5625, 11.6875, 3.75], "texture": "#texture"},
				"up": {"uv": [2.5, 11, 5.875, 11.1875], "texture": "#texture"}
			}
		},
		{
			"from": [6.8125, -2.9375, 11.875],
			"to": [10.1875, -2.75, 12.0625],
			"faces": {
				"east": {"uv": [11.8125, 3.8125, 12, 4], "texture": "#texture"},
				"south": {"uv": [6.8125, 3.75, 10.1875, 3.9375], "texture": "#texture"},
				"west": {"uv": [11.8125, 3.8125, 12, 4], "texture": "#texture"},
				"up": {"uv": [3, 11.625, 6.375, 11.8125], "texture": "#texture"}
			}
		},
		{
			"from": [6.8125, -3.3125, 12.0625],
			"to": [10.1875, -2.9375, 12.25],
			"faces": {
				"east": {"uv": [12.0625, 4.0625, 12.25, 4.4375], "texture": "#texture"},
				"south": {"uv": [6.8125, 3.9375, 10.1875, 4.3125], "texture": "#texture"},
				"west": {"uv": [12.0625, 4.0625, 12.25, 4.4375], "texture": "#texture"},
				"up": {"uv": [2.0625, 12.125, 5.4375, 12.3125], "texture": "#texture"},
				"down": {"uv": [2.0625, 12.125, 5.4375, 12.3125], "texture": "#texture"}
			}
		},
		{
			"from": [7, -2.375, 6.0625],
			"to": [10, -2.1875, 6.25],
			"faces": {
				"north": {"uv": [7, 3.3125, 10, 3.5], "texture": "#texture"},
				"east": {"uv": [6.0625, 3.3125, 6.25, 3.5], "texture": "#texture"},
				"west": {"uv": [6.0625, 3.3125, 6.25, 3.5], "texture": "#texture"},
				"up": {"uv": [1.5625, 9.625, 4.5625, 9.8125], "texture": "#texture"}
			}
		},
		{
			"from": [7, -2.1875, 7],
			"to": [10, -2, 7.1875],
			"faces": {
				"north": {"uv": [7, 3.3125, 10, 3.5], "texture": "#texture"},
				"east": {"uv": [7, 3.3125, 7.1875, 3.5], "texture": "#texture"},
				"west": {"uv": [7, 3.3125, 7.1875, 3.5], "texture": "#texture"},
				"up": {"uv": [2.1875, 10.5625, 5.1875, 10.75], "texture": "#texture"}
			}
		},
		{
			"from": [7, -2.1875, 9.8125],
			"to": [10, -2, 10],
			"faces": {
				"east": {"uv": [9.8125, 3.3125, 10, 3.5], "texture": "#texture"},
				"south": {"uv": [7, 3.3125, 10, 3.5], "texture": "#texture"},
				"west": {"uv": [9.8125, 3.3125, 10, 3.5], "texture": "#texture"},
				"up": {"uv": [0.1875, 10.3125, 3.1875, 10.5], "texture": "#texture"}
			}
		},
		{
			"from": [7, -2.375, 10.75],
			"to": [10, -2.1875, 10.9375],
			"faces": {
				"east": {"uv": [10.75, 3.3125, 10.9375, 3.5], "texture": "#texture"},
				"south": {"uv": [7, 3.3125, 10, 3.5], "texture": "#texture"},
				"west": {"uv": [10.75, 3.3125, 10.9375, 3.5], "texture": "#texture"},
				"up": {"uv": [1.875, 10.875, 4.875, 11.0625], "texture": "#texture"}
			}
		},
		{
			"from": [7.1875, -2.9375, 4.75],
			"to": [9.8125, -2.75, 4.9375],
			"faces": {
				"north": {"uv": [7.1875, 3.75, 9.8125, 3.9375], "texture": "#texture"},
				"east": {"uv": [5.0625, 3.8125, 5.25, 4], "texture": "#texture"},
				"west": {"uv": [5.0625, 3.8125, 5.25, 4], "texture": "#texture"},
				"up": {"uv": [1.625, 10.25, 4.25, 10.4375], "texture": "#texture"}
			}
		},
		{
			"from": [7.1875, -2.75, 5.125],
			"to": [9.8125, -2.5625, 5.3125],
			"faces": {
				"north": {"uv": [7.1875, 3.5625, 9.8125, 3.75], "texture": "#texture"},
				"east": {"uv": [5.125, 3.8125, 5.3125, 4], "texture": "#texture"},
				"west": {"uv": [5.125, 3.8125, 5.3125, 4], "texture": "#texture"},
				"up": {"uv": [3.3125, 9.4375, 5.9375, 9.625], "texture": "#texture"}
			}
		},
		{
			"from": [7.1875, -2.5625, 5.5],
			"to": [9.8125, -2.375, 5.6875],
			"faces": {
				"north": {"uv": [7.1875, 3.375, 9.8125, 3.5625], "texture": "#texture"},
				"east": {"uv": [5.5625, 3.5625, 5.75, 3.75], "texture": "#texture"},
				"west": {"uv": [5.5625, 3.5625, 5.75, 3.75], "texture": "#texture"},
				"up": {"uv": [3.125, 9.6875, 5.75, 9.875], "texture": "#texture"}
			}
		},
		{
			"from": [7.1875, -2.1875, 6.8125],
			"to": [9.8125, -2, 7],
			"faces": {
				"north": {"uv": [7.1875, 3.3125, 9.8125, 3.5], "texture": "#texture"},
				"east": {"uv": [6.8125, 3.3125, 7, 3.5], "texture": "#texture"},
				"west": {"uv": [6.8125, 3.3125, 7, 3.5], "texture": "#texture"},
				"up": {"uv": [0, 10.375, 2.625, 10.5625], "texture": "#texture"}
			}
		},
		{
			"from": [7.1875, -2.1875, 10],
			"to": [9.8125, -2, 10.1875],
			"faces": {
				"east": {"uv": [10, 3.3125, 10.1875, 3.5], "texture": "#texture"},
				"south": {"uv": [7.1875, 3.3125, 9.8125, 3.5], "texture": "#texture"},
				"west": {"uv": [10, 3.3125, 10.1875, 3.5], "texture": "#texture"},
				"up": {"uv": [1.0625, 11.4375, 3.6875, 11.625], "texture": "#texture"}
			}
		},
		{
			"from": [7.1875, -2.5625, 11.3125],
			"to": [9.8125, -2.375, 11.5],
			"faces": {
				"east": {"uv": [11.3125, 3.5625, 11.5, 3.75], "texture": "#texture"},
				"south": {"uv": [7.1875, 3.375, 9.8125, 3.5625], "texture": "#texture"},
				"west": {"uv": [11.3125, 3.5625, 11.5, 3.75], "texture": "#texture"},
				"up": {"uv": [1.5625, 12.0625, 4.1875, 12.25], "texture": "#texture"}
			}
		},
		{
			"from": [7.1875, -2.75, 11.6875],
			"to": [9.8125, -2.5625, 11.875],
			"faces": {
				"east": {"uv": [11.5625, 3.5625, 11.75, 3.75], "texture": "#texture"},
				"south": {"uv": [7.1875, 3.5625, 9.8125, 3.75], "texture": "#texture"},
				"west": {"uv": [11.5625, 3.5625, 11.75, 3.75], "texture": "#texture"},
				"up": {"uv": [2.5625, 11.75, 5.1875, 11.9375], "texture": "#texture"}
			}
		},
		{
			"from": [7.1875, -2.9375, 12.0625],
			"to": [9.8125, -2.75, 12.25],
			"faces": {
				"east": {"uv": [11.75, 3.8125, 11.9375, 4], "texture": "#texture"},
				"south": {"uv": [7.1875, 3.75, 9.8125, 3.9375], "texture": "#texture"},
				"west": {"uv": [11.75, 3.8125, 11.9375, 4], "texture": "#texture"},
				"up": {"uv": [3.3125, 11.25, 5.9375, 11.4375], "texture": "#texture"}
			}
		},
		{
			"from": [7.375, -3.3125, 4.5625],
			"to": [9.625, -2.9375, 4.75],
			"faces": {
				"north": {"uv": [7.375, 3.9375, 9.625, 4.3125], "texture": "#texture"},
				"east": {"uv": [4.8125, 4.0625, 5, 4.4375], "texture": "#texture"},
				"west": {"uv": [4.8125, 4.0625, 5, 4.4375], "texture": "#texture"},
				"up": {"uv": [3.125, 11.625, 5.375, 11.8125], "texture": "#texture"},
				"down": {"uv": [3.125, 11.625, 5.375, 11.8125], "texture": "#texture"}
			}
		},
		{
			"from": [7.375, -2.375, 5.875],
			"to": [9.625, -2.1875, 6.0625],
			"faces": {
				"north": {"uv": [7.375, 3.3125, 9.625, 3.5], "texture": "#texture"},
				"east": {"uv": [5.875, 3.3125, 6.0625, 3.5], "texture": "#texture"},
				"west": {"uv": [5.875, 3.3125, 6.0625, 3.5], "texture": "#texture"},
				"up": {"uv": [1.6875, 10.5, 3.9375, 10.6875], "texture": "#texture"}
			}
		},
		{
			"from": [7.375, -11.5625, 7.9375],
			"to": [9.625, -10.8125, 9.0625],
			"faces": {
				"north": {"uv": [7.5, 11.8125, 9.75, 12.5625], "texture": "#texture"},
				"east": {"uv": [7.9375, 11.8125, 9.0625, 12.5625], "texture": "#texture"},
				"south": {"uv": [7.5, 11.8125, 9.75, 12.5625], "texture": "#texture"},
				"west": {"uv": [7.9375, 11.8125, 9.0625, 12.5625], "texture": "#texture"},
				"up": {"uv": [7.5, 11.8125, 9.75, 12.9375], "texture": "#texture"},
				"down": {"uv": [7.5, 11.8125, 9.75, 12.9375], "texture": "#texture"}
			}
		},
		{
			"from": [7.375, -12.5, 8.125],
			"to": [9.625, -11.5625, 8.875],
			"faces": {
				"north": {"uv": [9.6875, 12.5625, 7.625, 13.5625], "texture": "#texture"},
				"east": {"uv": [9.625, 12.5625, 9.125, 13.5], "texture": "#texture"},
				"south": {"uv": [9.6875, 12.5625, 7.625, 13.5625], "texture": "#texture"},
				"west": {"uv": [7.5, 12.5625, 8, 13.5], "texture": "#texture"},
				"down": {"uv": [7.5, 13.5, 9.75, 13], "texture": "#texture"}
			}
		},
		{
			"from": [7.375, -3.5, 8.125],
			"to": [9.625, -3.3125, 8.875],
			"faces": {
				"north": {"uv": [7.375, 4.3125, 9.625, 4.5], "texture": "#texture"},
				"east": {"uv": [8.125, 4.3125, 8.875, 4.5], "texture": "#texture"},
				"south": {"uv": [7.375, 4.3125, 9.625, 4.5], "texture": "#texture"},
				"west": {"uv": [8.125, 4.3125, 8.875, 4.5], "texture": "#texture"},
				"down": {"uv": [2.125, 10.1875, 4.375, 10.9375], "texture": "#texture"}
			}
		},
		{
			"from": [7.375, -13.0625, 8.3125],
			"to": [9.625, -12.5, 8.6875],
			"faces": {
				"north": {"uv": [9.6875, 13.5, 7.4375, 14.0625], "texture": "#texture"},
				"east": {"uv": [9.6875, 13.5, 9.1875, 14.0625], "texture": "#texture"},
				"south": {"uv": [7.4375, 13.5, 9.6875, 14.0625], "texture": "#texture"},
				"west": {"uv": [7.4375, 13.5, 7.9375, 14.0625], "texture": "#texture"},
				"down": {"uv": [7.4375, 13.9375, 9.6875, 13.4375], "texture": "#texture"}
			}
		},
		{
			"from": [7.375, -3.6875, 8.3125],
			"to": [9.625, -3.5, 8.6875],
			"faces": {
				"north": {"uv": [9.625, 4.5625, 7.6875, 4.6875], "texture": "#texture"},
				"east": {"uv": [9.25, 4.5625, 8.75, 4.6875], "texture": "#texture"},
				"south": {"uv": [7.6875, 4.5625, 9.625, 4.6875], "texture": "#texture"},
				"west": {"uv": [7.75, 4.5625, 8.25, 4.6875], "texture": "#texture"},
				"down": {"uv": [7.6875, 4.5625, 9.5, 4.875], "texture": "#texture"}
			}
		},
		{
			"from": [7.375, -2.375, 10.9375],
			"to": [9.625, -2.1875, 11.125],
			"faces": {
				"east": {"uv": [10.9375, 3.3125, 11.125, 3.5], "texture": "#texture"},
				"south": {"uv": [7.375, 3.3125, 9.625, 3.5], "texture": "#texture"},
				"west": {"uv": [10.9375, 3.3125, 11.125, 3.5], "texture": "#texture"},
				"up": {"uv": [4.4375, 11.75, 6.6875, 11.9375], "texture": "#texture"}
			}
		},
		{
			"from": [7.375, -3.3125, 12.25],
			"to": [9.625, -2.9375, 12.4375],
			"faces": {
				"east": {"uv": [12.25, 4.125, 12.4375, 4.5], "texture": "#texture"},
				"south": {"uv": [7.375, 3.9375, 9.625, 4.3125], "texture": "#texture"},
				"west": {"uv": [12.25, 4.125, 12.4375, 4.5], "texture": "#texture"},
				"up": {"uv": [3.625, 11.625, 5.875, 11.8125], "texture": "#texture"},
				"down": {"uv": [3.625, 11.625, 5.875, 11.8125], "texture": "#texture"}
			}
		},
		{
			"from": [7.5625, -2.1875, 6.625],
			"to": [9.4375, -2, 6.8125],
			"faces": {
				"north": {"uv": [7.5625, 3.3125, 9.4375, 3.5], "texture": "#texture"},
				"east": {"uv": [6.625, 3.3125, 6.8125, 3.5], "texture": "#texture"},
				"west": {"uv": [6.625, 3.3125, 6.8125, 3.5], "texture": "#texture"},
				"up": {"uv": [1.875, 10.4375, 3.75, 10.625], "texture": "#texture"}
			}
		},
		{
			"from": [7.5625, -12.6875, 7.75],
			"to": [9.4375, -12.5, 8.3125],
			"faces": {
				"north": {"uv": [9.4375, 13.5, 7.5625, 13.6875], "texture": "#texture"},
				"east": {"uv": [9.4375, 13.5, 8.9375, 13.6875], "texture": "#texture"},
				"west": {"uv": [7.5625, 13.5, 8.0625, 13.6875], "texture": "#texture"},
				"up": {"uv": [7.5625, 13.5, 9.4375, 14], "texture": "#texture"},
				"down": {"uv": [7.5625, 13.6875, 9.4375, 13.1875], "texture": "#texture"}
			}
		},
		{
			"from": [7.5625, -12.5, 7.75],
			"to": [9.4375, -11.5625, 8.125],
			"faces": {
				"north": {"uv": [9.4375, 12.5625, 7.5625, 13.5], "texture": "#texture"},
				"east": {"uv": [9.4375, 12.5625, 8.9375, 13.5], "texture": "#texture"},
				"west": {"uv": [7.5625, 12.5625, 8.0625, 13.5], "texture": "#texture"},
				"up": {"uv": [7.5625, 12.5625, 9.4375, 13.0625], "texture": "#texture"}
			}
		},
		{
			"from": [7.5625, -11.5625, 7.75],
			"to": [9.4375, -10.8125, 7.9375],
			"faces": {
				"north": {"uv": [9.4375, 11.8125, 7.5625, 12.5625], "texture": "#texture"},
				"east": {"uv": [9.4375, 11.8125, 8.9375, 12.5625], "texture": "#texture"},
				"west": {"uv": [7.5625, 11.8125, 8.0625, 12.5625], "texture": "#texture"},
				"up": {"uv": [7.5625, 11.8125, 9.4375, 12.3125], "texture": "#texture"}
			}
		},
		{
			"from": [7.5625, -3.5, 7.75],
			"to": [9.4375, -3.3125, 8.125],
			"faces": {
				"north": {"uv": [7.5625, 4.3125, 9.4375, 4.5], "texture": "#texture"},
				"east": {"uv": [7.75, 4.3125, 8.125, 4.5], "texture": "#texture"},
				"west": {"uv": [7.75, 4.3125, 8.125, 4.5], "texture": "#texture"},
				"down": {"uv": [2.625, 9.125, 4.5, 9.5], "texture": "#texture"}
			}
		},
		{
			"from": [7.5625, -14, 7.9375],
			"to": [9.4375, -13.0625, 9.0625],
			"faces": {
				"north": {"uv": [9.3125, 14, 7.875, 14.9375], "texture": "#texture"},
				"east": {"uv": [9.4375, 14.0625, 8.9375, 15], "texture": "#texture"},
				"south": {"uv": [9.3125, 14, 7.875, 14.9375], "texture": "#texture"},
				"west": {"uv": [7.75, 14.0625, 8.25, 15], "texture": "#texture"},
				"up": {"uv": [7.8125, 14.0625, 9.4375, 14.4375], "texture": "#texture"},
				"down": {"uv": [7.75, 14.9375, 9.4375, 14.625], "texture": "#texture"}
			}
		},
		{
			"from": [7.5625, -13.0625, 7.9375],
			"to": [9.4375, -12.6875, 8.3125],
			"faces": {
				"north": {"uv": [7.5625, 13.5625, 9.4375, 13.9375], "texture": "#texture"},
				"east": {"uv": [7.9375, 13.6875, 8.3125, 14.0625], "texture": "#texture"},
				"west": {"uv": [7.9375, 13.6875, 8.3125, 14.0625], "texture": "#texture"}
			}
		},
		{
			"from": [7.5625, -3.875, 7.9375],
			"to": [9.4375, -3.6875, 9.0625],
			"faces": {
				"north": {"uv": [7.75, 4.5625, 9.625, 4.75], "texture": "#texture"},
				"east": {"uv": [7.9375, 4.6875, 9.0625, 4.875], "texture": "#texture"},
				"south": {"uv": [7.75, 4.5625, 9.625, 4.75], "texture": "#texture"},
				"west": {"uv": [7.9375, 4.5625, 9.0625, 4.75], "texture": "#texture"},
				"up": {"uv": [7.8125, 4.5625, 9.3125, 5.0625], "texture": "#texture"},
				"down": {"uv": [7.8125, 4.5625, 9.3125, 5.0625], "texture": "#texture"}
			}
		},
		{
			"from": [7.5625, -3.6875, 7.9375],
			"to": [9.4375, -3.5, 8.3125],
			"faces": {
				"north": {"uv": [7.75, 4.5, 9.625, 4.6875], "texture": "#texture"},
				"east": {"uv": [7.9375, 4.5, 8.3125, 4.6875], "texture": "#texture"},
				"west": {"uv": [7.9375, 4.5, 8.3125, 4.6875], "texture": "#texture"},
				"up": {"uv": [7.8125, 4.5, 9.25, 4.8125], "texture": "#texture"}
			}
		},
		{
			"from": [7.5625, -10.8125, 8.125],
			"to": [9.4375, -3.875, 8.875],
			"faces": {
				"north": {"uv": [9.4375, 4.875, 7.8125, 11.8125], "texture": "#texture"},
				"east": {"uv": [9.4375, 4.875, 8.9375, 11.8125], "texture": "#texture"},
				"south": {"uv": [9.4375, 4.875, 7.8125, 11.8125], "texture": "#texture"},
				"west": {"uv": [7.875, 4.875, 8.375, 11.8125], "texture": "#texture"}
			}
		},
		{
			"from": [7.5625, -13.0625, 8.6875],
			"to": [9.4375, -12.5, 9.0625],
			"faces": {
				"east": {"uv": [9.4375, 13.5, 8.9375, 14.0625], "texture": "#texture"},
				"south": {"uv": [7.5625, 13.5, 9.4375, 14.0625], "texture": "#texture"},
				"west": {"uv": [7.5625, 13.5, 8.0625, 14.0625], "texture": "#texture"},
				"up": {"uv": [7.5625, 13.5, 9.4375, 14], "texture": "#texture"}
			}
		},
		{
			"from": [7.5625, -3.6875, 8.6875],
			"to": [9.4375, -3.5, 9.0625],
			"faces": {
				"east": {"uv": [9.0625, 4.5, 8.6875, 4.6875], "texture": "#texture"},
				"south": {"uv": [9.0625, 4.5, 8.5625, 4.6875], "texture": "#texture"},
				"west": {"uv": [8.6875, 4.5, 9.0625, 4.6875], "texture": "#texture"},
				"up": {"uv": [8.6875, 4.5, 9.1875, 5], "texture": "#texture"}
			}
		},
		{
			"from": [7.5625, -12.5, 8.875],
			"to": [9.4375, -11.5625, 9.25],
			"faces": {
				"east": {"uv": [9.4375, 12.5625, 8.9375, 13.5], "texture": "#texture"},
				"south": {"uv": [7.5625, 12.5625, 9.4375, 13.5], "texture": "#texture"},
				"west": {"uv": [7.5625, 12.5625, 8.0625, 13.5], "texture": "#texture"},
				"up": {"uv": [7.5625, 12.5625, 9.4375, 13.0625], "texture": "#texture"},
				"down": {"uv": [7.5625, 13.5, 9.4375, 13], "texture": "#texture"}
			}
		},
		{
			"from": [7.5625, -3.5, 8.875],
			"to": [9.4375, -3.3125, 9.25],
			"faces": {
				"east": {"uv": [8.875, 4.3125, 9.25, 4.5], "texture": "#texture"},
				"south": {"uv": [7.5625, 4.3125, 9.4375, 4.5], "texture": "#texture"},
				"west": {"uv": [8.875, 4.3125, 9.25, 4.5], "texture": "#texture"},
				"down": {"uv": [4.25, 10.6875, 6.125, 11.0625], "texture": "#texture"}
			}
		},
		{
			"from": [7.5625, -12.6875, 9.0625],
			"to": [9.4375, -12.5, 9.25],
			"faces": {
				"east": {"uv": [9.4375, 13.5, 8.9375, 13.6875], "texture": "#texture"},
				"south": {"uv": [7.5625, 13.5, 9.4375, 13.6875], "texture": "#texture"},
				"west": {"uv": [7.5625, 13.5, 8.0625, 13.6875], "texture": "#texture"},
				"down": {"uv": [7.5625, 13.6875, 9.4375, 13.1875], "texture": "#texture"}
			}
		},
		{
			"from": [7.5625, -11.5625, 9.0625],
			"to": [9.4375, -10.8125, 9.25],
			"faces": {
				"east": {"uv": [9.4375, 11.8125, 8.9375, 12.5625], "texture": "#texture"},
				"south": {"uv": [7.5625, 11.8125, 9.4375, 12.5625], "texture": "#texture"},
				"west": {"uv": [7.5625, 11.8125, 8.0625, 12.5625], "texture": "#texture"},
				"up": {"uv": [7.5625, 11.8125, 9.4375, 12.3125], "texture": "#texture"}
			}
		},
		{
			"from": [7.5625, -2.1875, 10.1875],
			"to": [9.4375, -2, 10.375],
			"faces": {
				"east": {"uv": [10.1875, 3.25, 10.375, 3.4375], "texture": "#texture"},
				"south": {"uv": [7.5625, 3.3125, 9.4375, 3.5], "texture": "#texture"},
				"west": {"uv": [10.1875, 3.25, 10.375, 3.4375], "texture": "#texture"},
				"up": {"uv": [2, 11.25, 3.875, 11.4375], "texture": "#texture"}
			}
		},
		{
			"from": [7.75, -2.5625, 5.3125],
			"to": [9.25, -2.375, 5.5],
			"faces": {
				"north": {"uv": [7.75, 3.375, 9.25, 3.5625], "texture": "#texture"},
				"east": {"uv": [5.875, 3.375, 6.0625, 3.5625], "texture": "#texture"},
				"west": {"uv": [5.875, 3.375, 6.0625, 3.5625], "texture": "#texture"},
				"up": {"uv": [3.1875, 9.8125, 4.6875, 10], "texture": "#texture"}
			}
		},
		{
			"from": [7.75, -12.6875, 7.5625],
			"to": [9.25, -10.8125, 7.75],
			"faces": {
				"north": {"uv": [9.25, 11.8125, 7.75, 13.6875], "texture": "#texture"},
				"east": {"uv": [9.25, 11.8125, 8.75, 13.6875], "texture": "#texture"},
				"south": {"uv": [7.75, 11.8125, 9.25, 13.6875], "texture": "#texture"},
				"west": {"uv": [7.75, 11.8125, 8.25, 13.6875], "texture": "#texture"},
				"up": {"uv": [7.75, 11.8125, 9.25, 12.3125], "texture": "#texture"},
				"down": {"uv": [7.75, 13.6875, 9.25, 13.1875], "texture": "#texture"}
			}
		},
		{
			"from": [7.75, -3.5, 7.5625],
			"to": [9.25, -3.3125, 7.75],
			"faces": {
				"north": {"uv": [7.75, 4.3125, 9.25, 4.5], "texture": "#texture"},
				"east": {"uv": [7.5625, 4.3125, 7.75, 4.5], "texture": "#texture"},
				"west": {"uv": [7.5625, 4.3125, 7.75, 4.5], "texture": "#texture"},
				"down": {"uv": [4.75, 10.25, 6.25, 10.4375], "texture": "#texture"}
			}
		},
		{
			"from": [7.75, -14, 7.75],
			"to": [9.25, -12.6875, 7.9375],
			"faces": {
				"north": {"uv": [9.25, 13.6875, 7.75, 15], "texture": "#texture"},
				"east": {"uv": [9.25, 13.6875, 8.75, 15], "texture": "#texture"},
				"south": {"uv": [7.75, 13.6875, 9.25, 15], "texture": "#texture"},
				"west": {"uv": [7.75, 13.6875, 8.25, 15], "texture": "#texture"},
				"down": {"uv": [7.75, 15, 9.25, 14.5], "texture": "#texture"}
			}
		},
		{
			"from": [7.75, -4.0625, 7.75],
			"to": [9.25, -3.875, 8.125],
			"faces": {
				"north": {"uv": [7.75, 4.875, 9.25, 5.0625], "texture": "#texture"},
				"east": {"uv": [7.75, 4.875, 8.125, 5.0625], "texture": "#texture"},
				"west": {"uv": [7.75, 4.875, 8.125, 5.0625], "texture": "#texture"},
				"up": {"uv": [7.75, 7.75, 9.25, 8.125], "texture": "#texture"},
				"down": {"uv": [7.75, 7.75, 9.25, 8.125], "texture": "#texture"}
			}
		},
		{
			"from": [7.75, -3.875, 7.75],
			"to": [9.25, -3.5, 7.9375],
			"faces": {
				"north": {"uv": [7.75, 4.5, 9.25, 4.875], "texture": "#texture"},
				"east": {"uv": [7.75, 4.5, 7.9375, 4.875], "texture": "#texture"},
				"south": {"uv": [7.75, 4.5, 9.25, 4.875], "texture": "#texture"},
				"west": {"uv": [7.75, 4.5, 7.9375, 4.875], "texture": "#texture"}
			}
		},
		{
			"from": [7.75, -10.8125, 7.9375],
			"to": [9.25, -4.0625, 8.125],
			"faces": {
				"north": {"uv": [7.75, 5.0625, 9.25, 11.8125], "texture": "#texture"},
				"east": {"uv": [7.9375, 5.0625, 8.125, 11.8125], "texture": "#texture"},
				"west": {"uv": [7.9375, 5.0625, 8.125, 11.8125], "texture": "#texture"}
			}
		},
		{
			"from": [7.75, -10.8125, 8.875],
			"to": [9.25, -3.875, 9.0625],
			"faces": {
				"east": {"uv": [8.875, 4.875, 9.0625, 11.8125], "texture": "#texture"},
				"south": {"uv": [7.75, 4.875, 9.25, 11.8125], "texture": "#texture"},
				"west": {"uv": [8.875, 4.875, 9.0625, 11.8125], "texture": "#texture"}
			}
		},
		{
			"from": [7.75, -14, 9.0625],
			"to": [9.25, -12.6875, 9.25],
			"faces": {
				"north": {"uv": [7.75, 13.6875, 9.25, 15], "texture": "#texture"},
				"east": {"uv": [9.0625, 13.6875, 9.25, 15], "texture": "#texture"},
				"south": {"uv": [7.75, 13.6875, 9.25, 15], "texture": "#texture"},
				"west": {"uv": [9.0625, 13.6875, 9.25, 15], "texture": "#texture"},
				"down": {"uv": [3.6875, 9.375, 5.1875, 9.5625], "texture": "#texture"}
			}
		},
		{
			"from": [7.75, -4.0625, 9.0625],
			"to": [9.25, -3.5, 9.25],
			"faces": {
				"north": {"uv": [7.75, 4.5, 9.25, 5.0625], "texture": "#texture"},
				"east": {"uv": [9.0625, 4.5, 9.25, 5.0625], "texture": "#texture"},
				"south": {"uv": [7.75, 4.5, 9.25, 5.0625], "texture": "#texture"},
				"west": {"uv": [9.0625, 4.5, 9.25, 5.0625], "texture": "#texture"},
				"down": {"uv": [7.8125, 9.0625, 9.3125, 9.25], "texture": "#texture"}
			}
		},
		{
			"from": [7.75, -12.6875, 9.25],
			"to": [9.25, -10.8125, 9.4375],
			"faces": {
				"north": {"uv": [9.25, 11.8125, 7.75, 13.6875], "texture": "#texture"},
				"east": {"uv": [9.25, 11.8125, 8.75, 13.6875], "texture": "#texture"},
				"south": {"uv": [7.75, 11.8125, 9.25, 13.6875], "texture": "#texture"},
				"west": {"uv": [7.75, 11.8125, 8.25, 13.6875], "texture": "#texture"},
				"up": {"uv": [7.75, 11.8125, 9.25, 12.3125], "texture": "#texture"},
				"down": {"uv": [7.75, 13.6875, 9.25, 13.1875], "texture": "#texture"}
			}
		},
		{
			"from": [7.75, -3.5, 9.25],
			"to": [9.25, -3.3125, 9.4375],
			"faces": {
				"east": {"uv": [9.25, 4.3125, 9.4375, 4.5], "texture": "#texture"},
				"south": {"uv": [7.75, 4.3125, 9.25, 4.5], "texture": "#texture"},
				"west": {"uv": [9.25, 4.3125, 9.4375, 4.5], "texture": "#texture"},
				"down": {"uv": [7.8125, 9.25, 9.3125, 9.4375], "texture": "#texture"}
			}
		},
		{
			"from": [7.75, -2.5625, 11.5],
			"to": [9.25, -2.375, 11.6875],
			"faces": {
				"east": {"uv": [11.5, 3.5625, 11.6875, 3.75], "texture": "#texture"},
				"south": {"uv": [7.75, 3.375, 9.25, 3.5625], "texture": "#texture"},
				"west": {"uv": [11.5, 3.5625, 11.6875, 3.75], "texture": "#texture"},
				"up": {"uv": [3.75, 12.5, 5.25, 12.6875], "texture": "#texture"}
			}
		},
		{
			"from": [7.9375, -2.75, 4.9375],
			"to": [9.0625, -2.5625, 5.125],
			"faces": {
				"north": {"uv": [7.9375, 3.5625, 9.0625, 3.75], "texture": "#texture"},
				"east": {"uv": [5.0625, 3.8125, 5.25, 4], "texture": "#texture"},
				"west": {"uv": [5.0625, 3.8125, 5.25, 4], "texture": "#texture"},
				"up": {"uv": [3.8125, 11.3125, 4.9375, 11.5], "texture": "#texture"}
			}
		},
		{
			"from": [7.9375, -2.1875, 6.4375],
			"to": [9.0625, -2, 6.625],
			"faces": {
				"north": {"uv": [7.9375, 3.3125, 9.0625, 3.5], "texture": "#texture"},
				"east": {"uv": [6.4375, 3.3125, 6.625, 3.5], "texture": "#texture"},
				"west": {"uv": [6.4375, 3.3125, 6.625, 3.5], "texture": "#texture"},
				"up": {"uv": [4.875, 9.375, 6, 9.5625], "texture": "#texture"}
			}
		},
		{
			"from": [7.9375, -11.5625, 7.375],
			"to": [9.0625, -10.8125, 7.5625],
			"faces": {
				"north": {"uv": [9.0625, 11.8125, 7.9375, 12.5625], "texture": "#texture"},
				"east": {"uv": [9.0625, 11.8125, 8.5625, 12.5625], "texture": "#texture"},
				"west": {"uv": [7.9375, 11.8125, 8.4375, 12.5625], "texture": "#texture"},
				"up": {"uv": [7.9375, 11.8125, 9.0625, 12.3125], "texture": "#texture"},
				"down": {"uv": [7.9375, 12.5625, 9.0625, 12.0625], "texture": "#texture"}
			}
		},
		{
			"from": [7.9375, -14, 7.5625],
			"to": [9.0625, -12.6875, 7.75],
			"faces": {
				"north": {"uv": [9.0625, 13.6875, 7.9375, 15], "texture": "#texture"},
				"east": {"uv": [9.0625, 13.6875, 8.5625, 15], "texture": "#texture"},
				"west": {"uv": [7.9375, 13.6875, 8.4375, 15], "texture": "#texture"},
				"down": {"uv": [7.9375, 15, 9.0625, 14.5], "texture": "#texture"}
			}
		},
		{
			"from": [7.9375, -3.875, 7.5625],
			"to": [9.0625, -3.5, 7.75],
			"faces": {
				"north": {"uv": [9.0625, 4.5, 7.9375, 4.875], "texture": "#texture"},
				"east": {"uv": [9.0625, 4.5, 8.5625, 4.875], "texture": "#texture"},
				"west": {"uv": [7.9375, 4.5, 8.4375, 4.875], "texture": "#texture"},
				"down": {"uv": [7.9375, 4.875, 9.0625, 4.375], "texture": "#texture"}
			}
		},
		{
			"from": [7.9375, -10.8125, 7.75],
			"to": [9.0625, -4.0625, 7.9375],
			"faces": {
				"north": {"uv": [9.0625, 5.0625, 7.9375, 11.8125], "texture": "#texture"},
				"east": {"uv": [9.0625, 5.0625, 8.5625, 11.8125], "texture": "#texture"},
				"west": {"uv": [7.9375, 5.0625, 8.4375, 11.8125], "texture": "#texture"}
			}
		},
		{
			"from": [7.9375, -10.8125, 9.0625],
			"to": [9.0625, -4.0625, 9.25],
			"faces": {
				"east": {"uv": [9.0625, 5.0625, 8.5625, 11.8125], "texture": "#texture"},
				"south": {"uv": [7.9375, 5.0625, 9.0625, 11.8125], "texture": "#texture"},
				"west": {"uv": [7.9375, 5.0625, 8.4375, 11.8125], "texture": "#texture"}
			}
		},
		{
			"from": [7.9375, -14, 9.25],
			"to": [9.0625, -12.6875, 9.4375],
			"faces": {
				"east": {"uv": [9.0625, 13.6875, 8.5625, 15], "texture": "#texture"},
				"south": {"uv": [7.9375, 13.6875, 9.0625, 15], "texture": "#texture"},
				"west": {"uv": [7.9375, 13.6875, 8.4375, 15], "texture": "#texture"},
				"down": {"uv": [7.9375, 15, 9.0625, 14.5], "texture": "#texture"}
			}
		},
		{
			"from": [7.9375, -3.875, 9.25],
			"to": [9.0625, -3.5, 9.4375],
			"faces": {
				"east": {"uv": [9.25, 4.5, 9.4375, 4.875], "texture": "#texture"},
				"south": {"uv": [7.9375, 4.5, 9.0625, 4.875], "texture": "#texture"},
				"west": {"uv": [9.25, 4.5, 9.4375, 4.875], "texture": "#texture"},
				"down": {"uv": [7.9375, 9.25, 9.0625, 9.4375], "texture": "#texture"}
			}
		},
		{
			"from": [7.9375, -11.5625, 9.4375],
			"to": [9.0625, -10.8125, 9.625],
			"faces": {
				"east": {"uv": [9.4375, 11.8125, 9.625, 12.5625], "texture": "#texture"},
				"south": {"uv": [7.9375, 11.8125, 9.0625, 12.5625], "texture": "#texture"},
				"west": {"uv": [9.4375, 11.8125, 9.625, 12.5625], "texture": "#texture"},
				"up": {"uv": [7.9375, 9.4375, 9.0625, 9.625], "texture": "#texture"},
				"down": {"uv": [7.9375, 9.4375, 9.0625, 9.625], "texture": "#texture"}
			}
		},
		{
			"from": [7.9375, -2.1875, 10.375],
			"to": [9.0625, -2, 10.5625],
			"faces": {
				"east": {"uv": [10.375, 3.3125, 10.5625, 3.5], "texture": "#texture"},
				"south": {"uv": [7.9375, 3.3125, 9.0625, 3.5], "texture": "#texture"},
				"west": {"uv": [10.375, 3.3125, 10.5625, 3.5], "texture": "#texture"},
				"up": {"uv": [3.125, 10.4375, 4.25, 10.625], "texture": "#texture"}
			}
		},
		{
			"from": [7.9375, -2.75, 11.875],
			"to": [9.0625, -2.5625, 12.0625],
			"faces": {
				"east": {"uv": [11.5625, 3.5625, 11.75, 3.75], "texture": "#texture"},
				"south": {"uv": [7.9375, 3.5625, 9.0625, 3.75], "texture": "#texture"},
				"west": {"uv": [11.5, 3.5625, 11.6875, 3.75], "texture": "#texture"},
				"up": {"uv": [3.9375, 11.1875, 5.0625, 11.375], "texture": "#texture"}
			}
		},
		{
			"from": [8.125, -12.5, 7.375],
			"to": [8.875, -11.5625, 7.5625],
			"faces": {
				"north": {"uv": [8.125, 12.5625, 8.875, 13.5], "texture": "#texture"},
				"east": {"uv": [7.5625, 12.5625, 7.75, 13.5], "texture": "#texture"},
				"west": {"uv": [7.5625, 12.5625, 7.75, 13.5], "texture": "#texture"},
				"down": {"uv": [8.125, 7.375, 8.875, 7.5625], "texture": "#texture"}
			}
		},
		{
			"from": [8.125, -3.5, 7.375],
			"to": [8.875, -3.3125, 7.5625],
			"faces": {
				"north": {"uv": [8.125, 4.3125, 8.875, 4.5], "texture": "#texture"},
				"east": {"uv": [7.375, 4.3125, 7.5625, 4.5], "texture": "#texture"},
				"west": {"uv": [7.375, 4.3125, 7.5625, 4.5], "texture": "#texture"},
				"down": {"uv": [8.4375, 4.25, 9.1875, 4.4375], "texture": "#texture"}
			}
		},
		{
			"from": [8.125, -10.8125, 7.5625],
			"to": [8.875, -3.875, 7.75],
			"faces": {
				"north": {"uv": [8.875, 4.875, 8.125, 11.8125], "texture": "#texture"},
				"east": {"uv": [8.875, 4.875, 8.375, 11.8125], "texture": "#texture"},
				"south": {"uv": [8.125, 4.875, 8.875, 11.8125], "texture": "#texture"},
				"west": {"uv": [8.125, 4.875, 8.625, 11.8125], "texture": "#texture"}
			}
		},
		{
			"from": [8.125, -10.8125, 9.25],
			"to": [8.875, -3.875, 9.4375],
			"faces": {
				"north": {"uv": [8.875, 4.875, 8.125, 11.8125], "texture": "#texture"},
				"east": {"uv": [8.875, 4.875, 8.375, 11.8125], "texture": "#texture"},
				"south": {"uv": [8.125, 4.875, 8.875, 11.8125], "texture": "#texture"},
				"west": {"uv": [8.125, 4.875, 8.625, 11.8125], "texture": "#texture"}
			}
		},
		{
			"from": [8.125, -12.5, 9.4375],
			"to": [8.875, -11.5625, 9.625],
			"faces": {
				"east": {"uv": [8.875, 12.5625, 8.375, 13.5], "texture": "#texture"},
				"south": {"uv": [8.125, 12.5625, 8.875, 13.5], "texture": "#texture"},
				"west": {"uv": [8.125, 12.5625, 8.625, 13.5], "texture": "#texture"},
				"down": {"uv": [8.125, 13.5, 8.875, 13], "texture": "#texture"}
			}
		},
		{
			"from": [8.125, -3.5, 9.4375],
			"to": [8.875, -3.3125, 9.625],
			"faces": {
				"east": {"uv": [9.4375, 4.3125, 9.625, 4.5], "texture": "#texture"},
				"south": {"uv": [8.125, 4.3125, 8.875, 4.5], "texture": "#texture"},
				"west": {"uv": [9.4375, 4.3125, 9.625, 4.5], "texture": "#texture"},
				"down": {"uv": [8.375, 4.1875, 9.125, 4.375], "texture": "#texture"}
			}
		},
		{
			"from": [8.3125, -2.9375, 4.5625],
			"to": [8.6875, -2.75, 4.75],
			"faces": {
				"north": {"uv": [8.3125, 3.75, 8.6875, 3.9375], "texture": "#texture"},
				"east": {"uv": [5.0625, 3.8125, 5.25, 4], "texture": "#texture"},
				"west": {"uv": [5.0625, 3.8125, 5.25, 4], "texture": "#texture"},
				"up": {"uv": [0, 9.875, 6.375, 10.375], "texture": "#texture"}
			}
		},
		{
			"from": [8.3125, -2.375, 5.6875],
			"to": [8.6875, -2.1875, 5.875],
			"faces": {
				"north": {"uv": [8.3125, 3.3125, 8.6875, 3.5], "texture": "#texture"},
				"east": {"uv": [5.8125, 3.3125, 6, 3.5], "texture": "#texture"},
				"west": {"uv": [5.8125, 3.3125, 6, 3.5], "texture": "#texture"},
				"up": {"uv": [5.4375, 9.5, 5.8125, 9.6875], "texture": "#texture"}
			}
		},
		{
			"from": [8.3125, -13.0625, 7.375],
			"to": [8.6875, -12.5, 7.5625],
			"faces": {
				"north": {"uv": [8.6875, 13.5, 8.3125, 14.0625], "texture": "#texture"},
				"east": {"uv": [8.6875, 13.5, 8.1875, 14.0625], "texture": "#texture"},
				"south": {"uv": [8.3125, 13.5, 8.6875, 14.0625], "texture": "#texture"},
				"west": {"uv": [8.3125, 13.5, 8.8125, 14.0625], "texture": "#texture"},
				"down": {"uv": [8.3125, 14.0625, 8.6875, 13.5625], "texture": "#texture"}
			}
		},
		{
			"from": [8.3125, -3.6875, 7.375],
			"to": [8.6875, -3.5, 7.5625],
			"faces": {
				"north": {"uv": [8.3125, 4.5, 8.6875, 4.6875], "texture": "#texture"},
				"east": {"uv": [7.5625, 4.5, 7.75, 4.6875], "texture": "#texture"},
				"west": {"uv": [7.5625, 4.5, 7.75, 4.6875], "texture": "#texture"},
				"down": {"uv": [8.3125, 7.375, 8.6875, 7.5625], "texture": "#texture"}
			}
		},
		{
			"from": [8.3125, -13.0625, 9.4375],
			"to": [8.6875, -12.5, 9.625],
			"faces": {
				"north": {"uv": [8.3125, 13.5, 8.6875, 14.0625], "texture": "#texture"},
				"east": {"uv": [9.4375, 13.5, 9.625, 14.0625], "texture": "#texture"},
				"south": {"uv": [8.3125, 13.5, 8.6875, 14.0625], "texture": "#texture"},
				"west": {"uv": [9.4375, 13.5, 9.625, 14.0625], "texture": "#texture"},
				"down": {"uv": [8.3125, 9.4375, 8.6875, 9.625], "texture": "#texture"}
			}
		},
		{
			"from": [8.3125, -3.6875, 9.4375],
			"to": [8.6875, -3.5, 9.625],
			"faces": {
				"east": {"uv": [9.4375, 4.5, 9.625, 4.6875], "texture": "#texture"},
				"south": {"uv": [8.3125, 4.5, 8.6875, 4.6875], "texture": "#texture"},
				"west": {"uv": [9.4375, 4.5, 9.625, 4.6875], "texture": "#texture"},
				"down": {"uv": [8.625, 4.6875, 9, 4.875], "texture": "#texture"}
			}
		},
		{
			"from": [8.3125, -2.375, 11.125],
			"to": [8.6875, -2.1875, 11.3125],
			"faces": {
				"east": {"uv": [11, 3.3125, 11.1875, 3.5], "texture": "#texture"},
				"south": {"uv": [8.3125, 3.3125, 8.6875, 3.5], "texture": "#texture"},
				"west": {"uv": [11, 3.3125, 11.1875, 3.5], "texture": "#texture"},
				"up": {"uv": [4.8125, 11, 5.1875, 11.1875], "texture": "#texture"}
			}
		},
		{
			"from": [8.3125, -2.9375, 12.25],
			"to": [8.6875, -2.75, 12.4375],
			"faces": {
				"east": {"uv": [12.25, 4.125, 12.4375, 4.3125], "texture": "#texture"},
				"south": {"uv": [8.3125, 3.75, 8.6875, 3.9375], "texture": "#texture"},
				"west": {"uv": [12.25, 4.125, 12.4375, 4.3125], "texture": "#texture"},
				"up": {"uv": [5.5, 11.6875, 5.875, 11.875], "texture": "#texture"}
			}
		}
	],
	"display": {
		"thirdperson_righthand": {
			"rotation": [-1, 180, 0],
			"translation": [0, 11.91, 0.76],
			"scale": [0.5, 0.98, 0.54]
		},
		"thirdperson_lefthand": {
			"rotation": [-1, 180, 0],
			"translation": [0, 11.91, 0.76],
			"scale": [0.5, 0.98, 0.54]
		},
		"head": {
			"translation": [0, -13.5, 6.5],
			"rotation": [0, 0, -36]
		},
		"ground": {
			"rotation": [0, 0, 0],
			"translation": [0, 9.83, 0.38],
			"scale": [0.5, 0.5, 0.5]
		},
		"fixed": {
			"rotation": [0, 0, 0],
			"translation": [0, 0, 0],
			"scale": [0.5, 0.5, 0.5]
		},
		"firstperson_righthand": {
			"rotation": [-24, 0, 0],
			"translation": [0, 0, 1.12],
			"scale": [0.7, 1, 0.7]
		},
		"firstperson_lefthand": {
			"rotation": [-24, 0, 0],
			"translation": [0, 0, 1.12],
			"scale": [0.7, 1, 0.7]
		},
		"gui": {
			"rotation": [0, 0, -45],
			"translation": [-0.19, -0.19, 1.13],
			"scale": [0.5, 0.5, 0.5]
		}
	}
}