{
	"credit": "Made By Bailey",
	"textures": {"texture": "block/diamond_sword/7"},
	"elements": [
		{
			"name": "cube",
			"from": [6.5, -1.5, 7.5],
			"to": [9, 1, 8.5],
			"faces": {
				"north": {
					"uv": [3.499, 13.501, 1.001, 15.999],
					"texture": "#texture"
				},
				"east": {
					"uv": [3.001, 13.501, 3.499, 15.999],
					"texture": "#texture"
				},
				"south": {
					"uv": [1.001, 13.501, 3.499, 15.999],
					"texture": "#texture"
				},
				"west": {
					"uv": [1.001, 13.501, 1.499, 15.999],
					"texture": "#texture"
				},
				"up": {
					"uv": [1.001, 13.501, 3.499, 13.999],
					"texture": "#texture"
				},
				"down": {
					"uv": [1.001, 15.501, 3.499, 15.999],
					"texture": "#texture"
				}
			}
		},
		{
			"name": "cube",
			"from": [6.5, 1, 7.75],
			"to": [9.5, 3.5, 8.25],
			"faces": {
				"north": {
					"uv": [3.999, 11.001, 1.001, 13.499],
					"texture": "#texture"
				},
				"east": {
					"uv": [3.501, 11.001, 3.999, 13.499],
					"texture": "#texture"
				},
				"south": {
					"uv": [1.001, 11.001, 3.999, 13.499],
					"texture": "#texture"
				},
				"west": {
					"uv": [1.001, 11.001, 1.499, 13.499],
					"texture": "#texture"
				},
				"up": {
					"uv": [1.001, 11.001, 3.999, 11.499],
					"texture": "#texture"
				},
				"down": {
					"uv": [1.001, 13.001, 3.999, 13.499],
					"texture": "#texture"
				}
			}
		},
		{
			"name": "cube",
			"from": [7, 3.5, 7.75],
			"to": [9.5, 12.5, 8.25],
			"faces": {
				"north": {
					"uv": [3.999, 2.001, 1.501, 10.999],
					"texture": "#texture"
				},
				"east": {
					"uv": [3.501, 2.001, 3.999, 10.999],
					"texture": "#texture"
				},
				"south": {
					"uv": [1.501, 2.001, 3.999, 10.999],
					"texture": "#texture"
				},
				"west": {
					"uv": [1.501, 2.001, 1.999, 10.999],
					"texture": "#texture"
				},
				"up": {
					"uv": [1.501, 2.001, 3.999, 2.499],
					"texture": "#texture"
				},
				"down": {
					"uv": [1.501, 10.501, 3.999, 10.999],
					"texture": "#texture"
				}
			}
		},
		{
			"name": "cube",
			"from": [9, -1.5, 7.75],
			"to": [9.5, 1, 8.25],
			"faces": {
				"north": {
					"uv": [3.999, 13.501, 3.501, 15.999],
					"texture": "#texture"
				},
				"east": {
					"uv": [3.501, 13.501, 3.999, 15.999],
					"texture": "#texture"
				},
				"south": {
					"uv": [3.501, 13.501, 3.999, 15.999],
					"texture": "#texture"
				},
				"west": {
					"uv": [3.501, 13.501, 3.999, 15.999],
					"texture": "#texture"
				},
				"up": {
					"uv": [3.501, 13.501, 3.999, 13.999],
					"texture": "#texture"
				},
				"down": {
					"uv": [3.501, 15.501, 3.999, 15.999],
					"texture": "#texture"
				}
			}
		},
		{
			"name": "cube",
			"from": [9.5, 1, 7.875],
			"to": [10, 6, 8.125],
			"faces": {
				"north": {
					"uv": [4.499, 8.501, 4.001, 13.499],
					"texture": "#texture"
				},
				"east": {
					"uv": [4.001, 8.501, 4.499, 13.499],
					"texture": "#texture"
				},
				"south": {
					"uv": [4.001, 8.501, 4.499, 13.499],
					"texture": "#texture"
				},
				"west": {
					"uv": [4.001, 8.501, 4.499, 13.499],
					"texture": "#texture"
				},
				"up": {
					"uv": [4.001, 8.501, 4.499, 8.999],
					"texture": "#texture"
				},
				"down": {
					"uv": [4.001, 13.001, 4.499, 13.499],
					"texture": "#texture"
				}
			}
		},
		{
			"name": "cube",
			"from": [6, -1.5, 7.5],
			"to": [6.5, 0, 8.5],
			"faces": {
				"north": {
					"uv": [0.999, 14.501, 0.501, 15.999],
					"texture": "#texture"
				},
				"east": {
					"uv": [0.501, 14.501, 0.999, 15.999],
					"texture": "#texture"
				},
				"south": {
					"uv": [0.501, 14.501, 0.999, 15.999],
					"texture": "#texture"
				},
				"west": {
					"uv": [0.501, 14.501, 0.999, 15.999],
					"texture": "#texture"
				},
				"up": {
					"uv": [0.501, 14.501, 0.999, 14.999],
					"texture": "#texture"
				},
				"down": {
					"uv": [0.501, 15.501, 0.999, 15.999],
					"texture": "#texture"
				}
			}
		},
		{
			"name": "cube",
			"from": [6, 0, 7.75],
			"to": [6.5, 1, 8.25],
			"faces": {
				"north": {
					"uv": [0.999, 13.501, 0.501, 14.499],
					"texture": "#texture"
				},
				"east": {
					"uv": [0.501, 13.501, 0.999, 14.499],
					"texture": "#texture"
				},
				"south": {
					"uv": [0.501, 13.501, 0.999, 14.499],
					"texture": "#texture"
				},
				"west": {
					"uv": [0.501, 13.501, 0.999, 14.499],
					"texture": "#texture"
				},
				"up": {
					"uv": [0.501, 13.501, 0.999, 13.999],
					"texture": "#texture"
				},
				"down": {
					"uv": [0.501, 14.001, 0.999, 14.499],
					"texture": "#texture"
				}
			}
		},
		{
			"name": "cube",
			"from": [10, 6, 7.875],
			"to": [10.5, 12.5, 8.125],
			"faces": {
				"north": {
					"uv": [4.999, 2.001, 4.501, 8.499],
					"texture": "#texture"
				},
				"east": {
					"uv": [4.501, 2.001, 4.999, 8.499],
					"texture": "#texture"
				},
				"south": {
					"uv": [4.501, 2.001, 4.999, 8.499],
					"texture": "#texture"
				},
				"west": {
					"uv": [4.501, 2.001, 4.999, 8.499],
					"texture": "#texture"
				},
				"up": {
					"uv": [4.501, 2.001, 4.999, 2.499],
					"texture": "#texture"
				},
				"down": {
					"uv": [4.501, 8.001, 4.999, 8.499],
					"texture": "#texture"
				}
			}
		},
		{
			"name": "cube",
			"from": [9.5, 6, 7.75],
			"to": [10, 12.5, 8.25],
			"faces": {
				"north": {
					"uv": [4.499, 2.001, 4.001, 8.499],
					"texture": "#texture"
				},
				"east": {
					"uv": [4.001, 2.001, 4.499, 8.499],
					"texture": "#texture"
				},
				"south": {
					"uv": [4.001, 2.001, 4.499, 8.499],
					"texture": "#texture"
				},
				"west": {
					"uv": [4.001, 2.001, 4.499, 8.499],
					"texture": "#texture"
				},
				"up": {
					"uv": [4.001, 2.001, 4.499, 2.499],
					"texture": "#texture"
				},
				"down": {
					"uv": [4.001, 8.001, 4.499, 8.499],
					"texture": "#texture"
				}
			}
		},
		{
			"name": "cube",
			"from": [6.5, 6.5, 7.75],
			"to": [7, 9.5, 8.25],
			"faces": {
				"north": {
					"uv": [1.499, 5.001, 1.001, 7.999],
					"texture": "#texture"
				},
				"east": {
					"uv": [1.001, 5.001, 1.499, 7.999],
					"texture": "#texture"
				},
				"south": {
					"uv": [1.001, 5.001, 1.499, 7.999],
					"texture": "#texture"
				},
				"west": {
					"uv": [1.001, 5.001, 1.499, 7.999],
					"texture": "#texture"
				},
				"up": {
					"uv": [1.001, 5.001, 1.499, 5.499],
					"texture": "#texture"
				},
				"down": {
					"uv": [1.001, 7.501, 1.499, 7.999],
					"texture": "#texture"
				}
			}
		},
		{
			"name": "cube",
			"from": [6, 9.5, 7.75],
			"to": [7, 12.5, 8.25],
			"faces": {
				"north": {
					"uv": [1.499, 2.001, 0.501, 4.999],
					"texture": "#texture"
				},
				"east": {
					"uv": [1.001, 2.001, 1.499, 4.999],
					"texture": "#texture"
				},
				"south": {
					"uv": [0.501, 2.001, 1.499, 4.999],
					"texture": "#texture"
				},
				"west": {
					"uv": [0.501, 2.001, 0.999, 4.999],
					"texture": "#texture"
				},
				"up": {
					"uv": [0.501, 2.001, 1.499, 2.499],
					"texture": "#texture"
				},
				"down": {
					"uv": [0.501, 4.501, 1.499, 4.999],
					"texture": "#texture"
				}
			}
		},
		{
			"name": "cube",
			"from": [5.5, 12.5, 7.75],
			"to": [9.5, 14.5, 8.25],
			"faces": {
				"north": {
					"uv": [3.999, 0.001, 0.001, 1.999],
					"texture": "#texture"
				},
				"east": {
					"uv": [3.501, 0.001, 3.999, 1.999],
					"texture": "#texture"
				},
				"south": {
					"uv": [0.001, 0.001, 3.999, 1.999],
					"texture": "#texture"
				},
				"west": {
					"uv": [0.001, 0.001, 0.499, 1.999],
					"texture": "#texture"
				},
				"up": {
					"uv": [0.001, 0.001, 3.999, 0.499],
					"texture": "#texture"
				},
				"down": {
					"uv": [0.001, 1.501, 3.999, 1.999],
					"texture": "#texture"
				}
			}
		},
		{
			"name": "cube",
			"from": [9.5, 12.5, 7.875],
			"to": [10, 14.5, 8.125],
			"faces": {
				"north": {
					"uv": [4.499, 0.001, 4.001, 1.999],
					"texture": "#texture"
				},
				"east": {
					"uv": [4.001, 0.001, 4.499, 1.999],
					"texture": "#texture"
				},
				"south": {
					"uv": [4.001, 0.001, 4.499, 1.999],
					"texture": "#texture"
				},
				"west": {
					"uv": [4.001, 0.001, 4.499, 1.999],
					"texture": "#texture"
				},
				"up": {
					"uv": [4.001, 0.001, 4.499, 0.499],
					"texture": "#texture"
				},
				"down": {
					"uv": [4.001, 1.501, 4.499, 1.999],
					"texture": "#texture"
				}
			}
		},
		{
			"name": "cube",
			"from": [7.5, 1, 7.5],
			"to": [9, 7.5, 8.5],
			"faces": {
				"north": {
					"uv": [3.499, 7.001, 2.001, 13.499],
					"texture": "#texture"
				},
				"east": {
					"uv": [3.001, 7.001, 3.499, 13.499],
					"texture": "#texture"
				},
				"south": {
					"uv": [2.001, 7.001, 3.499, 13.499],
					"texture": "#texture"
				},
				"west": {
					"uv": [2.001, 7.001, 2.499, 13.499],
					"texture": "#texture"
				},
				"up": {
					"uv": [2.001, 6.501, 3.499, 6.999],
					"texture": "#texture"
				},
				"down": {
					"uv": [2.001, 13.001, 3.499, 13.499],
					"texture": "#texture"
				}
			}
		},
		{
			"name": "cube",
			"from": [7.5, 7.5, 7.5],
			"to": [9.5, 11.5, 8.5],
			"faces": {
				"north": {
					"uv": [3.999, 3.001, 2.001, 6.999],
					"texture": "#texture"
				},
				"east": {
					"uv": [3.501, 3.001, 3.999, 6.999],
					"texture": "#texture"
				},
				"south": {
					"uv": [2.001, 3.001, 3.999, 6.999],
					"texture": "#texture"
				},
				"west": {
					"uv": [2.001, 3.001, 2.499, 6.999],
					"texture": "#texture"
				},
				"up": {
					"uv": [2.001, 3.001, 3.999, 3.499],
					"texture": "#texture"
				},
				"down": {
					"uv": [2.001, 6.501, 3.999, 6.999],
					"texture": "#texture"
				}
			}
		},
		{
			"name": "cube",
			"from": [7, 11.5, 7.5],
			"to": [9, 13.5, 8.5],
			"faces": {
				"north": {
					"uv": [3.499, 1.001, 1.751, 2.999],
					"texture": "#texture"
				},
				"east": {
					"uv": [3.001, 1.001, 3.499, 2.999],
					"texture": "#texture"
				},
				"south": {
					"uv": [1.501, 1.001, 3.499, 2.999],
					"texture": "#texture"
				},
				"west": {
					"uv": [1.501, 1.001, 1.999, 2.999],
					"texture": "#texture"
				},
				"up": {
					"uv": [1.501, 1.001, 3.499, 1.499],
					"texture": "#texture"
				},
				"down": {
					"uv": [1.501, 2.501, 3.499, 2.999],
					"texture": "#texture"
				}
			}
		},
		{
			"name": "cube",
			"from": [6.5, 13.5, 7.5],
			"to": [9, 14.5, 8.5],
			"faces": {
				"north": {
					"uv": [3.499, 0.001, 1.001, 0.999],
					"texture": "#texture"
				},
				"east": {
					"uv": [3.001, 0.001, 3.499, 0.999],
					"texture": "#texture"
				},
				"south": {
					"uv": [1.001, 0.001, 3.499, 0.999],
					"texture": "#texture"
				},
				"west": {
					"uv": [1.001, 0.001, 1.499, 0.999],
					"texture": "#texture"
				},
				"up": {
					"uv": [1.001, 0.001, 3.499, 0.499],
					"texture": "#texture"
				},
				"down": {
					"uv": [1.001, 0.501, 3.499, 0.999],
					"texture": "#texture"
				}
			}
		},
		{
			"name": "cube",
			"from": [5, 14.5, 7.75],
			"to": [9.5, 16.5, 8.25],
			"faces": {
				"north": {
					"uv": [14.999, 14.001, 10.501, 15.999],
					"texture": "#texture"
				},
				"east": {
					"uv": [14.501, 14.001, 14.999, 15.999],
					"texture": "#texture"
				},
				"south": {
					"uv": [10.501, 14.001, 14.999, 15.999],
					"texture": "#texture"
				},
				"west": {
					"uv": [10.501, 14.001, 10.999, 15.999],
					"texture": "#texture"
				},
				"up": {
					"uv": [10.501, 14.001, 14.999, 14.499],
					"texture": "#texture"
				},
				"down": {
					"uv": [10.501, 15.501, 14.999, 15.999],
					"texture": "#texture"
				}
			}
		},
		{
			"name": "cube",
			"from": [6, 14.5, 7.5],
			"to": [8.5, 15.5, 8.5],
			"faces": {
				"north": {
					"uv": [13.999, 15.001, 11.501, 15.999],
					"texture": "#texture"
				},
				"east": {
					"uv": [13.501, 15.001, 13.999, 15.999],
					"texture": "#texture"
				},
				"south": {
					"uv": [11.501, 15.001, 13.999, 15.999],
					"texture": "#texture"
				},
				"west": {
					"uv": [11.501, 15.001, 11.999, 15.999],
					"texture": "#texture"
				},
				"up": {
					"uv": [11.501, 15.001, 13.999, 15.499],
					"texture": "#texture"
				},
				"down": {
					"uv": [11.501, 15.501, 13.999, 15.999],
					"texture": "#texture"
				}
			}
		},
		{
			"name": "cube",
			"from": [5.5, 15.5, 7.5],
			"to": [8, 16.5, 8.5],
			"faces": {
				"north": {
					"uv": [13.499, 14.001, 11.001, 14.999],
					"texture": "#texture"
				},
				"east": {
					"uv": [13.001, 14.001, 13.499, 14.999],
					"texture": "#texture"
				},
				"south": {
					"uv": [11.001, 14.001, 13.499, 14.999],
					"texture": "#texture"
				},
				"west": {
					"uv": [11.001, 14.001, 11.499, 14.999],
					"texture": "#texture"
				},
				"up": {
					"uv": [11.001, 14.001, 13.499, 14.499],
					"texture": "#texture"
				},
				"down": {
					"uv": [11.001, 14.501, 13.499, 14.999],
					"texture": "#texture"
				}
			}
		},
		{
			"name": "cube",
			"from": [9.5, 14.5, 7.875],
			"to": [10, 16.5, 8.125],
			"faces": {
				"north": {
					"uv": [15.499, 14.001, 15.001, 15.999],
					"texture": "#texture"
				},
				"east": {
					"uv": [15.001, 14.001, 15.499, 15.999],
					"texture": "#texture"
				},
				"south": {
					"uv": [15.001, 14.001, 15.499, 15.999],
					"texture": "#texture"
				},
				"west": {
					"uv": [15.001, 14.001, 15.499, 15.999],
					"texture": "#texture"
				},
				"up": {
					"uv": [15.001, 14.001, 15.499, 14.499],
					"texture": "#texture"
				},
				"down": {
					"uv": [15.001, 15.501, 15.499, 15.999],
					"texture": "#texture"
				}
			}
		},
		{
			"name": "cube",
			"from": [4.5, 15, 7.75],
			"to": [5, 16.5, 8.25],
			"faces": {
				"north": {
					"uv": [10.499, 14.001, 10.001, 15.499],
					"texture": "#texture"
				},
				"east": {
					"uv": [10.001, 14.001, 10.499, 15.499],
					"texture": "#texture"
				},
				"south": {
					"uv": [10.001, 14.001, 10.499, 15.499],
					"texture": "#texture"
				},
				"west": {
					"uv": [10.001, 14.001, 10.499, 15.499],
					"texture": "#texture"
				},
				"up": {
					"uv": [10.001, 14.001, 10.499, 14.499],
					"texture": "#texture"
				},
				"down": {
					"uv": [10.001, 15.001, 10.499, 15.499],
					"texture": "#texture"
				}
			}
		},
		{
			"name": "cube",
			"from": [3.5, 16, 7.75],
			"to": [4.5, 16.5, 8.25],
			"faces": {
				"north": {
					"uv": [9.999, 14.001, 9.001, 14.499],
					"texture": "#texture"
				},
				"east": {
					"uv": [9.501, 14.001, 9.999, 14.499],
					"texture": "#texture"
				},
				"south": {
					"uv": [9.001, 14.001, 9.999, 14.499],
					"texture": "#texture"
				},
				"west": {
					"uv": [9.001, 14.001, 9.499, 14.499],
					"texture": "#texture"
				},
				"up": {
					"uv": [9.001, 14.001, 9.999, 14.499],
					"texture": "#texture"
				},
				"down": {
					"uv": [9.001, 14.001, 9.999, 14.499],
					"texture": "#texture"
				}
			}
		},
		{
			"name": "cube",
			"from": [3, 16.5, 7.75],
			"to": [9, 18, 8.25],
			"faces": {
				"north": {
					"uv": [14.499, 12.501, 8.501, 13.999],
					"texture": "#texture"
				},
				"east": {
					"uv": [14.001, 12.501, 14.499, 13.999],
					"texture": "#texture"
				},
				"south": {
					"uv": [8.501, 12.501, 14.499, 13.999],
					"texture": "#texture"
				},
				"west": {
					"uv": [8.501, 12.501, 8.999, 13.999],
					"texture": "#texture"
				},
				"up": {
					"uv": [8.501, 12.501, 14.499, 12.999],
					"texture": "#texture"
				},
				"down": {
					"uv": [8.501, 13.501, 14.499, 13.999],
					"texture": "#texture"
				}
			}
		},
		{
			"name": "cube",
			"from": [9, 16.5, 7.875],
			"to": [9.5, 18, 8.125],
			"faces": {
				"north": {
					"uv": [14.999, 12.501, 14.501, 13.999],
					"texture": "#texture"
				},
				"east": {
					"uv": [14.501, 12.501, 14.999, 13.999],
					"texture": "#texture"
				},
				"south": {
					"uv": [14.501, 12.501, 14.999, 13.999],
					"texture": "#texture"
				},
				"west": {
					"uv": [14.501, 12.501, 14.999, 13.999],
					"texture": "#texture"
				},
				"up": {
					"uv": [14.501, 12.501, 14.999, 12.999],
					"texture": "#texture"
				},
				"down": {
					"uv": [14.501, 13.501, 14.999, 13.999],
					"texture": "#texture"
				}
			}
		},
		{
			"name": "cube",
			"from": [2, 17, 7.75],
			"to": [3, 18, 8.25],
			"faces": {
				"north": {
					"uv": [8.499, 12.501, 7.501, 13.499],
					"texture": "#texture"
				},
				"east": {
					"uv": [8.001, 12.501, 8.499, 13.499],
					"texture": "#texture"
				},
				"south": {
					"uv": [7.501, 12.501, 8.499, 13.499],
					"texture": "#texture"
				},
				"west": {
					"uv": [7.501, 12.501, 7.999, 13.499],
					"texture": "#texture"
				},
				"up": {
					"uv": [7.501, 12.501, 8.499, 12.999],
					"texture": "#texture"
				},
				"down": {
					"uv": [7.501, 13.001, 8.499, 13.499],
					"texture": "#texture"
				}
			}
		},
		{
			"name": "cube",
			"from": [1.5, 17.5, 7.875],
			"to": [2, 19, 8.125],
			"faces": {
				"north": {
					"uv": [7.499, 11.501, 7.001, 12.999],
					"texture": "#texture"
				},
				"east": {
					"uv": [7.001, 11.501, 7.499, 12.999],
					"texture": "#texture"
				},
				"south": {
					"uv": [7.001, 11.501, 7.499, 12.999],
					"texture": "#texture"
				},
				"west": {
					"uv": [7.001, 11.501, 7.499, 12.999],
					"texture": "#texture"
				},
				"up": {
					"uv": [7.001, 11.501, 7.499, 11.999],
					"texture": "#texture"
				},
				"down": {
					"uv": [7.001, 12.501, 7.499, 12.999],
					"texture": "#texture"
				}
			}
		},
		{
			"name": "cube",
			"from": [1, 17.5, 7.875],
			"to": [1.5, 18, 8.125],
			"faces": {
				"north": {
					"uv": [6.999, 12.501, 6.501, 12.999],
					"texture": "#texture"
				},
				"east": {
					"uv": [6.501, 12.501, 6.999, 12.999],
					"texture": "#texture"
				},
				"south": {
					"uv": [6.501, 12.501, 6.749, 12.999],
					"texture": "#texture"
				},
				"west": {
					"uv": [6.501, 12.501, 6.999, 12.999],
					"texture": "#texture"
				},
				"up": {
					"uv": [6.501, 12.501, 6.999, 12.999],
					"texture": "#texture"
				},
				"down": {
					"uv": [6.501, 12.501, 6.999, 12.999],
					"texture": "#texture"
				}
			}
		},
		{
			"name": "cube",
			"from": [2, 19, 7.875],
			"to": [2.5, 23.5, 8.125],
			"faces": {
				"north": {
					"uv": [7.999, 7.001, 7.501, 11.499],
					"texture": "#texture"
				},
				"east": {
					"uv": [7.501, 7.001, 7.999, 11.499],
					"texture": "#texture"
				},
				"south": {
					"uv": [7.501, 7.001, 7.999, 11.499],
					"texture": "#texture"
				},
				"west": {
					"uv": [7.501, 7.001, 7.999, 11.499],
					"texture": "#texture"
				},
				"up": {
					"uv": [7.501, 7.001, 7.999, 7.499],
					"texture": "#texture"
				},
				"down": {
					"uv": [7.501, 11.001, 7.999, 11.499],
					"texture": "#texture"
				}
			}
		},
		{
			"name": "cube",
			"from": [2, 18, 7.75],
			"to": [8.5, 19, 8.25],
			"faces": {
				"north": {
					"uv": [13.999, 11.501, 7.501, 12.499],
					"texture": "#texture"
				},
				"east": {
					"uv": [13.501, 11.501, 13.999, 12.499],
					"texture": "#texture"
				},
				"south": {
					"uv": [7.501, 11.501, 13.999, 12.499],
					"texture": "#texture"
				},
				"west": {
					"uv": [7.501, 11.501, 7.999, 12.499],
					"texture": "#texture"
				},
				"up": {
					"uv": [7.501, 11.501, 13.999, 11.999],
					"texture": "#texture"
				},
				"down": {
					"uv": [7.501, 12.001, 13.999, 12.499],
					"texture": "#texture"
				}
			}
		},
		{
			"name": "cube",
			"from": [2.5, 19, 7.75],
			"to": [8.5, 20, 8.25],
			"faces": {
				"north": {
					"uv": [13.999, 10.501, 8.001, 11.499],
					"texture": "#texture"
				},
				"east": {
					"uv": [13.501, 10.501, 13.999, 11.499],
					"texture": "#texture"
				},
				"south": {
					"uv": [8.001, 10.501, 13.999, 11.499],
					"texture": "#texture"
				},
				"west": {
					"uv": [8.001, 10.501, 8.499, 11.499],
					"texture": "#texture"
				},
				"up": {
					"uv": [8.001, 10.501, 13.999, 10.999],
					"texture": "#texture"
				},
				"down": {
					"uv": [8.001, 11.001, 13.999, 11.499],
					"texture": "#texture"
				}
			}
		},
		{
			"name": "cube",
			"from": [8.5, 18, 7.875],
			"to": [9, 20, 8.125],
			"faces": {
				"north": {
					"uv": [14.499, 10.501, 14.001, 12.499],
					"texture": "#texture"
				},
				"east": {
					"uv": [14.001, 10.501, 14.499, 12.499],
					"texture": "#texture"
				},
				"south": {
					"uv": [14.001, 10.501, 14.499, 12.499],
					"texture": "#texture"
				},
				"west": {
					"uv": [14.001, 10.501, 14.499, 12.499],
					"texture": "#texture"
				},
				"up": {
					"uv": [14.001, 10.501, 14.499, 10.999],
					"texture": "#texture"
				},
				"down": {
					"uv": [14.001, 12.001, 14.499, 12.499],
					"texture": "#texture"
				}
			}
		},
		{
			"name": "cube",
			"from": [2.5, 20, 7.75],
			"to": [8, 21.5, 8.25],
			"faces": {
				"north": {
					"uv": [13.499, 9.001, 8.001, 10.499],
					"texture": "#texture"
				},
				"east": {
					"uv": [13.001, 9.001, 13.499, 10.499],
					"texture": "#texture"
				},
				"south": {
					"uv": [8.001, 9.001, 13.499, 10.499],
					"texture": "#texture"
				},
				"west": {
					"uv": [8.001, 9.001, 8.499, 10.499],
					"texture": "#texture"
				},
				"up": {
					"uv": [8.001, 9.001, 13.499, 9.499],
					"texture": "#texture"
				},
				"down": {
					"uv": [8.001, 10.001, 13.499, 10.499],
					"texture": "#texture"
				}
			}
		},
		{
			"name": "cube",
			"from": [8, 20, 7.875],
			"to": [8.5, 21.5, 8.125],
			"faces": {
				"north": {
					"uv": [13.999, 9.001, 13.501, 10.499],
					"texture": "#texture"
				},
				"east": {
					"uv": [13.501, 9.001, 13.999, 10.499],
					"texture": "#texture"
				},
				"south": {
					"uv": [13.501, 9.001, 13.999, 10.499],
					"texture": "#texture"
				},
				"west": {
					"uv": [13.501, 9.001, 13.999, 10.499],
					"texture": "#texture"
				},
				"up": {
					"uv": [13.501, 9.001, 13.999, 9.499],
					"texture": "#texture"
				},
				"down": {
					"uv": [13.501, 10.001, 13.999, 10.499],
					"texture": "#texture"
				}
			}
		},
		{
			"name": "cube",
			"from": [2.5, 21.5, 7.75],
			"to": [7.5, 22, 8.25],
			"faces": {
				"north": {
					"uv": [12.999, 8.501, 8.001, 8.999],
					"texture": "#texture"
				},
				"east": {
					"uv": [12.501, 8.501, 12.999, 8.999],
					"texture": "#texture"
				},
				"south": {
					"uv": [8.001, 8.501, 12.999, 8.999],
					"texture": "#texture"
				},
				"west": {
					"uv": [8.001, 8.501, 8.499, 8.999],
					"texture": "#texture"
				},
				"up": {
					"uv": [8.001, 8.501, 12.999, 8.999],
					"texture": "#texture"
				},
				"down": {
					"uv": [8.001, 8.501, 12.999, 8.999],
					"texture": "#texture"
				}
			}
		},
		{
			"name": "cube",
			"from": [2.5, 22, 7.75],
			"to": [6.5, 22.5, 8.25],
			"faces": {
				"north": {
					"uv": [11.999, 8.001, 8.001, 8.499],
					"texture": "#texture"
				},
				"east": {
					"uv": [11.501, 8.001, 11.999, 8.499],
					"texture": "#texture"
				},
				"south": {
					"uv": [8.001, 8.001, 11.999, 8.499],
					"texture": "#texture"
				},
				"west": {
					"uv": [8.001, 8.001, 8.499, 8.499],
					"texture": "#texture"
				},
				"up": {
					"uv": [8.001, 8.001, 11.999, 8.499],
					"texture": "#texture"
				},
				"down": {
					"uv": [8.001, 8.001, 11.999, 8.499],
					"texture": "#texture"
				}
			}
		},
		{
			"name": "cube",
			"from": [2.5, 22.5, 7.75],
			"to": [5.5, 23, 8.25],
			"faces": {
				"north": {
					"uv": [11.249, 7.501, 8.001, 7.999],
					"texture": "#texture"
				},
				"east": {
					"uv": [10.501, 7.501, 10.999, 7.999],
					"texture": "#texture"
				},
				"south": {
					"uv": [8.001, 7.501, 10.999, 7.999],
					"texture": "#texture"
				},
				"west": {
					"uv": [8.001, 7.501, 8.499, 7.999],
					"texture": "#texture"
				},
				"up": {
					"uv": [8.001, 7.501, 10.999, 7.999],
					"texture": "#texture"
				},
				"down": {
					"uv": [8.001, 7.501, 10.999, 7.999],
					"texture": "#texture"
				}
			}
		},
		{
			"name": "cube",
			"from": [2.5, 23, 7.75],
			"to": [4, 23.5, 8.25],
			"faces": {
				"north": {
					"uv": [9.249, 7.001, 8.001, 7.499],
					"texture": "#texture"
				},
				"east": {
					"uv": [9.001, 7.001, 9.499, 7.499],
					"texture": "#texture"
				},
				"south": {
					"uv": [8.001, 7.001, 9.499, 7.499],
					"texture": "#texture"
				},
				"west": {
					"uv": [8.001, 7.001, 8.499, 7.499],
					"texture": "#texture"
				},
				"up": {
					"uv": [8.001, 7.001, 9.499, 7.499],
					"texture": "#texture"
				},
				"down": {
					"uv": [8.001, 7.001, 9.499, 7.499],
					"texture": "#texture"
				}
			}
		},
		{
			"name": "cube",
			"from": [2, 23.5, 7.75],
			"to": [3, 24, 8.25],
			"faces": {
				"north": {
					"uv": [8.249, 6.501, 7.501, 6.999],
					"texture": "#texture"
				},
				"east": {
					"uv": [8.001, 6.501, 8.499, 6.999],
					"texture": "#texture"
				},
				"south": {
					"uv": [7.501, 6.501, 8.499, 6.999],
					"texture": "#texture"
				},
				"west": {
					"uv": [7.501, 6.501, 7.999, 6.999],
					"texture": "#texture"
				},
				"up": {
					"uv": [7.501, 6.501, 8.499, 6.999],
					"texture": "#texture"
				},
				"down": {
					"uv": [7.501, 6.501, 8.499, 6.999],
					"texture": "#texture"
				}
			}
		},
		{
			"name": "cube",
			"from": [7.5, 21.5, 7.875],
			"to": [8, 22, 8.125],
			"faces": {
				"north": {
					"uv": [13.499, 8.501, 13.001, 8.999],
					"texture": "#texture"
				},
				"east": {
					"uv": [13.001, 8.501, 13.499, 8.999],
					"texture": "#texture"
				},
				"south": {
					"uv": [13.001, 8.501, 13.499, 8.999],
					"texture": "#texture"
				},
				"west": {
					"uv": [13.001, 8.501, 13.499, 8.999],
					"texture": "#texture"
				},
				"up": {
					"uv": [13.001, 8.501, 13.499, 8.999],
					"texture": "#texture"
				},
				"down": {
					"uv": [13.001, 8.501, 13.499, 8.999],
					"texture": "#texture"
				}
			}
		},
		{
			"name": "cube",
			"from": [7, 22, 7.875],
			"to": [7.5, 22.5, 8.125],
			"faces": {
				"north": {
					"uv": [12.999, 8.001, 12.501, 8.499],
					"texture": "#texture"
				},
				"east": {
					"uv": [12.501, 8.001, 12.999, 8.499],
					"texture": "#texture"
				},
				"south": {
					"uv": [12.501, 8.001, 12.999, 8.499],
					"texture": "#texture"
				},
				"west": {
					"uv": [12.501, 8.001, 12.999, 8.499],
					"texture": "#texture"
				},
				"up": {
					"uv": [12.501, 8.001, 12.999, 8.499],
					"texture": "#texture"
				},
				"down": {
					"uv": [12.501, 8.001, 12.999, 8.499],
					"texture": "#texture"
				}
			}
		},
		{
			"name": "cube",
			"from": [5.5, 22, 7.875],
			"to": [7, 23, 8.125],
			"faces": {
				"north": {
					"uv": [12.499, 7.501, 11.001, 8.499],
					"texture": "#texture"
				},
				"east": {
					"uv": [12.001, 7.501, 12.499, 8.499],
					"texture": "#texture"
				},
				"south": {
					"uv": [11.001, 7.501, 12.499, 8.499],
					"texture": "#texture"
				},
				"west": {
					"uv": [11.001, 7.501, 11.499, 8.499],
					"texture": "#texture"
				},
				"up": {
					"uv": [11.001, 7.501, 12.499, 7.999],
					"texture": "#texture"
				},
				"down": {
					"uv": [11.001, 8.001, 12.499, 8.499],
					"texture": "#texture"
				}
			}
		},
		{
			"name": "cube",
			"from": [6, 23, 7.875],
			"to": [6.5, 23.5, 8.125],
			"faces": {
				"north": {
					"uv": [11.999, 7.001, 11.501, 7.499],
					"texture": "#texture"
				},
				"east": {
					"uv": [11.501, 7.001, 11.999, 7.499],
					"texture": "#texture"
				},
				"south": {
					"uv": [11.501, 7.001, 11.999, 7.499],
					"texture": "#texture"
				},
				"west": {
					"uv": [11.501, 7.001, 11.999, 7.499],
					"texture": "#texture"
				},
				"up": {
					"uv": [11.501, 7.001, 11.999, 7.499],
					"texture": "#texture"
				},
				"down": {
					"uv": [11.501, 7.001, 11.999, 7.499],
					"texture": "#texture"
				}
			}
		},
		{
			"name": "cube",
			"from": [3, 23, 7.875],
			"to": [6, 24, 8.125],
			"faces": {
				"north": {
					"uv": [11.499, 6.501, 8.001, 7.499],
					"texture": "#texture"
				},
				"east": {
					"uv": [11.001, 6.501, 11.499, 7.499],
					"texture": "#texture"
				},
				"south": {
					"uv": [8.001, 6.501, 11.499, 7.499],
					"texture": "#texture"
				},
				"west": {
					"uv": [8.001, 6.501, 8.499, 7.499],
					"texture": "#texture"
				},
				"up": {
					"uv": [8.501, 6.501, 11.499, 6.999],
					"texture": "#texture"
				},
				"down": {
					"uv": [8.501, 7.001, 11.499, 7.499],
					"texture": "#texture"
				}
			}
		},
		{
			"name": "cube",
			"from": [4.5, 24, 7.875],
			"to": [5.5, 24.5, 8.125],
			"faces": {
				"north": {
					"uv": [10.999, 6.001, 10.001, 6.499],
					"texture": "#texture"
				},
				"east": {
					"uv": [10.501, 6.001, 10.999, 6.499],
					"texture": "#texture"
				},
				"south": {
					"uv": [10.001, 6.001, 10.999, 6.499],
					"texture": "#texture"
				},
				"west": {
					"uv": [10.001, 6.001, 10.499, 6.499],
					"texture": "#texture"
				},
				"up": {
					"uv": [10.001, 6.001, 10.999, 6.499],
					"texture": "#texture"
				},
				"down": {
					"uv": [10.001, 6.001, 10.999, 6.499],
					"texture": "#texture"
				}
			}
		},
		{
			"name": "cube",
			"from": [2, 24, 7.875],
			"to": [4.5, 25, 8.125],
			"faces": {
				"north": {
					"uv": [9.999, 5.501, 7.501, 6.499],
					"texture": "#texture"
				},
				"east": {
					"uv": [9.501, 5.501, 9.999, 6.499],
					"texture": "#texture"
				},
				"south": {
					"uv": [7.501, 5.501, 9.999, 6.499],
					"texture": "#texture"
				},
				"west": {
					"uv": [7.501, 5.501, 7.999, 6.499],
					"texture": "#texture"
				},
				"up": {
					"uv": [7.501, 5.501, 9.999, 5.999],
					"texture": "#texture"
				},
				"down": {
					"uv": [7.501, 6.001, 9.999, 6.499],
					"texture": "#texture"
				}
			}
		},
		{
			"name": "cube",
			"from": [1.5, 23.5, 7.875],
			"to": [2, 25, 8.125],
			"faces": {
				"north": {
					"uv": [7.499, 5.501, 7.001, 6.999],
					"texture": "#texture"
				},
				"east": {
					"uv": [7.001, 5.501, 7.499, 6.999],
					"texture": "#texture"
				},
				"south": {
					"uv": [7.001, 5.501, 7.499, 6.999],
					"texture": "#texture"
				},
				"west": {
					"uv": [7.001, 5.501, 7.499, 6.999],
					"texture": "#texture"
				},
				"up": {
					"uv": [7.001, 5.501, 7.499, 5.999],
					"texture": "#texture"
				},
				"down": {
					"uv": [7.001, 6.501, 7.499, 6.999],
					"texture": "#texture"
				}
			}
		},
		{
			"name": "cube",
			"from": [3, 25, 7.875],
			"to": [4, 25.5, 8.125],
			"faces": {
				"north": {
					"uv": [9.499, 5.001, 8.501, 5.499],
					"texture": "#texture"
				},
				"east": {
					"uv": [9.001, 5.001, 9.499, 5.499],
					"texture": "#texture"
				},
				"south": {
					"uv": [8.501, 5.001, 9.499, 5.499],
					"texture": "#texture"
				},
				"west": {
					"uv": [8.501, 5.001, 8.999, 5.499],
					"texture": "#texture"
				},
				"up": {
					"uv": [8.501, 5.001, 9.499, 5.499],
					"texture": "#texture"
				},
				"down": {
					"uv": [8.501, 5.001, 9.499, 5.499],
					"texture": "#texture"
				}
			}
		},
		{
			"name": "cube",
			"from": [1, 25, 7.875],
			"to": [3, 26, 8.125],
			"faces": {
				"north": {
					"uv": [8.499, 4.501, 6.501, 5.499],
					"texture": "#texture"
				},
				"east": {
					"uv": [8.001, 4.501, 8.499, 5.499],
					"texture": "#texture"
				},
				"south": {
					"uv": [6.501, 4.501, 8.499, 5.499],
					"texture": "#texture"
				},
				"west": {
					"uv": [6.501, 4.501, 6.999, 5.499],
					"texture": "#texture"
				},
				"up": {
					"uv": [6.501, 4.501, 8.499, 4.999],
					"texture": "#texture"
				},
				"down": {
					"uv": [6.501, 5.001, 8.499, 5.499],
					"texture": "#texture"
				}
			}
		},
		{
			"name": "cube",
			"from": [0.5, 25.5, 7.875],
			"to": [1.5, 26.5, 8.125],
			"faces": {
				"north": {
					"uv": [6.999, 4.001, 6.001, 4.999],
					"texture": "#texture"
				},
				"east": {
					"uv": [6.501, 4.001, 6.999, 4.999],
					"texture": "#texture"
				},
				"south": {
					"uv": [6.001, 4.001, 6.999, 4.999],
					"texture": "#texture"
				},
				"west": {
					"uv": [6.001, 4.001, 6.499, 4.999],
					"texture": "#texture"
				},
				"up": {
					"uv": [6.001, 4.001, 6.999, 4.499],
					"texture": "#texture"
				},
				"down": {
					"uv": [6.001, 4.501, 6.999, 4.999],
					"texture": "#texture"
				}
			}
		},
		{
			"name": "cube",
			"from": [0, 26, 7.875],
			"to": [0.5, 27, 8.125],
			"faces": {
				"north": {
					"uv": [5.999, 3.501, 5.501, 4.499],
					"texture": "#texture"
				},
				"east": {
					"uv": [5.501, 3.501, 5.999, 4.499],
					"texture": "#texture"
				},
				"south": {
					"uv": [5.501, 3.501, 5.999, 4.499],
					"texture": "#texture"
				},
				"west": {
					"uv": [5.501, 3.501, 5.999, 4.499],
					"texture": "#texture"
				},
				"up": {
					"uv": [5.501, 3.501, 5.999, 3.999],
					"texture": "#texture"
				},
				"down": {
					"uv": [5.501, 4.001, 5.999, 4.499],
					"texture": "#texture"
				}
			}
		},
		{
			"name": "cube",
			"from": [4.5, 16.5, 7.5],
			"to": [7.5, 17.5, 8.5],
			"faces": {
				"north": {
					"uv": [12.999, 13.001, 10.001, 13.999],
					"texture": "#texture"
				},
				"east": {
					"uv": [12.501, 13.001, 12.999, 13.999],
					"texture": "#texture"
				},
				"south": {
					"uv": [10.001, 13.001, 12.999, 13.999],
					"texture": "#texture"
				},
				"west": {
					"uv": [10.001, 13.001, 10.499, 13.999],
					"texture": "#texture"
				},
				"up": {
					"uv": [10.001, 13.001, 12.999, 13.499],
					"texture": "#texture"
				},
				"down": {
					"uv": [10.001, 13.501, 12.999, 13.999],
					"texture": "#texture"
				}
			}
		},
		{
			"name": "cube",
			"from": [4, 17.5, 7.5],
			"to": [7, 18.5, 8.5],
			"faces": {
				"north": {
					"uv": [12.499, 12.001, 9.501, 12.999],
					"texture": "#texture"
				},
				"east": {
					"uv": [12.001, 12.001, 12.499, 12.999],
					"texture": "#texture"
				},
				"south": {
					"uv": [9.501, 12.001, 12.499, 12.999],
					"texture": "#texture"
				},
				"west": {
					"uv": [9.501, 12.001, 9.999, 12.999],
					"texture": "#texture"
				},
				"up": {
					"uv": [9.501, 12.001, 12.499, 12.499],
					"texture": "#texture"
				},
				"down": {
					"uv": [9.501, 12.501, 12.499, 12.999],
					"texture": "#texture"
				}
			}
		},
		{
			"name": "cube",
			"from": [4.5, 18.5, 7.5],
			"to": [6.5, 19.5, 8.5],
			"faces": {
				"north": {
					"uv": [11.999, 11.001, 10.001, 11.999],
					"texture": "#texture"
				},
				"east": {
					"uv": [11.501, 11.001, 11.999, 11.999],
					"texture": "#texture"
				},
				"south": {
					"uv": [10.001, 11.001, 11.999, 11.999],
					"texture": "#texture"
				},
				"west": {
					"uv": [10.001, 11.001, 10.499, 11.999],
					"texture": "#texture"
				},
				"up": {
					"uv": [10.001, 11.001, 11.999, 11.499],
					"texture": "#texture"
				},
				"down": {
					"uv": [10.001, 11.501, 11.999, 11.999],
					"texture": "#texture"
				}
			}
		},
		{
			"name": "cube",
			"from": [4.5, 19.5, 7.5],
			"to": [6, 20, 8.5],
			"faces": {
				"north": {
					"uv": [11.499, 10.501, 10.001, 10.999],
					"texture": "#texture"
				},
				"east": {
					"uv": [11.001, 10.501, 11.499, 10.999],
					"texture": "#texture"
				},
				"south": {
					"uv": [10.001, 10.501, 11.499, 10.999],
					"texture": "#texture"
				},
				"west": {
					"uv": [10.001, 10.501, 10.499, 10.999],
					"texture": "#texture"
				},
				"up": {
					"uv": [10.001, 10.501, 11.499, 10.999],
					"texture": "#texture"
				},
				"down": {
					"uv": [10.001, 10.501, 11.499, 10.999],
					"texture": "#texture"
				}
			}
		},
		{
			"name": "cube",
			"from": [4, 20, 7.5],
			"to": [5, 20.5, 8.5],
			"faces": {
				"north": {
					"uv": [10.499, 10.001, 9.501, 10.499],
					"texture": "#texture"
				},
				"east": {
					"uv": [10.001, 10.001, 10.499, 10.499],
					"texture": "#texture"
				},
				"south": {
					"uv": [9.501, 10.001, 10.499, 10.499],
					"texture": "#texture"
				},
				"west": {
					"uv": [9.501, 10.001, 9.999, 10.499],
					"texture": "#texture"
				},
				"up": {
					"uv": [9.501, 10.001, 10.499, 10.499],
					"texture": "#texture"
				},
				"down": {
					"uv": [9.501, 10.001, 10.499, 10.499],
					"texture": "#texture"
				}
			}
		},
		{
			"name": "cube",
			"from": [6, -2, 7.25],
			"to": [10, -1.5, 8.75],
			"faces": {
				"north": {
					"uv": [10.999, 1.501, 7.001, 1.999],
					"texture": "#texture"
				},
				"east": {
					"uv": [10.501, 1.501, 10.999, 1.999],
					"texture": "#texture"
				},
				"south": {
					"uv": [7.001, 1.501, 10.999, 1.999],
					"texture": "#texture"
				},
				"west": {
					"uv": [7.001, 1.501, 7.499, 1.999],
					"texture": "#texture"
				},
				"up": {
					"uv": [7.001, 1.501, 10.999, 1.999],
					"texture": "#texture"
				},
				"down": {
					"uv": [7.001, 1.501, 10.999, 1.999],
					"texture": "#texture"
				}
			}
		},
		{
			"name": "cube",
			"from": [5.5, -2.5, 7],
			"to": [10.5, -2, 9],
			"faces": {
				"north": {
					"uv": [11.499, 2.001, 6.501, 2.499],
					"texture": "#texture"
				},
				"east": {
					"uv": [11.001, 2.001, 11.499, 2.499],
					"texture": "#texture"
				},
				"south": {
					"uv": [6.501, 2.001, 11.499, 2.499],
					"texture": "#texture"
				},
				"west": {
					"uv": [6.501, 2.001, 6.999, 2.499],
					"texture": "#texture"
				},
				"up": {
					"uv": [6.501, 2.001, 11.499, 2.499],
					"texture": "#texture"
				},
				"down": {
					"uv": [6.501, 2.001, 11.499, 2.499],
					"texture": "#texture"
				}
			}
		},
		{
			"name": "cube",
			"from": [10, -2, 7.5],
			"to": [10.5, -1.5, 8.5],
			"faces": {
				"north": {
					"uv": [11.499, 1.501, 11.001, 1.999],
					"texture": "#texture"
				},
				"east": {
					"uv": [11.001, 1.501, 11.499, 1.999],
					"texture": "#texture"
				},
				"south": {
					"uv": [11.001, 1.501, 11.499, 1.999],
					"texture": "#texture"
				},
				"west": {
					"uv": [11.001, 1.501, 11.499, 1.999],
					"texture": "#texture"
				},
				"up": {
					"uv": [11.001, 1.501, 11.499, 1.999],
					"texture": "#texture"
				},
				"down": {
					"uv": [11.001, 1.501, 11.499, 1.999],
					"texture": "#texture"
				}
			}
		},
		{
			"name": "cube",
			"from": [10.5, -3.5, 7.5],
			"to": [11, -2, 8.5],
			"faces": {
				"north": {
					"uv": [11.999, 2.001, 11.501, 3.499],
					"texture": "#texture"
				},
				"east": {
					"uv": [11.501, 2.001, 11.999, 3.499],
					"texture": "#texture"
				},
				"south": {
					"uv": [11.501, 2.001, 11.999, 3.499],
					"texture": "#texture"
				},
				"west": {
					"uv": [11.501, 2.001, 11.999, 3.499],
					"texture": "#texture"
				},
				"up": {
					"uv": [11.501, 2.001, 11.999, 2.499],
					"texture": "#texture"
				},
				"down": {
					"uv": [11.501, 3.001, 11.999, 3.499],
					"texture": "#texture"
				}
			}
		},
		{
			"name": "cube",
			"from": [11, -4, 7.75],
			"to": [12, -3, 8.25],
			"faces": {
				"north": {
					"uv": [12.999, 3.001, 12.001, 3.999],
					"texture": "#texture"
				},
				"east": {
					"uv": [12.501, 3.001, 12.999, 3.999],
					"texture": "#texture"
				},
				"south": {
					"uv": [12.001, 3.001, 12.999, 3.999],
					"texture": "#texture"
				},
				"west": {
					"uv": [12.001, 3.001, 12.499, 3.999],
					"texture": "#texture"
				},
				"up": {
					"uv": [12.001, 3.001, 12.999, 3.499],
					"texture": "#texture"
				},
				"down": {
					"uv": [12.001, 3.501, 12.999, 3.999],
					"texture": "#texture"
				}
			}
		},
		{
			"name": "cube",
			"from": [11.5, -4.5, 7.75],
			"to": [12, -4, 8.25],
			"faces": {
				"north": {
					"uv": [12.999, 4.001, 12.501, 4.499],
					"texture": "#texture"
				},
				"east": {
					"uv": [12.501, 4.001, 12.999, 4.499],
					"texture": "#texture"
				},
				"south": {
					"uv": [12.501, 4.001, 12.999, 4.499],
					"texture": "#texture"
				},
				"west": {
					"uv": [12.501, 4.001, 12.999, 4.499],
					"texture": "#texture"
				},
				"up": {
					"uv": [12.501, 4.001, 12.999, 4.499],
					"texture": "#texture"
				},
				"down": {
					"uv": [12.501, 4.001, 12.999, 4.499],
					"texture": "#texture"
				}
			}
		},
		{
			"name": "cube",
			"from": [5.5, -3, 7.25],
			"to": [10.5, -2.5, 8.75],
			"faces": {
				"north": {
					"uv": [11.499, 2.501, 6.501, 2.999],
					"texture": "#texture"
				},
				"east": {
					"uv": [11.001, 2.501, 11.499, 2.999],
					"texture": "#texture"
				},
				"south": {
					"uv": [6.501, 2.501, 11.499, 2.999],
					"texture": "#texture"
				},
				"west": {
					"uv": [6.501, 2.501, 6.999, 2.999],
					"texture": "#texture"
				},
				"up": {
					"uv": [6.501, 2.501, 11.499, 2.999],
					"texture": "#texture"
				},
				"down": {
					"uv": [6.501, 2.501, 11.499, 2.999],
					"texture": "#texture"
				}
			}
		},
		{
			"name": "cube",
			"from": [11, -3.5, 7.5],
			"to": [11.5, -2.5, 8.5],
			"faces": {
				"north": {
					"uv": [12.499, 2.501, 12.001, 3.499],
					"texture": "#texture"
				},
				"east": {
					"uv": [12.001, 2.501, 12.499, 3.499],
					"texture": "#texture"
				},
				"south": {
					"uv": [12.001, 2.501, 12.499, 3.499],
					"texture": "#texture"
				},
				"west": {
					"uv": [12.001, 2.501, 12.499, 3.499],
					"texture": "#texture"
				},
				"up": {
					"uv": [12.001, 2.501, 12.499, 2.999],
					"texture": "#texture"
				},
				"down": {
					"uv": [12.001, 3.001, 12.499, 3.499],
					"texture": "#texture"
				}
			}
		},
		{
			"name": "cube",
			"from": [11, -2.5, 7.75],
			"to": [11.5, -2, 8.25],
			"faces": {
				"north": {
					"uv": [12.499, 2.001, 12.001, 2.499],
					"texture": "#texture"
				},
				"east": {
					"uv": [12.001, 2.001, 12.499, 2.499],
					"texture": "#texture"
				},
				"south": {
					"uv": [12.001, 2.001, 12.499, 2.499],
					"texture": "#texture"
				},
				"west": {
					"uv": [12.001, 2.001, 12.499, 2.499],
					"texture": "#texture"
				},
				"up": {
					"uv": [12.001, 2.001, 12.499, 2.499],
					"texture": "#texture"
				},
				"down": {
					"uv": [12.001, 2.001, 12.499, 2.499],
					"texture": "#texture"
				}
			}
		},
		{
			"name": "cube",
			"from": [5, -2.5, 7.25],
			"to": [6, -1.5, 8.75],
			"faces": {
				"north": {
					"uv": [6.999, 1.501, 6.001, 2.499],
					"texture": "#texture"
				},
				"east": {
					"uv": [6.501, 1.501, 6.999, 2.499],
					"texture": "#texture"
				},
				"south": {
					"uv": [6.001, 1.501, 6.999, 2.499],
					"texture": "#texture"
				},
				"west": {
					"uv": [6.001, 1.501, 6.499, 2.499],
					"texture": "#texture"
				},
				"up": {
					"uv": [6.001, 1.501, 6.999, 1.999],
					"texture": "#texture"
				},
				"down": {
					"uv": [6.001, 2.001, 6.999, 2.499],
					"texture": "#texture"
				}
			}
		},
		{
			"name": "cube",
			"from": [5, -2, 7.5],
			"to": [6, -1, 8.5],
			"faces": {
				"north": {
					"uv": [6.999, 1.001, 6.001, 1.999],
					"texture": "#texture"
				},
				"east": {
					"uv": [6.501, 1.001, 6.999, 1.999],
					"texture": "#texture"
				},
				"south": {
					"uv": [6.001, 1.001, 6.999, 1.999],
					"texture": "#texture"
				},
				"west": {
					"uv": [6.001, 1.001, 6.499, 1.999],
					"texture": "#texture"
				},
				"up": {
					"uv": [6.001, 1.001, 6.999, 1.499],
					"texture": "#texture"
				},
				"down": {
					"uv": [6.001, 1.501, 6.999, 1.999],
					"texture": "#texture"
				}
			}
		},
		{
			"name": "cube",
			"from": [4.5, -2, 7.75],
			"to": [5.5, -0.5, 8.25],
			"faces": {
				"north": {
					"uv": [6.499, 0.501, 5.501, 1.999],
					"texture": "#texture"
				},
				"east": {
					"uv": [6.001, 0.501, 6.499, 1.999],
					"texture": "#texture"
				},
				"south": {
					"uv": [5.501, 0.501, 6.499, 1.999],
					"texture": "#texture"
				},
				"west": {
					"uv": [5.501, 0.501, 5.999, 1.999],
					"texture": "#texture"
				},
				"up": {
					"uv": [5.501, 0.501, 6.499, 0.999],
					"texture": "#texture"
				},
				"down": {
					"uv": [5.501, 1.501, 6.499, 1.999],
					"texture": "#texture"
				}
			}
		},
		{
			"name": "cube",
			"from": [4.5, -0.5, 7.75],
			"to": [5, 0, 8.25],
			"faces": {
				"north": {
					"uv": [5.999, 0.001, 5.501, 0.499],
					"texture": "#texture"
				},
				"east": {
					"uv": [5.501, 0.001, 5.999, 0.499],
					"texture": "#texture"
				},
				"south": {
					"uv": [5.501, 0.001, 5.999, 0.499],
					"texture": "#texture"
				},
				"west": {
					"uv": [5.501, 0.001, 5.999, 0.499],
					"texture": "#texture"
				},
				"up": {
					"uv": [5.501, 0.001, 5.999, 0.499],
					"texture": "#texture"
				},
				"down": {
					"uv": [5.501, 0.001, 5.999, 0.499],
					"texture": "#texture"
				}
			}
		},
		{
			"name": "cube",
			"from": [10, -3.5, 7.5],
			"to": [10.5, -3, 8.5],
			"faces": {
				"north": {
					"uv": [11.499, 3.001, 11.001, 3.499],
					"texture": "#texture"
				},
				"east": {
					"uv": [11.001, 3.001, 11.499, 3.499],
					"texture": "#texture"
				},
				"south": {
					"uv": [11.001, 3.001, 11.499, 3.499],
					"texture": "#texture"
				},
				"west": {
					"uv": [11.001, 3.001, 11.499, 3.499],
					"texture": "#texture"
				},
				"up": {
					"uv": [11.001, 3.001, 11.499, 3.499],
					"texture": "#texture"
				},
				"down": {
					"uv": [11.001, 3.001, 11.499, 3.499],
					"texture": "#texture"
				}
			}
		},
		{
			"name": "cube",
			"from": [7.5, -3.5, 7.25],
			"to": [8.5, -3, 8.75],
			"faces": {
				"north": {
					"uv": [15.499, 2.501, 14.501, 2.999],
					"texture": "#texture"
				},
				"east": {
					"uv": [15.001, 2.501, 15.499, 2.999],
					"texture": "#texture"
				},
				"south": {
					"uv": [14.501, 2.501, 15.499, 2.999],
					"texture": "#texture"
				},
				"west": {
					"uv": [14.501, 2.501, 14.999, 2.999],
					"texture": "#texture"
				},
				"up": {
					"uv": [14.501, 2.501, 15.499, 2.999],
					"texture": "#texture"
				},
				"down": {
					"uv": [14.501, 2.501, 15.499, 2.999],
					"texture": "#texture"
				}
			}
		},
		{
			"name": "cube",
			"from": [7, -3.5, 7.5],
			"to": [9, -3, 8.5],
			"faces": {
				"north": {
					"uv": [15.999, 2.501, 14.001, 2.999],
					"texture": "#texture"
				},
				"east": {
					"uv": [15.501, 2.501, 15.999, 2.999],
					"texture": "#texture"
				},
				"south": {
					"uv": [14.001, 2.501, 15.999, 2.999],
					"texture": "#texture"
				},
				"west": {
					"uv": [14.001, 2.501, 14.499, 2.999],
					"texture": "#texture"
				},
				"up": {
					"uv": [14.001, 2.501, 15.999, 2.999],
					"texture": "#texture"
				},
				"down": {
					"uv": [14.001, 2.501, 15.999, 2.999],
					"texture": "#texture"
				}
			}
		},
		{
			"name": "cube",
			"from": [7.5, -7.5, 7.25],
			"to": [8, -3.5, 8.75],
			"faces": {
				"north": {
					"uv": [14.999, 3.001, 14.501, 6.999],
					"texture": "#texture"
				},
				"east": {
					"uv": [14.501, 3.001, 14.999, 6.999],
					"texture": "#texture"
				},
				"south": {
					"uv": [14.501, 3.001, 14.999, 6.999],
					"texture": "#texture"
				},
				"west": {
					"uv": [14.501, 3.001, 14.999, 6.999],
					"texture": "#texture"
				},
				"up": {
					"uv": [14.501, 3.001, 14.999, 3.499],
					"texture": "#texture"
				},
				"down": {
					"uv": [14.501, 6.501, 14.999, 6.999],
					"texture": "#texture"
				}
			}
		},
		{
			"name": "cube",
			"from": [7, -7.5, 7.5],
			"to": [8.5, -3.5, 8.5],
			"faces": {
				"north": {
					"uv": [15.499, 3.001, 14.001, 6.999],
					"texture": "#texture"
				},
				"east": {
					"uv": [15.001, 3.001, 15.499, 6.999],
					"texture": "#texture"
				},
				"south": {
					"uv": [14.001, 3.001, 15.499, 6.999],
					"texture": "#texture"
				},
				"west": {
					"uv": [14.001, 3.001, 14.499, 6.999],
					"texture": "#texture"
				},
				"up": {
					"uv": [14.001, 3.001, 15.499, 3.499],
					"texture": "#texture"
				},
				"down": {
					"uv": [14.001, 6.501, 15.499, 6.999],
					"texture": "#texture"
				}
			}
		},
		{
			"name": "cube",
			"from": [7, -8, 7.25],
			"to": [8.5, -7.5, 8.75],
			"faces": {
				"north": {
					"uv": [15.499, 7.001, 14.001, 7.499],
					"texture": "#texture"
				},
				"east": {
					"uv": [15.001, 7.001, 15.499, 7.499],
					"texture": "#texture"
				},
				"south": {
					"uv": [14.001, 7.001, 15.499, 7.499],
					"texture": "#texture"
				},
				"west": {
					"uv": [14.001, 7.001, 14.499, 7.499],
					"texture": "#texture"
				},
				"up": {
					"uv": [14.001, 7.001, 15.499, 7.499],
					"texture": "#texture"
				},
				"down": {
					"uv": [14.001, 7.001, 15.499, 7.499],
					"texture": "#texture"
				}
			}
		},
		{
			"name": "cube",
			"from": [7, -8.5, 7.25],
			"to": [8.5, -8, 8.75],
			"faces": {
				"north": {
					"uv": [13.999, 0.001, 12.501, 0.499],
					"texture": "#texture"
				},
				"east": {
					"uv": [13.501, 0.001, 13.999, 0.499],
					"texture": "#texture"
				},
				"south": {
					"uv": [12.501, 0.001, 13.999, 0.499],
					"texture": "#texture"
				},
				"west": {
					"uv": [12.501, 0.001, 12.999, 0.499],
					"texture": "#texture"
				},
				"up": {
					"uv": [12.501, 0.001, 13.999, 0.499],
					"texture": "#texture"
				},
				"down": {
					"uv": [12.501, 0.001, 13.999, 0.499],
					"texture": "#texture"
				}
			}
		},
		{
			"name": "cube",
			"from": [8.5, -8.5, 7.5],
			"to": [9, -8, 8.5],
			"faces": {
				"north": {
					"uv": [14.499, 0.001, 14.001, 0.499],
					"texture": "#texture"
				},
				"east": {
					"uv": [14.001, 0.001, 14.499, 0.499],
					"texture": "#texture"
				},
				"south": {
					"uv": [14.001, 0.001, 14.499, 0.499],
					"texture": "#texture"
				},
				"west": {
					"uv": [14.001, 0.001, 14.499, 0.499],
					"texture": "#texture"
				},
				"up": {
					"uv": [14.001, 0.001, 14.499, 0.499],
					"texture": "#texture"
				},
				"down": {
					"uv": [14.001, 0.001, 14.499, 0.499],
					"texture": "#texture"
				}
			}
		},
		{
			"name": "cube",
			"from": [7.5, -9, 7.25],
			"to": [9, -8.5, 8.75],
			"faces": {
				"north": {
					"uv": [14.499, 0.501, 13.001, 0.999],
					"texture": "#texture"
				},
				"east": {
					"uv": [14.001, 0.501, 14.499, 0.999],
					"texture": "#texture"
				},
				"south": {
					"uv": [13.001, 0.501, 14.499, 0.999],
					"texture": "#texture"
				},
				"west": {
					"uv": [13.001, 0.501, 13.499, 0.999],
					"texture": "#texture"
				},
				"up": {
					"uv": [13.001, 0.501, 14.499, 0.999],
					"texture": "#texture"
				},
				"down": {
					"uv": [13.001, 0.501, 14.499, 0.999],
					"texture": "#texture"
				}
			}
		},
		{
			"name": "cube",
			"from": [7, -9.5, 7.5],
			"to": [8, -8.5, 8.5],
			"faces": {
				"north": {
					"uv": [13.499, 0.501, 12.501, 1.499],
					"texture": "#texture"
				},
				"east": {
					"uv": [13.001, 0.501, 13.499, 1.499],
					"texture": "#texture"
				},
				"south": {
					"uv": [12.501, 0.501, 13.499, 1.499],
					"texture": "#texture"
				},
				"west": {
					"uv": [12.501, 0.501, 12.999, 1.499],
					"texture": "#texture"
				},
				"up": {
					"uv": [12.501, 0.501, 13.499, 0.999],
					"texture": "#texture"
				},
				"down": {
					"uv": [12.501, 1.001, 13.499, 1.499],
					"texture": "#texture"
				}
			}
		},
		{
			"name": "cube",
			"from": [8, -9.5, 7.25],
			"to": [9, -9, 8.75],
			"faces": {
				"north": {
					"uv": [14.499, 1.001, 13.501, 1.499],
					"texture": "#texture"
				},
				"east": {
					"uv": [14.001, 1.001, 14.499, 1.499],
					"texture": "#texture"
				},
				"south": {
					"uv": [13.501, 1.001, 14.499, 1.499],
					"texture": "#texture"
				},
				"west": {
					"uv": [13.501, 1.001, 13.999, 1.499],
					"texture": "#texture"
				},
				"up": {
					"uv": [13.501, 1.001, 14.499, 1.499],
					"texture": "#texture"
				},
				"down": {
					"uv": [13.501, 1.001, 14.499, 1.499],
					"texture": "#texture"
				}
			}
		},
		{
			"name": "cube",
			"from": [7.5, -10, 7.5],
			"to": [9, -9.5, 8.5],
			"faces": {
				"north": {
					"uv": [14.499, 1.501, 13.001, 1.999],
					"texture": "#texture"
				},
				"east": {
					"uv": [14.001, 1.501, 14.499, 1.999],
					"texture": "#texture"
				},
				"south": {
					"uv": [13.001, 1.501, 14.499, 1.999],
					"texture": "#texture"
				},
				"west": {
					"uv": [13.001, 1.501, 13.499, 1.999],
					"texture": "#texture"
				},
				"up": {
					"uv": [13.001, 1.501, 14.499, 1.999],
					"texture": "#texture"
				},
				"down": {
					"uv": [13.001, 1.501, 14.499, 1.999],
					"texture": "#texture"
				}
			}
		},
		{
			"name": "cube",
			"from": [9, -9.5, 7.5],
			"to": [10, -9, 8.5],
			"faces": {
				"north": {
					"uv": [15.499, 1.001, 14.501, 1.499],
					"texture": "#texture"
				},
				"east": {
					"uv": [15.001, 1.001, 15.499, 1.499],
					"texture": "#texture"
				},
				"south": {
					"uv": [14.501, 1.001, 15.499, 1.499],
					"texture": "#texture"
				},
				"west": {
					"uv": [14.501, 1.001, 14.999, 1.499],
					"texture": "#texture"
				},
				"up": {
					"uv": [14.501, 1.001, 15.499, 1.499],
					"texture": "#texture"
				},
				"down": {
					"uv": [14.501, 1.001, 15.499, 1.499],
					"texture": "#texture"
				}
			}
		},
		{
			"name": "cube",
			"from": [9.5, -9, 7.75],
			"to": [10.5, -8.5, 8.25],
			"faces": {
				"north": {
					"uv": [15.999, 0.501, 15.001, 0.999],
					"texture": "#texture"
				},
				"east": {
					"uv": [15.501, 0.501, 15.999, 0.999],
					"texture": "#texture"
				},
				"south": {
					"uv": [15.001, 0.501, 15.999, 0.999],
					"texture": "#texture"
				},
				"west": {
					"uv": [15.001, 0.501, 15.499, 0.999],
					"texture": "#texture"
				},
				"up": {
					"uv": [15.001, 0.501, 15.999, 0.999],
					"texture": "#texture"
				},
				"down": {
					"uv": [15.001, 0.501, 15.999, 0.999],
					"texture": "#texture"
				}
			}
		},
		{
			"name": "cube",
			"from": [9, -9, 7.5],
			"to": [9.5, -8.5, 8.5],
			"faces": {
				"north": {
					"uv": [14.999, 0.501, 14.501, 0.999],
					"texture": "#texture"
				},
				"east": {
					"uv": [14.501, 0.501, 14.999, 0.999],
					"texture": "#texture"
				},
				"south": {
					"uv": [14.501, 0.501, 14.999, 0.999],
					"texture": "#texture"
				},
				"west": {
					"uv": [14.501, 0.501, 14.999, 0.999],
					"texture": "#texture"
				},
				"up": {
					"uv": [14.501, 0.501, 14.999, 0.999],
					"texture": "#texture"
				},
				"down": {
					"uv": [14.501, 0.501, 14.999, 0.999],
					"texture": "#texture"
				}
			}
		}
	],
	"groups": [
		0,
		1,
		2,
		3,
		4,
		5,
		6,
		7,
		8,
		9,
		10,
		11,
		12,
		13,
		14,
		15,
		16,
		17,
		18,
		19,
		20,
		21,
		22,
		23,
		24,
		25,
		26,
		27,
		28,
		29,
		30,
		31,
		32,
		33,
		34,
		35,
		36,
		37,
		38,
		39,
		40,
		41,
		42,
		43,
		44,
		45,
		46,
		47,
		48,
		49,
		50,
		51,
		52,
		53,
		54,
		55,
		56,
		57,
		58,
		59,
		60,
		61,
		62,
		63,
		64,
		65,
		66,
		67,
		68,
		69,
		70,
		71,
		72,
		73,
		74,
		75,
		76,
		77,
		78,
		79,
		80,
		81,
		82,
		83
	],
	"display": {
		"thirdperson_righthand": {
			"rotation": [0, 90, 0],
			"translation": [0, 11.15, 1.51],
			"scale": [1, 1, 1]
		},
		"thirdperson_lefthand": {
			"rotation": [0, -90, 0],
			"translation": [0, 11.15, 1.51],
			"scale": [1, 1, 1]
		},
		"ground": {
			"rotation": [90, 0, 0],
			"translation": [0, -0.19, 0],
			"scale": [0.5, 0.5, 0.5]
		},
		"fixed": {
			"rotation": [0, 0, -45],
			"translation": [0.4, -1.6, 0],
			"scale": [0.6, 0.6, 0.6]
		},
		"firstperson_righthand": {
			"rotation": [0, 90, 0],
			"translation": [0, 6, -0.38],
			"scale": [0.45, 0.45, 0.45]
		},
		"firstperson_lefthand": {
			"rotation": [0, -90, 0],
			"translation": [0, 6, -0.38],
			"scale": [0.45, 0.45, 0.45]
		},
		"gui": {
			"rotation": [180, 0, 135],
			"translation": [-0.57, -1.32, 0],
			"scale": [0.5, 0.5, 0.5]
		},
		"head": {
			"scale": [1, 1, 1],
			"translation": [-2.5, -17, 5],
			"rotation": [0, 0, -142]
		}
	}
}