{
	"credit": "Made By Bailey",
	"textures": {"texture": "block/diamond_sword/9"},
	"elements": [
		{
			"name": "cube",
			"from": [7.75, 14, 6.5],
			"to": [8.25, 16, 7],
			"faces": {
				"north": {
					"uv": [7, 0, 6.5, 2],
					"texture": "#texture"
				},
				"east": {
					"uv": [7, 0, 6.5, 2],
					"texture": "#texture"
				},
				"south": {
					"uv": [6.5, 0, 7, 2],
					"texture": "#texture"
				},
				"west": {
					"uv": [6.5, 0, 7, 2],
					"texture": "#texture"
				},
				"up": {
					"uv": [6.5, 0, 7, 0.5],
					"texture": "#texture"
				},
				"down": {
					"uv": [7, 2, 6.5, 1.5],
					"texture": "#texture"
				}
			}
		},
		{
			"name": "cube",
			"from": [7.75, 12, 6],
			"to": [8.25, 15.5, 6.5],
			"faces": {
				"north": {
					"uv": [6.5, 0.5, 6, 4],
					"texture": "#texture"
				},
				"east": {
					"uv": [6.5, 0.5, 6, 4],
					"texture": "#texture"
				},
				"south": {
					"uv": [6, 0.5, 6.5, 4],
					"texture": "#texture"
				},
				"west": {
					"uv": [6, 0.5, 6.5, 4],
					"texture": "#texture"
				},
				"up": {
					"uv": [6, 0.5, 6.5, 1],
					"texture": "#texture"
				},
				"down": {
					"uv": [6.5, 4, 6, 3.5],
					"texture": "#texture"
				}
			}
		},
		{
			"name": "cube",
			"from": [7.75, 8.5, 5.5],
			"to": [8.25, 15, 6],
			"faces": {
				"north": {
					"uv": [6, 1, 5.5, 7.5],
					"texture": "#texture"
				},
				"east": {
					"uv": [6, 1, 5.5, 7.5],
					"texture": "#texture"
				},
				"south": {
					"uv": [5.5, 1, 6, 7.5],
					"texture": "#texture"
				},
				"west": {
					"uv": [5.5, 1, 6, 7.5],
					"texture": "#texture"
				},
				"up": {
					"uv": [5.5, 1, 6, 1.5],
					"texture": "#texture"
				}
			}
		},
		{
			"name": "cube",
			"from": [7.75, 8, 5],
			"to": [8.25, 14.5, 5.5],
			"faces": {
				"north": {
					"uv": [5.5, 1.5, 5, 8],
					"texture": "#texture"
				},
				"east": {
					"uv": [5.5, 1.5, 5, 8],
					"texture": "#texture"
				},
				"south": {
					"uv": [5, 1.5, 5.5, 8],
					"texture": "#texture"
				},
				"west": {
					"uv": [5, 1.5, 5.5, 8],
					"texture": "#texture"
				},
				"up": {
					"uv": [5, 1.5, 5.5, 2],
					"texture": "#texture"
				}
			}
		},
		{
			"name": "cube",
			"from": [7.75, 12.5, 4.5],
			"to": [8.25, 14, 5],
			"faces": {
				"north": {
					"uv": [5, 2, 4.5, 3.5],
					"texture": "#texture"
				},
				"east": {
					"uv": [5, 2, 4.5, 3.5],
					"texture": "#texture"
				},
				"west": {
					"uv": [4.5, 2, 5, 3.5],
					"texture": "#texture"
				},
				"up": {
					"uv": [4.5, 2, 5, 2.5],
					"texture": "#texture"
				}
			}
		},
		{
			"name": "cube",
			"from": [7.75, 12.5, 4],
			"to": [8.25, 13.5, 4.5],
			"faces": {
				"north": {
					"uv": [4.5, 2.5, 4, 3.5],
					"texture": "#texture"
				},
				"east": {
					"uv": [4.5, 2.5, 4, 3.5],
					"texture": "#texture"
				},
				"west": {
					"uv": [4, 2.5, 4.5, 3.5],
					"texture": "#texture"
				},
				"up": {
					"uv": [4, 2.5, 4.5, 3],
					"texture": "#texture"
				}
			}
		},
		{
			"name": "cube",
			"from": [7.75, 8.5, 4.5],
			"to": [8.25, 11, 5],
			"faces": {
				"east": {
					"uv": [5, 5, 4.5, 7.5],
					"texture": "#texture"
				},
				"west": {
					"uv": [4.5, 5, 5, 7.5],
					"texture": "#texture"
				}
			}
		},
		{
			"name": "cube",
			"from": [7.75, 7.5, 5.5],
			"to": [8.25, 8.5, 6.5],
			"faces": {
				"north": {
					"uv": [6, 7.5, 5.5, 8.5],
					"texture": "#texture"
				},
				"east": {
					"uv": [6.5, 7.5, 5.5, 8.5],
					"texture": "#texture"
				},
				"south": {
					"uv": [6, 7.5, 6.5, 8.5],
					"texture": "#texture"
				},
				"west": {
					"uv": [5.5, 7.5, 6.5, 8.5],
					"texture": "#texture"
				},
				"up": {
					"uv": [5.5, 7.5, 6.5, 8],
					"texture": "#texture",
					"rotation": 90
				},
				"down": {
					"uv": [6.5, 8.5, 5.5, 8],
					"texture": "#texture",
					"rotation": 90
				}
			}
		},
		{
			"name": "cube",
			"from": [7.75, 6.5, 6],
			"to": [8.25, 7.5, 7],
			"faces": {
				"east": {
					"uv": [7, 8.5, 6, 9.5],
					"texture": "#texture"
				},
				"south": {
					"uv": [6.5, 8.5, 7, 9.5],
					"texture": "#texture"
				},
				"west": {
					"uv": [6, 8.5, 7, 9.5],
					"texture": "#texture"
				},
				"up": {
					"uv": [6, 8.5, 7, 9],
					"texture": "#texture",
					"rotation": 90
				}
			}
		},
		{
			"name": "cube",
			"from": [7.75, 6, 6],
			"to": [8.25, 6.5, 10],
			"faces": {
				"east": {
					"uv": [10, 9.5, 6, 10],
					"texture": "#texture"
				},
				"west": {
					"uv": [6, 9.5, 10, 10],
					"texture": "#texture"
				},
				"up": {
					"uv": [6, 9.5, 10, 10],
					"texture": "#texture",
					"rotation": 90
				},
				"down": {
					"uv": [10, 10, 6, 9.5],
					"texture": "#texture",
					"rotation": 90
				}
			}
		},
		{
			"name": "cube",
			"from": [7.75, 5.5, 6.5],
			"to": [8.25, 6, 9.5],
			"faces": {
				"east": {
					"uv": [9.5, 10, 6.5, 10.5],
					"texture": "#texture"
				},
				"west": {
					"uv": [6.5, 10, 9.5, 10.5],
					"texture": "#texture"
				},
				"down": {
					"uv": [9.5, 10.5, 6.5, 10],
					"texture": "#texture",
					"rotation": 90
				}
			}
		},
		{
			"name": "cube",
			"from": [7.75, 5, 7.5],
			"to": [8.25, 5.5, 8.5],
			"faces": {
				"east": {
					"uv": [8.5, 10.5, 7.5, 11],
					"texture": "#texture"
				},
				"west": {
					"uv": [7.5, 10.5, 8.5, 11],
					"texture": "#texture"
				}
			}
		},
		{
			"name": "cube",
			"from": [7.5, 12, 4],
			"to": [8.5, 12.5, 5],
			"faces": {
				"north": {
					"uv": [4.5, 3.5, 4, 4],
					"texture": "#texture"
				},
				"east": {
					"uv": [5, 3.5, 4, 4],
					"texture": "#texture"
				},
				"south": {
					"uv": [4.5, 3.5, 5, 4],
					"texture": "#texture"
				},
				"west": {
					"uv": [4, 3.5, 5, 4],
					"texture": "#texture"
				},
				"up": {
					"uv": [4, 3.5, 5, 4],
					"texture": "#texture",
					"rotation": 90
				}
			}
		},
		{
			"name": "cube",
			"from": [7.5, 11.5, 3.5],
			"to": [8.5, 12, 4],
			"faces": {
				"north": {
					"uv": [4, 4, 3.5, 4.5],
					"texture": "#texture"
				},
				"east": {
					"uv": [4, 4, 3.5, 4.5],
					"texture": "#texture"
				},
				"west": {
					"uv": [3.5, 4, 4, 4.5],
					"texture": "#texture"
				},
				"up": {
					"uv": [3.5, 4, 4, 4.5],
					"texture": "#texture"
				}
			}
		},
		{
			"name": "cube",
			"from": [7.5, 10, 3],
			"to": [8.5, 11.5, 3.5],
			"faces": {
				"north": {
					"uv": [3.5, 4.5, 3, 6],
					"texture": "#texture"
				},
				"east": {
					"uv": [3.5, 4.5, 3, 6],
					"texture": "#texture"
				},
				"west": {
					"uv": [3, 4.5, 3.5, 6],
					"texture": "#texture"
				},
				"up": {
					"uv": [3, 4.5, 3.5, 5],
					"texture": "#texture"
				}
			}
		},
		{
			"name": "cube",
			"from": [7.5, 8, 2.5],
			"to": [8.5, 10, 3],
			"faces": {
				"north": {
					"uv": [2.5, 6, 3, 8],
					"texture": "#texture"
				},
				"east": {
					"uv": [2.5, 6, 3, 8],
					"texture": "#texture"
				},
				"west": {
					"uv": [2.5, 6, 3, 8],
					"texture": "#texture"
				},
				"up": {
					"uv": [2.5, 6, 3, 6.5],
					"texture": "#texture"
				},
				"down": {
					"uv": [3, 8, 2.5, 7.5],
					"texture": "#texture"
				}
			}
		},
		{
			"name": "cube",
			"from": [7.25, 7, 4],
			"to": [8.75, 8.5, 5],
			"faces": {
				"north": {
					"uv": [4.5, 7.5, 4, 9],
					"texture": "#texture"
				},
				"east": {
					"uv": [5, 7.5, 4, 9],
					"texture": "#texture"
				},
				"south": {
					"uv": [4.5, 7.5, 5, 9],
					"texture": "#texture"
				},
				"west": {
					"uv": [4, 7.5, 5, 9],
					"texture": "#texture"
				},
				"up": {
					"uv": [4, 7.5, 5, 8],
					"texture": "#texture",
					"rotation": 90
				},
				"down": {
					"uv": [5, 9, 4, 8.5],
					"texture": "#texture",
					"rotation": 90
				}
			}
		},
		{
			"name": "cube",
			"from": [7.25, 6.5, 4.5],
			"to": [8.75, 8, 5.5],
			"faces": {
				"north": {
					"uv": [5, 8, 4.5, 9.5],
					"texture": "#texture"
				},
				"east": {
					"uv": [5.5, 8, 4.5, 9.5],
					"texture": "#texture"
				},
				"south": {
					"uv": [5, 8, 5.5, 9.5],
					"texture": "#texture"
				},
				"west": {
					"uv": [4.5, 8, 5.5, 9.5],
					"texture": "#texture"
				},
				"up": {
					"uv": [4.5, 8, 5.5, 8.5],
					"texture": "#texture",
					"rotation": 90
				},
				"down": {
					"uv": [5.5, 9.5, 4.5, 9],
					"texture": "#texture",
					"rotation": 90
				}
			}
		},
		{
			"name": "cube",
			"from": [7.25, 6, 5],
			"to": [8.75, 7.5, 6],
			"faces": {
				"north": {
					"uv": [5.5, 8.5, 5, 10],
					"texture": "#texture"
				},
				"east": {
					"uv": [6, 8.5, 5, 10],
					"texture": "#texture"
				},
				"south": {
					"uv": [5.5, 8.5, 6, 10],
					"texture": "#texture"
				},
				"west": {
					"uv": [5, 8.5, 6, 10],
					"texture": "#texture"
				},
				"up": {
					"uv": [5, 8.5, 6, 9],
					"texture": "#texture",
					"rotation": 90
				}
			}
		},
		{
			"name": "cube",
			"from": [7.25, 11, 4],
			"to": [8.75, 12, 5],
			"faces": {
				"north": {
					"uv": [4.5, 4, 4, 5],
					"texture": "#texture"
				},
				"east": {"uv": [5, 4, 4, 5], "texture": "#texture"},
				"south": {
					"uv": [4.5, 4, 5, 5],
					"texture": "#texture"
				},
				"west": {"uv": [4, 4, 5, 5], "texture": "#texture"},
				"up": {
					"uv": [4, 4, 5, 4.5],
					"texture": "#texture",
					"rotation": 90
				},
				"down": {
					"uv": [5, 5, 4, 4.5],
					"texture": "#texture",
					"rotation": 90
				}
			}
		},
		{
			"name": "cube",
			"from": [7.25, 8, 3.5],
			"to": [8.75, 11.5, 4.5],
			"faces": {
				"north": {
					"uv": [4, 4.5, 3.5, 8],
					"texture": "#texture"
				},
				"east": {
					"uv": [4.5, 4.5, 3.5, 8],
					"texture": "#texture"
				},
				"south": {
					"uv": [4, 4.5, 4.5, 8],
					"texture": "#texture"
				},
				"west": {
					"uv": [3.5, 4.5, 4.5, 8],
					"texture": "#texture"
				},
				"up": {
					"uv": [3.5, 4.5, 4.5, 5],
					"texture": "#texture",
					"rotation": 90
				},
				"down": {
					"uv": [4.5, 8, 3.5, 7.5],
					"texture": "#texture",
					"rotation": 90
				}
			}
		},
		{
			"name": "cube",
			"from": [7.25, 8, 3],
			"to": [8.75, 10, 3.5],
			"faces": {
				"north": {
					"uv": [3.5, 6, 3, 8],
					"texture": "#texture"
				},
				"east": {
					"uv": [3.5, 6, 3, 8],
					"texture": "#texture"
				},
				"west": {
					"uv": [3, 6, 3.5, 8],
					"texture": "#texture"
				},
				"up": {
					"uv": [3, 6, 3.5, 6.5],
					"texture": "#texture"
				},
				"down": {
					"uv": [3.5, 8, 3, 7.5],
					"texture": "#texture"
				}
			}
		},
		{
			"name": "cube",
			"from": [7.75, 14, 9],
			"to": [8.25, 16, 9.5],
			"faces": {
				"north": {
					"uv": [9.5, 0, 9, 2],
					"texture": "#texture"
				},
				"east": {
					"uv": [9.5, 0, 9, 2],
					"texture": "#texture"
				},
				"south": {
					"uv": [9, 0, 9.5, 2],
					"texture": "#texture"
				},
				"west": {
					"uv": [9, 0, 9.5, 2],
					"texture": "#texture"
				},
				"up": {
					"uv": [9, 0, 9.5, 0.5],
					"texture": "#texture"
				},
				"down": {
					"uv": [9.5, 2, 9, 1.5],
					"texture": "#texture"
				}
			}
		},
		{
			"name": "cube",
			"from": [7.75, 12, 9.5],
			"to": [8.25, 15.5, 10],
			"faces": {
				"north": {
					"uv": [10, 0.5, 9.5, 4],
					"texture": "#texture"
				},
				"east": {
					"uv": [10, 0.5, 9.5, 4],
					"texture": "#texture"
				},
				"south": {
					"uv": [9.5, 0.5, 10, 4],
					"texture": "#texture"
				},
				"west": {
					"uv": [9.5, 0.5, 10, 4],
					"texture": "#texture"
				},
				"up": {
					"uv": [9.5, 0.5, 10, 1],
					"texture": "#texture"
				},
				"down": {
					"uv": [10, 4, 9.5, 3.5],
					"texture": "#texture"
				}
			}
		},
		{
			"name": "cube",
			"from": [7.75, 8.5, 10],
			"to": [8.25, 15, 10.5],
			"faces": {
				"north": {
					"uv": [10.5, 1, 10, 7.5],
					"texture": "#texture"
				},
				"east": {
					"uv": [10.5, 1, 10, 7.5],
					"texture": "#texture"
				},
				"south": {
					"uv": [10, 1, 10.5, 7.5],
					"texture": "#texture"
				},
				"west": {
					"uv": [10, 1, 10.5, 7.5],
					"texture": "#texture"
				},
				"up": {
					"uv": [10, 1, 10.5, 1.5],
					"texture": "#texture"
				}
			}
		},
		{
			"name": "cube",
			"from": [7.75, 8, 10.5],
			"to": [8.25, 14.5, 11],
			"faces": {
				"north": {
					"uv": [11, 1.5, 10.5, 8],
					"texture": "#texture"
				},
				"east": {
					"uv": [11, 1.5, 10.5, 8],
					"texture": "#texture"
				},
				"south": {
					"uv": [10.5, 1.5, 11, 8],
					"texture": "#texture"
				},
				"west": {
					"uv": [10.5, 1.5, 11, 8],
					"texture": "#texture"
				},
				"up": {
					"uv": [10.5, 1.5, 11, 2],
					"texture": "#texture"
				}
			}
		},
		{
			"name": "cube",
			"from": [7.75, 12.5, 11],
			"to": [8.25, 14, 11.5],
			"faces": {
				"east": {
					"uv": [11.5, 2, 11, 3.5],
					"texture": "#texture"
				},
				"south": {
					"uv": [11, 2, 11.5, 3.5],
					"texture": "#texture"
				},
				"west": {
					"uv": [11, 2, 11.5, 3.5],
					"texture": "#texture"
				},
				"up": {
					"uv": [11, 2, 11.5, 2.5],
					"texture": "#texture"
				}
			}
		},
		{
			"name": "cube",
			"from": [7.75, 12.5, 11.5],
			"to": [8.25, 13.5, 12],
			"faces": {
				"east": {
					"uv": [12, 2.5, 11.5, 3.5],
					"texture": "#texture"
				},
				"south": {
					"uv": [11.5, 2.5, 12, 3.5],
					"texture": "#texture"
				},
				"west": {
					"uv": [11.5, 2.5, 12, 3.5],
					"texture": "#texture"
				},
				"up": {
					"uv": [11.5, 2.5, 12, 3],
					"texture": "#texture"
				}
			}
		},
		{
			"name": "cube",
			"from": [7.75, 8.5, 11],
			"to": [8.25, 11, 11.5],
			"faces": {
				"east": {
					"uv": [11.5, 5, 11, 7.5],
					"texture": "#texture"
				},
				"west": {
					"uv": [11, 5, 11.5, 7.5],
					"texture": "#texture"
				}
			}
		},
		{
			"name": "cube",
			"from": [7.75, 7.5, 9.5],
			"to": [8.25, 8.5, 10.5],
			"faces": {
				"north": {
					"uv": [10, 7.5, 9.5, 8.5],
					"texture": "#texture"
				},
				"east": {
					"uv": [10.5, 7.5, 9.5, 8.5],
					"texture": "#texture"
				},
				"south": {
					"uv": [10, 7.5, 10.5, 8.5],
					"texture": "#texture"
				},
				"west": {
					"uv": [9.5, 7.5, 10.5, 8.5],
					"texture": "#texture"
				},
				"up": {
					"uv": [9.5, 7.5, 10.5, 8],
					"texture": "#texture",
					"rotation": 90
				},
				"down": {
					"uv": [10.5, 8.5, 9.5, 8],
					"texture": "#texture",
					"rotation": 90
				}
			}
		},
		{
			"name": "cube",
			"from": [7.75, 6.5, 9],
			"to": [8.25, 7.5, 10],
			"faces": {
				"north": {
					"uv": [9.5, 8.5, 9, 9.5],
					"texture": "#texture"
				},
				"east": {
					"uv": [10, 8.5, 9, 9.5],
					"texture": "#texture"
				},
				"west": {
					"uv": [9, 8.5, 10, 9.5],
					"texture": "#texture"
				},
				"up": {
					"uv": [9, 8.5, 10, 9],
					"texture": "#texture",
					"rotation": 90
				}
			}
		},
		{
			"name": "cube",
			"from": [7.25, 5.5, 5],
			"to": [8.75, 6, 6.5],
			"faces": {
				"north": {
					"uv": [5.5, 10, 5, 10.5],
					"texture": "#texture"
				},
				"east": {
					"uv": [6.5, 10, 5, 10.5],
					"texture": "#texture"
				},
				"south": {
					"uv": [6, 10, 6.5, 10.5],
					"texture": "#texture"
				},
				"west": {
					"uv": [5, 10, 6.5, 10.5],
					"texture": "#texture"
				},
				"up": {
					"uv": [5, 10, 6.5, 10.5],
					"texture": "#texture",
					"rotation": 90
				},
				"down": {
					"uv": [6.5, 10.5, 5, 10],
					"texture": "#texture",
					"rotation": 90
				}
			}
		},
		{
			"name": "cube",
			"from": [7.25, 4.5, 5.5],
			"to": [8.75, 5.5, 7.5],
			"faces": {
				"north": {
					"uv": [6, 10.5, 5.5, 11.5],
					"texture": "#texture"
				},
				"east": {
					"uv": [7.5, 10.5, 5.5, 11.5],
					"texture": "#texture"
				},
				"south": {
					"uv": [7, 10.5, 7.5, 11.5],
					"texture": "#texture"
				},
				"west": {
					"uv": [5.5, 10.5, 7.5, 11.5],
					"texture": "#texture"
				},
				"up": {
					"uv": [5.5, 10.5, 7.5, 11],
					"texture": "#texture",
					"rotation": 90
				},
				"down": {
					"uv": [7.5, 11.5, 5.5, 11],
					"texture": "#texture",
					"rotation": 90
				}
			}
		},
		{
			"name": "cube",
			"from": [7.25, 4, 6],
			"to": [8.75, 4.5, 10],
			"faces": {
				"north": {
					"uv": [6.5, 11.5, 6, 12],
					"texture": "#texture"
				},
				"east": {
					"uv": [10, 11.5, 6, 12],
					"texture": "#texture"
				},
				"south": {
					"uv": [9.5, 11.5, 10, 12],
					"texture": "#texture"
				},
				"west": {
					"uv": [6, 11.5, 10, 12],
					"texture": "#texture"
				},
				"up": {
					"uv": [6, 11.5, 10, 12],
					"texture": "#texture",
					"rotation": 90
				},
				"down": {
					"uv": [10, 12, 6, 11.5],
					"texture": "#texture",
					"rotation": 90
				}
			}
		},
		{
			"name": "cube",
			"from": [7.25, 3.5, 6.5],
			"to": [8.75, 4, 9.5],
			"faces": {
				"north": {
					"uv": [7, 12, 6.5, 12.5],
					"texture": "#texture"
				},
				"east": {
					"uv": [9.5, 12, 6.5, 12.5],
					"texture": "#texture"
				},
				"south": {
					"uv": [9, 12, 9.5, 12.5],
					"texture": "#texture"
				},
				"west": {
					"uv": [6.5, 12, 9.5, 12.5],
					"texture": "#texture"
				},
				"down": {
					"uv": [9.5, 12.5, 6.5, 12],
					"texture": "#texture",
					"rotation": 90
				}
			}
		},
		{
			"name": "cube",
			"from": [7.25, 3, 7],
			"to": [8.75, 3.5, 9],
			"faces": {
				"north": {
					"uv": [7.5, 12.5, 7, 13],
					"texture": "#texture"
				},
				"east": {
					"uv": [9, 12.5, 7, 13],
					"texture": "#texture"
				},
				"south": {
					"uv": [8.5, 12.5, 9, 13],
					"texture": "#texture"
				},
				"west": {
					"uv": [7, 12.5, 9, 13],
					"texture": "#texture"
				},
				"down": {
					"uv": [9, 13, 7, 12.5],
					"texture": "#texture",
					"rotation": 90
				}
			}
		},
		{
			"name": "cube",
			"from": [7.25, 4.5, 8.5],
			"to": [8.75, 5.5, 10.5],
			"faces": {
				"north": {
					"uv": [9, 10.5, 8.5, 11.5],
					"texture": "#texture"
				},
				"east": {
					"uv": [10.5, 10.5, 8.5, 11.5],
					"texture": "#texture"
				},
				"south": {
					"uv": [10, 10.5, 10.5, 11.5],
					"texture": "#texture"
				},
				"west": {
					"uv": [8.5, 10.5, 10.5, 11.5],
					"texture": "#texture"
				},
				"up": {
					"uv": [8.5, 10.5, 10.5, 11],
					"texture": "#texture",
					"rotation": 90
				},
				"down": {
					"uv": [10.5, 11.5, 8.5, 11],
					"texture": "#texture",
					"rotation": 90
				}
			}
		},
		{
			"name": "cube",
			"from": [7.25, 5.5, 9.5],
			"to": [8.75, 6, 11],
			"faces": {
				"north": {
					"uv": [10, 10, 9.5, 10.5],
					"texture": "#texture"
				},
				"east": {
					"uv": [11, 10, 9.5, 10.5],
					"texture": "#texture"
				},
				"south": {
					"uv": [10.5, 10, 11, 10.5],
					"texture": "#texture"
				},
				"west": {
					"uv": [9.5, 10, 11, 10.5],
					"texture": "#texture"
				},
				"up": {
					"uv": [9.5, 10, 11, 10.5],
					"texture": "#texture",
					"rotation": 90
				},
				"down": {
					"uv": [11, 10.5, 9.5, 10],
					"texture": "#texture",
					"rotation": 90
				}
			}
		},
		{
			"name": "cube",
			"from": [7.25, 4.5, 7.5],
			"to": [8.75, 5, 8.5],
			"faces": {
				"east": {
					"uv": [8.5, 11, 7.5, 11.5],
					"texture": "#texture"
				},
				"west": {
					"uv": [7.5, 11, 8.5, 11.5],
					"texture": "#texture"
				},
				"up": {
					"uv": [7.5, 11, 8.5, 11.5],
					"texture": "#texture",
					"rotation": 90
				}
			}
		},
		{
			"name": "cube",
			"from": [7.5, 3.5, 4.5],
			"to": [8.5, 6, 6],
			"faces": {
				"north": {
					"uv": [5, 10, 4.5, 12.5],
					"texture": "#texture"
				},
				"east": {
					"uv": [6, 10, 4.5, 12.5],
					"texture": "#texture"
				},
				"south": {
					"uv": [5, 10, 5.5, 12.5],
					"texture": "#texture"
				},
				"west": {
					"uv": [4.5, 10, 6, 12.5],
					"texture": "#texture"
				},
				"up": {
					"uv": [4.5, 10, 6, 10.5],
					"texture": "#texture",
					"rotation": 90
				},
				"down": {
					"uv": [6, 12.5, 4.5, 12],
					"texture": "#texture",
					"rotation": 90
				}
			}
		},
		{
			"name": "cube",
			"from": [7.5, 3, 4],
			"to": [8.5, 4.5, 5.5],
			"faces": {
				"north": {
					"uv": [4.5, 11.5, 4, 13],
					"texture": "#texture"
				},
				"east": {
					"uv": [5.5, 11.5, 4, 13],
					"texture": "#texture"
				},
				"south": {
					"uv": [5, 11.5, 5.5, 13],
					"texture": "#texture"
				},
				"west": {
					"uv": [4, 11.5, 5.5, 13],
					"texture": "#texture"
				},
				"up": {
					"uv": [4, 11.5, 5.5, 12],
					"texture": "#texture",
					"rotation": 90
				},
				"down": {
					"uv": [5.5, 13, 4, 12.5],
					"texture": "#texture",
					"rotation": 90
				}
			}
		},
		{
			"name": "cube",
			"from": [7.75, 2.5, 3.5],
			"to": [8.25, 3.5, 5.5],
			"faces": {
				"north": {
					"uv": [4, 12.5, 3.5, 13.5],
					"texture": "#texture"
				},
				"east": {
					"uv": [5.5, 12.5, 3.5, 13.5],
					"texture": "#texture"
				},
				"south": {
					"uv": [5, 12.5, 5.5, 13.5],
					"texture": "#texture"
				},
				"west": {
					"uv": [3.5, 12.5, 5.5, 13.5],
					"texture": "#texture"
				},
				"up": {
					"uv": [3.5, 12.5, 5.5, 13],
					"texture": "#texture",
					"rotation": 90
				},
				"down": {
					"uv": [5.5, 13.5, 3.5, 13],
					"texture": "#texture",
					"rotation": 90
				}
			}
		},
		{
			"name": "cube",
			"from": [7.75, 2, 3.5],
			"to": [8.25, 2.5, 5],
			"faces": {
				"north": {
					"uv": [4, 13.5, 3.5, 14],
					"texture": "#texture"
				},
				"east": {
					"uv": [5, 13.5, 3.5, 14],
					"texture": "#texture"
				},
				"south": {
					"uv": [4.5, 13.5, 5, 14],
					"texture": "#texture"
				},
				"west": {
					"uv": [3.5, 13.5, 5, 14],
					"texture": "#texture"
				},
				"down": {
					"uv": [5, 14, 3.5, 13.5],
					"texture": "#texture",
					"rotation": 90
				}
			}
		},
		{
			"name": "cube",
			"from": [7.75, 1.5, 3.5],
			"to": [8.25, 2, 4.5],
			"faces": {
				"north": {
					"uv": [4, 14, 3.5, 14.5],
					"texture": "#texture"
				},
				"east": {
					"uv": [4.5, 14, 3.5, 14.5],
					"texture": "#texture"
				},
				"south": {
					"uv": [4, 14, 4.5, 14.5],
					"texture": "#texture"
				},
				"west": {
					"uv": [3.5, 14, 4.5, 14.5],
					"texture": "#texture"
				},
				"down": {
					"uv": [4.5, 14.5, 3.5, 14],
					"texture": "#texture",
					"rotation": 90
				}
			}
		},
		{
			"name": "cube",
			"from": [7.75, 1, 3.5],
			"to": [8.25, 1.5, 4],
			"faces": {
				"north": {
					"uv": [4, 14.5, 3.5, 15],
					"texture": "#texture"
				},
				"east": {
					"uv": [4, 14.5, 3.5, 15],
					"texture": "#texture"
				},
				"south": {
					"uv": [3.5, 14.5, 4, 15],
					"texture": "#texture"
				},
				"west": {
					"uv": [3.5, 14.5, 4, 15],
					"texture": "#texture"
				},
				"down": {
					"uv": [4, 15, 3.5, 14.5],
					"texture": "#texture"
				}
			}
		},
		{
			"name": "cube",
			"from": [8.25, 3, 4.5],
			"to": [8.75, 4.5, 5],
			"faces": {
				"north": {
					"uv": [5, 11.5, 4.5, 13],
					"texture": "#texture"
				},
				"east": {
					"uv": [5, 11.5, 4.5, 13],
					"texture": "#texture"
				},
				"south": {
					"uv": [4.5, 11.5, 5, 13],
					"texture": "#texture"
				},
				"west": {
					"uv": [4.5, 11.5, 5, 13],
					"texture": "#texture"
				},
				"up": {
					"uv": [4.5, 11.5, 5, 12],
					"texture": "#texture"
				},
				"down": {
					"uv": [5, 13, 4.5, 12.5],
					"texture": "#texture"
				}
			}
		},
		{
			"name": "cube",
			"from": [8.5, 3, 5],
			"to": [9, 5.5, 5.5],
			"faces": {
				"north": {
					"uv": [5.5, 10.5, 5, 13],
					"texture": "#texture"
				},
				"east": {
					"uv": [5.5, 10.5, 5, 13],
					"texture": "#texture"
				},
				"south": {
					"uv": [5, 10.5, 5.5, 13],
					"texture": "#texture"
				},
				"west": {
					"uv": [5, 10.5, 5.5, 13],
					"texture": "#texture"
				},
				"up": {
					"uv": [5, 10.5, 5.5, 11],
					"texture": "#texture"
				},
				"down": {
					"uv": [5.5, 13, 5, 12.5],
					"texture": "#texture"
				}
			}
		},
		{
			"name": "cube",
			"from": [8.75, 2.5, 5.5],
			"to": [9.25, 5, 6],
			"faces": {
				"north": {
					"uv": [6, 11, 5.5, 13.5],
					"texture": "#texture"
				},
				"east": {
					"uv": [6, 11, 5.5, 13.5],
					"texture": "#texture"
				},
				"south": {
					"uv": [5.5, 11, 6, 13.5],
					"texture": "#texture"
				},
				"west": {
					"uv": [5.5, 11, 6, 13.5],
					"texture": "#texture"
				},
				"up": {
					"uv": [5.5, 11, 6, 11.5],
					"texture": "#texture"
				},
				"down": {
					"uv": [6, 13.5, 5.5, 13],
					"texture": "#texture"
				}
			}
		},
		{
			"name": "cube",
			"from": [9, 2, 6],
			"to": [9.5, 4.5, 6.5],
			"faces": {
				"north": {
					"uv": [6.5, 11.5, 6, 14],
					"texture": "#texture"
				},
				"east": {
					"uv": [6.5, 11.5, 6, 14],
					"texture": "#texture"
				},
				"south": {
					"uv": [6, 11.5, 6.5, 14],
					"texture": "#texture"
				},
				"west": {
					"uv": [6, 11.5, 6.5, 14],
					"texture": "#texture"
				},
				"up": {
					"uv": [6, 11.5, 6.5, 12],
					"texture": "#texture"
				},
				"down": {
					"uv": [6.5, 14, 6, 13.5],
					"texture": "#texture"
				}
			}
		},
		{
			"name": "cube",
			"from": [9.25, 1.5, 6.5],
			"to": [9.75, 4, 7],
			"faces": {
				"north": {
					"uv": [7, 12, 6.5, 14.5],
					"texture": "#texture"
				},
				"east": {
					"uv": [7, 12, 6.5, 14.5],
					"texture": "#texture"
				},
				"south": {
					"uv": [6.5, 12, 7, 14.5],
					"texture": "#texture"
				},
				"west": {
					"uv": [6.5, 12, 7, 14.5],
					"texture": "#texture"
				},
				"up": {
					"uv": [6.5, 12, 7, 12.5],
					"texture": "#texture"
				},
				"down": {
					"uv": [7, 14.5, 6.5, 14],
					"texture": "#texture"
				}
			}
		},
		{
			"name": "cube",
			"from": [9.5, 0.5, 7],
			"to": [10, 3.5, 7.5],
			"faces": {
				"north": {
					"uv": [7.5, 12.5, 7, 15.5],
					"texture": "#texture"
				},
				"east": {
					"uv": [7.5, 12.5, 7, 15.5],
					"texture": "#texture"
				},
				"south": {
					"uv": [7, 12.5, 7.5, 15.5],
					"texture": "#texture"
				},
				"west": {
					"uv": [7, 12.5, 7.5, 15.5],
					"texture": "#texture"
				},
				"up": {
					"uv": [7, 12.5, 7.5, 13],
					"texture": "#texture"
				},
				"down": {
					"uv": [7.5, 15.5, 7, 15],
					"texture": "#texture"
				}
			}
		},
		{
			"name": "cube",
			"from": [9.75, 0, 7.5],
			"to": [10.25, 3.5, 8.5],
			"faces": {
				"north": {
					"uv": [8, 12.5, 7.5, 16],
					"texture": "#texture"
				},
				"east": {
					"uv": [8.5, 12.5, 7.5, 16],
					"texture": "#texture"
				},
				"south": {
					"uv": [8, 12.5, 8.5, 16],
					"texture": "#texture"
				},
				"west": {
					"uv": [7.5, 12.5, 8.5, 16],
					"texture": "#texture"
				},
				"up": {
					"uv": [7.5, 12.5, 8.5, 13],
					"texture": "#texture",
					"rotation": 90
				},
				"down": {
					"uv": [8.5, 16, 7.5, 15.5],
					"texture": "#texture",
					"rotation": 90
				}
			}
		},
		{
			"name": "cube",
			"from": [9.5, 0.5, 8.5],
			"to": [10, 3.5, 9],
			"faces": {
				"north": {
					"uv": [9, 12.5, 8.5, 15.5],
					"texture": "#texture"
				},
				"east": {
					"uv": [9, 12.5, 8.5, 15.5],
					"texture": "#texture"
				},
				"south": {
					"uv": [8.5, 12.5, 9, 15.5],
					"texture": "#texture"
				},
				"west": {
					"uv": [8.5, 12.5, 9, 15.5],
					"texture": "#texture"
				},
				"up": {
					"uv": [8.5, 12.5, 9, 13],
					"texture": "#texture"
				},
				"down": {
					"uv": [9, 15.5, 8.5, 15],
					"texture": "#texture"
				}
			}
		},
		{
			"name": "cube",
			"from": [7.5, 3.5, 10],
			"to": [8.5, 6, 11.5],
			"faces": {
				"north": {
					"uv": [10.5, 10, 10, 12.5],
					"texture": "#texture"
				},
				"east": {
					"uv": [11.5, 10, 10, 12.5],
					"texture": "#texture"
				},
				"south": {
					"uv": [11, 10, 11.5, 12.5],
					"texture": "#texture"
				},
				"west": {
					"uv": [10, 10, 11.5, 12.5],
					"texture": "#texture"
				},
				"up": {
					"uv": [10, 10, 11.5, 10.5],
					"texture": "#texture",
					"rotation": 90
				},
				"down": {
					"uv": [11.5, 12.5, 10, 12],
					"texture": "#texture",
					"rotation": 90
				}
			}
		},
		{
			"name": "cube",
			"from": [7.5, 3, 10.5],
			"to": [8.5, 4.5, 12],
			"faces": {
				"north": {
					"uv": [11, 11.5, 10.5, 13],
					"texture": "#texture"
				},
				"east": {
					"uv": [12, 11.5, 10.5, 13],
					"texture": "#texture"
				},
				"south": {
					"uv": [11.5, 11.5, 12, 13],
					"texture": "#texture"
				},
				"west": {
					"uv": [10.5, 11.5, 12, 13],
					"texture": "#texture"
				},
				"up": {
					"uv": [10.5, 11.5, 12, 12],
					"texture": "#texture",
					"rotation": 90
				},
				"down": {
					"uv": [12, 13, 10.5, 12.5],
					"texture": "#texture",
					"rotation": 90
				}
			}
		},
		{
			"name": "cube",
			"from": [9.25, 1.5, 9],
			"to": [9.75, 4, 9.5],
			"faces": {
				"north": {
					"uv": [9.5, 12, 9, 14.5],
					"texture": "#texture"
				},
				"east": {
					"uv": [9.5, 12, 9, 14.5],
					"texture": "#texture"
				},
				"south": {
					"uv": [9, 12, 9.5, 14.5],
					"texture": "#texture"
				},
				"west": {
					"uv": [9, 12, 9.5, 14.5],
					"texture": "#texture"
				},
				"up": {
					"uv": [9, 12, 9.5, 12.5],
					"texture": "#texture"
				},
				"down": {
					"uv": [9.5, 14.5, 9, 14],
					"texture": "#texture"
				}
			}
		},
		{
			"name": "cube",
			"from": [9, 2, 9.5],
			"to": [9.5, 4.5, 10],
			"faces": {
				"north": {
					"uv": [10, 11.5, 9.5, 14],
					"texture": "#texture"
				},
				"east": {
					"uv": [10, 11.5, 9.5, 14],
					"texture": "#texture"
				},
				"south": {
					"uv": [9.5, 11.5, 10, 14],
					"texture": "#texture"
				},
				"west": {
					"uv": [9.5, 11.5, 10, 14],
					"texture": "#texture"
				},
				"up": {
					"uv": [9.5, 11.5, 10, 12],
					"texture": "#texture"
				},
				"down": {
					"uv": [10, 14, 9.5, 13.5],
					"texture": "#texture"
				}
			}
		},
		{
			"name": "cube",
			"from": [8.75, 2.5, 10],
			"to": [9.25, 5, 10.5],
			"faces": {
				"north": {
					"uv": [10.5, 11, 10, 13.5],
					"texture": "#texture"
				},
				"east": {
					"uv": [10.5, 11, 10, 13.5],
					"texture": "#texture"
				},
				"south": {
					"uv": [10, 11, 10.5, 13.5],
					"texture": "#texture"
				},
				"west": {
					"uv": [10, 11, 10.5, 13.5],
					"texture": "#texture"
				},
				"up": {
					"uv": [10, 11, 10.5, 11.5],
					"texture": "#texture"
				},
				"down": {
					"uv": [10.5, 13.5, 10, 13],
					"texture": "#texture"
				}
			}
		},
		{
			"name": "cube",
			"from": [8.5, 3, 10.5],
			"to": [9, 5.5, 11],
			"faces": {
				"north": {
					"uv": [11, 10.5, 10.5, 13],
					"texture": "#texture"
				},
				"east": {
					"uv": [11, 10.5, 10.5, 13],
					"texture": "#texture"
				},
				"south": {
					"uv": [10.5, 10.5, 11, 13],
					"texture": "#texture"
				},
				"west": {
					"uv": [10.5, 10.5, 11, 13],
					"texture": "#texture"
				},
				"up": {
					"uv": [10.5, 10.5, 11, 11],
					"texture": "#texture"
				},
				"down": {
					"uv": [11, 13, 10.5, 12.5],
					"texture": "#texture"
				}
			}
		},
		{
			"name": "cube",
			"from": [8.25, 3, 11],
			"to": [8.75, 4.5, 11.5],
			"faces": {
				"north": {
					"uv": [11.5, 11.5, 11, 13],
					"texture": "#texture"
				},
				"east": {
					"uv": [11.5, 11.5, 11, 13],
					"texture": "#texture"
				},
				"south": {
					"uv": [11, 11.5, 11.5, 13],
					"texture": "#texture"
				},
				"west": {
					"uv": [11, 11.5, 11.5, 13],
					"texture": "#texture"
				},
				"up": {
					"uv": [11, 11.5, 11.5, 12],
					"texture": "#texture"
				},
				"down": {
					"uv": [11.5, 13, 11, 12.5],
					"texture": "#texture"
				}
			}
		},
		{
			"name": "cube",
			"from": [7.75, 2.5, 10.5],
			"to": [8.25, 3.5, 12.5],
			"faces": {
				"north": {
					"uv": [11, 12.5, 10.5, 13.5],
					"texture": "#texture"
				},
				"east": {
					"uv": [12.5, 12.5, 10.5, 13.5],
					"texture": "#texture"
				},
				"south": {
					"uv": [12, 12.5, 12.5, 13.5],
					"texture": "#texture"
				},
				"west": {
					"uv": [10.5, 12.5, 12.5, 13.5],
					"texture": "#texture"
				},
				"up": {
					"uv": [10.5, 12.5, 12.5, 13],
					"texture": "#texture",
					"rotation": 90
				},
				"down": {
					"uv": [12.5, 13.5, 10.5, 13],
					"texture": "#texture",
					"rotation": 90
				}
			}
		},
		{
			"name": "cube",
			"from": [7.75, 2, 11],
			"to": [8.25, 2.5, 12.5],
			"faces": {
				"north": {
					"uv": [11.5, 13.5, 11, 14],
					"texture": "#texture"
				},
				"east": {
					"uv": [12.5, 13.5, 11, 14],
					"texture": "#texture"
				},
				"south": {
					"uv": [12, 13.5, 12.5, 14],
					"texture": "#texture"
				},
				"west": {
					"uv": [11, 13.5, 12.5, 14],
					"texture": "#texture"
				},
				"down": {
					"uv": [12.5, 14, 11, 13.5],
					"texture": "#texture",
					"rotation": 90
				}
			}
		},
		{
			"name": "cube",
			"from": [7.75, 1.5, 11.5],
			"to": [8.25, 2, 12.5],
			"faces": {
				"north": {
					"uv": [12, 14, 11.5, 14.5],
					"texture": "#texture"
				},
				"east": {
					"uv": [12.5, 14, 11.5, 14.5],
					"texture": "#texture"
				},
				"south": {
					"uv": [12, 14, 12.5, 14.5],
					"texture": "#texture"
				},
				"west": {
					"uv": [11.5, 14, 12.5, 14.5],
					"texture": "#texture"
				},
				"down": {
					"uv": [12.5, 14.5, 11.5, 14],
					"texture": "#texture",
					"rotation": 90
				}
			}
		},
		{
			"name": "cube",
			"from": [7.75, 1, 12],
			"to": [8.25, 1.5, 12.5],
			"faces": {
				"north": {
					"uv": [12.5, 14.5, 12, 15],
					"texture": "#texture"
				},
				"east": {
					"uv": [12.5, 14.5, 12, 15],
					"texture": "#texture"
				},
				"south": {
					"uv": [12, 14.5, 12.5, 15],
					"texture": "#texture"
				},
				"west": {
					"uv": [12, 14.5, 12.5, 15],
					"texture": "#texture"
				},
				"down": {
					"uv": [12.5, 15, 12, 14.5],
					"texture": "#texture"
				}
			}
		},
		{
			"name": "cube",
			"from": [7.5, 12, 11],
			"to": [8.5, 12.5, 12],
			"faces": {
				"north": {
					"uv": [11.5, 3.5, 11, 4],
					"texture": "#texture"
				},
				"east": {
					"uv": [12, 3.5, 11, 4],
					"texture": "#texture"
				},
				"south": {
					"uv": [11.5, 3.5, 12, 4],
					"texture": "#texture"
				},
				"west": {
					"uv": [11, 3.5, 12, 4],
					"texture": "#texture"
				},
				"up": {
					"uv": [11, 3.5, 12, 4],
					"texture": "#texture",
					"rotation": 90
				}
			}
		},
		{
			"name": "cube",
			"from": [7.25, 11, 11],
			"to": [8.75, 12, 12],
			"faces": {
				"north": {
					"uv": [11.5, 4, 11, 5],
					"texture": "#texture"
				},
				"east": {
					"uv": [12, 4, 11, 5],
					"texture": "#texture"
				},
				"south": {
					"uv": [11.5, 4, 12, 5],
					"texture": "#texture"
				},
				"west": {
					"uv": [11, 4, 12, 5],
					"texture": "#texture"
				},
				"up": {
					"uv": [11, 4, 12, 4.5],
					"texture": "#texture",
					"rotation": 90
				},
				"down": {
					"uv": [12, 5, 11, 4.5],
					"texture": "#texture",
					"rotation": 90
				}
			}
		},
		{
			"name": "cube",
			"from": [7.5, 11.5, 12],
			"to": [8.5, 12, 12.5],
			"faces": {
				"east": {
					"uv": [12.5, 4, 12, 4.5],
					"texture": "#texture"
				},
				"south": {
					"uv": [12, 4, 12.5, 4.5],
					"texture": "#texture"
				},
				"west": {
					"uv": [12, 4, 12.5, 4.5],
					"texture": "#texture"
				},
				"up": {
					"uv": [12, 4, 12.5, 4.5],
					"texture": "#texture"
				}
			}
		},
		{
			"name": "cube",
			"from": [7.25, 8, 11.5],
			"to": [8.75, 11.5, 12.5],
			"faces": {
				"north": {
					"uv": [12, 4.5, 11.5, 8],
					"texture": "#texture"
				},
				"east": {
					"uv": [12.5, 4.5, 11.5, 8],
					"texture": "#texture"
				},
				"south": {
					"uv": [12, 4.5, 12.5, 8],
					"texture": "#texture"
				},
				"west": {
					"uv": [11.5, 4.5, 12.5, 8],
					"texture": "#texture"
				},
				"up": {
					"uv": [12, 4.5, 12.5, 5],
					"texture": "#texture"
				},
				"down": {
					"uv": [12.5, 8, 12, 7.5],
					"texture": "#texture"
				}
			}
		},
		{
			"name": "cube",
			"from": [7.5, 10, 12.5],
			"to": [8.5, 11.5, 13],
			"faces": {
				"east": {
					"uv": [13, 4.5, 12.5, 6],
					"texture": "#texture"
				},
				"south": {
					"uv": [12.5, 4.5, 13, 6],
					"texture": "#texture"
				},
				"west": {
					"uv": [12.5, 4.5, 13, 6],
					"texture": "#texture"
				},
				"up": {
					"uv": [12.5, 4.5, 13, 5],
					"texture": "#texture"
				}
			}
		},
		{
			"name": "cube",
			"from": [7.5, 8, 13],
			"to": [8.5, 10, 13.5],
			"faces": {
				"east": {
					"uv": [13.5, 6, 13, 8],
					"texture": "#texture"
				},
				"south": {
					"uv": [13, 6, 13.5, 8],
					"texture": "#texture"
				},
				"west": {
					"uv": [13, 6, 13.5, 8],
					"texture": "#texture"
				},
				"up": {
					"uv": [13, 6, 13.5, 6.5],
					"texture": "#texture"
				},
				"down": {
					"uv": [13.5, 8, 13, 7.5],
					"texture": "#texture"
				}
			}
		},
		{
			"name": "cube",
			"from": [7.25, 8, 12.5],
			"to": [8.75, 10, 13],
			"faces": {
				"east": {
					"uv": [13, 6, 12.5, 8],
					"texture": "#texture"
				},
				"south": {
					"uv": [12.5, 6, 13, 8],
					"texture": "#texture"
				},
				"west": {
					"uv": [12.5, 6, 13, 8],
					"texture": "#texture"
				},
				"up": {
					"uv": [12.5, 6, 13, 6.5],
					"texture": "#texture"
				},
				"down": {
					"uv": [13, 8, 12.5, 7.5],
					"texture": "#texture"
				}
			}
		},
		{
			"name": "cube",
			"from": [7.25, 7, 11],
			"to": [8.75, 8.5, 12],
			"faces": {
				"north": {
					"uv": [11.5, 7.5, 11, 9],
					"texture": "#texture"
				},
				"east": {
					"uv": [12, 7.5, 11, 9],
					"texture": "#texture"
				},
				"south": {
					"uv": [11.5, 7.5, 12, 9],
					"texture": "#texture"
				},
				"west": {
					"uv": [11, 7.5, 12, 9],
					"texture": "#texture"
				},
				"up": {
					"uv": [11, 7.5, 12, 8],
					"texture": "#texture",
					"rotation": 90
				},
				"down": {
					"uv": [12, 9, 11, 8.5],
					"texture": "#texture",
					"rotation": 90
				}
			}
		},
		{
			"name": "cube",
			"from": [7.25, 6.5, 10.5],
			"to": [8.75, 8, 11.5],
			"faces": {
				"north": {
					"uv": [11, 8, 10.5, 9.5],
					"texture": "#texture"
				},
				"east": {
					"uv": [11.5, 8, 10.5, 9.5],
					"texture": "#texture"
				},
				"south": {
					"uv": [11, 8, 11.5, 9.5],
					"texture": "#texture"
				},
				"west": {
					"uv": [10.5, 8, 11.5, 9.5],
					"texture": "#texture"
				},
				"up": {
					"uv": [10.5, 8, 11.5, 8.5],
					"texture": "#texture",
					"rotation": 90
				},
				"down": {
					"uv": [11.5, 9.5, 10.5, 9],
					"texture": "#texture",
					"rotation": 90
				}
			}
		},
		{
			"name": "cube",
			"from": [7.25, 6, 10],
			"to": [8.75, 7.5, 11],
			"faces": {
				"north": {
					"uv": [10.5, 8.5, 10, 10],
					"texture": "#texture"
				},
				"east": {
					"uv": [11, 8.5, 10, 10],
					"texture": "#texture"
				},
				"south": {
					"uv": [10.5, 8.5, 11, 10],
					"texture": "#texture"
				},
				"west": {
					"uv": [10, 8.5, 11, 10],
					"texture": "#texture"
				},
				"up": {
					"uv": [10, 8.5, 11, 9],
					"texture": "#texture",
					"rotation": 90
				}
			}
		}
	],
	"groups": [
		0,
		1,
		2,
		3,
		4,
		5,
		6,
		7,
		8,
		9,
		10,
		11,
		12,
		13,
		14,
		15,
		16,
		17,
		18,
		19,
		20,
		21,
		22,
		23,
		24,
		25,
		26,
		27,
		28,
		29,
		30,
		31,
		32,
		33,
		34,
		35,
		36,
		37,
		38,
		39,
		40,
		41,
		42,
		43,
		44,
		45,
		46,
		47,
		48,
		49,
		50,
		51,
		52,
		53,
		54,
		55,
		56,
		57,
		58,
		59,
		60,
		61,
		62,
		63,
		64,
		65,
		66,
		67,
		68,
		69,
		70,
		71,
		72,
		73
	],
	"display": {
		"thirdperson_righthand": {
			"rotation": [-90, 0, 0],
			"translation": [1.13, -2.27, -5.29],
			"scale": [1, 1, 1]
		},
		"firstperson_righthand": {
			"rotation": [-37, 0, 0],
			"translation": [0, 0, 0],
			"scale": [1, 1, 1]
		},
		"gui": {
			"rotation": [90, -135, 90],
			"translation": [0.19, 0.38, 0],
			"scale": [0.9, 0.9, 0.9]
		},
		"thirdperson_lefthand": {
			"rotation": [-90, -180, 0],
			"translation": [0.5, -2, -6.5],
			"scale": [1, 1, 1]
		},
		"firstperson_lefthand": {
			"scale": [0.75, 1.075, 1],
			"rotation": [-44, -180, 1],
			"translation": [0.5, 0, 0]
		},
		"head": {
			"scale": [1, 1, 1],
			"translation": [0, -16, 4.5],
			"rotation": [-180, 90, 0]
		},
		"ground": {
			"scale": [1, 1, 1],
			"rotation": [90, -90, 0]
		},
		"fixed": {"scale": [1, 1, 1], "rotation": [0, 90, 0]}
	}
}