{
	"credit": "Made by Bailey :D",
	"textures": {
		"texture": "block/diamond_sword/88",
		"zTreacherousCleavertexture1": "block/diamond_sword/88_1",
		"zTreacherousCleavertexture2": "block/diamond_sword/88_2",
		"zTreacherousCleavertexture3": "block/diamond_sword/88_3",
		"INVERTED": "block/diamond_sword/88_4"
	},
	"elements": [
		{
			"name": "zTreacherousCleaver x128",
			"from": [6, 7.375, 7.9375],
			"to": [8.375, 8.875, 8.0625],
			"faces": {
				"north": {"uv": [8.375, 7.125, 6, 8.625], "texture": "#texture"},
				"east": {"uv": [8.375, 7.125, 8.25, 8.625], "texture": "#zTreacherousCleavertexture1"},
				"south": {"uv": [6, 7.125, 8.375, 8.625], "texture": "#texture"},
				"west": {"uv": [6, 7.125, 6.125, 8.625], "texture": "#texture"},
				"up": {"uv": [6, 7.125, 8.375, 7.25], "texture": "#texture"},
				"down": {"uv": [6, 8.625, 8.375, 8.5], "texture": "#texture"}
			}
		},
		{
			"name": "zTreacherousCleaver x128",
			"from": [6.125, 8.875, 7.9375],
			"to": [8.5, 9.75, 8.0625],
			"faces": {
				"north": {"uv": [8.5, 6.25, 6.125, 7.125], "texture": "#texture"},
				"east": {"uv": [8.5, 6.25, 8.375, 7.125], "texture": "#zTreacherousCleavertexture1"},
				"south": {"uv": [6.125, 6.25, 8.5, 7.125], "texture": "#texture"},
				"west": {"uv": [6.125, 6.25, 6.25, 7.125], "texture": "#texture"},
				"up": {"uv": [6.125, 6.25, 8.5, 6.375], "texture": "#texture"},
				"down": {"uv": [6.125, 7.125, 8.5, 7], "texture": "#texture"}
			}
		},
		{
			"name": "zTreacherousCleaver x128",
			"from": [6.125, 6.25, 7.9375],
			"to": [8.375, 7.375, 8.0625],
			"faces": {
				"north": {"uv": [8.375, 8.625, 6.125, 9.75], "texture": "#texture"},
				"east": {"uv": [8.375, 8.625, 8.25, 9.75], "texture": "#zTreacherousCleavertexture1"},
				"south": {"uv": [6.125, 8.625, 8.375, 9.75], "texture": "#texture"},
				"west": {"uv": [6.125, 8.625, 6.25, 9.75], "texture": "#texture"},
				"up": {"uv": [6.125, 8.625, 8.375, 8.75], "texture": "#texture"},
				"down": {"uv": [6.125, 9.75, 8.375, 9.625], "texture": "#texture"}
			}
		},
		{
			"name": "zTreacherousCleaver x128",
			"from": [6.25, 9.75, 7.9375],
			"to": [8.625, 10.5, 8.0625],
			"faces": {
				"north": {"uv": [8.625, 5.5, 6.25, 6.25], "texture": "#texture"},
				"east": {"uv": [8.625, 5.5, 8.5, 6.25], "texture": "#zTreacherousCleavertexture1"},
				"south": {"uv": [6.25, 5.5, 8.625, 6.25], "texture": "#texture"},
				"west": {"uv": [6.25, 5.5, 6.375, 6.25], "texture": "#texture"},
				"up": {"uv": [6.25, 5.5, 8.625, 5.625], "texture": "#texture"},
				"down": {"uv": [6.25, 6.25, 8.625, 6.125], "texture": "#texture"}
			}
		},
		{
			"name": "zTreacherousCleaver x128",
			"from": [6.25, 5.625, 7.9375],
			"to": [8.375, 6.25, 8.0625],
			"faces": {
				"north": {"uv": [8.375, 9.75, 6.25, 10.375], "texture": "#texture"},
				"east": {"uv": [8.375, 9.75, 8.25, 10.375], "texture": "#zTreacherousCleavertexture1"},
				"south": {"uv": [6.25, 9.75, 8.375, 10.375], "texture": "#texture"},
				"west": {"uv": [6.25, 9.75, 6.375, 10.375], "texture": "#texture"},
				"up": {"uv": [6.25, 9.75, 8.375, 9.875], "texture": "#texture"},
				"down": {"uv": [6.25, 10.375, 8.375, 10.25], "texture": "#texture"}
			}
		},
		{
			"name": "zTreacherousCleaver x128",
			"from": [6.375, 10.5, 7.9375],
			"to": [8.625, 11, 8.0625],
			"faces": {
				"north": {"uv": [8.625, 5, 6.375, 5.5], "texture": "#texture"},
				"east": {"uv": [8.625, 5, 8.5, 5.5], "texture": "#zTreacherousCleavertexture1"},
				"south": {"uv": [6.375, 5, 8.625, 5.5], "texture": "#texture"},
				"west": {"uv": [6.375, 5, 6.5, 5.5], "texture": "#texture"},
				"up": {"uv": [6.375, 5, 8.625, 5.125], "texture": "#texture"},
				"down": {"uv": [6.375, 5.5, 8.625, 5.375], "texture": "#texture"}
			}
		},
		{
			"name": "zTreacherousCleaver x128",
			"from": [6.375, 5, 7.9375],
			"to": [6.875, 5.625, 8.0625],
			"faces": {
				"north": {"uv": [6.875, 10.375, 6.375, 11], "texture": "#texture"},
				"east": {"uv": [6.875, 10.375, 6.75, 11], "texture": "#zTreacherousCleavertexture1"},
				"south": {"uv": [6.375, 10.375, 6.875, 11], "texture": "#texture"},
				"west": {"uv": [6.375, 10.375, 6.5, 11], "texture": "#texture"},
				"up": {"uv": [6.375, 10.375, 6.875, 10.5], "texture": "#texture"},
				"down": {"uv": [6.375, 11, 6.875, 10.875], "texture": "#texture"}
			}
		},
		{
			"name": "zTreacherousCleaver x128",
			"from": [6.5, 11, 7.9375],
			"to": [9, 11.375, 8.0625],
			"faces": {
				"north": {"uv": [9, 4.625, 6.5, 5], "texture": "#texture"},
				"east": {"uv": [9, 4.625, 8.875, 5], "texture": "#zTreacherousCleavertexture1"},
				"south": {"uv": [6.5, 4.625, 9, 5], "texture": "#texture"},
				"west": {"uv": [6.5, 4.625, 6.625, 5], "texture": "#texture"},
				"up": {"uv": [6.5, 4.625, 9, 4.75], "texture": "#zTreacherousCleavertexture1"},
				"down": {"uv": [6.5, 5, 9, 4.875], "texture": "#zTreacherousCleavertexture1"}
			}
		},
		{
			"name": "zTreacherousCleaver x128",
			"from": [6.625, 11.375, 7.9375],
			"to": [9, 11.75, 8.0625],
			"faces": {
				"north": {"uv": [9, 4.25, 6.625, 4.625], "texture": "#texture"},
				"east": {"uv": [9, 4.25, 8.875, 4.625], "texture": "#zTreacherousCleavertexture1"},
				"south": {"uv": [6.625, 4.25, 9, 4.625], "texture": "#texture"},
				"west": {"uv": [6.625, 4.25, 6.75, 4.625], "texture": "#texture"},
				"up": {"uv": [6.625, 4.25, 9, 4.375], "texture": "#texture"},
				"down": {"uv": [6.625, 4.625, 9, 4.5], "texture": "#texture"}
			}
		},
		{
			"name": "zTreacherousCleaver x128",
			"from": [6.75, 11.75, 7.9375],
			"to": [9, 12, 8.0625],
			"faces": {
				"north": {"uv": [9, 4, 6.75, 4.25], "texture": "#texture"},
				"east": {"uv": [9, 4, 8.875, 4.25], "texture": "#zTreacherousCleavertexture1"},
				"south": {"uv": [6.75, 4, 9, 4.25], "texture": "#texture"},
				"west": {"uv": [6.75, 4, 6.875, 4.25], "texture": "#texture"},
				"up": {"uv": [6.75, 4, 9, 4.125], "texture": "#texture"},
				"down": {"uv": [6.75, 4.25, 9, 4.125], "texture": "#texture"}
			}
		},
		{
			"name": "zTreacherousCleaver x128",
			"from": [6.875, 5.125, 7.9375],
			"to": [7, 5.625, 8.0625],
			"faces": {
				"north": {"uv": [7, 10.375, 6.875, 10.875], "texture": "#texture"},
				"east": {"uv": [7, 10.375, 6.875, 10.875], "texture": "#zTreacherousCleavertexture1"},
				"south": {"uv": [6.875, 10.375, 7, 10.875], "texture": "#texture"},
				"west": {"uv": [6.875, 10.375, 7, 10.875], "texture": "#texture"},
				"up": {"uv": [6.875, 10.375, 7, 10.5], "texture": "#texture"},
				"down": {"uv": [6.875, 10.875, 7, 10.75], "texture": "#texture"}
			}
		},
		{
			"name": "zTreacherousCleaver x128",
			"from": [7, 5.25, 7.9375],
			"to": [7.25, 5.625, 8.0625],
			"faces": {
				"north": {"uv": [7.25, 10.375, 7, 10.75], "texture": "#texture"},
				"east": {"uv": [7.25, 10.375, 7.125, 10.75], "texture": "#zTreacherousCleavertexture1"},
				"south": {"uv": [7, 10.375, 7.25, 10.75], "texture": "#texture"},
				"west": {"uv": [7, 10.375, 7.125, 10.75], "texture": "#texture"},
				"up": {"uv": [7, 10.375, 7.25, 10.5], "texture": "#texture"},
				"down": {"uv": [7, 10.75, 7.25, 10.625], "texture": "#texture"}
			}
		},
		{
			"name": "zTreacherousCleaver x128",
			"from": [7.25, 5.375, 7.9375],
			"to": [7.5, 5.625, 8.0625],
			"faces": {
				"north": {"uv": [7.5, 10.375, 7.25, 10.625], "texture": "#texture"},
				"east": {"uv": [7.5, 10.375, 7.375, 10.625], "texture": "#zTreacherousCleavertexture1"},
				"south": {"uv": [7.25, 10.375, 7.5, 10.625], "texture": "#texture"},
				"west": {"uv": [7.25, 10.375, 7.375, 10.625], "texture": "#texture"},
				"up": {"uv": [7.25, 10.375, 7.5, 10.5], "texture": "#texture"},
				"down": {"uv": [7.25, 10.625, 7.5, 10.5], "texture": "#texture"}
			}
		},
		{
			"name": "zTreacherousCleaver x128",
			"from": [7.5, 5.5, 7.8125],
			"to": [8.375, 5.625, 8.1875],
			"faces": {
				"north": {"uv": [8.375, 10.375, 7.5, 10.5], "texture": "#texture"},
				"east": {"uv": [8.375, 10.375, 8.25, 10.5], "texture": "#zTreacherousCleavertexture1"},
				"south": {"uv": [7.5, 10.375, 8.375, 10.5], "texture": "#texture"},
				"west": {"uv": [7.5, 10.375, 7.625, 10.5], "texture": "#texture"},
				"up": {"uv": [7.5, 10.375, 8.375, 10.5], "texture": "#texture"},
				"down": {"uv": [7.5, 10.5, 8.375, 10.375], "texture": "#texture"}
			}
		},
		{
			"name": "zTreacherousCleaver x128",
			"from": [8.375, 7.875, 7.9375],
			"to": [8.5, 8.875, 8.0625],
			"faces": {
				"north": {"uv": [8.5, 7.125, 8.375, 8.125], "texture": "#texture"},
				"east": {"uv": [8.5, 7.125, 8.375, 8.125], "texture": "#zTreacherousCleavertexture1"},
				"south": {"uv": [8.375, 7.125, 8.5, 8.125], "texture": "#texture"},
				"west": {"uv": [8.375, 7.125, 8.5, 8.125], "texture": "#texture"},
				"up": {"uv": [8.375, 7.125, 8.5, 7.25], "texture": "#zTreacherousCleavertexture1"},
				"down": {"uv": [8.375, 8.125, 8.5, 8], "texture": "#zTreacherousCleavertexture1"}
			}
		},
		{
			"name": "zTreacherousCleaver x128",
			"from": [8.5, 9.375, 7.9375],
			"to": [8.625, 9.75, 8.0625],
			"faces": {
				"north": {"uv": [8.625, 6.25, 8.5, 6.625], "texture": "#texture"},
				"east": {"uv": [8.625, 6.25, 8.5, 6.625], "texture": "#zTreacherousCleavertexture1"},
				"south": {"uv": [8.5, 6.25, 8.625, 6.625], "texture": "#texture"},
				"west": {"uv": [8.5, 6.25, 8.625, 6.625], "texture": "#texture"},
				"up": {"uv": [8.5, 6.25, 8.625, 6.375], "texture": "#zTreacherousCleavertexture1"},
				"down": {"uv": [8.5, 6.625, 8.625, 6.5], "texture": "#zTreacherousCleavertexture1"}
			}
		},
		{
			"name": "zTreacherousCleaver x128",
			"from": [8.625, 10.625, 7.9375],
			"to": [8.75, 11, 8.0625],
			"faces": {
				"north": {"uv": [8.75, 5, 8.625, 5.375], "texture": "#texture"},
				"east": {"uv": [8.75, 5, 8.625, 5.375], "texture": "#zTreacherousCleavertexture1"},
				"south": {"uv": [8.625, 5, 8.75, 5.375], "texture": "#texture"},
				"west": {"uv": [8.625, 5, 8.75, 5.375], "texture": "#texture"},
				"up": {"uv": [8.625, 5, 8.75, 5.125], "texture": "#zTreacherousCleavertexture1"},
				"down": {"uv": [8.625, 5.375, 8.75, 5.25], "texture": "#zTreacherousCleavertexture1"}
			}
		},
		{
			"name": "zTreacherousCleaver x128",
			"from": [8.75, 10.75, 7.9375],
			"to": [8.875, 11, 8.0625],
			"faces": {
				"north": {"uv": [8.875, 5, 8.75, 5.25], "texture": "#texture"},
				"east": {"uv": [8.875, 5, 8.75, 5.25], "texture": "#zTreacherousCleavertexture1"},
				"south": {"uv": [8.75, 5, 8.875, 5.25], "texture": "#texture"},
				"west": {"uv": [8.75, 5, 8.875, 5.25], "texture": "#texture"},
				"up": {"uv": [8.75, 5, 8.875, 5.125], "texture": "#zTreacherousCleavertexture1"},
				"down": {"uv": [8.75, 5.25, 8.875, 5.125], "texture": "#zTreacherousCleavertexture1"}
			}
		},
		{
			"from": [6.625, 5.75, 7.8125],
			"to": [8.375, 5.875, 8.1875],
			"faces": {
				"north": {"uv": [7.625, 10.125, 9.375, 10.25], "texture": "#INVERTED"},
				"east": {"uv": [7.8125, 10.125, 8.1875, 10.25], "texture": "#zTreacherousCleavertexture1"},
				"south": {"uv": [6.625, 10.125, 8.375, 10.25], "texture": "#texture"},
				"west": {"uv": [7.8125, 10.125, 8.1875, 10.25], "texture": "#zTreacherousCleavertexture1"},
				"up": {"uv": [6.625, 7.8125, 8.375, 8.1875], "texture": "#zTreacherousCleavertexture1"},
				"down": {"uv": [9.375, 8.1875, 7.625, 7.8125], "texture": "#zTreacherousCleavertexture1"}
			}
		},
		{
			"from": [7.125, 5.625, 7.8125],
			"to": [8.375, 5.75, 8.1875],
			"faces": {
				"north": {"uv": [7.625, 10.25, 8.875, 10.375], "texture": "#INVERTED"},
				"east": {"uv": [7.8125, 10.25, 8.1875, 10.375], "texture": "#zTreacherousCleavertexture1"},
				"south": {"uv": [7.125, 10.25, 8.375, 10.375], "texture": "#texture"},
				"west": {"uv": [7.8125, 10.25, 8.1875, 10.375], "texture": "#zTreacherousCleavertexture1"},
				"up": {"uv": [7.125, 7.8125, 8.375, 8.1875], "texture": "#zTreacherousCleavertexture1"},
				"down": {"uv": [8.875, 8.1875, 7.625, 7.8125], "texture": "#zTreacherousCleavertexture1"}
			}
		},
		{
			"from": [7.5, 5.875, 7.8125],
			"to": [8.375, 6, 8.1875],
			"faces": {
				"north": {"uv": [7.625, 10, 8.5, 10.125], "texture": "#INVERTED"},
				"east": {"uv": [7.8125, 10, 8.1875, 10.125], "texture": "#zTreacherousCleavertexture1"},
				"south": {"uv": [7.5, 10, 8.375, 10.125], "texture": "#texture"},
				"west": {"uv": [7.8125, 10, 8.1875, 10.125], "texture": "#zTreacherousCleavertexture1"},
				"up": {"uv": [7.5, 7.8125, 8.375, 8.1875], "texture": "#zTreacherousCleavertexture1"},
				"down": {"uv": [8.5, 8.1875, 7.625, 7.8125], "texture": "#zTreacherousCleavertexture1"}
			}
		},
		{
			"from": [7.125, 6, 7.8125],
			"to": [8.375, 6.125, 8.1875],
			"faces": {
				"north": {"uv": [7.625, 9.875, 8.875, 10], "texture": "#INVERTED"},
				"east": {"uv": [7.8125, 9.875, 8.1875, 10], "texture": "#zTreacherousCleavertexture1"},
				"south": {"uv": [7.125, 9.875, 8.375, 10], "texture": "#texture"},
				"west": {"uv": [7.8125, 9.875, 8.1875, 10], "texture": "#zTreacherousCleavertexture1"},
				"up": {"uv": [7.125, 7.8125, 8.375, 8.1875], "texture": "#zTreacherousCleavertexture1"},
				"down": {"uv": [8.875, 8.1875, 7.625, 7.8125], "texture": "#zTreacherousCleavertexture1"}
			}
		},
		{
			"from": [6.75, 6.125, 7.8125],
			"to": [8.375, 6.25, 8.1875],
			"faces": {
				"north": {"uv": [7.625, 9.75, 9.25, 9.875], "texture": "#INVERTED"},
				"east": {"uv": [7.8125, 9.75, 8.1875, 9.875], "texture": "#zTreacherousCleavertexture1"},
				"south": {"uv": [6.75, 9.75, 8.375, 9.875], "texture": "#texture"},
				"west": {"uv": [7.8125, 9.75, 8.1875, 9.875], "texture": "#zTreacherousCleavertexture1"},
				"up": {"uv": [6.75, 7.8125, 8.375, 8.1875], "texture": "#zTreacherousCleavertexture1"},
				"down": {"uv": [9.25, 8.1875, 7.625, 7.8125], "texture": "#zTreacherousCleavertexture1"}
			}
		},
		{
			"from": [7, 6.25, 7.8125],
			"to": [8.375, 6.5, 8.1875],
			"faces": {
				"north": {"uv": [7.625, 9.5, 9, 9.75], "texture": "#INVERTED"},
				"east": {"uv": [7.8125, 9.5, 8.1875, 9.75], "texture": "#zTreacherousCleavertexture1"},
				"south": {"uv": [7, 9.5, 8.375, 9.75], "texture": "#texture"},
				"west": {"uv": [7.8125, 9.5, 8.1875, 9.75], "texture": "#zTreacherousCleavertexture1"},
				"up": {"uv": [7, 7.8125, 8.375, 8.1875], "texture": "#zTreacherousCleavertexture1"},
				"down": {"uv": [9, 8.1875, 7.625, 7.8125], "texture": "#zTreacherousCleavertexture1"}
			}
		},
		{
			"from": [6.875, 6.375, 7.8125],
			"to": [7, 6.5, 8.1875],
			"faces": {
				"north": {"uv": [9, 9.5, 9.125, 9.625], "texture": "#INVERTED"},
				"east": {"uv": [7.8125, 9.5, 8.1875, 9.625], "texture": "#zTreacherousCleavertexture1"},
				"south": {"uv": [6.875, 9.5, 7, 9.625], "texture": "#texture"},
				"west": {"uv": [7.8125, 9.5, 8.1875, 9.625], "texture": "#zTreacherousCleavertexture1"},
				"up": {"uv": [6.875, 7.8125, 7, 8.1875], "texture": "#zTreacherousCleavertexture1"},
				"down": {"uv": [9.125, 8.1875, 9, 7.8125], "texture": "#zTreacherousCleavertexture1"}
			}
		},
		{
			"from": [7.25, 6.5, 7.8125],
			"to": [8.375, 6.75, 8.1875],
			"faces": {
				"north": {"uv": [7.625, 9.25, 8.75, 9.5], "texture": "#INVERTED"},
				"east": {"uv": [7.8125, 9.25, 8.1875, 9.5], "texture": "#zTreacherousCleavertexture1"},
				"south": {"uv": [7.25, 9.25, 8.375, 9.5], "texture": "#texture"},
				"west": {"uv": [7.8125, 9.25, 8.1875, 9.5], "texture": "#zTreacherousCleavertexture1"},
				"up": {"uv": [7.25, 7.8125, 8.375, 8.1875], "texture": "#zTreacherousCleavertexture1"},
				"down": {"uv": [8.75, 8.1875, 7.625, 7.8125], "texture": "#zTreacherousCleavertexture1"}
			}
		},
		{
			"from": [6.875, 6.75, 7.8125],
			"to": [8.375, 6.875, 8.1875],
			"faces": {
				"north": {"uv": [7.625, 9.125, 9.125, 9.25], "texture": "#INVERTED"},
				"east": {"uv": [7.8125, 9.125, 8.1875, 9.25], "texture": "#zTreacherousCleavertexture1"},
				"south": {"uv": [6.875, 9.125, 8.375, 9.25], "texture": "#texture"},
				"west": {"uv": [7.8125, 9.125, 8.1875, 9.25], "texture": "#zTreacherousCleavertexture1"},
				"up": {"uv": [6.875, 7.8125, 8.375, 8.1875], "texture": "#zTreacherousCleavertexture1"},
				"down": {"uv": [9.125, 8.1875, 7.625, 7.8125], "texture": "#zTreacherousCleavertexture1"}
			}
		},
		{
			"from": [7, 6.875, 7.8125],
			"to": [8.375, 7, 8.1875],
			"faces": {
				"north": {"uv": [7.625, 9, 9, 9.125], "texture": "#INVERTED"},
				"east": {"uv": [7.8125, 9, 8.1875, 9.125], "texture": "#zTreacherousCleavertexture1"},
				"south": {"uv": [7, 9, 8.375, 9.125], "texture": "#texture"},
				"west": {"uv": [7.8125, 9, 8.1875, 9.125], "texture": "#zTreacherousCleavertexture1"},
				"up": {"uv": [7, 7.8125, 8.375, 8.1875], "texture": "#zTreacherousCleavertexture1"},
				"down": {"uv": [9, 8.1875, 7.625, 7.8125], "texture": "#zTreacherousCleavertexture1"}
			}
		},
		{
			"from": [6.875, 7, 7.8125],
			"to": [8.375, 7.125, 8.1875],
			"faces": {
				"north": {"uv": [7.625, 8.875, 9.125, 9], "texture": "#INVERTED"},
				"east": {"uv": [7.8125, 8.875, 8.1875, 9], "texture": "#zTreacherousCleavertexture1"},
				"south": {"uv": [6.875, 8.875, 8.375, 9], "texture": "#texture"},
				"west": {"uv": [7.8125, 8.875, 8.1875, 9], "texture": "#zTreacherousCleavertexture1"},
				"up": {"uv": [6.875, 7.8125, 8.375, 8.1875], "texture": "#zTreacherousCleavertexture1"},
				"down": {"uv": [9.125, 8.1875, 7.625, 7.8125], "texture": "#zTreacherousCleavertexture1"}
			}
		},
		{
			"from": [6.625, 7.125, 7.8125],
			"to": [8.375, 7.25, 8.1875],
			"faces": {
				"north": {"uv": [7.625, 8.75, 9.375, 8.875], "texture": "#INVERTED"},
				"east": {"uv": [7.8125, 8.75, 8.1875, 8.875], "texture": "#zTreacherousCleavertexture1"},
				"south": {"uv": [6.625, 8.75, 8.375, 8.875], "texture": "#texture"},
				"west": {"uv": [7.8125, 8.75, 8.1875, 8.875], "texture": "#zTreacherousCleavertexture1"},
				"up": {"uv": [6.625, 7.8125, 8.375, 8.1875], "texture": "#zTreacherousCleavertexture1"},
				"down": {"uv": [9.375, 8.1875, 7.625, 7.8125], "texture": "#zTreacherousCleavertexture1"}
			}
		},
		{
			"from": [7.125, 7.25, 7.8125],
			"to": [8.375, 7.375, 8.1875],
			"faces": {
				"north": {"uv": [7.625, 8.625, 8.875, 8.75], "texture": "#INVERTED"},
				"east": {"uv": [7.8125, 8.625, 8.1875, 8.75], "texture": "#zTreacherousCleavertexture1"},
				"south": {"uv": [7.125, 8.625, 8.375, 8.75], "texture": "#texture"},
				"west": {"uv": [7.8125, 8.625, 8.1875, 8.75], "texture": "#zTreacherousCleavertexture1"},
				"up": {"uv": [7.125, 7.8125, 8.375, 8.1875], "texture": "#zTreacherousCleavertexture1"},
				"down": {"uv": [8.875, 8.1875, 7.625, 7.8125], "texture": "#zTreacherousCleavertexture1"}
			}
		},
		{
			"from": [7, 7.375, 7.8125],
			"to": [8.375, 7.5, 8.1875],
			"faces": {
				"north": {"uv": [7.625, 8.5, 9, 8.625], "texture": "#INVERTED"},
				"east": {"uv": [7.8125, 8.5, 8.1875, 8.625], "texture": "#zTreacherousCleavertexture1"},
				"south": {"uv": [7, 8.5, 8.375, 8.625], "texture": "#texture"},
				"west": {"uv": [7.8125, 8.5, 8.1875, 8.625], "texture": "#zTreacherousCleavertexture1"},
				"up": {"uv": [7, 7.8125, 8.375, 8.1875], "texture": "#zTreacherousCleavertexture1"},
				"down": {"uv": [9, 8.1875, 7.625, 7.8125], "texture": "#zTreacherousCleavertexture1"}
			}
		},
		{
			"from": [6.625, 7.5, 7.8125],
			"to": [8.375, 7.625, 8.1875],
			"faces": {
				"north": {"uv": [7.625, 8.375, 9.375, 8.5], "texture": "#INVERTED"},
				"east": {"uv": [7.8125, 8.375, 8.1875, 8.5], "texture": "#zTreacherousCleavertexture1"},
				"south": {"uv": [6.625, 8.375, 8.375, 8.5], "texture": "#texture"},
				"west": {"uv": [7.8125, 8.375, 8.1875, 8.5], "texture": "#zTreacherousCleavertexture1"},
				"up": {"uv": [6.625, 7.8125, 8.375, 8.1875], "texture": "#zTreacherousCleavertexture1"},
				"down": {"uv": [9.375, 8.1875, 7.625, 7.8125], "texture": "#zTreacherousCleavertexture1"}
			}
		},
		{
			"from": [6.75, 7.625, 7.8125],
			"to": [8.375, 7.75, 8.1875],
			"faces": {
				"north": {"uv": [7.625, 8.25, 9.25, 8.375], "texture": "#INVERTED"},
				"east": {"uv": [7.8125, 8.25, 8.1875, 8.375], "texture": "#zTreacherousCleavertexture1"},
				"south": {"uv": [6.75, 8.25, 8.375, 8.375], "texture": "#texture"},
				"west": {"uv": [7.8125, 8.25, 8.1875, 8.375], "texture": "#zTreacherousCleavertexture1"},
				"up": {"uv": [6.75, 7.8125, 8.375, 8.1875], "texture": "#zTreacherousCleavertexture1"},
				"down": {"uv": [9.25, 8.1875, 7.625, 7.8125], "texture": "#zTreacherousCleavertexture1"}
			}
		},
		{
			"from": [6.875, 8.625, 7.8125],
			"to": [8.5, 9, 8.1875],
			"faces": {
				"north": {"uv": [7.5, 7, 9.125, 7.375], "texture": "#INVERTED"},
				"east": {"uv": [7.8125, 7, 8.1875, 7.375], "texture": "#zTreacherousCleavertexture1"},
				"south": {"uv": [6.875, 7, 8.5, 7.375], "texture": "#texture"},
				"west": {"uv": [7.8125, 7, 8.1875, 7.375], "texture": "#zTreacherousCleavertexture1"},
				"up": {"uv": [6.875, 7.8125, 8.5, 8.1875], "texture": "#zTreacherousCleavertexture1"},
				"down": {"uv": [9.125, 8.1875, 7.5, 7.8125], "texture": "#zTreacherousCleavertexture1"}
			}
		},
		{
			"from": [7, 7.75, 7.8125],
			"to": [8.375, 7.875, 8.1875],
			"faces": {
				"north": {"uv": [7.625, 8.125, 9, 8.25], "texture": "#INVERTED"},
				"east": {"uv": [7.8125, 8.125, 8.1875, 8.25], "texture": "#zTreacherousCleavertexture1"},
				"south": {"uv": [7, 8.125, 8.375, 8.25], "texture": "#texture"},
				"west": {"uv": [7.8125, 8.125, 8.1875, 8.25], "texture": "#zTreacherousCleavertexture1"},
				"up": {"uv": [7, 7.8125, 8.375, 8.1875], "texture": "#zTreacherousCleavertexture1"},
				"down": {"uv": [9, 8.1875, 7.625, 7.8125], "texture": "#zTreacherousCleavertexture1"}
			}
		},
		{
			"from": [6.875, 7.875, 7.8125],
			"to": [8.5, 8, 8.1875],
			"faces": {
				"north": {"uv": [7.5, 8, 9.125, 8.125], "texture": "#INVERTED"},
				"east": {"uv": [7.8125, 8, 8.1875, 8.125], "texture": "#zTreacherousCleavertexture1"},
				"south": {"uv": [6.875, 8, 8.5, 8.125], "texture": "#texture"},
				"west": {"uv": [7.8125, 8, 8.1875, 8.125], "texture": "#zTreacherousCleavertexture1"},
				"up": {"uv": [6.875, 7.8125, 8.5, 8.1875], "texture": "#zTreacherousCleavertexture1"},
				"down": {"uv": [9.125, 8.1875, 7.5, 7.8125], "texture": "#zTreacherousCleavertexture1"}
			}
		},
		{
			"from": [7, 8, 7.8125],
			"to": [8.5, 8.125, 8.1875],
			"faces": {
				"north": {"uv": [7.5, 7.875, 9, 8], "texture": "#INVERTED"},
				"east": {"uv": [7.8125, 7.875, 8.1875, 8], "texture": "#zTreacherousCleavertexture1"},
				"south": {"uv": [7, 7.875, 8.5, 8], "texture": "#texture"},
				"west": {"uv": [7.8125, 7.875, 8.1875, 8], "texture": "#zTreacherousCleavertexture1"},
				"up": {"uv": [7, 7.8125, 8.5, 8.1875], "texture": "#zTreacherousCleavertexture1"},
				"down": {"uv": [9, 8.1875, 7.5, 7.8125], "texture": "#zTreacherousCleavertexture1"}
			}
		},
		{
			"from": [7.125, 8.125, 7.8125],
			"to": [8.5, 8.25, 8.1875],
			"faces": {
				"north": {"uv": [7.5, 7.75, 8.875, 7.875], "texture": "#INVERTED"},
				"east": {"uv": [7.8125, 7.75, 8.1875, 7.875], "texture": "#zTreacherousCleavertexture1"},
				"south": {"uv": [7.125, 7.75, 8.5, 7.875], "texture": "#texture"},
				"west": {"uv": [7.8125, 7.75, 8.1875, 7.875], "texture": "#zTreacherousCleavertexture1"},
				"up": {"uv": [7.125, 7.8125, 8.5, 8.1875], "texture": "#zTreacherousCleavertexture1"},
				"down": {"uv": [8.875, 8.1875, 7.5, 7.8125], "texture": "#zTreacherousCleavertexture1"}
			}
		},
		{
			"from": [6.75, 8.125, 7.8125],
			"to": [7, 8.375, 8.1875],
			"faces": {
				"north": {"uv": [9, 7.625, 9.25, 7.875], "texture": "#INVERTED"},
				"east": {"uv": [7.8125, 7.625, 8.1875, 7.875], "texture": "#zTreacherousCleavertexture1"},
				"south": {"uv": [6.75, 7.625, 7, 7.875], "texture": "#texture"},
				"west": {"uv": [7.8125, 7.625, 8.1875, 7.875], "texture": "#zTreacherousCleavertexture1"},
				"up": {"uv": [6.75, 7.8125, 7, 8.1875], "texture": "#zTreacherousCleavertexture1"},
				"down": {"uv": [9.25, 8.1875, 9, 7.8125], "texture": "#zTreacherousCleavertexture1"}
			}
		},
		{
			"from": [7, 8.25, 7.8125],
			"to": [8.5, 8.5, 8.1875],
			"faces": {
				"north": {"uv": [7.5, 7.5, 9, 7.75], "texture": "#INVERTED"},
				"east": {"uv": [7.8125, 7.5, 8.1875, 7.75], "texture": "#zTreacherousCleavertexture1"},
				"south": {"uv": [7, 7.5, 8.5, 7.75], "texture": "#texture"},
				"west": {"uv": [7.8125, 7.5, 8.1875, 7.75], "texture": "#zTreacherousCleavertexture1"},
				"up": {"uv": [7, 7.8125, 8.5, 8.1875], "texture": "#zTreacherousCleavertexture1"},
				"down": {"uv": [9, 8.1875, 7.5, 7.8125], "texture": "#zTreacherousCleavertexture1"}
			}
		},
		{
			"from": [7.25, 8.5, 7.8125],
			"to": [8.5, 8.625, 8.1875],
			"faces": {
				"north": {"uv": [7.5, 7.375, 8.75, 7.5], "texture": "#INVERTED"},
				"east": {"uv": [7.8125, 7.375, 8.1875, 7.5], "texture": "#zTreacherousCleavertexture1"},
				"south": {"uv": [7.25, 7.375, 8.5, 7.5], "texture": "#texture"},
				"west": {"uv": [7.8125, 7.375, 8.1875, 7.5], "texture": "#zTreacherousCleavertexture1"},
				"up": {"uv": [7.25, 7.8125, 8.5, 8.1875], "texture": "#zTreacherousCleavertexture1"},
				"down": {"uv": [8.75, 8.1875, 7.5, 7.8125], "texture": "#zTreacherousCleavertexture1"}
			}
		},
		{
			"from": [6.625, 8.75, 7.8125],
			"to": [6.875, 8.875, 8.1875],
			"faces": {
				"north": {"uv": [9.125, 7.125, 9.375, 7.25], "texture": "#INVERTED"},
				"east": {"uv": [7.8125, 7.125, 8.1875, 7.25], "texture": "#zTreacherousCleavertexture1"},
				"south": {"uv": [6.625, 7.125, 6.875, 7.25], "texture": "#texture"},
				"west": {"uv": [7.8125, 7.125, 8.1875, 7.25], "texture": "#zTreacherousCleavertexture1"},
				"up": {"uv": [6.625, 7.8125, 6.875, 8.1875], "texture": "#zTreacherousCleavertexture1"},
				"down": {"uv": [9.375, 8.1875, 9.125, 7.8125], "texture": "#zTreacherousCleavertexture1"}
			}
		},
		{
			"from": [6.75, 9, 7.8125],
			"to": [8.5, 9.125, 8.1875],
			"faces": {
				"north": {"uv": [7.5, 6.875, 9.25, 7], "texture": "#INVERTED"},
				"east": {"uv": [7.8125, 6.875, 8.1875, 7], "texture": "#zTreacherousCleavertexture1"},
				"south": {"uv": [6.75, 6.875, 8.5, 7], "texture": "#texture"},
				"west": {"uv": [7.8125, 6.875, 8.1875, 7], "texture": "#zTreacherousCleavertexture1"},
				"up": {"uv": [6.75, 7.8125, 8.5, 8.1875], "texture": "#zTreacherousCleavertexture1"},
				"down": {"uv": [9.25, 8.1875, 7.5, 7.8125], "texture": "#zTreacherousCleavertexture1"}
			}
		},
		{
			"from": [7, 9.125, 7.8125],
			"to": [8.5, 9.375, 8.1875],
			"faces": {
				"north": {"uv": [7.5, 6.625, 9, 6.875], "texture": "#INVERTED"},
				"east": {"uv": [7.8125, 6.625, 8.1875, 6.875], "texture": "#zTreacherousCleavertexture1"},
				"south": {"uv": [7, 6.625, 8.5, 6.875], "texture": "#texture"},
				"west": {"uv": [7.8125, 6.625, 8.1875, 6.875], "texture": "#zTreacherousCleavertexture1"},
				"up": {"uv": [7, 7.8125, 8.5, 8.1875], "texture": "#zTreacherousCleavertexture1"},
				"down": {"uv": [9, 8.1875, 7.5, 7.8125], "texture": "#zTreacherousCleavertexture1"}
			}
		},
		{
			"from": [6.875, 9.375, 7.8125],
			"to": [8.625, 9.625, 8.1875],
			"faces": {
				"north": {"uv": [7.375, 6.375, 9.125, 6.625], "texture": "#INVERTED"},
				"east": {"uv": [7.8125, 6.375, 8.1875, 6.625], "texture": "#zTreacherousCleavertexture1"},
				"south": {"uv": [6.875, 6.375, 8.625, 6.625], "texture": "#texture"},
				"west": {"uv": [7.8125, 6.375, 8.1875, 6.625], "texture": "#zTreacherousCleavertexture1"},
				"up": {"uv": [6.875, 7.8125, 8.625, 8.1875], "texture": "#zTreacherousCleavertexture1"},
				"down": {"uv": [9.125, 8.1875, 7.375, 7.8125], "texture": "#zTreacherousCleavertexture1"}
			}
		},
		{
			"from": [7, 9.625, 7.8125],
			"to": [8.625, 9.875, 8.1875],
			"faces": {
				"north": {"uv": [7.375, 6.125, 9, 6.375], "texture": "#INVERTED"},
				"east": {"uv": [7.8125, 6.125, 8.1875, 6.375], "texture": "#zTreacherousCleavertexture1"},
				"south": {"uv": [7, 6.125, 8.625, 6.375], "texture": "#texture"},
				"west": {"uv": [7.8125, 6.125, 8.1875, 6.375], "texture": "#zTreacherousCleavertexture1"},
				"up": {"uv": [7, 7.8125, 8.625, 8.1875], "texture": "#zTreacherousCleavertexture1"},
				"down": {"uv": [9, 8.1875, 7.375, 7.8125], "texture": "#zTreacherousCleavertexture1"}
			}
		},
		{
			"from": [6.875, 9.75, 7.8125],
			"to": [7, 9.875, 8.1875],
			"faces": {
				"north": {"uv": [9, 6.125, 9.125, 6.25], "texture": "#INVERTED"},
				"east": {"uv": [7.8125, 6.125, 8.1875, 6.25], "texture": "#zTreacherousCleavertexture1"},
				"south": {"uv": [6.875, 6.125, 7, 6.25], "texture": "#texture"},
				"west": {"uv": [7.8125, 6.125, 8.1875, 6.25], "texture": "#zTreacherousCleavertexture1"},
				"up": {"uv": [6.875, 7.8125, 7, 8.1875], "texture": "#zTreacherousCleavertexture1"},
				"down": {"uv": [9.125, 8.1875, 9, 7.8125], "texture": "#zTreacherousCleavertexture1"}
			}
		},
		{
			"from": [7.125, 9.875, 7.8125],
			"to": [8.625, 10.25, 8.1875],
			"faces": {
				"north": {"uv": [7.375, 5.75, 8.875, 6.125], "texture": "#INVERTED"},
				"east": {"uv": [7.8125, 5.75, 8.1875, 6.125], "texture": "#zTreacherousCleavertexture1"},
				"south": {"uv": [7.125, 5.75, 8.625, 6.125], "texture": "#texture"},
				"west": {"uv": [7.8125, 5.75, 8.1875, 6.125], "texture": "#zTreacherousCleavertexture1"},
				"up": {"uv": [7.125, 7.8125, 8.625, 8.1875], "texture": "#zTreacherousCleavertexture1"},
				"down": {"uv": [8.875, 8.1875, 7.375, 7.8125], "texture": "#zTreacherousCleavertexture1"}
			}
		},
		{
			"from": [7, 10, 7.8125],
			"to": [7.125, 10.125, 8.1875],
			"faces": {
				"north": {"uv": [8.875, 5.875, 9, 6], "texture": "#INVERTED"},
				"east": {"uv": [7.8125, 5.875, 8.1875, 6], "texture": "#zTreacherousCleavertexture1"},
				"south": {"uv": [7, 5.875, 7.125, 6], "texture": "#texture"},
				"west": {"uv": [7.8125, 5.875, 8.1875, 6], "texture": "#zTreacherousCleavertexture1"},
				"up": {"uv": [7, 7.8125, 7.125, 8.1875], "texture": "#zTreacherousCleavertexture1"},
				"down": {"uv": [9, 8.1875, 8.875, 7.8125], "texture": "#zTreacherousCleavertexture1"}
			}
		},
		{
			"from": [7.25, 10.25, 7.8125],
			"to": [8.625, 10.375, 8.1875],
			"faces": {
				"north": {"uv": [7.375, 5.625, 8.75, 5.75], "texture": "#INVERTED"},
				"east": {"uv": [7.8125, 5.625, 8.1875, 5.75], "texture": "#zTreacherousCleavertexture1"},
				"south": {"uv": [7.25, 5.625, 8.625, 5.75], "texture": "#texture"},
				"west": {"uv": [7.8125, 5.625, 8.1875, 5.75], "texture": "#zTreacherousCleavertexture1"},
				"up": {"uv": [7.25, 7.8125, 8.625, 8.1875], "texture": "#zTreacherousCleavertexture1"},
				"down": {"uv": [8.75, 8.1875, 7.375, 7.8125], "texture": "#zTreacherousCleavertexture1"}
			}
		},
		{
			"from": [7.5, 10.375, 7.8125],
			"to": [8.625, 10.5, 8.1875],
			"faces": {
				"north": {"uv": [7.375, 5.5, 8.5, 5.625], "texture": "#INVERTED"},
				"east": {"uv": [7.8125, 5.5, 8.1875, 5.625], "texture": "#zTreacherousCleavertexture1"},
				"south": {"uv": [7.5, 5.5, 8.625, 5.625], "texture": "#texture"},
				"west": {"uv": [7.8125, 5.5, 8.1875, 5.625], "texture": "#zTreacherousCleavertexture1"},
				"up": {"uv": [7.5, 7.8125, 8.625, 8.1875], "texture": "#zTreacherousCleavertexture1"},
				"down": {"uv": [8.5, 8.1875, 7.375, 7.8125], "texture": "#zTreacherousCleavertexture1"}
			}
		},
		{
			"from": [7.625, 10.5, 7.8125],
			"to": [8.625, 10.75, 8.1875],
			"faces": {
				"north": {"uv": [7.375, 5.25, 8.375, 5.5], "texture": "#INVERTED"},
				"east": {"uv": [7.8125, 5.25, 8.1875, 5.5], "texture": "#zTreacherousCleavertexture1"},
				"south": {"uv": [7.625, 5.25, 8.625, 5.5], "texture": "#texture"},
				"west": {"uv": [7.8125, 5.25, 8.1875, 5.5], "texture": "#zTreacherousCleavertexture1"},
				"up": {"uv": [7.625, 7.8125, 8.625, 8.1875], "texture": "#zTreacherousCleavertexture1"},
				"down": {"uv": [8.375, 8.1875, 7.375, 7.8125], "texture": "#zTreacherousCleavertexture1"}
			}
		},
		{
			"from": [7.75, 10.75, 7.8125],
			"to": [8.875, 11, 8.1875],
			"faces": {
				"north": {"uv": [7.125, 5, 8.25, 5.25], "texture": "#INVERTED"},
				"east": {"uv": [7.8125, 5, 8.1875, 5.25], "texture": "#zTreacherousCleavertexture1"},
				"south": {"uv": [7.75, 5, 8.875, 5.25], "texture": "#texture"},
				"west": {"uv": [7.8125, 5, 8.1875, 5.25], "texture": "#zTreacherousCleavertexture1"},
				"up": {"uv": [7.75, 7.8125, 8.875, 8.1875], "texture": "#zTreacherousCleavertexture1"},
				"down": {"uv": [8.25, 8.1875, 7.125, 7.8125], "texture": "#zTreacherousCleavertexture1"}
			}
		},
		{
			"from": [7.125, 10.875, 7.8125],
			"to": [8.375, 11, 8.1875],
			"faces": {
				"north": {"uv": [7.625, 5, 8.875, 5.125], "texture": "#INVERTED"},
				"east": {"uv": [7.8125, 5, 8.1875, 5.125], "texture": "#zTreacherousCleavertexture1"},
				"south": {"uv": [7.125, 5, 8.375, 5.125], "texture": "#texture"},
				"west": {"uv": [7.8125, 5, 8.1875, 5.125], "texture": "#zTreacherousCleavertexture1"},
				"up": {"uv": [7.125, 7.8125, 8.375, 8.1875], "texture": "#zTreacherousCleavertexture1"},
				"down": {"uv": [8.875, 8.1875, 7.625, 7.8125], "texture": "#zTreacherousCleavertexture1"}
			}
		},
		{
			"from": [8, 11, 7.8125],
			"to": [9, 11.5, 8.1875],
			"faces": {
				"north": {"uv": [7, 4.5, 8, 5], "texture": "#INVERTED"},
				"east": {"uv": [7.8125, 4.5, 8.1875, 5], "texture": "#zTreacherousCleavertexture1"},
				"south": {"uv": [8, 4.5, 9, 5], "texture": "#texture"},
				"west": {"uv": [7.8125, 4.5, 8.1875, 5], "texture": "#zTreacherousCleavertexture1"},
				"up": {"uv": [8, 7.8125, 9, 8.1875], "texture": "#zTreacherousCleavertexture1"},
				"down": {"uv": [8, 8.1875, 7, 7.8125], "texture": "#zTreacherousCleavertexture1"}
			}
		},
		{
			"from": [7.875, 11.125, 7.8125],
			"to": [8, 11.5, 8.1875],
			"faces": {
				"north": {"uv": [8, 4.5, 8.125, 4.875], "texture": "#INVERTED"},
				"east": {"uv": [7.8125, 4.5, 8.1875, 4.875], "texture": "#zTreacherousCleavertexture1"},
				"south": {"uv": [7.875, 4.5, 8, 4.875], "texture": "#texture"},
				"west": {"uv": [7.8125, 4.5, 8.1875, 4.875], "texture": "#zTreacherousCleavertexture1"},
				"up": {"uv": [7.875, 7.8125, 8, 8.1875], "texture": "#zTreacherousCleavertexture1"},
				"down": {"uv": [8.125, 8.1875, 8, 7.8125], "texture": "#zTreacherousCleavertexture1"}
			}
		},
		{
			"from": [7.625, 11.125, 7.8125],
			"to": [7.875, 11.375, 8.1875],
			"faces": {
				"north": {"uv": [8.125, 4.625, 8.375, 4.875], "texture": "#INVERTED"},
				"east": {"uv": [7.8125, 4.625, 8.1875, 4.875], "texture": "#zTreacherousCleavertexture1"},
				"south": {"uv": [7.625, 4.625, 7.875, 4.875], "texture": "#texture"},
				"west": {"uv": [7.8125, 4.625, 8.1875, 4.875], "texture": "#zTreacherousCleavertexture1"},
				"up": {"uv": [7.625, 7.8125, 7.875, 8.1875], "texture": "#zTreacherousCleavertexture1"},
				"down": {"uv": [8.375, 8.1875, 8.125, 7.8125], "texture": "#zTreacherousCleavertexture1"}
			}
		},
		{
			"from": [7.25, 11.125, 7.8125],
			"to": [7.625, 11.25, 8.1875],
			"faces": {
				"north": {"uv": [8.375, 4.75, 8.75, 4.875], "texture": "#INVERTED"},
				"east": {"uv": [7.8125, 4.75, 8.1875, 4.875], "texture": "#zTreacherousCleavertexture1"},
				"south": {"uv": [7.25, 4.75, 7.625, 4.875], "texture": "#texture"},
				"west": {"uv": [7.8125, 4.75, 8.1875, 4.875], "texture": "#zTreacherousCleavertexture1"},
				"up": {"uv": [7.25, 7.8125, 7.625, 8.1875], "texture": "#zTreacherousCleavertexture1"},
				"down": {"uv": [8.75, 8.1875, 8.375, 7.8125], "texture": "#zTreacherousCleavertexture1"}
			}
		},
		{
			"from": [8.25, 11.5, 7.8125],
			"to": [9, 11.75, 8.1875],
			"faces": {
				"north": {"uv": [7, 4.25, 7.75, 4.5], "texture": "#INVERTED"},
				"east": {"uv": [7.8125, 4.25, 8.1875, 4.5], "texture": "#zTreacherousCleavertexture1"},
				"south": {"uv": [8.25, 4.25, 9, 4.5], "texture": "#texture"},
				"west": {"uv": [7.8125, 4.25, 8.1875, 4.5], "texture": "#zTreacherousCleavertexture1"},
				"up": {"uv": [8.25, 7.8125, 9, 8.1875], "texture": "#zTreacherousCleavertexture1"},
				"down": {"uv": [7.75, 8.1875, 7, 7.8125], "texture": "#zTreacherousCleavertexture1"}
			}
		},
		{
			"from": [8.25, 11.75, 7.8125],
			"to": [8.75, 11.875, 8.1875],
			"faces": {
				"north": {"uv": [7.25, 4.125, 7.75, 4.25], "texture": "#INVERTED"},
				"east": {"uv": [7.8125, 4.125, 8.1875, 4.25], "texture": "#zTreacherousCleavertexture1"},
				"south": {"uv": [8.25, 4.125, 8.75, 4.25], "texture": "#texture"},
				"west": {"uv": [7.8125, 4.125, 8.1875, 4.25], "texture": "#zTreacherousCleavertexture1"},
				"up": {"uv": [8.25, 7.8125, 8.75, 8.1875], "texture": "#zTreacherousCleavertexture1"},
				"down": {"uv": [7.75, 8.1875, 7.25, 7.8125], "texture": "#zTreacherousCleavertexture1"}
			}
		},
		{
			"from": [8, 11.625, 7.8125],
			"to": [8.25, 11.75, 8.1875],
			"faces": {
				"north": {"uv": [7.75, 4.25, 8, 4.375], "texture": "#INVERTED"},
				"east": {"uv": [7.8125, 4.25, 8.1875, 4.375], "texture": "#zTreacherousCleavertexture1"},
				"south": {"uv": [8, 4.25, 8.25, 4.375], "texture": "#texture"},
				"west": {"uv": [7.8125, 4.25, 8.1875, 4.375], "texture": "#zTreacherousCleavertexture1"},
				"up": {"uv": [8, 7.8125, 8.25, 8.1875], "texture": "#zTreacherousCleavertexture1"},
				"down": {"uv": [8, 8.1875, 7.75, 7.8125], "texture": "#zTreacherousCleavertexture1"}
			}
		},
		{
			"from": [8.25, 5.75, 7.6875],
			"to": [8.375, 5.875, 8.3125],
			"faces": {
				"north": {"uv": [7.625, 10.125, 7.75, 10.25], "texture": "#INVERTED"},
				"east": {"uv": [7.6875, 10.125, 8.3125, 10.25], "texture": "#zTreacherousCleavertexture1"},
				"south": {"uv": [8.25, 10.125, 8.375, 10.25], "texture": "#texture"},
				"west": {"uv": [7.6875, 10.125, 8.3125, 10.25], "texture": "#zTreacherousCleavertexture1"},
				"up": {"uv": [8.25, 7.6875, 8.375, 8.3125], "texture": "#zTreacherousCleavertexture1"},
				"down": {"uv": [7.75, 8.3125, 7.625, 7.6875], "texture": "#zTreacherousCleavertexture1"}
			}
		},
		{
			"from": [8, 5.875, 7.6875],
			"to": [8.375, 6.125, 8.3125],
			"faces": {
				"north": {"uv": [7.625, 9.875, 8, 10.125], "texture": "#INVERTED"},
				"east": {"uv": [7.6875, 9.875, 8.3125, 10.125], "texture": "#zTreacherousCleavertexture1"},
				"south": {"uv": [8, 9.875, 8.375, 10.125], "texture": "#texture"},
				"west": {"uv": [7.6875, 9.875, 8.3125, 10.125], "texture": "#zTreacherousCleavertexture1"},
				"up": {"uv": [8, 7.6875, 8.375, 8.3125], "texture": "#zTreacherousCleavertexture1"},
				"down": {"uv": [8, 8.3125, 7.625, 7.6875], "texture": "#zTreacherousCleavertexture1"}
			}
		},
		{
			"from": [7.625, 6.125, 7.6875],
			"to": [8.375, 6.25, 8.3125],
			"faces": {
				"north": {"uv": [7.625, 9.75, 8.375, 9.875], "texture": "#INVERTED"},
				"east": {"uv": [7.6875, 9.75, 8.3125, 9.875], "texture": "#zTreacherousCleavertexture1"},
				"south": {"uv": [7.625, 9.75, 8.375, 9.875], "texture": "#texture"},
				"west": {"uv": [7.6875, 9.75, 8.3125, 9.875], "texture": "#zTreacherousCleavertexture1"},
				"up": {"uv": [7.625, 7.6875, 8.375, 8.3125], "texture": "#zTreacherousCleavertexture1"},
				"down": {"uv": [8.375, 8.3125, 7.625, 7.6875], "texture": "#zTreacherousCleavertexture1"}
			}
		},
		{
			"from": [7.75, 6.25, 7.6875],
			"to": [8.375, 6.5, 8.3125],
			"faces": {
				"north": {"uv": [7.625, 9.5, 8.25, 9.75], "texture": "#INVERTED"},
				"east": {"uv": [7.6875, 9.5, 8.3125, 9.75], "texture": "#zTreacherousCleavertexture1"},
				"south": {"uv": [7.75, 9.5, 8.375, 9.75], "texture": "#texture"},
				"west": {"uv": [7.6875, 9.5, 8.3125, 9.75], "texture": "#zTreacherousCleavertexture1"},
				"up": {"uv": [7.75, 7.6875, 8.375, 8.3125], "texture": "#zTreacherousCleavertexture1"},
				"down": {"uv": [8.25, 8.3125, 7.625, 7.6875], "texture": "#zTreacherousCleavertexture1"}
			}
		},
		{
			"from": [7.625, 6.375, 7.6875],
			"to": [7.75, 6.5, 8.3125],
			"faces": {
				"north": {"uv": [8.25, 9.5, 8.375, 9.625], "texture": "#INVERTED"},
				"east": {"uv": [7.6875, 9.5, 8.3125, 9.625], "texture": "#zTreacherousCleavertexture1"},
				"south": {"uv": [7.625, 9.5, 7.75, 9.625], "texture": "#texture"},
				"west": {"uv": [7.6875, 9.5, 8.3125, 9.625], "texture": "#zTreacherousCleavertexture1"},
				"up": {"uv": [7.625, 7.6875, 7.75, 8.3125], "texture": "#zTreacherousCleavertexture1"},
				"down": {"uv": [8.375, 8.3125, 8.25, 7.6875], "texture": "#zTreacherousCleavertexture1"}
			}
		},
		{
			"from": [7.375, 6.25, 7.6875],
			"to": [7.625, 6.375, 8.3125],
			"faces": {
				"north": {"uv": [8.375, 9.625, 8.625, 9.75], "texture": "#INVERTED"},
				"east": {"uv": [7.6875, 9.625, 8.3125, 9.75], "texture": "#zTreacherousCleavertexture1"},
				"south": {"uv": [7.375, 9.625, 7.625, 9.75], "texture": "#texture"},
				"west": {"uv": [7.6875, 9.625, 8.3125, 9.75], "texture": "#zTreacherousCleavertexture1"},
				"up": {"uv": [7.375, 7.6875, 7.625, 8.3125], "texture": "#zTreacherousCleavertexture1"},
				"down": {"uv": [8.625, 8.3125, 8.375, 7.6875], "texture": "#zTreacherousCleavertexture1"}
			}
		},
		{
			"from": [7.875, 6.5, 7.6875],
			"to": [8.375, 7, 8.3125],
			"faces": {
				"north": {"uv": [7.625, 9, 8.125, 9.5], "texture": "#INVERTED"},
				"east": {"uv": [7.6875, 9, 8.3125, 9.5], "texture": "#zTreacherousCleavertexture1"},
				"south": {"uv": [7.875, 9, 8.375, 9.5], "texture": "#texture"},
				"west": {"uv": [7.6875, 9, 8.3125, 9.5], "texture": "#zTreacherousCleavertexture1"},
				"up": {"uv": [7.875, 7.6875, 8.375, 8.3125], "texture": "#zTreacherousCleavertexture1"},
				"down": {"uv": [8.125, 8.3125, 7.625, 7.6875], "texture": "#zTreacherousCleavertexture1"}
			}
		},
		{
			"from": [7.75, 6.625, 7.6875],
			"to": [7.875, 6.75, 8.3125],
			"faces": {
				"north": {"uv": [8.125, 9.25, 8.25, 9.375], "texture": "#INVERTED"},
				"east": {"uv": [7.6875, 9.25, 8.3125, 9.375], "texture": "#zTreacherousCleavertexture1"},
				"south": {"uv": [7.75, 9.25, 7.875, 9.375], "texture": "#texture"},
				"west": {"uv": [7.6875, 9.25, 8.3125, 9.375], "texture": "#zTreacherousCleavertexture1"},
				"up": {"uv": [7.75, 7.6875, 7.875, 8.3125], "texture": "#zTreacherousCleavertexture1"},
				"down": {"uv": [8.25, 8.3125, 8.125, 7.6875], "texture": "#zTreacherousCleavertexture1"}
			}
		},
		{
			"from": [7.375, 7, 7.6875],
			"to": [8.375, 7.125, 8.3125],
			"faces": {
				"north": {"uv": [7.625, 8.875, 8.625, 9], "texture": "#INVERTED"},
				"east": {"uv": [7.6875, 8.875, 8.3125, 9], "texture": "#zTreacherousCleavertexture1"},
				"south": {"uv": [7.375, 8.875, 8.375, 9], "texture": "#texture"},
				"west": {"uv": [7.6875, 8.875, 8.3125, 9], "texture": "#zTreacherousCleavertexture1"},
				"up": {"uv": [7.375, 7.6875, 8.375, 8.3125], "texture": "#zTreacherousCleavertexture1"},
				"down": {"uv": [8.625, 8.3125, 7.625, 7.6875], "texture": "#zTreacherousCleavertexture1"}
			}
		},
		{
			"from": [7.625, 7.125, 7.6875],
			"to": [8.375, 7.25, 8.3125],
			"faces": {
				"north": {"uv": [7.625, 8.75, 8.375, 8.875], "texture": "#INVERTED"},
				"east": {"uv": [7.6875, 8.75, 8.3125, 8.875], "texture": "#zTreacherousCleavertexture1"},
				"south": {"uv": [7.625, 8.75, 8.375, 8.875], "texture": "#texture"},
				"west": {"uv": [7.6875, 8.75, 8.3125, 8.875], "texture": "#zTreacherousCleavertexture1"},
				"up": {"uv": [7.625, 7.6875, 8.375, 8.3125], "texture": "#zTreacherousCleavertexture1"},
				"down": {"uv": [8.375, 8.3125, 7.625, 7.6875], "texture": "#zTreacherousCleavertexture1"}
			}
		},
		{
			"from": [7.875, 7.25, 7.6875],
			"to": [8.375, 7.375, 8.3125],
			"faces": {
				"north": {"uv": [7.625, 8.625, 8.125, 8.75], "texture": "#INVERTED"},
				"east": {"uv": [7.6875, 8.625, 8.3125, 8.75], "texture": "#zTreacherousCleavertexture1"},
				"south": {"uv": [7.875, 8.625, 8.375, 8.75], "texture": "#texture"},
				"west": {"uv": [7.6875, 8.625, 8.3125, 8.75], "texture": "#zTreacherousCleavertexture1"},
				"up": {"uv": [7.875, 7.6875, 8.375, 8.3125], "texture": "#zTreacherousCleavertexture1"},
				"down": {"uv": [8.125, 8.3125, 7.625, 7.6875], "texture": "#zTreacherousCleavertexture1"}
			}
		},
		{
			"from": [7.625, 7.25, 7.6875],
			"to": [7.75, 7.375, 8.3125],
			"faces": {
				"north": {"uv": [8.25, 8.625, 8.375, 8.75], "texture": "#INVERTED"},
				"east": {"uv": [7.6875, 8.625, 8.3125, 8.75], "texture": "#zTreacherousCleavertexture1"},
				"south": {"uv": [7.625, 8.625, 7.75, 8.75], "texture": "#texture"},
				"west": {"uv": [7.6875, 8.625, 8.3125, 8.75], "texture": "#zTreacherousCleavertexture1"},
				"up": {"uv": [7.625, 7.6875, 7.75, 8.3125], "texture": "#zTreacherousCleavertexture1"},
				"down": {"uv": [8.375, 8.3125, 8.25, 7.6875], "texture": "#zTreacherousCleavertexture1"}
			}
		},
		{
			"from": [7.75, 7.375, 7.6875],
			"to": [8.375, 7.625, 8.3125],
			"faces": {
				"north": {"uv": [7.625, 8.375, 8.25, 8.625], "texture": "#INVERTED"},
				"east": {"uv": [7.6875, 8.375, 8.3125, 8.625], "texture": "#zTreacherousCleavertexture1"},
				"south": {"uv": [7.75, 8.375, 8.375, 8.625], "texture": "#texture"},
				"west": {"uv": [7.6875, 8.375, 8.3125, 8.625], "texture": "#zTreacherousCleavertexture1"},
				"up": {"uv": [7.75, 7.6875, 8.375, 8.3125], "texture": "#zTreacherousCleavertexture1"},
				"down": {"uv": [8.25, 8.3125, 7.625, 7.6875], "texture": "#zTreacherousCleavertexture1"}
			}
		},
		{
			"from": [7.875, 7.625, 7.6875],
			"to": [8.375, 7.875, 8.3125],
			"faces": {
				"north": {"uv": [7.625, 8.125, 8.125, 8.375], "texture": "#INVERTED"},
				"east": {"uv": [7.6875, 8.125, 8.3125, 8.375], "texture": "#zTreacherousCleavertexture1"},
				"south": {"uv": [7.875, 8.125, 8.375, 8.375], "texture": "#texture"},
				"west": {"uv": [7.6875, 8.125, 8.3125, 8.375], "texture": "#zTreacherousCleavertexture1"},
				"up": {"uv": [7.875, 7.6875, 8.375, 8.3125], "texture": "#zTreacherousCleavertexture1"},
				"down": {"uv": [8.125, 8.3125, 7.625, 7.6875], "texture": "#zTreacherousCleavertexture1"}
			}
		},
		{
			"from": [7.75, 7.75, 7.6875],
			"to": [8.375, 8.125, 8.3125],
			"faces": {
				"north": {"uv": [7.625, 7.875, 8.25, 8.25], "texture": "#INVERTED"},
				"east": {"uv": [7.6875, 7.875, 8.3125, 8.25], "texture": "#zTreacherousCleavertexture1"},
				"south": {"uv": [7.75, 7.875, 8.375, 8.25], "texture": "#texture"},
				"west": {"uv": [7.6875, 7.875, 8.3125, 8.25], "texture": "#zTreacherousCleavertexture1"},
				"up": {"uv": [7.75, 7.6875, 8.375, 8.3125], "texture": "#zTreacherousCleavertexture1"},
				"down": {"uv": [8.25, 8.3125, 7.625, 7.6875], "texture": "#zTreacherousCleavertexture1"}
			}
		},
		{
			"from": [7.875, 7.875, 7.6875],
			"to": [8.5, 8.875, 8.3125],
			"faces": {
				"north": {"uv": [7.5, 7.125, 8.125, 8.125], "texture": "#INVERTED"},
				"east": {"uv": [7.6875, 7.125, 8.3125, 8.125], "texture": "#zTreacherousCleavertexture1"},
				"south": {"uv": [7.875, 7.125, 8.5, 8.125], "texture": "#texture"},
				"west": {"uv": [7.6875, 7.125, 8.3125, 8.125], "texture": "#zTreacherousCleavertexture1"},
				"up": {"uv": [7.875, 7.6875, 8.5, 8.3125], "texture": "#zTreacherousCleavertexture1"},
				"down": {"uv": [8.125, 8.3125, 7.5, 7.6875], "texture": "#zTreacherousCleavertexture1"}
			}
		},
		{
			"from": [7.375, 7.875, 7.6875],
			"to": [7.75, 8.125, 8.3125],
			"faces": {
				"north": {"uv": [8.25, 7.875, 8.625, 8.125], "texture": "#INVERTED"},
				"east": {"uv": [7.6875, 7.875, 8.3125, 8.125], "texture": "#zTreacherousCleavertexture1"},
				"south": {"uv": [7.375, 7.875, 7.75, 8.125], "texture": "#texture"},
				"west": {"uv": [7.6875, 7.875, 8.3125, 8.125], "texture": "#zTreacherousCleavertexture1"},
				"up": {"uv": [7.375, 7.6875, 7.75, 8.3125], "texture": "#zTreacherousCleavertexture1"},
				"down": {"uv": [8.625, 8.3125, 8.25, 7.6875], "texture": "#zTreacherousCleavertexture1"}
			}
		},
		{
			"from": [7.25, 8, 7.6875],
			"to": [7.375, 8.125, 8.3125],
			"faces": {
				"north": {"uv": [8.625, 7.875, 8.75, 8], "texture": "#INVERTED"},
				"east": {"uv": [7.6875, 7.875, 8.3125, 8], "texture": "#zTreacherousCleavertexture1"},
				"south": {"uv": [7.25, 7.875, 7.375, 8], "texture": "#texture"},
				"west": {"uv": [7.6875, 7.875, 8.3125, 8], "texture": "#zTreacherousCleavertexture1"},
				"up": {"uv": [7.25, 7.6875, 7.375, 8.3125], "texture": "#zTreacherousCleavertexture1"},
				"down": {"uv": [8.75, 8.3125, 8.625, 7.6875], "texture": "#zTreacherousCleavertexture1"}
			}
		},
		{
			"from": [7.75, 8.5, 7.6875],
			"to": [7.875, 8.75, 8.3125],
			"faces": {
				"north": {"uv": [8.125, 7.25, 8.25, 7.5], "texture": "#INVERTED"},
				"east": {"uv": [7.6875, 7.25, 8.3125, 7.5], "texture": "#zTreacherousCleavertexture1"},
				"south": {"uv": [7.75, 7.25, 7.875, 7.5], "texture": "#texture"},
				"west": {"uv": [7.6875, 7.25, 8.3125, 7.5], "texture": "#zTreacherousCleavertexture1"},
				"up": {"uv": [7.75, 7.6875, 7.875, 8.3125], "texture": "#zTreacherousCleavertexture1"},
				"down": {"uv": [8.25, 8.3125, 8.125, 7.6875], "texture": "#zTreacherousCleavertexture1"}
			}
		},
		{
			"from": [7.375, 8.5, 7.6875],
			"to": [7.75, 8.625, 8.3125],
			"faces": {
				"north": {"uv": [8.25, 7.375, 8.625, 7.5], "texture": "#INVERTED"},
				"east": {"uv": [7.6875, 7.375, 8.3125, 7.5], "texture": "#zTreacherousCleavertexture1"},
				"south": {"uv": [7.375, 7.375, 7.75, 7.5], "texture": "#texture"},
				"west": {"uv": [7.6875, 7.375, 8.3125, 7.5], "texture": "#zTreacherousCleavertexture1"},
				"up": {"uv": [7.375, 7.6875, 7.75, 8.3125], "texture": "#zTreacherousCleavertexture1"},
				"down": {"uv": [8.625, 8.3125, 8.25, 7.6875], "texture": "#zTreacherousCleavertexture1"}
			}
		},
		{
			"from": [8, 8.875, 7.6875],
			"to": [8.5, 9.5, 8.3125],
			"faces": {
				"north": {"uv": [7.5, 6.5, 8, 7.125], "texture": "#INVERTED"},
				"east": {"uv": [7.6875, 6.5, 8.3125, 7.125], "texture": "#zTreacherousCleavertexture1"},
				"south": {"uv": [8, 6.5, 8.5, 7.125], "texture": "#texture"},
				"west": {"uv": [7.6875, 6.5, 8.3125, 7.125], "texture": "#zTreacherousCleavertexture1"},
				"up": {"uv": [8, 7.6875, 8.5, 8.3125], "texture": "#zTreacherousCleavertexture1"},
				"down": {"uv": [8, 8.3125, 7.5, 7.6875], "texture": "#zTreacherousCleavertexture1"}
			}
		},
		{
			"from": [7.5, 9, 7.6875],
			"to": [8, 9.125, 8.3125],
			"faces": {
				"north": {"uv": [8, 6.875, 8.5, 7], "texture": "#INVERTED"},
				"east": {"uv": [7.6875, 6.875, 8.3125, 7], "texture": "#zTreacherousCleavertexture1"},
				"south": {"uv": [7.5, 6.875, 8, 7], "texture": "#texture"},
				"west": {"uv": [7.6875, 6.875, 8.3125, 7], "texture": "#zTreacherousCleavertexture1"},
				"up": {"uv": [7.5, 7.6875, 8, 8.3125], "texture": "#zTreacherousCleavertexture1"},
				"down": {"uv": [8.5, 8.3125, 8, 7.6875], "texture": "#zTreacherousCleavertexture1"}
			}
		},
		{
			"from": [7.625, 9.125, 7.6875],
			"to": [8, 9.25, 8.3125],
			"faces": {
				"north": {"uv": [8, 6.75, 8.375, 6.875], "texture": "#INVERTED"},
				"east": {"uv": [7.6875, 6.75, 8.3125, 6.875], "texture": "#zTreacherousCleavertexture1"},
				"south": {"uv": [7.625, 6.75, 8, 6.875], "texture": "#texture"},
				"west": {"uv": [7.6875, 6.75, 8.3125, 6.875], "texture": "#zTreacherousCleavertexture1"},
				"up": {"uv": [7.625, 7.6875, 8, 8.3125], "texture": "#zTreacherousCleavertexture1"},
				"down": {"uv": [8.375, 8.3125, 8, 7.6875], "texture": "#zTreacherousCleavertexture1"}
			}
		},
		{
			"from": [7.875, 9.25, 7.6875],
			"to": [8, 9.375, 8.3125],
			"faces": {
				"north": {"uv": [8, 6.625, 8.125, 6.75], "texture": "#INVERTED"},
				"east": {"uv": [7.6875, 6.625, 8.3125, 6.75], "texture": "#zTreacherousCleavertexture1"},
				"south": {"uv": [7.875, 6.625, 8, 6.75], "texture": "#texture"},
				"west": {"uv": [7.6875, 6.625, 8.3125, 6.75], "texture": "#zTreacherousCleavertexture1"},
				"up": {"uv": [7.875, 7.6875, 8, 8.3125], "texture": "#zTreacherousCleavertexture1"},
				"down": {"uv": [8.125, 8.3125, 8, 7.6875], "texture": "#zTreacherousCleavertexture1"}
			}
		},
		{
			"from": [7.5, 9.5, 7.6875],
			"to": [8.625, 9.625, 8.3125],
			"faces": {
				"north": {"uv": [7.375, 6.375, 8.5, 6.5], "texture": "#INVERTED"},
				"east": {"uv": [7.6875, 6.375, 8.3125, 6.5], "texture": "#zTreacherousCleavertexture1"},
				"south": {"uv": [7.5, 6.375, 8.625, 6.5], "texture": "#texture"},
				"west": {"uv": [7.6875, 6.375, 8.3125, 6.5], "texture": "#zTreacherousCleavertexture1"},
				"up": {"uv": [7.5, 7.6875, 8.625, 8.3125], "texture": "#zTreacherousCleavertexture1"},
				"down": {"uv": [8.5, 8.3125, 7.375, 7.6875], "texture": "#zTreacherousCleavertexture1"}
			}
		},
		{
			"from": [8.5, 9.375, 7.6875],
			"to": [8.625, 9.5, 8.3125],
			"faces": {
				"north": {"uv": [7.375, 6.5, 7.5, 6.625], "texture": "#INVERTED"},
				"east": {"uv": [7.6875, 6.5, 8.3125, 6.625], "texture": "#zTreacherousCleavertexture1"},
				"south": {"uv": [8.5, 6.5, 8.625, 6.625], "texture": "#texture"},
				"west": {"uv": [7.6875, 6.5, 8.3125, 6.625], "texture": "#zTreacherousCleavertexture1"},
				"up": {"uv": [8.5, 7.6875, 8.625, 8.3125], "texture": "#zTreacherousCleavertexture1"},
				"down": {"uv": [7.5, 8.3125, 7.375, 7.6875], "texture": "#zTreacherousCleavertexture1"}
			}
		},
		{
			"from": [8.125, 9.625, 7.6875],
			"to": [8.625, 10.375, 8.3125],
			"faces": {
				"north": {"uv": [7.375, 5.625, 7.875, 6.375], "texture": "#INVERTED"},
				"east": {"uv": [7.6875, 5.625, 8.3125, 6.375], "texture": "#zTreacherousCleavertexture1"},
				"south": {"uv": [8.125, 5.625, 8.625, 6.375], "texture": "#texture"},
				"west": {"uv": [7.6875, 5.625, 8.3125, 6.375], "texture": "#zTreacherousCleavertexture1"},
				"up": {"uv": [8.125, 7.6875, 8.625, 8.3125], "texture": "#zTreacherousCleavertexture1"},
				"down": {"uv": [7.875, 8.3125, 7.375, 7.6875], "texture": "#zTreacherousCleavertexture1"}
			}
		},
		{
			"from": [8, 10, 7.6875],
			"to": [8.125, 10.125, 8.3125],
			"faces": {
				"north": {"uv": [7.875, 5.875, 8, 6], "texture": "#INVERTED"},
				"east": {"uv": [7.6875, 5.875, 8.3125, 6], "texture": "#zTreacherousCleavertexture1"},
				"south": {"uv": [8, 5.875, 8.125, 6], "texture": "#texture"},
				"west": {"uv": [7.6875, 5.875, 8.3125, 6], "texture": "#zTreacherousCleavertexture1"},
				"up": {"uv": [8, 7.6875, 8.125, 8.3125], "texture": "#zTreacherousCleavertexture1"},
				"down": {"uv": [8, 8.3125, 7.875, 7.6875], "texture": "#zTreacherousCleavertexture1"}
			}
		},
		{
			"from": [7.75, 10.375, 7.6875],
			"to": [8.625, 10.5, 8.3125],
			"faces": {
				"north": {"uv": [7.375, 5.5, 8.25, 5.625], "texture": "#INVERTED"},
				"east": {"uv": [7.6875, 5.5, 8.3125, 5.625], "texture": "#zTreacherousCleavertexture1"},
				"south": {"uv": [7.75, 5.5, 8.625, 5.625], "texture": "#texture"},
				"west": {"uv": [7.6875, 5.5, 8.3125, 5.625], "texture": "#zTreacherousCleavertexture1"},
				"up": {"uv": [7.75, 7.6875, 8.625, 8.3125], "texture": "#zTreacherousCleavertexture1"},
				"down": {"uv": [8.25, 8.3125, 7.375, 7.6875], "texture": "#zTreacherousCleavertexture1"}
			}
		},
		{
			"from": [8, 10.5, 7.6875],
			"to": [8.625, 10.625, 8.3125],
			"faces": {
				"north": {"uv": [7.375, 5.375, 8, 5.5], "texture": "#INVERTED"},
				"east": {"uv": [7.6875, 5.375, 8.3125, 5.5], "texture": "#zTreacherousCleavertexture1"},
				"south": {"uv": [8, 5.375, 8.625, 5.5], "texture": "#texture"},
				"west": {"uv": [7.6875, 5.375, 8.3125, 5.5], "texture": "#zTreacherousCleavertexture1"},
				"up": {"uv": [8, 7.6875, 8.625, 8.3125], "texture": "#zTreacherousCleavertexture1"},
				"down": {"uv": [8, 8.3125, 7.375, 7.6875], "texture": "#zTreacherousCleavertexture1"}
			}
		},
		{
			"from": [8.25, 10.625, 7.6875],
			"to": [8.75, 10.75, 8.3125],
			"faces": {
				"north": {"uv": [7.25, 5.25, 7.75, 5.375], "texture": "#INVERTED"},
				"east": {"uv": [7.6875, 5.25, 8.3125, 5.375], "texture": "#zTreacherousCleavertexture1"},
				"south": {"uv": [8.25, 5.25, 8.75, 5.375], "texture": "#texture"},
				"west": {"uv": [7.6875, 5.25, 8.3125, 5.375], "texture": "#zTreacherousCleavertexture1"},
				"up": {"uv": [8.25, 7.6875, 8.75, 8.3125], "texture": "#zTreacherousCleavertexture1"},
				"down": {"uv": [7.75, 8.3125, 7.25, 7.6875], "texture": "#zTreacherousCleavertexture1"}
			}
		},
		{
			"from": [8.125, 10.75, 7.6875],
			"to": [8.875, 10.875, 8.3125],
			"faces": {
				"north": {"uv": [7.125, 5.125, 7.875, 5.25], "texture": "#INVERTED"},
				"east": {"uv": [7.6875, 5.125, 8.3125, 5.25], "texture": "#zTreacherousCleavertexture1"},
				"south": {"uv": [8.125, 5.125, 8.875, 5.25], "texture": "#texture"},
				"west": {"uv": [7.6875, 5.125, 8.3125, 5.25], "texture": "#zTreacherousCleavertexture1"},
				"up": {"uv": [8.125, 7.6875, 8.875, 8.3125], "texture": "#zTreacherousCleavertexture1"},
				"down": {"uv": [7.875, 8.3125, 7.125, 7.6875], "texture": "#zTreacherousCleavertexture1"}
			}
		},
		{
			"from": [8.375, 10.875, 7.6875],
			"to": [8.875, 11, 8.3125],
			"faces": {
				"north": {"uv": [7.125, 5, 7.625, 5.125], "texture": "#INVERTED"},
				"east": {"uv": [7.6875, 5, 8.3125, 5.125], "texture": "#zTreacherousCleavertexture1"},
				"south": {"uv": [8.375, 5, 8.875, 5.125], "texture": "#texture"},
				"west": {"uv": [7.6875, 5, 8.3125, 5.125], "texture": "#zTreacherousCleavertexture1"},
				"up": {"uv": [8.375, 7.6875, 8.875, 8.3125], "texture": "#zTreacherousCleavertexture1"},
				"down": {"uv": [7.625, 8.3125, 7.125, 7.6875], "texture": "#zTreacherousCleavertexture1"}
			}
		},
		{
			"from": [8.25, 11, 7.6875],
			"to": [9, 11.25, 8.3125],
			"faces": {
				"north": {"uv": [7, 4.75, 7.75, 5], "texture": "#INVERTED"},
				"east": {"uv": [7.6875, 4.75, 8.3125, 5], "texture": "#zTreacherousCleavertexture1"},
				"south": {"uv": [8.25, 4.75, 9, 5], "texture": "#texture"},
				"west": {"uv": [7.6875, 4.75, 8.3125, 5], "texture": "#zTreacherousCleavertexture1"},
				"up": {"uv": [8.25, 7.6875, 9, 8.3125], "texture": "#zTreacherousCleavertexture1"},
				"down": {"uv": [7.75, 8.3125, 7, 7.6875], "texture": "#zTreacherousCleavertexture1"}
			}
		},
		{
			"from": [8.5, 11.25, 7.6875],
			"to": [9, 11.375, 8.3125],
			"faces": {
				"north": {"uv": [7, 4.625, 7.5, 4.75], "texture": "#INVERTED"},
				"east": {"uv": [7.6875, 4.625, 8.3125, 4.75], "texture": "#zTreacherousCleavertexture1"},
				"south": {"uv": [8.5, 4.625, 9, 4.75], "texture": "#texture"},
				"west": {"uv": [7.6875, 4.625, 8.3125, 4.75], "texture": "#zTreacherousCleavertexture1"},
				"up": {"uv": [8.5, 7.6875, 9, 8.3125], "texture": "#zTreacherousCleavertexture1"},
				"down": {"uv": [7.5, 8.3125, 7, 7.6875], "texture": "#zTreacherousCleavertexture1"}
			}
		},
		{
			"from": [8.375, 11.375, 7.6875],
			"to": [9, 11.5, 8.3125],
			"faces": {
				"north": {"uv": [7, 4.5, 7.625, 4.625], "texture": "#INVERTED"},
				"east": {"uv": [7.6875, 4.5, 8.3125, 4.625], "texture": "#zTreacherousCleavertexture1"},
				"south": {"uv": [8.375, 4.5, 9, 4.625], "texture": "#texture"},
				"west": {"uv": [7.6875, 4.5, 8.3125, 4.625], "texture": "#zTreacherousCleavertexture1"},
				"up": {"uv": [8.375, 7.6875, 9, 8.3125], "texture": "#zTreacherousCleavertexture1"},
				"down": {"uv": [7.625, 8.3125, 7, 7.6875], "texture": "#zTreacherousCleavertexture1"}
			}
		},
		{
			"from": [8.5, 11.5, 7.6875],
			"to": [8.75, 11.625, 8.3125],
			"faces": {
				"north": {"uv": [7.25, 4.375, 7.5, 4.5], "texture": "#INVERTED"},
				"east": {"uv": [7.6875, 4.375, 8.3125, 4.5], "texture": "#zTreacherousCleavertexture1"},
				"south": {"uv": [8.5, 4.375, 8.75, 4.5], "texture": "#texture"},
				"west": {"uv": [7.6875, 4.375, 8.3125, 4.5], "texture": "#zTreacherousCleavertexture1"},
				"up": {"uv": [8.5, 7.6875, 8.75, 8.3125], "texture": "#zTreacherousCleavertexture1"},
				"down": {"uv": [7.5, 8.3125, 7.25, 7.6875], "texture": "#zTreacherousCleavertexture1"}
			}
		},
		{
			"from": [8.625, 11.625, 7.6875],
			"to": [8.75, 11.75, 8.3125],
			"faces": {
				"north": {"uv": [7.25, 4.25, 7.375, 4.375], "texture": "#INVERTED"},
				"east": {"uv": [7.6875, 4.25, 8.3125, 4.375], "texture": "#zTreacherousCleavertexture1"},
				"south": {"uv": [8.625, 4.25, 8.75, 4.375], "texture": "#texture"},
				"west": {"uv": [7.6875, 4.25, 8.3125, 4.375], "texture": "#zTreacherousCleavertexture1"},
				"up": {"uv": [8.625, 7.6875, 8.75, 8.3125], "texture": "#zTreacherousCleavertexture1"},
				"down": {"uv": [7.375, 8.3125, 7.25, 7.6875], "texture": "#zTreacherousCleavertexture1"}
			}
		},
		{
			"from": [8.875, 11.5, 7.6875],
			"to": [9, 11.625, 8.3125],
			"faces": {
				"north": {"uv": [7, 4.375, 7.125, 4.5], "texture": "#INVERTED"},
				"east": {"uv": [7.6875, 4.375, 8.3125, 4.5], "texture": "#zTreacherousCleavertexture1"},
				"south": {"uv": [8.875, 4.375, 9, 4.5], "texture": "#texture"},
				"west": {"uv": [7.6875, 4.375, 8.3125, 4.5], "texture": "#zTreacherousCleavertexture1"},
				"up": {"uv": [8.875, 7.6875, 9, 8.3125], "texture": "#zTreacherousCleavertexture1"},
				"down": {"uv": [7.125, 8.3125, 7, 7.6875], "texture": "#zTreacherousCleavertexture1"}
			}
		},
		{
			"from": [7.875, 4.625, 7.8125],
			"to": [8.375, 4.875, 8.1875],
			"faces": {
				"north": {"uv": [7.625, 11.125, 8.125, 11.375], "texture": "#texture"},
				"east": {"uv": [7.8125, 11.125, 8.1875, 11.375], "texture": "#zTreacherousCleavertexture3"},
				"south": {"uv": [7.875, 11.125, 8.375, 11.375], "texture": "#texture"},
				"west": {"uv": [7.8125, 11.125, 8.1875, 11.375], "texture": "#zTreacherousCleavertexture3"},
				"up": {"uv": [7.875, 7.8125, 8.375, 8.1875], "texture": "#texture"},
				"down": {"uv": [8.125, 8.1875, 7.625, 7.8125], "texture": "#texture"}
			}
		},
		{
			"from": [7.72123, 4.375, 7.6283],
			"to": [8.65048, 4.875, 8.3717],
			"rotation": {"angle": 0, "axis": "y", "origin": [8.18585, 4.21429, 8]},
			"faces": {
				"north": {"uv": [7.5625, 11.125, 8.1875, 11.625], "texture": "#zTreacherousCleavertexture2"},
				"east": {"uv": [7.75, 11.125, 8.25, 11.625], "texture": "#zTreacherousCleavertexture2"},
				"south": {"uv": [7.8125, 11.125, 8.4375, 11.625], "texture": "#zTreacherousCleavertexture2"},
				"west": {"uv": [7.75, 11.125, 8.25, 11.625], "texture": "#zTreacherousCleavertexture2"},
				"up": {"uv": [7.8125, 7.75, 8.4375, 8.25], "texture": "#zTreacherousCleavertexture2"},
				"down": {"uv": [8.1875, 8.25, 7.5625, 7.75], "texture": "#zTreacherousCleavertexture2"}
			}
		},
		{
			"from": [7.2566, 4.625, 7.6283],
			"to": [7.6283, 4.875, 8.3717],
			"rotation": {"angle": 0, "axis": "y", "origin": [8.18585, 4.21429, 8]},
			"faces": {
				"north": {"uv": [8.25, 11.125, 8.5, 11.375], "texture": "#INVERTED"},
				"east": {"uv": [7.75, 11.125, 8.25, 11.375], "texture": "#zTreacherousCleavertexture3"},
				"south": {"uv": [7.5, 11.125, 7.75, 11.375], "texture": "#texture"},
				"west": {"uv": [7.75, 11.125, 8.25, 11.375], "texture": "#zTreacherousCleavertexture3"},
				"up": {"uv": [7.5, 7.75, 7.75, 8.25], "texture": "#zTreacherousCleavertexture3"},
				"down": {"uv": [8.5, 8.25, 8.25, 7.75], "texture": "#zTreacherousCleavertexture3"}
			}
		},
		{
			"from": [7.2566, 4.5, 7.81415],
			"to": [7.6283, 5, 8.18585],
			"rotation": {"angle": 0, "axis": "y", "origin": [8.18585, 4.21429, 8]},
			"faces": {
				"north": {"uv": [8.25, 11, 8.5, 11.5], "texture": "#INVERTED"},
				"east": {"uv": [7.875, 11, 8.125, 11.5], "texture": "#zTreacherousCleavertexture3"},
				"south": {"uv": [7.5, 11, 7.75, 11.5], "texture": "#texture"},
				"west": {"uv": [7.875, 11, 8.125, 11.5], "texture": "#zTreacherousCleavertexture3"},
				"up": {"uv": [7.5, 7.875, 7.75, 8.125], "texture": "#zTreacherousCleavertexture3"},
				"down": {"uv": [8.5, 8.125, 8.25, 7.875], "texture": "#zTreacherousCleavertexture3"}
			}
		},
		{
			"from": [7.07075, 4.625, 7.81415],
			"to": [7.81415, 4.875, 8.18585],
			"rotation": {"angle": 0, "axis": "y", "origin": [8.18585, 4.21429, 8]},
			"faces": {
				"north": {"uv": [8.125, 11.125, 8.625, 11.375], "texture": "#INVERTED"},
				"east": {"uv": [7.875, 11.125, 8.125, 11.375], "texture": "#zTreacherousCleavertexture3"},
				"south": {"uv": [7.375, 11.125, 7.875, 11.375], "texture": "#texture"},
				"west": {"uv": [7.875, 11.125, 8.125, 11.375], "texture": "#zTreacherousCleavertexture3"},
				"up": {"uv": [7.375, 7.875, 7.875, 8.125], "texture": "#zTreacherousCleavertexture3"},
				"down": {"uv": [8.625, 8.125, 8.125, 7.875], "texture": "#zTreacherousCleavertexture3"}
			}
		},
		{
			"from": [8, 4.5, 7.2566],
			"to": [8.3717, 4.75, 8.7434],
			"rotation": {"angle": 0, "axis": "y", "origin": [8.18585, 4.21429, 8]},
			"faces": {
				"north": {"uv": [7.75, 11.25, 8, 11.5], "texture": "#INVERTED"},
				"east": {"uv": [7.5, 11.25, 8.5, 11.5], "texture": "#zTreacherousCleavertexture3"},
				"south": {"uv": [8, 11.25, 8.25, 11.5], "texture": "#texture"},
				"west": {"uv": [7.5, 11.25, 8.5, 11.5], "texture": "#zTreacherousCleavertexture3"},
				"up": {"uv": [8, 7.5, 8.25, 8.5], "texture": "#zTreacherousCleavertexture3"},
				"down": {"uv": [8, 8.5, 7.75, 7.5], "texture": "#zTreacherousCleavertexture3"}
			}
		},
		{
			"from": [7.81415, 4.5, 7.44245],
			"to": [8.55755, 4.75, 8.55755],
			"rotation": {"angle": 0, "axis": "y", "origin": [8.18585, 4.21429, 8]},
			"faces": {
				"north": {"uv": [7.625, 11.25, 8.125, 11.5], "texture": "#INVERTED"},
				"east": {"uv": [7.625, 11.25, 8.375, 11.5], "texture": "#zTreacherousCleavertexture3"},
				"south": {"uv": [7.875, 11.25, 8.375, 11.5], "texture": "#texture"},
				"west": {"uv": [7.625, 11.25, 8.375, 11.5], "texture": "#zTreacherousCleavertexture3"},
				"up": {"uv": [7.875, 7.625, 8.375, 8.375], "texture": "#zTreacherousCleavertexture3"},
				"down": {"uv": [8.125, 8.375, 7.625, 7.625], "texture": "#zTreacherousCleavertexture3"}
			}
		},
		{
			"from": [8.7434, 4.625, 7.6283],
			"to": [9.1151, 4.875, 8.3717],
			"rotation": {"angle": 0, "axis": "y", "origin": [8.18585, 4.21429, 8]},
			"faces": {
				"north": {"uv": [7.25, 11.125, 7.5, 11.375], "texture": "#INVERTED"},
				"east": {"uv": [7.75, 11.125, 8.25, 11.375], "texture": "#zTreacherousCleavertexture3"},
				"south": {"uv": [8.5, 11.125, 8.75, 11.375], "texture": "#texture"},
				"west": {"uv": [7.75, 11.125, 8.25, 11.375], "texture": "#zTreacherousCleavertexture3"},
				"up": {"uv": [8.5, 7.75, 8.75, 8.25], "texture": "#zTreacherousCleavertexture3"},
				"down": {"uv": [7.5, 8.25, 7.25, 7.75], "texture": "#zTreacherousCleavertexture3"}
			}
		},
		{
			"from": [8.7434, 4.5, 7.81415],
			"to": [9.1151, 5, 8.18585],
			"rotation": {"angle": 0, "axis": "y", "origin": [8.18585, 4.21429, 8]},
			"faces": {
				"north": {"uv": [7.25, 11, 7.5, 11.5], "texture": "#INVERTED"},
				"east": {"uv": [7.875, 11, 8.125, 11.5], "texture": "#zTreacherousCleavertexture3"},
				"south": {"uv": [8.5, 11, 8.75, 11.5], "texture": "#texture"},
				"west": {"uv": [7.875, 11, 8.125, 11.5], "texture": "#zTreacherousCleavertexture3"},
				"up": {"uv": [8.5, 7.875, 8.75, 8.125], "texture": "#zTreacherousCleavertexture3"},
				"down": {"uv": [7.5, 8.125, 7.25, 7.875], "texture": "#zTreacherousCleavertexture3"}
			}
		},
		{
			"from": [8.55755, 4.625, 7.81415],
			"to": [9.30095, 4.875, 8.18585],
			"rotation": {"angle": 0, "axis": "y", "origin": [8.18585, 4.21429, 8]},
			"faces": {
				"north": {"uv": [7.125, 11.125, 7.625, 11.375], "texture": "#INVERTED"},
				"east": {"uv": [7.875, 11.125, 8.125, 11.375], "texture": "#zTreacherousCleavertexture3"},
				"south": {"uv": [8.375, 11.125, 8.875, 11.375], "texture": "#texture"},
				"west": {"uv": [7.875, 11.125, 8.125, 11.375], "texture": "#zTreacherousCleavertexture3"},
				"up": {"uv": [8.375, 7.875, 8.875, 8.125], "texture": "#zTreacherousCleavertexture3"},
				"down": {"uv": [7.625, 8.125, 7.125, 7.875], "texture": "#zTreacherousCleavertexture3"}
			}
		},
		{
			"from": [8, 4.375, 7.44245],
			"to": [8.3717, 4.875, 8.55755],
			"rotation": {"angle": 0, "axis": "y", "origin": [8.18585, 4.21429, 8]},
			"faces": {
				"north": {"uv": [7.75, 11.125, 8, 11.625], "texture": "#INVERTED"},
				"east": {"uv": [7.625, 11.125, 8.375, 11.625], "texture": "#zTreacherousCleavertexture3"},
				"south": {"uv": [8, 11.125, 8.25, 11.625], "texture": "#texture"},
				"west": {"uv": [7.625, 11.125, 8.375, 11.625], "texture": "#zTreacherousCleavertexture3"},
				"up": {"uv": [8, 7.625, 8.25, 8.375], "texture": "#zTreacherousCleavertexture3"},
				"down": {"uv": [8, 8.375, 7.75, 7.625], "texture": "#zTreacherousCleavertexture3"}
			}
		},
		{
			"name": "zTreacherousCleaver x128",
			"from": [7.81415, 1.125, 7.72123],
			"to": [8.55755, 4.625, 8.27878],
			"rotation": {"angle": 0, "axis": "y", "origin": [8.18585, 4.21429, 8]},
			"faces": {
				"north": {"uv": [8.375, 11.375, 7.875, 14.875], "texture": "#texture"},
				"east": {"uv": [8.375, 11.375, 8.25, 14.875], "texture": "#texture"},
				"south": {"uv": [7.875, 11.375, 8.375, 14.875], "texture": "#texture"},
				"west": {"uv": [7.875, 11.375, 8, 14.875], "texture": "#texture"},
				"up": {"uv": [7.875, 11.375, 8.375, 11.5], "texture": "#texture"},
				"down": {"uv": [7.875, 14.875, 8.375, 14.75], "texture": "#texture"}
			}
		},
		{
			"from": [8, 1.375, 7.53538],
			"to": [8.3717, 4.375, 8.46463],
			"rotation": {"angle": 0, "axis": "y", "origin": [8.18585, 4.21429, 8]},
			"faces": {
				"north": {"uv": [7.75, 11.625, 8, 14.625], "texture": "#INVERTED"},
				"east": {"uv": [7.6875, 11.625, 8.3125, 14.625], "texture": "#zTreacherousCleavertexture2"},
				"south": {"uv": [8, 11.625, 8.25, 14.625], "texture": "#texture"},
				"west": {"uv": [7.6875, 11.625, 8.3125, 14.625], "texture": "#zTreacherousCleavertexture2"},
				"up": {"uv": [8, 7.6875, 8.25, 8.3125], "texture": "#zTreacherousCleavertexture2"},
				"down": {"uv": [8, 8.3125, 7.75, 7.6875], "texture": "#zTreacherousCleavertexture2"}
			}
		},
		{
			"name": "zTreacherousCleaver x128",
			"from": [8, 1, 7.72123],
			"to": [8.3717, 1.125, 8.27878],
			"rotation": {"angle": 0, "axis": "y", "origin": [8.18585, 4.21429, 8]},
			"faces": {
				"north": {"uv": [8.25, 14.875, 8, 15], "texture": "#texture"},
				"east": {"uv": [8.25, 14.875, 8.125, 15], "texture": "#texture"},
				"south": {"uv": [8, 14.875, 8.25, 15], "texture": "#texture"},
				"west": {"uv": [8, 14.875, 8.125, 15], "texture": "#texture"},
				"up": {"uv": [8, 14.875, 8.25, 15], "texture": "#texture"},
				"down": {"uv": [8, 15, 8.25, 14.875], "texture": "#texture"}
			}
		},
		{
			"name": "zTreacherousCleaver x128",
			"from": [7.81415, 4.875, 7.72123],
			"to": [8.55755, 5.5, 8.27878],
			"rotation": {"angle": 0, "axis": "y", "origin": [8.18585, 4.21429, 8]},
			"faces": {
				"north": {"uv": [8.375, 10.5, 7.875, 11.125], "texture": "#texture"},
				"east": {"uv": [8.375, 10.5, 8.25, 11.125], "texture": "#zTreacherousCleavertexture1"},
				"south": {"uv": [7.875, 10.5, 8.375, 11.125], "texture": "#texture"},
				"west": {"uv": [7.875, 10.5, 8, 11.125], "texture": "#texture"},
				"up": {"uv": [7.875, 10.5, 8.375, 10.625], "texture": "#texture"},
				"down": {"uv": [7.875, 11.125, 8.375, 11], "texture": "#texture"}
			}
		}
	],
	"display": {
		"thirdperson_righthand": {
			"rotation": [0, -90, 0],
			"translation": [0, 10, 1],
			"scale": [2.4, 2.4, 1]
		},
		"thirdperson_lefthand": {
			"rotation": [0, 90, 0],
			"translation": [0, 10.5, 1],
			"scale": [2.4, 2.4, 1]
		},
		"firstperson_righthand": {
			"rotation": [17, -90, 0],
			"translation": [2.6, 5, -0.008],
			"scale": [1.6, 1.6, 1]
		},
		"firstperson_lefthand": {
			"rotation": [17, 90, 0],
			"translation": [2.6, 5, -0.008],
			"scale": [1.6, 1.6, 1]
		},
		"gui": {
			"rotation": [0, 0, -45],
			"scale": [1.4, 1.4, 1.4]
		},
		"head": {
			"scale": [2, 2, 2],
			"rotation": [0, 0, 131],
			"translation": [0.5, -14.5, 4.5]
		},
		"ground": {
			"rotation": [0, 0, -45],
			"translation": [0, 3.3956, 0],
			"scale": [1.7, 1.7, 1.7]
		},
		"fixed": {
			"rotation": [-180, 0, 135],
			"scale": [1.7, 1.7, 1.7]
		}
	},
	"groups": [0, 1, 2, 3, 4, 5, 6, 7, 8, 9, 10, 11, 12, 13, 14, 15, 16, 17, 18, 19, 20, 21, 22, 23, 24, 25, 26, 27, 28, 29, 30, 31, 32, 33, 34, 35, 36, 37, 38, 39, 40, 41, 42, 43, 44, 45, 46, 47, 48, 49, 50, 51, 52, 53, 54, 55, 56, 57, 58, 59, 60, 61, 62, 63, 64, 65, 66, 67, 68, 69, 70, 71, 72, 73, 74, 75, 76, 77, 78, 79, 80, 81, 82, 83, 84, 85, 86, 87, 88, 89, 90, 91, 92, 93, 94, 95, 96, 97, 98, 99, 100, 101,
		{
			"name": "Handle",
			"isOpen": false,
			"shade": true,
			"display": {
				"visibility": true,
				"autouv": true
			},
			"children": [102, 103, 104, 105, 106, 107, 108, 109, 110, 111,
				{
					"name": "group",
					"isOpen": true,
					"shade": true,
					"display": {
						"visibility": true,
						"autouv": true
					},
					"children": [112, 113, 114, 115]
				}
			]
		}
	]
}