{
	"credit": "Made by Ara using Blockbench",
	"textures": {
		"texture": "block/diamond_sword/99",
		"particle": "block/diamond_sword/99",
		"glow": "block/diamond_sword/99_1"
	},
	"elements": [
		{
			"name": "cube",
			"from": [7.875, 0, 7.875],
			"to": [8.125, 15, 8.125],
			"faces": {
				"north": {"uv": [0.5, 0, 2, 16], "texture": "#texture"},
				"east": {"uv": [0.5, 0, 2, 16], "texture": "#texture"},
				"south": {"uv": [0.5, 0, 2, 16], "texture": "#texture"},
				"west": {"uv": [0.5, 0, 2, 16], "texture": "#texture"},
				"up": {"uv": [2, 1.5, 2.5, 5], "texture": "#texture"},
				"down": {"uv": [2, 1.5, 2.5, 5], "texture": "#texture"}
			}
		},
		{
			"name": "cube",
			"from": [8.125, 0, 7.875],
			"to": [8.25, 15, 8.125],
			"faces": {
				"north": {"uv": [0.5, 0, 0, 16], "texture": "#texture"},
				"east": {"uv": [0.5, 0, 2, 16], "texture": "#texture"},
				"south": {"uv": [0.5, 0, 0, 16], "texture": "#texture"},
				"west": {"uv": [0.5, 0, 2, 16], "texture": "#texture"},
				"up": {"uv": [2, 5, 2.5, 7], "texture": "#texture"},
				"down": {"uv": [2, 5, 2.5, 7], "texture": "#texture"}
			}
		},
		{
			"name": "cube",
			"from": [7.875, 0, 7.75],
			"to": [8.125, 15, 7.875],
			"faces": {
				"north": {"uv": [0.5, 0, 2, 16], "texture": "#texture"},
				"east": {"uv": [0.5, 0, 0, 16], "texture": "#texture"},
				"south": {"uv": [0.5, 0, 2, 16], "texture": "#texture"},
				"west": {"uv": [0.5, 0, 0, 16], "texture": "#texture"},
				"up": {"uv": [2, 5, 2.5, 7], "texture": "#texture", "rotation": 270},
				"down": {"uv": [2, 5, 2.5, 7], "texture": "#texture", "rotation": 90}
			}
		},
		{
			"name": "cube",
			"from": [7.875, 0, 8.125],
			"to": [8.125, 15, 8.25],
			"faces": {
				"north": {"uv": [0.5, 0, 2, 16], "texture": "#texture"},
				"east": {"uv": [0.5, 0, 0, 16], "texture": "#texture"},
				"south": {"uv": [0.5, 0, 2, 16], "texture": "#texture"},
				"west": {"uv": [0.5, 0, 0, 16], "texture": "#texture"},
				"up": {"uv": [2, 5, 2.5, 7], "texture": "#texture", "rotation": 90},
				"down": {"uv": [2, 5, 2.5, 7], "texture": "#texture", "rotation": 270}
			}
		},
		{
			"name": "cube",
			"from": [7.75, 0, 7.875],
			"to": [7.875, 15, 8.125],
			"faces": {
				"north": {"uv": [0.5, 0, 0, 16], "texture": "#texture"},
				"east": {"uv": [0.5, 0, 2, 16], "texture": "#texture"},
				"south": {"uv": [0.5, 0, 0, 16], "texture": "#texture"},
				"west": {"uv": [0.5, 0, 2, 16], "texture": "#texture"},
				"up": {"uv": [2, 5, 2.5, 7], "texture": "#texture", "rotation": 180},
				"down": {"uv": [2, 5, 2.5, 7], "texture": "#texture", "rotation": 180}
			}
		},
		{
			"name": "cube",
			"from": [8.25, -1, 7.75],
			"to": [8.375, 0, 8.25],
			"faces": {
				"north": {"uv": [3, 4.5, 3.5, 8], "texture": "#texture"},
				"east": {"uv": [3, 4.5, 4.5, 8], "texture": "#texture"},
				"south": {"uv": [3, 4.5, 3.5, 8], "texture": "#texture"},
				"west": {"uv": [3, 4.5, 4.5, 8], "texture": "#texture"},
				"up": {"uv": [3, 5, 4.5, 4.5], "texture": "#texture"},
				"down": {"uv": [3, 7.5, 4.5, 8], "texture": "#texture"}
			}
		},
		{
			"name": "cube",
			"from": [7.75, -1, 7.75],
			"to": [8.25, 0, 8.25],
			"faces": {
				"north": {"uv": [3, 4.5, 4.5, 8], "texture": "#texture"},
				"east": {"uv": [3, 4.5, 4.5, 8], "texture": "#texture"},
				"south": {"uv": [3, 4.5, 4.5, 8], "texture": "#texture"},
				"west": {"uv": [3, 4.5, 4.5, 8], "texture": "#texture"},
				"up": {"uv": [2.5, 4.5, 5, 6], "texture": "#texture"},
				"down": {"uv": [2.5, 4.5, 5, 6], "texture": "#texture"}
			}
		},
		{
			"name": "cube",
			"from": [8.375, 15.875, 7.75],
			"to": [8.5, 16.375, 8.25],
			"faces": {
				"north": {"uv": [3, 4.5, 3.5, 6], "texture": "#texture"},
				"east": {"uv": [3, 4.5, 4.5, 6], "texture": "#texture"},
				"south": {"uv": [3, 4.5, 3.5, 6], "texture": "#texture"},
				"west": {"uv": [3, 4.5, 4.5, 6], "texture": "#texture"},
				"up": {"uv": [3, 5, 4.5, 4.5], "texture": "#texture"},
				"down": {"uv": [3, 7.5, 4.5, 8], "texture": "#texture"}
			}
		},
		{
			"name": "cube",
			"from": [7.75, -1, 8.25],
			"to": [8.25, 0, 8.375],
			"faces": {
				"north": {"uv": [3, 4.5, 4.5, 8], "texture": "#texture"},
				"east": {"uv": [3, 4.5, 3.5, 8], "texture": "#texture"},
				"south": {"uv": [3, 4.5, 4.5, 8], "texture": "#texture"},
				"west": {"uv": [3, 4.5, 3.5, 8], "texture": "#texture"},
				"up": {"uv": [3, 5, 4.5, 4.5], "texture": "#texture", "rotation": 90},
				"down": {"uv": [3, 7.5, 4.5, 8], "texture": "#texture", "rotation": 270}
			}
		},
		{
			"name": "cube",
			"from": [7.625, -1, 7.75],
			"to": [7.75, 0, 8.25],
			"faces": {
				"north": {"uv": [3, 4.5, 3.5, 8], "texture": "#texture"},
				"east": {"uv": [3, 4.5, 4.5, 8], "texture": "#texture"},
				"south": {"uv": [3, 4.5, 3.5, 8], "texture": "#texture"},
				"west": {"uv": [3, 4.5, 4.5, 8], "texture": "#texture"},
				"up": {"uv": [3, 5, 4.5, 4.5], "texture": "#texture"},
				"down": {"uv": [3, 7.5, 4.5, 8], "texture": "#texture"}
			}
		},
		{
			"name": "cube",
			"from": [7.75, 15.875, 7.5],
			"to": [8.25, 16.375, 7.625],
			"faces": {
				"north": {"uv": [3, 4.5, 4.5, 6], "texture": "#texture"},
				"east": {"uv": [3, 4.5, 3.5, 6], "texture": "#texture"},
				"south": {"uv": [3, 4.5, 4.5, 6], "texture": "#texture"},
				"west": {"uv": [3, 4.5, 3.5, 6], "texture": "#texture"},
				"up": {"uv": [3, 5, 4.5, 4.5], "texture": "#texture", "rotation": 90},
				"down": {"uv": [3, 7.5, 4.5, 8], "texture": "#texture", "rotation": 270}
			}
		},
		{
			"name": "cube",
			"from": [7.75, 15.875, 8.375],
			"to": [8.25, 16.375, 8.5],
			"faces": {
				"north": {"uv": [3, 4.5, 4.5, 6], "texture": "#texture"},
				"east": {"uv": [3, 4.5, 3.5, 6], "texture": "#texture"},
				"south": {"uv": [3, 4.5, 4.5, 6], "texture": "#texture"},
				"west": {"uv": [3, 4.5, 3.5, 6], "texture": "#texture"},
				"up": {"uv": [3, 5, 4.5, 4.5], "texture": "#texture", "rotation": 90},
				"down": {"uv": [3, 7.5, 4.5, 8], "texture": "#texture", "rotation": 270}
			}
		},
		{
			"name": "cube",
			"from": [8.25, 15.875, 7.625],
			"to": [8.375, 16.375, 7.75],
			"faces": {
				"north": {"uv": [3, 4.5, 3.5, 6], "texture": "#texture"},
				"east": {"uv": [3, 4.5, 3.5, 6], "texture": "#texture"},
				"south": {"uv": [3, 4.5, 3.5, 6], "texture": "#texture"},
				"west": {"uv": [3, 4.5, 3.5, 6], "texture": "#texture"},
				"up": {"uv": [3, 5, 4.5, 4.5], "texture": "#texture"},
				"down": {"uv": [3, 7.5, 4.5, 8], "texture": "#texture"}
			}
		},
		{
			"name": "cube",
			"from": [7.5, 15.875, 7.75],
			"to": [7.625, 16.375, 8.25],
			"faces": {
				"north": {"uv": [3, 4.5, 3.5, 6], "texture": "#texture"},
				"east": {"uv": [3, 4.5, 4.5, 6], "texture": "#texture"},
				"south": {"uv": [3, 4.5, 3.5, 6], "texture": "#texture"},
				"west": {"uv": [3, 4.5, 4.5, 6], "texture": "#texture"},
				"up": {"uv": [3, 5, 4.5, 4.5], "texture": "#texture"},
				"down": {"uv": [3, 7.5, 4.5, 8], "texture": "#texture"}
			}
		},
		{
			"name": "cube",
			"from": [7.625, 15.875, 7.625],
			"to": [7.75, 16.375, 7.75],
			"faces": {
				"north": {"uv": [3, 4.5, 3.5, 6], "texture": "#texture"},
				"east": {"uv": [3, 4.5, 3.5, 6], "texture": "#texture"},
				"south": {"uv": [3, 4.5, 3.5, 6], "texture": "#texture"},
				"west": {"uv": [3, 4.5, 3.5, 6], "texture": "#texture"},
				"up": {"uv": [3, 5, 4.5, 4.5], "texture": "#texture"},
				"down": {"uv": [3, 7.5, 4.5, 8], "texture": "#texture"}
			}
		},
		{
			"name": "cube",
			"from": [7.625, 15.875, 8.25],
			"to": [7.75, 16.375, 8.375],
			"faces": {
				"north": {"uv": [3, 4.5, 3.5, 6], "texture": "#texture"},
				"east": {"uv": [3, 4.5, 3.5, 6], "texture": "#texture"},
				"south": {"uv": [3, 4.5, 3.5, 6], "texture": "#texture"},
				"west": {"uv": [3, 4.5, 3.5, 6], "texture": "#texture"},
				"up": {"uv": [3, 5, 4.5, 4.5], "texture": "#texture"},
				"down": {"uv": [3, 7.5, 4.5, 8], "texture": "#texture"}
			}
		},
		{
			"name": "cube",
			"from": [8.25, 15.875, 8.25],
			"to": [8.375, 16.375, 8.375],
			"faces": {
				"north": {"uv": [3, 4.5, 3.5, 6], "texture": "#texture"},
				"east": {"uv": [3, 4.5, 3.5, 6], "texture": "#texture"},
				"south": {"uv": [3, 4.5, 3.5, 6], "texture": "#texture"},
				"west": {"uv": [3, 4.5, 3.5, 6], "texture": "#texture"},
				"up": {"uv": [3, 5, 4.5, 4.5], "texture": "#texture"},
				"down": {"uv": [3, 7.5, 4.5, 8], "texture": "#texture"}
			}
		},
		{
			"name": "cube",
			"from": [7.875, -4.25, 7.875],
			"to": [8.125, -3.75, 8.125],
			"faces": {
				"north": {"uv": [15, 3, 15.5, 4], "texture": "#texture"},
				"east": {"uv": [15, 3, 15.5, 4], "texture": "#texture"},
				"south": {"uv": [15, 3, 15.5, 4], "texture": "#texture"},
				"west": {"uv": [15, 3, 15.5, 4], "texture": "#texture"},
				"up": {"uv": [13.5, 4, 14.25, 4.75], "texture": "#texture"},
				"down": {"uv": [13.5, 4, 14.25, 4.75], "texture": "#texture"}
			}
		},
		{
			"name": "cube",
			"from": [7.875, 17, 7.875],
			"to": [8.125, 17.875, 8.125],
			"faces": {
				"north": {"uv": [13.5, 5.5, 14, 7.5], "texture": "#texture"},
				"east": {"uv": [13.5, 5.5, 14, 7.5], "texture": "#texture"},
				"south": {"uv": [13.5, 5.5, 14, 7.5], "texture": "#texture"},
				"west": {"uv": [13.5, 5.5, 14, 7.5], "texture": "#texture"},
				"up": {"uv": [13.5, 4, 14.25, 4.75], "texture": "#texture"},
				"down": {"uv": [13.5, 4, 14.25, 4.75], "texture": "#texture"}
			}
		},
		{
			"name": "cube",
			"from": [7.625, -2.625, 7.625],
			"to": [8.375, -1, 8.375],
			"faces": {
				"north": {"uv": [13.5, 0, 15, 2.5], "texture": "#texture"},
				"east": {"uv": [13.5, 0, 15, 2.5], "texture": "#texture"},
				"south": {"uv": [13.5, 0, 15, 2.5], "texture": "#texture"},
				"west": {"uv": [13.5, 0, 15, 2.5], "texture": "#texture"},
				"up": {"uv": [13.5, 4, 14.25, 4.75], "texture": "#texture"},
				"down": {"uv": [13.5, 4, 14.25, 4.75], "texture": "#texture"}
			}
		},
		{
			"name": "cube",
			"from": [7.875, -2.25, 8.375],
			"to": [8.125, -1, 8.5],
			"faces": {
				"north": {"uv": [14, 1.5, 14.5, 3.5], "texture": "#texture"},
				"east": {"uv": [14, 1.5, 14.5, 3.5], "texture": "#texture"},
				"south": {"uv": [14, 1.5, 14.5, 3.5], "texture": "#texture"},
				"west": {"uv": [14, 1.5, 14.5, 3.5], "texture": "#texture"},
				"up": {"uv": [13.5, 4, 14.25, 4.75], "texture": "#texture", "rotation": 180},
				"down": {"uv": [13.5, 4, 14.25, 4.75], "texture": "#texture", "rotation": 180}
			}
		},
		{
			"name": "cube",
			"from": [7.5, -2.25, 7.875],
			"to": [7.625, -1, 8.125],
			"faces": {
				"north": {"uv": [14, 1.5, 14.5, 3.5], "texture": "#texture"},
				"east": {"uv": [14, 1.5, 14.5, 3.5], "texture": "#texture"},
				"south": {"uv": [14, 1.5, 14.5, 3.5], "texture": "#texture"},
				"west": {"uv": [14, 1.5, 14.5, 3.5], "texture": "#texture"},
				"up": {"uv": [13.5, 4, 14.25, 4.75], "texture": "#texture", "rotation": 270},
				"down": {"uv": [13.5, 4, 14.25, 4.75], "texture": "#texture", "rotation": 90}
			}
		},
		{
			"name": "cube",
			"from": [8.375, -2.25, 7.875],
			"to": [8.5, -1, 8.125],
			"faces": {
				"north": {"uv": [14, 1.5, 14.5, 3.5], "texture": "#texture"},
				"east": {"uv": [14, 1.5, 14.5, 3.5], "texture": "#texture"},
				"south": {"uv": [14, 1.5, 14.5, 3.5], "texture": "#texture"},
				"west": {"uv": [14, 1.5, 14.5, 3.5], "texture": "#texture"},
				"up": {"uv": [13.5, 4, 14.25, 4.75], "texture": "#texture", "rotation": 270},
				"down": {"uv": [13.5, 4, 14.25, 4.75], "texture": "#texture", "rotation": 90}
			}
		},
		{
			"name": "cube",
			"from": [7.875, -2.25, 7.5],
			"to": [8.125, -1, 7.625],
			"faces": {
				"north": {"uv": [14, 1.5, 14.5, 3.5], "texture": "#texture"},
				"east": {"uv": [14, 1.5, 14.5, 3.5], "texture": "#texture"},
				"south": {"uv": [14, 1.5, 14.5, 3.5], "texture": "#texture"},
				"west": {"uv": [14, 1.5, 14.5, 3.5], "texture": "#texture"},
				"up": {"uv": [13.5, 4, 14.25, 4.75], "texture": "#texture", "rotation": 180},
				"down": {"uv": [13.5, 4, 14.25, 4.75], "texture": "#texture", "rotation": 180}
			}
		},
		{
			"name": "cube",
			"from": [7.75, -1, 7.625],
			"to": [8.25, 0, 7.75],
			"faces": {
				"north": {"uv": [3, 4.5, 4.5, 8], "texture": "#texture"},
				"east": {"uv": [3, 4.5, 3.5, 8], "texture": "#texture"},
				"south": {"uv": [3, 4.5, 4.5, 8], "texture": "#texture"},
				"west": {"uv": [3, 4.5, 3.5, 8], "texture": "#texture"},
				"up": {"uv": [3, 5, 4.5, 4.5], "texture": "#texture", "rotation": 90},
				"down": {"uv": [3, 7.5, 4.5, 8], "texture": "#texture", "rotation": 270}
			}
		},
		{
			"name": "cube",
			"from": [7.75, 15, 7.875],
			"to": [8.25, 16, 8.125],
			"faces": {
				"north": {"uv": [3, 4.5, 3.5, 8], "texture": "#texture", "rotation": 180},
				"east": {"uv": [3, 4.5, 3.5, 8], "texture": "#texture", "rotation": 180},
				"south": {"uv": [3, 4.5, 3.5, 8], "texture": "#texture", "rotation": 180},
				"west": {"uv": [3, 4.5, 3.5, 8], "texture": "#texture", "rotation": 180},
				"up": {"uv": [3, 7.5, 4.5, 8], "texture": "#texture", "rotation": 270},
				"down": {"uv": [3, 5, 4.5, 4.5], "texture": "#texture", "rotation": 90}
			}
		},
		{
			"name": "cube",
			"from": [8.25, 15, 7.875],
			"to": [8.375, 16, 8.125],
			"faces": {
				"north": {"uv": [3, 4.5, 3.5, 8], "texture": "#texture", "rotation": 180},
				"east": {"uv": [3, 4.5, 4.5, 8], "texture": "#texture", "rotation": 180},
				"south": {"uv": [3, 4.5, 3.5, 8], "texture": "#texture", "rotation": 180},
				"west": {"uv": [3, 4.5, 4.5, 8], "texture": "#texture", "rotation": 180},
				"up": {"uv": [3, 7.5, 4.5, 8], "texture": "#texture", "rotation": 180},
				"down": {"uv": [3, 5, 4.5, 4.5], "texture": "#texture", "rotation": 180}
			}
		},
		{
			"name": "cube",
			"from": [8.125, 7.125, 7.75],
			"to": [8.25, 8.875, 7.875],
			"faces": {
				"north": {"uv": [2.5, 9.5, 3, 15], "texture": "#texture"},
				"east": {"uv": [2.5, 9.5, 3, 15], "texture": "#texture"},
				"south": {"uv": [2.5, 9.5, 3, 15], "texture": "#texture"},
				"west": {"uv": [2.5, 9.5, 3, 15], "texture": "#texture"},
				"up": {"uv": [3, 5, 4.5, 4.5], "texture": "#texture", "rotation": 90},
				"down": {"uv": [3, 7.5, 4.5, 8], "texture": "#texture", "rotation": 270}
			}
		},
		{
			"name": "cube",
			"from": [8.25, 7.125, 7.875],
			"to": [8.375, 8.875, 8.125],
			"faces": {
				"north": {"uv": [3, 9.5, 3.5, 15], "texture": "#texture"},
				"east": {"uv": [3, 9.5, 4.5, 15], "texture": "#texture"},
				"south": {"uv": [3, 9.5, 3.5, 15], "texture": "#texture"},
				"west": {"uv": [3, 9.5, 4.5, 15], "texture": "#texture"},
				"up": {"uv": [3, 5, 4.5, 4.5], "texture": "#texture"},
				"down": {"uv": [3, 7.5, 4.5, 8], "texture": "#texture"}
			}
		},
		{
			"name": "cube",
			"from": [7.75, 7.125, 7.75],
			"to": [7.875, 8.875, 7.875],
			"faces": {
				"north": {"uv": [2.5, 9.5, 3, 15], "texture": "#texture"},
				"east": {"uv": [2.5, 9.5, 3, 15], "texture": "#texture"},
				"south": {"uv": [2.5, 9.5, 3, 15], "texture": "#texture"},
				"west": {"uv": [2.5, 9.5, 3, 15], "texture": "#texture"},
				"up": {"uv": [3, 5, 4.5, 4.5], "texture": "#texture", "rotation": 90},
				"down": {"uv": [3, 7.5, 4.5, 8], "texture": "#texture", "rotation": 270}
			}
		},
		{
			"name": "cube",
			"from": [7.75, 7.125, 8.125],
			"to": [7.875, 8.875, 8.25],
			"faces": {
				"north": {"uv": [2.5, 9.5, 3, 15], "texture": "#texture"},
				"east": {"uv": [2.5, 9.5, 3, 15], "texture": "#texture"},
				"south": {"uv": [2.5, 9.5, 3, 15], "texture": "#texture"},
				"west": {"uv": [2.5, 9.5, 3, 15], "texture": "#texture"},
				"up": {"uv": [3, 5, 4.5, 4.5], "texture": "#texture", "rotation": 90},
				"down": {"uv": [3, 7.5, 4.5, 8], "texture": "#texture", "rotation": 270}
			}
		},
		{
			"name": "cube",
			"from": [8.125, 7.125, 8.125],
			"to": [8.25, 8.875, 8.25],
			"faces": {
				"north": {"uv": [2.5, 9.5, 3, 15], "texture": "#texture"},
				"east": {"uv": [2.5, 9.5, 3, 15], "texture": "#texture"},
				"south": {"uv": [2.5, 9.5, 3, 15], "texture": "#texture"},
				"west": {"uv": [2.5, 9.5, 3, 15], "texture": "#texture"},
				"up": {"uv": [3, 5, 4.5, 4.5], "texture": "#texture", "rotation": 90},
				"down": {"uv": [3, 7.5, 4.5, 8], "texture": "#texture", "rotation": 270}
			}
		},
		{
			"name": "cube",
			"from": [7.875, 7.125, 7.625],
			"to": [8.125, 8.875, 7.75],
			"faces": {
				"north": {"uv": [3, 9.5, 4.5, 15], "texture": "#texture"},
				"east": {"uv": [3, 9.5, 3.5, 15], "texture": "#texture"},
				"south": {"uv": [3, 9.5, 4.5, 15], "texture": "#texture"},
				"west": {"uv": [3, 9.5, 3.5, 15], "texture": "#texture"},
				"up": {"uv": [3, 5, 4.5, 4.5], "texture": "#texture", "rotation": 90},
				"down": {"uv": [3, 7.5, 4.5, 8], "texture": "#texture", "rotation": 270}
			}
		},
		{
			"name": "cube",
			"from": [7.875, 7.125, 8.25],
			"to": [8.125, 8.875, 8.375],
			"faces": {
				"north": {"uv": [3, 9.5, 4.5, 15], "texture": "#texture"},
				"east": {"uv": [3, 9.5, 3.5, 15], "texture": "#texture"},
				"south": {"uv": [3, 9.5, 4.5, 15], "texture": "#texture"},
				"west": {"uv": [3, 9.5, 3.5, 15], "texture": "#texture"},
				"up": {"uv": [3, 5, 4.5, 4.5], "texture": "#texture", "rotation": 90},
				"down": {"uv": [3, 7.5, 4.5, 8], "texture": "#texture", "rotation": 270}
			}
		},
		{
			"name": "cube",
			"from": [7.625, 7.125, 7.875],
			"to": [7.75, 8.875, 8.125],
			"faces": {
				"north": {"uv": [3, 9.5, 3.5, 15], "texture": "#texture"},
				"east": {"uv": [3, 9.5, 4.5, 15], "texture": "#texture"},
				"south": {"uv": [3, 9.5, 3.5, 15], "texture": "#texture"},
				"west": {"uv": [3, 9.5, 4.5, 15], "texture": "#texture"},
				"up": {"uv": [3, 5, 4.5, 4.5], "texture": "#texture"},
				"down": {"uv": [3, 7.5, 4.5, 8], "texture": "#texture"}
			}
		},
		{
			"name": "cube",
			"from": [8.125, 9.125, 8.125],
			"to": [8.25, 11, 8.25],
			"faces": {
				"north": {"uv": [3, 15, 2.5, 9.5], "texture": "#texture"},
				"east": {"uv": [2.5, 9.5, 3, 15], "texture": "#texture", "rotation": 180},
				"south": {"uv": [3, 15, 2.5, 9.5], "texture": "#texture"},
				"west": {"uv": [2.5, 9.5, 3, 15], "texture": "#texture", "rotation": 180},
				"up": {"uv": [3, 7.5, 4.5, 8], "texture": "#texture", "rotation": 270},
				"down": {"uv": [3, 5, 4.5, 4.5], "texture": "#texture", "rotation": 90}
			}
		},
		{
			"name": "cube",
			"from": [8.25, 9.125, 7.875],
			"to": [8.375, 11, 8.125],
			"faces": {
				"north": {"uv": [3.5, 15, 3, 9.5], "texture": "#texture"},
				"east": {"uv": [3, 9.5, 4.5, 15], "texture": "#texture", "rotation": 180},
				"south": {"uv": [3.5, 15, 3, 9.5], "texture": "#texture"},
				"west": {"uv": [3, 9.5, 4.5, 15], "texture": "#texture", "rotation": 180},
				"up": {"uv": [3, 7.5, 4.5, 8], "texture": "#texture"},
				"down": {"uv": [3, 5, 4.5, 4.5], "texture": "#texture"}
			}
		},
		{
			"name": "cube",
			"from": [7.75, 9.125, 8.125],
			"to": [7.875, 11, 8.25],
			"faces": {
				"north": {"uv": [3, 15, 2.5, 9.5], "texture": "#texture"},
				"east": {"uv": [2.5, 9.5, 3, 15], "texture": "#texture", "rotation": 180},
				"south": {"uv": [3, 15, 2.5, 9.5], "texture": "#texture"},
				"west": {"uv": [2.5, 9.5, 3, 15], "texture": "#texture", "rotation": 180},
				"up": {"uv": [3, 7.5, 4.5, 8], "texture": "#texture", "rotation": 270},
				"down": {"uv": [3, 5, 4.5, 4.5], "texture": "#texture", "rotation": 90}
			}
		},
		{
			"name": "cube",
			"from": [7.75, 9.125, 7.75],
			"to": [7.875, 11, 7.875],
			"faces": {
				"north": {"uv": [3, 15, 2.5, 9.5], "texture": "#texture"},
				"east": {"uv": [2.5, 9.5, 3, 15], "texture": "#texture", "rotation": 180},
				"south": {"uv": [3, 15, 2.5, 9.5], "texture": "#texture"},
				"west": {"uv": [2.5, 9.5, 3, 15], "texture": "#texture", "rotation": 180},
				"up": {"uv": [3, 7.5, 4.5, 8], "texture": "#texture", "rotation": 270},
				"down": {"uv": [3, 5, 4.5, 4.5], "texture": "#texture", "rotation": 90}
			}
		},
		{
			"name": "cube",
			"from": [8.125, 9.125, 7.75],
			"to": [8.25, 11, 7.875],
			"faces": {
				"north": {"uv": [3, 15, 2.5, 9.5], "texture": "#texture"},
				"east": {"uv": [2.5, 9.5, 3, 15], "texture": "#texture", "rotation": 180},
				"south": {"uv": [3, 15, 2.5, 9.5], "texture": "#texture"},
				"west": {"uv": [2.5, 9.5, 3, 15], "texture": "#texture", "rotation": 180},
				"up": {"uv": [3, 7.5, 4.5, 8], "texture": "#texture", "rotation": 270},
				"down": {"uv": [3, 5, 4.5, 4.5], "texture": "#texture", "rotation": 90}
			}
		},
		{
			"name": "cube",
			"from": [7.875, 9.125, 8.25],
			"to": [8.125, 11, 8.375],
			"faces": {
				"north": {"uv": [4.5, 15, 3, 9.5], "texture": "#texture"},
				"east": {"uv": [3, 9.5, 3.5, 15], "texture": "#texture", "rotation": 180},
				"south": {"uv": [4.5, 15, 3, 9.5], "texture": "#texture"},
				"west": {"uv": [3, 9.5, 3.5, 15], "texture": "#texture", "rotation": 180},
				"up": {"uv": [3, 7.5, 4.5, 8], "texture": "#texture", "rotation": 270},
				"down": {"uv": [3, 5, 4.5, 4.5], "texture": "#texture", "rotation": 90}
			}
		},
		{
			"name": "cube",
			"from": [7.875, 9.125, 7.625],
			"to": [8.125, 11, 7.75],
			"faces": {
				"north": {"uv": [4.5, 15, 3, 9.5], "texture": "#texture"},
				"east": {"uv": [3, 9.5, 3.5, 15], "texture": "#texture", "rotation": 180},
				"south": {"uv": [4.5, 15, 3, 9.5], "texture": "#texture"},
				"west": {"uv": [3, 9.5, 3.5, 15], "texture": "#texture", "rotation": 180},
				"up": {"uv": [3, 7.5, 4.5, 8], "texture": "#texture", "rotation": 270},
				"down": {"uv": [3, 5, 4.5, 4.5], "texture": "#texture", "rotation": 90}
			}
		},
		{
			"name": "cube",
			"from": [7.625, 9.125, 7.875],
			"to": [7.75, 11, 8.125],
			"faces": {
				"north": {"uv": [3.5, 15, 3, 9.5], "texture": "#texture"},
				"east": {"uv": [3, 9.5, 4.5, 15], "texture": "#texture", "rotation": 180},
				"south": {"uv": [3.5, 15, 3, 9.5], "texture": "#texture"},
				"west": {"uv": [3, 9.5, 4.5, 15], "texture": "#texture", "rotation": 180},
				"up": {"uv": [3, 7.5, 4.5, 8], "texture": "#texture"},
				"down": {"uv": [3, 5, 4.5, 4.5], "texture": "#texture"}
			}
		},
		{
			"name": "cube",
			"from": [7.875, 15, 7.625],
			"to": [8.125, 16, 7.75],
			"faces": {
				"north": {"uv": [3, 4.5, 4.5, 8], "texture": "#texture", "rotation": 180},
				"east": {"uv": [3, 4.5, 3.5, 8], "texture": "#texture", "rotation": 180},
				"south": {"uv": [3, 4.5, 4.5, 8], "texture": "#texture", "rotation": 180},
				"west": {"uv": [3, 4.5, 3.5, 8], "texture": "#texture", "rotation": 180},
				"up": {"uv": [3, 7.5, 4.5, 8], "texture": "#texture", "rotation": 270},
				"down": {"uv": [3, 5, 4.5, 4.5], "texture": "#texture", "rotation": 90}
			}
		},
		{
			"name": "cube",
			"from": [7.875, 15, 8.25],
			"to": [8.125, 16, 8.375],
			"faces": {
				"north": {"uv": [3, 4.5, 4.5, 8], "texture": "#texture", "rotation": 180},
				"east": {"uv": [3, 4.5, 3.5, 8], "texture": "#texture", "rotation": 180},
				"south": {"uv": [3, 4.5, 4.5, 8], "texture": "#texture", "rotation": 180},
				"west": {"uv": [3, 4.5, 3.5, 8], "texture": "#texture", "rotation": 180},
				"up": {"uv": [3, 7.5, 4.5, 8], "texture": "#texture", "rotation": 270},
				"down": {"uv": [3, 5, 4.5, 4.5], "texture": "#texture", "rotation": 90}
			}
		},
		{
			"name": "cube",
			"from": [7.625, 15, 7.875],
			"to": [7.75, 16, 8.125],
			"faces": {
				"north": {"uv": [3, 4.5, 3.5, 8], "texture": "#texture", "rotation": 180},
				"east": {"uv": [3, 4.5, 4.5, 8], "texture": "#texture", "rotation": 180},
				"south": {"uv": [3, 4.5, 3.5, 8], "texture": "#texture", "rotation": 180},
				"west": {"uv": [3, 4.5, 4.5, 8], "texture": "#texture", "rotation": 180},
				"up": {"uv": [3, 7.5, 4.5, 8], "texture": "#texture", "rotation": 180},
				"down": {"uv": [3, 5, 4.5, 4.5], "texture": "#texture", "rotation": 180}
			}
		},
		{
			"name": "cube",
			"from": [7.75, 15, 7.75],
			"to": [7.875, 16, 7.875],
			"faces": {
				"north": {"uv": [3, 4.5, 3.5, 8], "texture": "#texture", "rotation": 180},
				"east": {"uv": [3, 4.5, 3.5, 8], "texture": "#texture", "rotation": 180},
				"south": {"uv": [3, 4.5, 3.5, 8], "texture": "#texture", "rotation": 180},
				"west": {"uv": [3, 4.5, 3.5, 8], "texture": "#texture", "rotation": 180},
				"up": {"uv": [3, 7.5, 4.5, 8], "texture": "#texture", "rotation": 270},
				"down": {"uv": [3, 5, 4.5, 4.5], "texture": "#texture", "rotation": 90}
			}
		},
		{
			"name": "cube",
			"from": [7.875, 15, 8.125],
			"to": [8.125, 16, 8.25],
			"faces": {
				"north": {"uv": [3, 4.5, 3.5, 8], "texture": "#texture", "rotation": 180},
				"east": {"uv": [3, 4.5, 3.5, 8], "texture": "#texture", "rotation": 180},
				"south": {"uv": [3, 4.5, 3.5, 8], "texture": "#texture", "rotation": 180},
				"west": {"uv": [3, 4.5, 3.5, 8], "texture": "#texture", "rotation": 180},
				"up": {"uv": [3, 7.5, 4.5, 8], "texture": "#texture", "rotation": 270},
				"down": {"uv": [3, 5, 4.5, 4.5], "texture": "#texture", "rotation": 90}
			}
		},
		{
			"name": "cube",
			"from": [8.125, 15, 8.125],
			"to": [8.25, 16, 8.25],
			"faces": {
				"north": {"uv": [3, 4.5, 3.5, 8], "texture": "#texture", "rotation": 180},
				"east": {"uv": [3, 4.5, 3.5, 8], "texture": "#texture", "rotation": 180},
				"south": {"uv": [3, 4.5, 3.5, 8], "texture": "#texture", "rotation": 180},
				"west": {"uv": [3, 4.5, 3.5, 8], "texture": "#texture", "rotation": 180},
				"up": {"uv": [3, 7.5, 4.5, 8], "texture": "#texture", "rotation": 270},
				"down": {"uv": [3, 5, 4.5, 4.5], "texture": "#texture", "rotation": 90}
			}
		},
		{
			"name": "cube",
			"from": [7.75, 15, 8.125],
			"to": [7.875, 16, 8.25],
			"faces": {
				"north": {"uv": [3, 4.5, 3.5, 8], "texture": "#texture", "rotation": 180},
				"east": {"uv": [3, 4.5, 3.5, 8], "texture": "#texture", "rotation": 180},
				"south": {"uv": [3, 4.5, 3.5, 8], "texture": "#texture", "rotation": 180},
				"west": {"uv": [3, 4.5, 3.5, 8], "texture": "#texture", "rotation": 180},
				"up": {"uv": [3, 7.5, 4.5, 8], "texture": "#texture", "rotation": 270},
				"down": {"uv": [3, 5, 4.5, 4.5], "texture": "#texture", "rotation": 90}
			}
		},
		{
			"name": "cube",
			"from": [8.125, 15, 7.75],
			"to": [8.25, 16, 7.875],
			"faces": {
				"north": {"uv": [3, 4.5, 3.5, 8], "texture": "#texture", "rotation": 180},
				"east": {"uv": [3, 4.5, 3.5, 8], "texture": "#texture", "rotation": 180},
				"south": {"uv": [3, 4.5, 3.5, 8], "texture": "#texture", "rotation": 180},
				"west": {"uv": [3, 4.5, 3.5, 8], "texture": "#texture", "rotation": 180},
				"up": {"uv": [3, 7.5, 4.5, 8], "texture": "#texture", "rotation": 270},
				"down": {"uv": [3, 5, 4.5, 4.5], "texture": "#texture", "rotation": 90}
			}
		},
		{
			"name": "cube",
			"from": [7.875, 15, 7.75],
			"to": [8.125, 16, 7.875],
			"faces": {
				"north": {"uv": [3, 4.5, 3.5, 8], "texture": "#texture", "rotation": 180},
				"east": {"uv": [3, 4.5, 3.5, 8], "texture": "#texture", "rotation": 180},
				"south": {"uv": [3, 4.5, 3.5, 8], "texture": "#texture", "rotation": 180},
				"west": {"uv": [3, 4.5, 3.5, 8], "texture": "#texture", "rotation": 180},
				"up": {"uv": [3, 7.5, 4.5, 8], "texture": "#texture", "rotation": 270},
				"down": {"uv": [3, 5, 4.5, 4.5], "texture": "#texture", "rotation": 90}
			}
		},
		{
			"name": "cube",
			"from": [7.75, -3.75, 7.75],
			"to": [8.25, -2.625, 8.25],
			"faces": {
				"north": {"uv": [13.5, 0, 14.5, 1.5], "texture": "#texture"},
				"east": {"uv": [13.5, 0, 14.5, 1.5], "texture": "#texture"},
				"south": {"uv": [13.5, 0, 14.5, 1.5], "texture": "#texture"},
				"west": {"uv": [13.5, 0, 14.5, 1.5], "texture": "#texture"},
				"up": {"uv": [13.5, 4, 14.25, 4.75], "texture": "#texture"},
				"down": {"uv": [13.5, 4, 14.25, 4.75], "texture": "#texture"}
			}
		},
		{
			"name": "cube",
			"from": [8.375, 18.125, 7.625],
			"to": [8.625, 20, 8.375],
			"faces": {
				"north": {"uv": [13.5, 0, 14, 4], "texture": "#texture"},
				"east": {"uv": [13.5, 0, 15, 4], "texture": "#texture"},
				"south": {"uv": [13.5, 0, 14, 4], "texture": "#texture"},
				"west": {"uv": [13.5, 0, 15, 4], "texture": "#texture"},
				"up": {"uv": [13.5, 4, 14.25, 4.75], "texture": "#texture", "rotation": 270},
				"down": {"uv": [13.5, 4, 14.25, 4.75], "texture": "#texture", "rotation": 90}
			}
		},
		{
			"name": "cube",
			"from": [8.125, 20.75, 7.875],
			"to": [8.375, 21.75, 8.125],
			"faces": {
				"north": {"uv": [14.5, 1.5, 15, 4.5], "texture": "#texture"},
				"east": {"uv": [14.5, 1.5, 15, 4.5], "texture": "#texture"},
				"south": {"uv": [14.5, 1.5, 15, 4.5], "texture": "#texture"},
				"west": {"uv": [14.5, 1.5, 15, 4.5], "texture": "#texture"},
				"up": {"uv": [13.5, 4, 14.25, 4.75], "texture": "#texture", "rotation": 270},
				"down": {"uv": [13.5, 4, 14.25, 4.75], "texture": "#texture", "rotation": 90}
			}
		},
		{
			"name": "cube",
			"from": [7.875, 21.125, 7.875],
			"to": [8.125, 22.625, 8.125],
			"faces": {
				"north": {"uv": [14.5, 0.5, 15, 4.5], "texture": "#texture"},
				"east": {"uv": [14.5, 0.5, 15, 4.5], "texture": "#texture"},
				"south": {"uv": [14.5, 0.5, 15, 4.5], "texture": "#texture"},
				"west": {"uv": [14.5, 0.5, 15, 4.5], "texture": "#texture"},
				"up": {"uv": [13.5, 4, 14.25, 4.75], "texture": "#texture"},
				"down": {"uv": [13.5, 4, 14.25, 4.75], "texture": "#texture"}
			}
		},
		{
			"name": "cube",
			"from": [7.875, 20.75, 8.125],
			"to": [8.125, 21.75, 8.375],
			"faces": {
				"north": {"uv": [14, 1.5, 14.5, 4.5], "texture": "#texture"},
				"east": {"uv": [14, 1.5, 14.5, 4.5], "texture": "#texture"},
				"south": {"uv": [14, 1.5, 14.5, 4.5], "texture": "#texture"},
				"west": {"uv": [14, 1.5, 14.5, 4.5], "texture": "#texture"},
				"up": {"uv": [13.5, 4, 14.25, 4.75], "texture": "#texture"},
				"down": {"uv": [13.5, 4, 14.25, 4.75], "texture": "#texture"}
			}
		},
		{
			"name": "cube",
			"from": [8.375, 20, 7.875],
			"to": [8.625, 20.75, 8.125],
			"faces": {
				"north": {"uv": [14.5, 0.5, 15, 2], "texture": "#texture"},
				"east": {"uv": [14.5, 0.5, 15, 2], "texture": "#texture"},
				"south": {"uv": [14.5, 0.5, 15, 2], "texture": "#texture"},
				"west": {"uv": [14.5, 0.5, 15, 2], "texture": "#texture"},
				"up": {"uv": [13.5, 4, 14.25, 4.75], "texture": "#texture"},
				"down": {"uv": [13.5, 4, 14.25, 4.75], "texture": "#texture"}
			}
		},
		{
			"name": "cube",
			"from": [7.625, 20.75, 7.875],
			"to": [7.875, 21.75, 8.125],
			"faces": {
				"north": {"uv": [13.5, 1, 14, 4], "texture": "#texture"},
				"east": {"uv": [13.5, 1, 14, 4], "texture": "#texture"},
				"south": {"uv": [13.5, 1, 14, 4], "texture": "#texture"},
				"west": {"uv": [13.5, 1, 14, 4], "texture": "#texture"},
				"up": {"uv": [13.5, 4, 14.25, 4.75], "texture": "#texture", "rotation": 270},
				"down": {"uv": [13.5, 4, 14.25, 4.75], "texture": "#texture", "rotation": 90}
			}
		},
		{
			"name": "cube",
			"from": [7.625, 17.625, 7.625],
			"to": [8.375, 20.75, 8.375],
			"faces": {
				"north": {"uv": [13.5, 0, 15, 6], "texture": "#texture"},
				"east": {"uv": [13.5, 0, 15, 6], "texture": "#texture"},
				"south": {"uv": [13.5, 0, 15, 6], "texture": "#texture"},
				"west": {"uv": [13.5, 0, 15, 6], "texture": "#texture"},
				"up": {"uv": [13.5, 4, 14.25, 4.75], "texture": "#texture"},
				"down": {"uv": [13.5, 4, 14.25, 4.75], "texture": "#texture"}
			}
		},
		{
			"name": "cube",
			"from": [7.625, 18.125, 7.375],
			"to": [8.375, 20, 7.625],
			"faces": {
				"north": {"uv": [13.5, 0, 15, 4], "texture": "#texture"},
				"east": {"uv": [13.5, 0, 14, 4], "texture": "#texture"},
				"south": {"uv": [13.5, 0, 15, 4], "texture": "#texture"},
				"west": {"uv": [13.5, 0, 14, 4], "texture": "#texture"},
				"up": {"uv": [13.5, 4, 14.25, 4.75], "texture": "#texture"},
				"down": {"uv": [13.5, 4, 14.25, 4.75], "texture": "#texture"}
			}
		},
		{
			"name": "cube",
			"from": [7.625, 18.125, 8.375],
			"to": [8.375, 20, 8.625],
			"faces": {
				"north": {"uv": [13.5, 0, 15, 4], "texture": "#texture"},
				"east": {"uv": [13.5, 0, 14, 4], "texture": "#texture"},
				"south": {"uv": [13.5, 0, 15, 4], "texture": "#texture"},
				"west": {"uv": [13.5, 0, 14, 4], "texture": "#texture"},
				"up": {"uv": [13.5, 4, 14.25, 4.75], "texture": "#texture"},
				"down": {"uv": [13.5, 4, 14.25, 4.75], "texture": "#texture"}
			}
		},
		{
			"name": "cube",
			"from": [7.375, 18.125, 7.625],
			"to": [7.625, 20, 8.375],
			"faces": {
				"north": {"uv": [13.5, 0, 14, 4], "texture": "#texture"},
				"east": {"uv": [13.5, 0, 15, 4], "texture": "#texture"},
				"south": {"uv": [13.5, 0, 14, 4], "texture": "#texture"},
				"west": {"uv": [13.5, 0, 15, 4], "texture": "#texture"},
				"up": {"uv": [13.5, 4, 14.25, 4.75], "texture": "#texture", "rotation": 270},
				"down": {"uv": [13.5, 4, 14.25, 4.75], "texture": "#texture", "rotation": 90}
			}
		},
		{
			"name": "cube",
			"from": [8.375, -0.75, 7.75],
			"to": [8.5, -0.25, 8.25],
			"faces": {
				"north": {"uv": [3, 4.5, 3.5, 6], "texture": "#texture"},
				"east": {"uv": [3, 4.5, 4.5, 6], "texture": "#texture"},
				"south": {"uv": [3, 4.5, 3.5, 6], "texture": "#texture"},
				"west": {"uv": [3, 4.5, 4.5, 6], "texture": "#texture"},
				"up": {"uv": [3, 5, 4.5, 4.5], "texture": "#texture"},
				"down": {"uv": [3, 7.5, 4.5, 8], "texture": "#texture"}
			}
		},
		{
			"name": "cube",
			"from": [7.75, -0.75, 7.5],
			"to": [8.25, -0.25, 7.625],
			"faces": {
				"north": {"uv": [3, 4.5, 4.5, 6], "texture": "#texture"},
				"east": {"uv": [3, 4.5, 3.5, 6], "texture": "#texture"},
				"south": {"uv": [3, 4.5, 4.5, 6], "texture": "#texture"},
				"west": {"uv": [3, 4.5, 3.5, 6], "texture": "#texture"},
				"up": {"uv": [3, 5, 4.5, 4.5], "texture": "#texture", "rotation": 90},
				"down": {"uv": [3, 7.5, 4.5, 8], "texture": "#texture", "rotation": 270}
			}
		},
		{
			"name": "cube",
			"from": [7.75, -0.75, 8.375],
			"to": [8.25, -0.25, 8.5],
			"faces": {
				"north": {"uv": [3, 4.5, 4.5, 6], "texture": "#texture"},
				"east": {"uv": [3, 4.5, 3.5, 6], "texture": "#texture"},
				"south": {"uv": [3, 4.5, 4.5, 6], "texture": "#texture"},
				"west": {"uv": [3, 4.5, 3.5, 6], "texture": "#texture"},
				"up": {"uv": [3, 5, 4.5, 4.5], "texture": "#texture", "rotation": 90},
				"down": {"uv": [3, 7.5, 4.5, 8], "texture": "#texture", "rotation": 270}
			}
		},
		{
			"name": "cube",
			"from": [8.25, -0.75, 7.625],
			"to": [8.375, -0.25, 7.75],
			"faces": {
				"north": {"uv": [3, 4.5, 3.5, 6], "texture": "#texture"},
				"east": {"uv": [3, 4.5, 3.5, 6], "texture": "#texture"},
				"south": {"uv": [3, 4.5, 3.5, 6], "texture": "#texture"},
				"west": {"uv": [3, 4.5, 3.5, 6], "texture": "#texture"},
				"up": {"uv": [3, 5, 4.5, 4.5], "texture": "#texture"},
				"down": {"uv": [3, 7.5, 4.5, 8], "texture": "#texture"}
			}
		},
		{
			"name": "cube",
			"from": [7.5, -0.75, 7.75],
			"to": [7.625, -0.25, 8.25],
			"faces": {
				"north": {"uv": [3, 4.5, 3.5, 6], "texture": "#texture"},
				"east": {"uv": [3, 4.5, 4.5, 6], "texture": "#texture"},
				"south": {"uv": [3, 4.5, 3.5, 6], "texture": "#texture"},
				"west": {"uv": [3, 4.5, 4.5, 6], "texture": "#texture"},
				"up": {"uv": [3, 5, 4.5, 4.5], "texture": "#texture"},
				"down": {"uv": [3, 7.5, 4.5, 8], "texture": "#texture"}
			}
		},
		{
			"name": "cube",
			"from": [7.625, -0.75, 7.625],
			"to": [7.75, -0.25, 7.75],
			"faces": {
				"north": {"uv": [3, 4.5, 3.5, 6], "texture": "#texture"},
				"east": {"uv": [3, 4.5, 3.5, 6], "texture": "#texture"},
				"south": {"uv": [3, 4.5, 3.5, 6], "texture": "#texture"},
				"west": {"uv": [3, 4.5, 3.5, 6], "texture": "#texture"},
				"up": {"uv": [3, 5, 4.5, 4.5], "texture": "#texture"},
				"down": {"uv": [3, 7.5, 4.5, 8], "texture": "#texture"}
			}
		},
		{
			"name": "cube",
			"from": [7.625, -0.75, 8.25],
			"to": [7.75, -0.25, 8.375],
			"faces": {
				"north": {"uv": [3, 4.5, 3.5, 6], "texture": "#texture"},
				"east": {"uv": [3, 4.5, 3.5, 6], "texture": "#texture"},
				"south": {"uv": [3, 4.5, 3.5, 6], "texture": "#texture"},
				"west": {"uv": [3, 4.5, 3.5, 6], "texture": "#texture"},
				"up": {"uv": [3, 5, 4.5, 4.5], "texture": "#texture"},
				"down": {"uv": [3, 7.5, 4.5, 8], "texture": "#texture"}
			}
		},
		{
			"name": "cube",
			"from": [8.25, -0.75, 8.25],
			"to": [8.375, -0.25, 8.375],
			"faces": {
				"north": {"uv": [3, 4.5, 3.5, 6], "texture": "#texture"},
				"east": {"uv": [3, 4.5, 3.5, 6], "texture": "#texture"},
				"south": {"uv": [3, 4.5, 3.5, 6], "texture": "#texture"},
				"west": {"uv": [3, 4.5, 3.5, 6], "texture": "#texture"},
				"up": {"uv": [3, 5, 4.5, 4.5], "texture": "#texture"},
				"down": {"uv": [3, 7.5, 4.5, 8], "texture": "#texture"}
			}
		},
		{
			"name": "cube",
			"from": [8.375, 16, 7.999],
			"to": [9.375, 18.375, 8],
			"faces": {
				"north": {"uv": [12.5, 9, 16, 16], "texture": "#texture"},
				"south": {"uv": [16, 9, 12.5, 16], "texture": "#texture"}
			}
		},
		{
			"name": "cube",
			"from": [6.625, 16, 7.999],
			"to": [7.625, 18.375, 8],
			"faces": {
				"north": {"uv": [16, 9, 12.5, 16], "texture": "#texture"},
				"south": {"uv": [12.5, 9, 16, 16], "texture": "#texture"}
			}
		},
		{
			"name": "cube",
			"from": [8.25, 14.5, 7.999],
			"to": [8.75, 16, 8],
			"faces": {
				"north": {"uv": [10, 9, 12.5, 16], "texture": "#texture"},
				"south": {"uv": [12.5, 9, 10, 16], "texture": "#texture"}
			}
		},
		{
			"name": "cube",
			"from": [8, 16, 8.375],
			"to": [8.001, 18.375, 9.375],
			"faces": {
				"east": {"uv": [12.5, 9, 16, 16], "texture": "#texture"},
				"west": {"uv": [16, 9, 12.5, 16], "texture": "#texture"}
			}
		},
		{
			"name": "cube",
			"from": [8, 16, 6.625],
			"to": [8.001, 18.375, 7.625],
			"faces": {
				"east": {"uv": [16, 9, 12.5, 16], "texture": "#texture"},
				"west": {"uv": [12.5, 9, 16, 16], "texture": "#texture"}
			}
		},
		{
			"name": "cube",
			"from": [7.25, 14.5, 7.999],
			"to": [7.75, 16, 8],
			"faces": {
				"north": {"uv": [12.5, 9, 10, 16], "texture": "#texture"},
				"south": {"uv": [10, 9, 12.5, 16], "texture": "#texture"}
			}
		},
		{
			"name": "cube",
			"from": [8, 14.5, 8.25],
			"to": [8.001, 16, 8.75],
			"faces": {
				"east": {"uv": [10, 9, 12.5, 16], "texture": "#texture"},
				"west": {"uv": [12.5, 9, 10, 16], "texture": "#texture"}
			}
		},
		{
			"name": "cube",
			"from": [8, 14.5, 7.25],
			"to": [8.001, 16, 7.75],
			"faces": {
				"east": {"uv": [12.5, 9, 10, 16], "texture": "#texture"},
				"west": {"uv": [10, 9, 12.5, 16], "texture": "#texture"}
			}
		},
		{
			"name": "cube",
			"from": [7.5, 16.375, 8],
			"to": [8.25, 16.875, 8.75],
			"rotation": {"angle": 45, "axis": "y", "origin": [7.5, 16.375, 8]},
			"faces": {
				"north": {"uv": [5.5, 1.5, 9, 4], "texture": "#texture"},
				"east": {"uv": [5.5, 1.5, 9, 4], "texture": "#texture"},
				"south": {"uv": [5.5, 1.5, 9, 4], "texture": "#texture"},
				"west": {"uv": [5.5, 1.5, 9, 4], "texture": "#texture"},
				"up": {"uv": [6, 5.5, 7, 6.5], "texture": "#texture"},
				"down": {"uv": [6.5, 5.5, 7.5, 6.5], "texture": "#texture"}
			}
		},
		{
			"name": "cube",
			"from": [7.625, 16.375, 7.625],
			"to": [8.375, 16.875, 8.375],
			"faces": {
				"north": {"uv": [5.5, 1.5, 9, 4], "texture": "#texture"},
				"east": {"uv": [5.5, 1.5, 9, 4], "texture": "#texture"},
				"south": {"uv": [5.5, 1.5, 9, 4], "texture": "#texture"},
				"west": {"uv": [5.5, 1.5, 9, 4], "texture": "#texture"},
				"up": {"uv": [6, 5.5, 7, 6.5], "texture": "#texture"},
				"down": {"uv": [6.5, 5.5, 7.5, 6.5], "texture": "#texture"}
			}
		},
		{
			"name": "cube",
			"from": [7.875, 20.75, 7.625],
			"to": [8.125, 21.75, 7.875],
			"faces": {
				"north": {"uv": [14.5, 0.5, 15, 3.5], "texture": "#texture"},
				"east": {"uv": [14.5, 0.5, 15, 3.5], "texture": "#texture"},
				"south": {"uv": [14.5, 0.5, 15, 3.5], "texture": "#texture"},
				"west": {"uv": [14.5, 0.5, 15, 3.5], "texture": "#texture"},
				"up": {"uv": [13.5, 4, 14.25, 4.75], "texture": "#texture"},
				"down": {"uv": [13.5, 4, 14.25, 4.75], "texture": "#texture"}
			}
		},
		{
			"name": "cube",
			"from": [8.625, 18.625, 7.875],
			"to": [8.875, 19.625, 8.125],
			"faces": {
				"north": {"uv": [14.5, 0.5, 15, 2.5], "texture": "#texture"},
				"east": {"uv": [14.5, 0.5, 15, 2.5], "texture": "#texture"},
				"south": {"uv": [14.5, 0.5, 15, 2.5], "texture": "#texture"},
				"west": {"uv": [14.5, 0.5, 15, 2.5], "texture": "#texture"},
				"up": {"uv": [13.5, 4, 14.25, 4.75], "texture": "#texture"},
				"down": {"uv": [13.5, 4, 14.25, 4.75], "texture": "#texture"}
			}
		},
		{
			"name": "cube",
			"from": [7.875, 20, 8.375],
			"to": [8.125, 20.75, 8.625],
			"faces": {
				"north": {"uv": [14.5, 0.5, 15, 2], "texture": "#texture"},
				"east": {"uv": [14.5, 0.5, 15, 2], "texture": "#texture"},
				"south": {"uv": [14.5, 0.5, 15, 2], "texture": "#texture"},
				"west": {"uv": [14.5, 0.5, 15, 2], "texture": "#texture"},
				"up": {"uv": [13.5, 4, 14.25, 4.75], "texture": "#texture"},
				"down": {"uv": [13.5, 4, 14.25, 4.75], "texture": "#texture"}
			}
		},
		{
			"name": "cube",
			"from": [7.375, 20, 7.875],
			"to": [7.625, 20.75, 8.125],
			"faces": {
				"north": {"uv": [14.5, 0.5, 15, 2], "texture": "#texture"},
				"east": {"uv": [14.5, 0.5, 15, 2], "texture": "#texture"},
				"south": {"uv": [14.5, 0.5, 15, 2], "texture": "#texture"},
				"west": {"uv": [14.5, 0.5, 15, 2], "texture": "#texture"},
				"up": {"uv": [13.5, 4, 14.25, 4.75], "texture": "#texture"},
				"down": {"uv": [13.5, 4, 14.25, 4.75], "texture": "#texture"}
			}
		},
		{
			"name": "cube",
			"from": [7.875, 20, 7.375],
			"to": [8.125, 20.75, 7.625],
			"faces": {
				"north": {"uv": [14.5, 0.5, 15, 2], "texture": "#texture"},
				"east": {"uv": [14.5, 0.5, 15, 2], "texture": "#texture"},
				"south": {"uv": [14.5, 0.5, 15, 2], "texture": "#texture"},
				"west": {"uv": [14.5, 0.5, 15, 2], "texture": "#texture"},
				"up": {"uv": [13.5, 4, 14.25, 4.75], "texture": "#texture"},
				"down": {"uv": [13.5, 4, 14.25, 4.75], "texture": "#texture"}
			}
		},
		{
			"name": "cube",
			"from": [7.875, 18.625, 7.125],
			"to": [8.125, 19.625, 7.375],
			"faces": {
				"north": {"uv": [14.5, 0.5, 15, 2.5], "texture": "#texture"},
				"east": {"uv": [14.5, 0.5, 15, 2.5], "texture": "#texture"},
				"south": {"uv": [14.5, 0.5, 15, 2.5], "texture": "#texture"},
				"west": {"uv": [14.5, 0.5, 15, 2.5], "texture": "#texture"},
				"up": {"uv": [13.5, 4, 14.25, 4.75], "texture": "#texture"},
				"down": {"uv": [13.5, 4, 14.25, 4.75], "texture": "#texture"}
			}
		},
		{
			"name": "cube",
			"from": [7.875, 18.625, 8.625],
			"to": [8.125, 19.625, 8.875],
			"faces": {
				"north": {"uv": [14.5, 0.5, 15, 2.5], "texture": "#texture"},
				"east": {"uv": [14.5, 0.5, 15, 2.5], "texture": "#texture"},
				"south": {"uv": [14.5, 0.5, 15, 2.5], "texture": "#texture"},
				"west": {"uv": [14.5, 0.5, 15, 2.5], "texture": "#texture"},
				"up": {"uv": [13.5, 4, 14.25, 4.75], "texture": "#texture"},
				"down": {"uv": [13.5, 4, 14.25, 4.75], "texture": "#texture"}
			}
		},
		{
			"name": "cube",
			"from": [7.125, 18.625, 7.875],
			"to": [7.375, 19.625, 8.125],
			"faces": {
				"north": {"uv": [14.5, 0.5, 15, 2.5], "texture": "#texture"},
				"east": {"uv": [14.5, 0.5, 15, 2.5], "texture": "#texture"},
				"south": {"uv": [14.5, 0.5, 15, 2.5], "texture": "#texture"},
				"west": {"uv": [14.5, 0.5, 15, 2.5], "texture": "#texture"},
				"up": {"uv": [13.5, 4, 14.25, 4.75], "texture": "#texture"},
				"down": {"uv": [13.5, 4, 14.25, 4.75], "texture": "#texture"}
			}
		},
		{
			"name": "cube",
			"from": [5, 12.25, 8],
			"to": [11, 26.875, 8.001],
			"rotation": {"angle": -45, "axis": "y", "origin": [8, 8, 8]},
			"faces": {
				"north": {"uv": [0, 0, 16, 16], "texture": "#glow"},
				"south": {"uv": [16, 0, 0, 16], "texture": "#glow"}
			}
		},
		{
			"name": "cube",
			"from": [5, 12.25, 8],
			"to": [11, 26.875, 8.001],
			"rotation": {"angle": 22.5, "axis": "y", "origin": [8, 8, 8]},
			"faces": {
				"north": {"uv": [0, 0, 16, 16], "texture": "#glow"},
				"south": {"uv": [16, 0, 0, 16], "texture": "#glow"}
			}
		},
		{
			"name": "cube",
			"from": [8, 12.25, 5],
			"to": [8.001, 26.875, 11],
			"faces": {
				"east": {"uv": [16, 0, 0, 16], "texture": "#glow"},
				"west": {"uv": [0, 0, 16, 16], "texture": "#glow"}
			}
		}
	],
	"display": {
		"thirdperson_righthand": {
			"translation": [0, -2.086, 1],
			"scale": [2, 2, 2]
		},
		"thirdperson_lefthand": {
			"translation": [0, -2.086, 1],
			"scale": [2, 2, 2]
		},
		"firstperson_righthand": {
			"rotation": [0, -99, -14],
			"translation": [1, 1.163, 0.56]
		},
		"firstperson_lefthand": {
			"rotation": [0, -99, -14],
			"translation": [1, 1.163, 0.56]
		},
		"gui": {
			"rotation": [-108, -45, -90],
			"translation": [-0.695, -0.695, 0],
			"scale": [0.8, 0.8, 0.8]
		},
		"head": {
			"rotation": [-90, -45, -90],
			"translation": [-1.018, -15.88, 4],
			"scale": [2.7, 2.7, 2.7]
		},
		"ground": {
			"rotation": [90, 0, 0],
			"translation": [0, -3, 0],
			"scale": [1.2, 1.2, 1.2]
		},
		"fixed": {
			"translation": [0, 0, -1.391],
			"scale": [1.3, 1.3, 1.3],
			"rotation": [0, 0, 45]
		}
	}
}