{
	"credit": "Made with Blockbench",
	"textures": {
		"3": "block/white_concrete_powder",
		"4": "block/birch_trapdoor",
		"5": "block/green_terracotta",
		"6": "block/polished_diorite",
		"7": "block/stripped_oak_log",
		"particle": "block/green_terracotta"
	},
	"elements": [
		{
			"name": "metal thingys",
			"from": [6.5, 6.2, 3.7],
			"to": [9.9, 6.4, 4],
			"faces": {
				"north": {"uv": [5, 4.5, 6.2, 8.9], "rotation": 270, "texture": "#6"},
				"east": {"uv": [5, 4.5, 6.2, 5.8], "rotation": 90, "texture": "#6"},
				"south": {"uv": [5, 4.5, 6.2, 8.9], "rotation": 90, "texture": "#6"},
				"west": {"uv": [5, 4.5, 6.2, 5.8], "rotation": 90, "texture": "#6"},
				"up": {"uv": [5, 4.5, 6.3, 8.9], "rotation": 90, "texture": "#6"},
				"down": {"uv": [5, 4.5, 6.3, 8.9], "rotation": 90, "texture": "#6"}
			}
		},
		{
			"name": "metal thingys",
			"from": [6.5, 1.4, 3.7],
			"to": [9.9, 1.6, 4],
			"faces": {
				"north": {"uv": [5, 4.5, 6.2, 8.9], "rotation": 270, "texture": "#6"},
				"east": {"uv": [5, 4.5, 6.2, 5.8], "rotation": 90, "texture": "#6"},
				"south": {"uv": [5, 4.5, 6.2, 8.9], "rotation": 90, "texture": "#6"},
				"west": {"uv": [5, 4.5, 6.2, 5.8], "rotation": 90, "texture": "#6"},
				"up": {"uv": [5, 4.5, 6.3, 8.9], "rotation": 90, "texture": "#6"},
				"down": {"uv": [5, 4.5, 6.3, 8.9], "rotation": 90, "texture": "#6"}
			}
		},
		{
			"name": "metal thingys",
			"from": [6.5, 5, 3.7],
			"to": [9.9, 5.2, 4],
			"faces": {
				"north": {"uv": [5, 4.5, 6.2, 8.9], "rotation": 270, "texture": "#6"},
				"east": {"uv": [5, 4.5, 6.2, 5.8], "rotation": 90, "texture": "#6"},
				"south": {"uv": [5, 4.5, 6.2, 8.9], "rotation": 90, "texture": "#6"},
				"west": {"uv": [5, 4.5, 6.2, 5.8], "rotation": 90, "texture": "#6"},
				"up": {"uv": [5, 4.5, 6.3, 8.9], "rotation": 90, "texture": "#6"},
				"down": {"uv": [5, 4.5, 6.3, 8.9], "rotation": 90, "texture": "#6"}
			}
		},
		{
			"name": "metal thingys",
			"from": [6.5, 2.6, 3.7],
			"to": [9.9, 2.8, 4],
			"faces": {
				"north": {"uv": [5, 4.5, 6.2, 8.9], "rotation": 270, "texture": "#6"},
				"east": {"uv": [5, 4.5, 6.2, 5.8], "rotation": 90, "texture": "#6"},
				"south": {"uv": [5, 4.5, 6.2, 8.9], "rotation": 90, "texture": "#6"},
				"west": {"uv": [5, 4.5, 6.2, 5.8], "rotation": 90, "texture": "#6"},
				"up": {"uv": [5, 4.5, 6.3, 8.9], "rotation": 90, "texture": "#6"},
				"down": {"uv": [5, 4.5, 6.3, 8.9], "rotation": 90, "texture": "#6"}
			}
		},
		{
			"name": "metal thingys",
			"from": [6.5, 3.8, 3.7],
			"to": [9.9, 4, 4],
			"faces": {
				"north": {"uv": [5, 4.5, 6.2, 8.9], "rotation": 270, "texture": "#6"},
				"east": {"uv": [5, 4.5, 6.2, 5.8], "rotation": 90, "texture": "#6"},
				"south": {"uv": [5, 4.5, 6.2, 8.9], "rotation": 90, "texture": "#6"},
				"west": {"uv": [5, 4.5, 6.2, 5.8], "rotation": 90, "texture": "#6"},
				"up": {"uv": [5, 4.5, 6.3, 8.9], "rotation": 90, "texture": "#6"},
				"down": {"uv": [5, 4.5, 6.3, 8.9], "rotation": 90, "texture": "#6"}
			}
		},
		{
			"name": "metal thingys",
			"from": [6.5, 1.4, 9.7],
			"to": [9.9, 1.6, 10],
			"faces": {
				"north": {"uv": [5, 4.5, 6.2, 8.9], "rotation": 270, "texture": "#3"},
				"east": {"uv": [5, 4.5, 6.2, 5.8], "rotation": 90, "texture": "#3"},
				"south": {"uv": [5, 4.5, 6.2, 8.9], "rotation": 90, "texture": "#3"},
				"west": {"uv": [5, 4.5, 6.2, 5.8], "rotation": 90, "texture": "#3"},
				"up": {"uv": [5, 4.5, 6.3, 8.9], "rotation": 90, "texture": "#3"},
				"down": {"uv": [5, 4.5, 6.3, 8.9], "rotation": 90, "texture": "#3"}
			}
		},
		{
			"name": "metal thingys",
			"from": [6.5, 0.8, 9.4],
			"to": [9.9, 1, 9.6],
			"faces": {
				"north": {"uv": [5, 4.5, 6.2, 8.9], "rotation": 270, "texture": "#6"},
				"east": {"uv": [5, 4.5, 6.2, 5.7], "rotation": 90, "texture": "#6"},
				"south": {"uv": [5, 4.5, 6.2, 8.9], "rotation": 90, "texture": "#6"},
				"west": {"uv": [5, 4.5, 6.2, 5.7], "rotation": 90, "texture": "#6"},
				"up": {"uv": [5, 4.5, 6.2, 8.9], "rotation": 90, "texture": "#6"},
				"down": {"uv": [5, 4.5, 6.2, 8.9], "rotation": 90, "texture": "#6"}
			}
		},
		{
			"name": "metal thingys",
			"from": [6.5, 0.8, 8.1],
			"to": [9.9, 1, 8.3],
			"faces": {
				"north": {"uv": [5, 4.5, 6.2, 8.9], "rotation": 270, "texture": "#6"},
				"east": {"uv": [5, 4.5, 6.2, 5.7], "rotation": 90, "texture": "#6"},
				"south": {"uv": [5, 4.5, 6.2, 8.9], "rotation": 90, "texture": "#6"},
				"west": {"uv": [5, 4.5, 6.2, 5.7], "rotation": 90, "texture": "#6"},
				"up": {"uv": [5, 4.5, 6.2, 8.9], "rotation": 90, "texture": "#6"},
				"down": {"uv": [5, 4.5, 6.2, 8.9], "rotation": 90, "texture": "#6"}
			}
		},
		{
			"name": "metal thingys",
			"from": [6.5, 0.8, 6.8],
			"to": [9.9, 1, 7],
			"faces": {
				"north": {"uv": [5, 4.5, 6.2, 8.9], "rotation": 270, "texture": "#6"},
				"east": {"uv": [5, 4.5, 6.2, 5.7], "rotation": 90, "texture": "#6"},
				"south": {"uv": [5, 4.5, 6.2, 8.9], "rotation": 90, "texture": "#6"},
				"west": {"uv": [5, 4.5, 6.2, 5.7], "rotation": 90, "texture": "#6"},
				"up": {"uv": [5, 4.5, 6.2, 8.9], "rotation": 90, "texture": "#6"},
				"down": {"uv": [5, 4.5, 6.2, 8.9], "rotation": 90, "texture": "#6"}
			}
		},
		{
			"name": "metal thingys",
			"from": [6.5, 0.8, 5.6],
			"to": [9.9, 1, 5.8],
			"faces": {
				"north": {"uv": [5, 4.5, 6.2, 8.9], "rotation": 270, "texture": "#6"},
				"east": {"uv": [5, 4.5, 6.2, 5.7], "rotation": 90, "texture": "#6"},
				"south": {"uv": [5, 4.5, 6.2, 8.9], "rotation": 90, "texture": "#6"},
				"west": {"uv": [5, 4.5, 6.2, 5.7], "rotation": 90, "texture": "#6"},
				"up": {"uv": [5, 4.5, 6.2, 8.9], "rotation": 90, "texture": "#6"},
				"down": {"uv": [5, 4.5, 6.2, 8.9], "rotation": 90, "texture": "#6"}
			}
		},
		{
			"name": "metal thingys",
			"from": [6.5, 0.8, 4.2],
			"to": [9.9, 1, 4.4],
			"faces": {
				"north": {"uv": [5, 4.5, 6.2, 8.9], "rotation": 270, "texture": "#6"},
				"east": {"uv": [5, 4.5, 6.2, 5.7], "rotation": 90, "texture": "#6"},
				"south": {"uv": [5, 4.5, 6.2, 8.9], "rotation": 90, "texture": "#6"},
				"west": {"uv": [5, 4.5, 6.2, 5.7], "rotation": 90, "texture": "#6"},
				"up": {"uv": [5, 4.5, 6.2, 8.9], "rotation": 90, "texture": "#6"},
				"down": {"uv": [5, 4.5, 6.2, 8.9], "rotation": 90, "texture": "#6"}
			}
		},
		{
			"name": "metal thingys",
			"from": [6.5, 6.8, 8.1],
			"to": [9.9, 7, 8.3],
			"faces": {
				"north": {"uv": [5, 4.5, 6.2, 8.9], "rotation": 270, "texture": "#6"},
				"east": {"uv": [5, 4.5, 6.2, 5.7], "rotation": 90, "texture": "#6"},
				"south": {"uv": [5, 4.5, 6.2, 8.9], "rotation": 90, "texture": "#6"},
				"west": {"uv": [5, 4.5, 6.2, 5.7], "rotation": 90, "texture": "#6"},
				"up": {"uv": [5, 4.5, 6.2, 8.9], "rotation": 90, "texture": "#6"},
				"down": {"uv": [5, 4.5, 6.2, 8.9], "rotation": 90, "texture": "#6"}
			}
		},
		{
			"name": "metal thingys",
			"from": [6.5, 6.8, 9.4],
			"to": [9.9, 7, 9.6],
			"faces": {
				"north": {"uv": [5, 4.5, 6.2, 8.9], "rotation": 270, "texture": "#6"},
				"east": {"uv": [5, 4.5, 6.2, 5.7], "rotation": 90, "texture": "#6"},
				"south": {"uv": [5, 4.5, 6.2, 8.9], "rotation": 90, "texture": "#6"},
				"west": {"uv": [5, 4.5, 6.2, 5.7], "rotation": 90, "texture": "#6"},
				"up": {"uv": [5, 4.5, 6.2, 8.9], "rotation": 90, "texture": "#6"},
				"down": {"uv": [5, 4.5, 6.2, 8.9], "rotation": 90, "texture": "#6"}
			}
		},
		{
			"name": "metal thingys",
			"from": [6.5, 6.8, 6.8],
			"to": [9.9, 7, 7],
			"faces": {
				"north": {"uv": [5, 4.5, 6.2, 8.9], "rotation": 270, "texture": "#6"},
				"east": {"uv": [5, 4.5, 6.2, 5.7], "rotation": 90, "texture": "#6"},
				"south": {"uv": [5, 4.5, 6.2, 8.9], "rotation": 90, "texture": "#6"},
				"west": {"uv": [5, 4.5, 6.2, 5.7], "rotation": 90, "texture": "#6"},
				"up": {"uv": [5, 4.5, 6.2, 8.9], "rotation": 90, "texture": "#6"},
				"down": {"uv": [5, 4.5, 6.2, 8.9], "rotation": 90, "texture": "#6"}
			}
		},
		{
			"name": "metal thingys",
			"from": [6.5, 6.8, 5.6],
			"to": [9.9, 7, 5.8],
			"faces": {
				"north": {"uv": [5, 4.5, 6.2, 8.9], "rotation": 270, "texture": "#6"},
				"east": {"uv": [5, 4.5, 6.2, 5.7], "rotation": 90, "texture": "#6"},
				"south": {"uv": [5, 4.5, 6.2, 8.9], "rotation": 90, "texture": "#6"},
				"west": {"uv": [5, 4.5, 6.2, 5.7], "rotation": 90, "texture": "#6"},
				"up": {"uv": [5, 4.5, 6.2, 8.9], "rotation": 90, "texture": "#6"},
				"down": {"uv": [5, 4.5, 6.2, 8.9], "rotation": 90, "texture": "#6"}
			}
		},
		{
			"name": "metal thingys",
			"from": [6.5, 6.8, 4.2],
			"to": [9.9, 7, 4.4],
			"faces": {
				"north": {"uv": [5, 4.5, 6.2, 8.9], "rotation": 270, "texture": "#6"},
				"east": {"uv": [5, 4.5, 6.2, 5.7], "rotation": 90, "texture": "#6"},
				"south": {"uv": [5, 4.5, 6.2, 8.9], "rotation": 90, "texture": "#6"},
				"west": {"uv": [5, 4.5, 6.2, 5.7], "rotation": 90, "texture": "#6"},
				"up": {"uv": [5, 4.5, 6.2, 8.9], "rotation": 90, "texture": "#6"},
				"down": {"uv": [5, 4.5, 6.2, 8.9], "rotation": 90, "texture": "#6"}
			}
		},
		{
			"name": "metal thingys",
			"from": [6.5, 2.6, 9.7],
			"to": [9.9, 2.8, 10],
			"faces": {
				"north": {"uv": [5, 4.5, 6.2, 8.9], "rotation": 270, "texture": "#6"},
				"east": {"uv": [5, 4.5, 6.2, 5.8], "rotation": 90, "texture": "#6"},
				"south": {"uv": [5, 4.5, 6.2, 8.9], "rotation": 90, "texture": "#6"},
				"west": {"uv": [5, 4.5, 6.2, 5.8], "rotation": 90, "texture": "#6"},
				"up": {"uv": [5, 4.5, 6.3, 8.9], "rotation": 90, "texture": "#6"},
				"down": {"uv": [5, 4.5, 6.3, 8.9], "rotation": 90, "texture": "#6"}
			}
		},
		{
			"name": "metal thingys",
			"from": [6.5, 3.8, 9.7],
			"to": [9.9, 4, 10],
			"faces": {
				"north": {"uv": [5, 4.5, 6.2, 8.9], "rotation": 270, "texture": "#6"},
				"east": {"uv": [5, 4.5, 6.2, 5.8], "rotation": 90, "texture": "#6"},
				"south": {"uv": [5, 4.5, 6.2, 8.9], "rotation": 90, "texture": "#6"},
				"west": {"uv": [5, 4.5, 6.2, 5.8], "rotation": 90, "texture": "#6"},
				"up": {"uv": [5, 4.5, 6.3, 8.9], "rotation": 90, "texture": "#6"},
				"down": {"uv": [5, 4.5, 6.3, 8.9], "rotation": 90, "texture": "#6"}
			}
		},
		{
			"name": "metal thingys",
			"from": [6.5, 5, 9.7],
			"to": [9.9, 5.2, 10],
			"faces": {
				"north": {"uv": [5, 4.5, 6.2, 8.9], "rotation": 270, "texture": "#6"},
				"east": {"uv": [5, 4.5, 6.2, 5.8], "rotation": 90, "texture": "#6"},
				"south": {"uv": [5, 4.5, 6.2, 8.9], "rotation": 90, "texture": "#6"},
				"west": {"uv": [5, 4.5, 6.2, 5.8], "rotation": 90, "texture": "#6"},
				"up": {"uv": [5, 4.5, 6.3, 8.9], "rotation": 90, "texture": "#6"},
				"down": {"uv": [5, 4.5, 6.3, 8.9], "rotation": 90, "texture": "#6"}
			}
		},
		{
			"name": "metal thingys",
			"from": [6.5, 6.2, 9.7],
			"to": [9.9, 6.4, 10],
			"faces": {
				"north": {"uv": [5, 4.5, 6.2, 8.9], "rotation": 270, "texture": "#6"},
				"east": {"uv": [5, 4.5, 6.2, 5.8], "rotation": 90, "texture": "#6"},
				"south": {"uv": [5, 4.5, 6.2, 8.9], "rotation": 90, "texture": "#6"},
				"west": {"uv": [5, 4.5, 6.2, 5.8], "rotation": 90, "texture": "#6"},
				"up": {"uv": [5, 4.5, 6.3, 8.9], "rotation": 90, "texture": "#6"},
				"down": {"uv": [5, 4.5, 6.3, 8.9], "rotation": 90, "texture": "#6"}
			}
		},
		{
			"name": "rims",
			"from": [9.9, 1, 9.7],
			"to": [10.5, 6.8, 10.1],
			"faces": {
				"north": {"uv": [9, 1, 15.8, 3.1], "rotation": 270, "texture": "#6"},
				"east": {"uv": [9, 1, 15.8, 2.9], "rotation": 90, "texture": "#6"},
				"south": {"uv": [9, 1, 15.8, 3.1], "rotation": 90, "texture": "#6"},
				"west": {"uv": [9, 1, 15.8, 2.9], "rotation": 90, "texture": "#6"},
				"up": {"uv": [9, 1, 10.4, 3.1], "rotation": 90, "texture": "#6"},
				"down": {"uv": [9, 1, 10.4, 3.1], "rotation": 90, "texture": "#6"}
			}
		},
		{
			"name": "rims",
			"from": [9.9, 0.8, 9.7],
			"to": [10.5, 1, 9.9],
			"faces": {
				"north": {"uv": [9, 1, 10.2, 3.1], "rotation": 270, "texture": "#6"},
				"east": {"uv": [9, 1, 10.2, 2.7], "rotation": 90, "texture": "#6"},
				"south": {"uv": [9, 1, 10.2, 3.1], "rotation": 90, "texture": "#6"},
				"west": {"uv": [9, 1, 10.2, 2.7], "rotation": 90, "texture": "#6"},
				"up": {"uv": [9, 1, 10.2, 3.1], "rotation": 90, "texture": "#6"},
				"down": {"uv": [9, 1, 10.2, 3.1], "rotation": 90, "texture": "#6"}
			}
		},
		{
			"name": "rims",
			"from": [9.9, 6.8, 9.7],
			"to": [10.5, 7, 9.9],
			"faces": {
				"north": {"uv": [9, 1, 10.2, 3.1], "rotation": 270, "texture": "#6"},
				"east": {"uv": [9, 1, 10.2, 2.7], "rotation": 90, "texture": "#6"},
				"south": {"uv": [9, 1, 10.2, 3.1], "rotation": 90, "texture": "#6"},
				"west": {"uv": [9, 1, 10.2, 2.7], "rotation": 90, "texture": "#6"},
				"up": {"uv": [9, 1, 10.2, 3.1], "rotation": 90, "texture": "#6"},
				"down": {"uv": [9, 1, 10.2, 3.1], "rotation": 90, "texture": "#6"}
			}
		},
		{
			"name": "rims",
			"from": [9.9, 0.8, 3.8],
			"to": [10.5, 1, 4],
			"faces": {
				"north": {"uv": [9, 1, 10.2, 3.1], "rotation": 270, "texture": "#6"},
				"east": {"uv": [9, 1, 10.2, 2.7], "rotation": 90, "texture": "#6"},
				"south": {"uv": [9, 1, 10.2, 3.1], "rotation": 90, "texture": "#6"},
				"west": {"uv": [9, 1, 10.2, 2.7], "rotation": 90, "texture": "#6"},
				"up": {"uv": [9, 1, 10.2, 3.1], "rotation": 90, "texture": "#6"},
				"down": {"uv": [9, 1, 10.2, 3.1], "rotation": 90, "texture": "#6"}
			}
		},
		{
			"name": "rims",
			"from": [5.9, 1, 3.6],
			"to": [6.5, 6.8, 4],
			"faces": {
				"north": {"uv": [9, 1, 15.8, 3.1], "rotation": 270, "texture": "#6"},
				"east": {"uv": [9, 1, 15.8, 2.9], "rotation": 90, "texture": "#6"},
				"south": {"uv": [9, 1, 15.8, 3.1], "rotation": 90, "texture": "#6"},
				"west": {"uv": [9, 1, 15.8, 2.9], "rotation": 90, "texture": "#6"},
				"up": {"uv": [9, 1, 10.4, 3.1], "rotation": 90, "texture": "#6"},
				"down": {"uv": [9, 1, 10.4, 3.1], "rotation": 90, "texture": "#6"}
			}
		},
		{
			"name": "rims",
			"from": [5.9, 0.8, 3.8],
			"to": [6.5, 1, 4],
			"faces": {
				"north": {"uv": [9, 1, 10.2, 3.1], "rotation": 270, "texture": "#6"},
				"east": {"uv": [9, 1, 10.2, 2.7], "rotation": 90, "texture": "#6"},
				"south": {"uv": [9, 1, 10.2, 3.1], "rotation": 90, "texture": "#6"},
				"west": {"uv": [9, 1, 10.2, 2.7], "rotation": 90, "texture": "#6"},
				"up": {"uv": [9, 1, 10.2, 3.1], "rotation": 90, "texture": "#6"},
				"down": {"uv": [9, 1, 10.2, 3.1], "rotation": 90, "texture": "#6"}
			}
		},
		{
			"name": "rims",
			"from": [5.9, 0.6, 4],
			"to": [6.5, 1, 9.7],
			"faces": {
				"north": {"uv": [9, 1, 10.4, 3.1], "rotation": 270, "texture": "#6"},
				"east": {"uv": [9, 1, 10.4, 8.2], "rotation": 90, "texture": "#6"},
				"south": {"uv": [9, 1, 10.4, 3.1], "rotation": 90, "texture": "#6"},
				"west": {"uv": [9, 1, 10.4, 8.2], "rotation": 90, "texture": "#6"},
				"up": {"uv": [9, 1, 15.7, 3.1], "rotation": 90, "texture": "#6"},
				"down": {"uv": [9, 1, 15.7, 3.1], "rotation": 90, "texture": "#6"}
			}
		},
		{
			"name": "rims",
			"from": [5.9, 1, 9.7],
			"to": [6.5, 6.8, 10.1],
			"faces": {
				"north": {"uv": [9, 1, 15.8, 3.1], "rotation": 270, "texture": "#6"},
				"east": {"uv": [9, 1, 15.8, 2.9], "rotation": 90, "texture": "#6"},
				"south": {"uv": [9, 1, 15.8, 3.1], "rotation": 90, "texture": "#6"},
				"west": {"uv": [9, 1, 15.8, 2.9], "rotation": 90, "texture": "#6"},
				"up": {"uv": [9, 1, 10.4, 3.1], "rotation": 90, "texture": "#6"},
				"down": {"uv": [9, 1, 10.4, 3.1], "rotation": 90, "texture": "#6"}
			}
		},
		{
			"name": "rims",
			"from": [5.9, 0.8, 9.7],
			"to": [6.5, 1, 9.9],
			"faces": {
				"north": {"uv": [9, 1, 10.2, 3.1], "rotation": 270, "texture": "#6"},
				"east": {"uv": [9, 1, 10.2, 2.7], "rotation": 90, "texture": "#6"},
				"south": {"uv": [9, 1, 10.2, 3.1], "rotation": 90, "texture": "#6"},
				"west": {"uv": [9, 1, 10.2, 2.7], "rotation": 90, "texture": "#6"},
				"up": {"uv": [9, 1, 10.2, 3.1], "rotation": 90, "texture": "#6"},
				"down": {"uv": [9, 1, 10.2, 3.1], "rotation": 90, "texture": "#6"}
			}
		},
		{
			"name": "rims",
			"from": [5.9, 6.8, 9.7],
			"to": [6.5, 7, 9.9],
			"faces": {
				"north": {"uv": [9, 1, 10.2, 3.1], "rotation": 270, "texture": "#6"},
				"east": {"uv": [9, 1, 10.2, 2.7], "rotation": 90, "texture": "#6"},
				"south": {"uv": [9, 1, 10.2, 3.1], "rotation": 90, "texture": "#6"},
				"west": {"uv": [9, 1, 10.2, 2.7], "rotation": 90, "texture": "#6"},
				"up": {"uv": [9, 1, 10.2, 3.1], "rotation": 90, "texture": "#6"},
				"down": {"uv": [9, 1, 10.2, 3.1], "rotation": 90, "texture": "#6"}
			}
		},
		{
			"name": "rims",
			"from": [5.9, 6.8, 4],
			"to": [6.5, 7.2, 9.7],
			"faces": {
				"north": {"uv": [9, 1, 10.4, 3.1], "rotation": 270, "texture": "#6"},
				"east": {"uv": [9, 1, 10.4, 8.2], "rotation": 90, "texture": "#6"},
				"south": {"uv": [9, 1, 10.4, 3.1], "rotation": 90, "texture": "#6"},
				"west": {"uv": [9, 1, 10.4, 8.2], "rotation": 90, "texture": "#6"},
				"up": {"uv": [9, 1, 15.7, 3.1], "rotation": 90, "texture": "#6"},
				"down": {"uv": [9, 1, 15.7, 3.1], "rotation": 90, "texture": "#6"}
			}
		},
		{
			"name": "rims",
			"from": [5.9, 6.8, 3.8],
			"to": [6.5, 7, 4],
			"faces": {
				"north": {"uv": [9, 1, 10.2, 3.1], "rotation": 270, "texture": "#6"},
				"east": {"uv": [9, 1, 10.2, 2.7], "rotation": 90, "texture": "#6"},
				"south": {"uv": [9, 1, 10.2, 3.1], "rotation": 90, "texture": "#6"},
				"west": {"uv": [9, 1, 10.2, 2.7], "rotation": 90, "texture": "#6"},
				"up": {"uv": [9, 1, 10.2, 3.1], "rotation": 90, "texture": "#6"},
				"down": {"uv": [9, 1, 10.2, 3.1], "rotation": 90, "texture": "#6"}
			}
		},
		{
			"name": "rims",
			"from": [9.9, 6.8, 4],
			"to": [10.5, 7.2, 9.7],
			"faces": {
				"north": {"uv": [9, 1, 10.4, 3.1], "rotation": 270, "texture": "#6"},
				"east": {"uv": [9, 1, 10.4, 8.2], "rotation": 90, "texture": "#6"},
				"south": {"uv": [9, 1, 10.4, 3.1], "rotation": 90, "texture": "#6"},
				"west": {"uv": [9, 1, 10.4, 8.2], "rotation": 90, "texture": "#6"},
				"up": {"uv": [9, 1, 15.7, 3.1], "rotation": 90, "texture": "#6"},
				"down": {"uv": [9, 1, 15.7, 3.1], "rotation": 90, "texture": "#6"}
			}
		},
		{
			"name": "rims",
			"from": [12.2, 2.8, 4],
			"to": [12.8, 3.2, 9.7],
			"rotation": {"angle": -22.5, "axis": "x", "origin": [0, 0, 0]},
			"faces": {
				"north": {"uv": [6, 3, 7.4, 5.1], "rotation": 270, "texture": "#7"},
				"east": {"uv": [6, 3, 7.4, 10.2], "rotation": 90, "texture": "#7"},
				"south": {"uv": [6, 3, 7.4, 5.1], "rotation": 90, "texture": "#7"},
				"west": {"uv": [6, 3, 7.4, 10.2], "rotation": 90, "texture": "#7"},
				"up": {"uv": [6, 3, 12.7, 5.1], "rotation": 90, "texture": "#7"},
				"down": {"uv": [6, 3, 12.7, 5.1], "rotation": 90, "texture": "#7"}
			}
		},
		{
			"name": "rims",
			"from": [3.3, 2.8, 4],
			"to": [3.9, 3.2, 9.7],
			"rotation": {"angle": -22.5, "axis": "x", "origin": [0, 0, 0]},
			"faces": {
				"north": {"uv": [6, 3, 7.4, 5.1], "rotation": 270, "texture": "#7"},
				"east": {"uv": [6, 3, 7.4, 10.2], "rotation": 90, "texture": "#7"},
				"south": {"uv": [6, 3, 7.4, 5.1], "rotation": 90, "texture": "#7"},
				"west": {"uv": [6, 3, 7.4, 10.2], "rotation": 90, "texture": "#7"},
				"up": {"uv": [6, 3, 12.7, 5.1], "rotation": 90, "texture": "#7"},
				"down": {"uv": [6, 3, 12.7, 5.1], "rotation": 90, "texture": "#7"}
			}
		},
		{
			"name": "rims",
			"from": [9.9, 6.8, 3.8],
			"to": [10.5, 7, 4],
			"faces": {
				"north": {"uv": [9, 1, 10.2, 3.1], "rotation": 270, "texture": "#6"},
				"east": {"uv": [9, 1, 10.2, 2.7], "rotation": 90, "texture": "#6"},
				"south": {"uv": [9, 1, 10.2, 3.1], "rotation": 90, "texture": "#6"},
				"west": {"uv": [9, 1, 10.2, 2.7], "rotation": 90, "texture": "#6"},
				"up": {"uv": [9, 1, 10.2, 3.1], "rotation": 90, "texture": "#6"},
				"down": {"uv": [9, 1, 10.2, 3.1], "rotation": 90, "texture": "#6"}
			}
		},
		{
			"name": "rims",
			"from": [9.9, 1, 3.6],
			"to": [10.5, 6.8, 4],
			"faces": {
				"north": {"uv": [9, 1, 15.8, 3.1], "rotation": 270, "texture": "#6"},
				"east": {"uv": [9, 1, 15.8, 2.9], "rotation": 90, "texture": "#6"},
				"south": {"uv": [9, 1, 15.8, 3.1], "rotation": 90, "texture": "#6"},
				"west": {"uv": [9, 1, 15.8, 2.9], "rotation": 90, "texture": "#6"},
				"up": {"uv": [9, 1, 10.4, 3.1], "rotation": 90, "texture": "#6"},
				"down": {"uv": [9, 1, 10.4, 3.1], "rotation": 90, "texture": "#6"}
			}
		},
		{
			"name": "rims",
			"from": [9.9, 0.6, 4],
			"to": [10.5, 1, 9.7],
			"faces": {
				"north": {"uv": [9, 1, 10.4, 3.1], "rotation": 270, "texture": "#6"},
				"east": {"uv": [9, 1, 10.4, 8.2], "rotation": 90, "texture": "#6"},
				"south": {"uv": [9, 1, 10.4, 3.1], "rotation": 90, "texture": "#6"},
				"west": {"uv": [9, 1, 10.4, 8.2], "rotation": 90, "texture": "#6"},
				"up": {"uv": [9, 1, 15.7, 3.1], "rotation": 90, "texture": "#6"},
				"down": {"uv": [9, 1, 15.7, 3.1], "rotation": 90, "texture": "#6"}
			}
		},
		{
			"name": "straps",
			"from": [10.5, 9, -6],
			"to": [10.5, 9.4, -0.3],
			"rotation": {"angle": 45, "axis": "x", "origin": [0, 0, 0]},
			"faces": {
				"north": {"uv": [2.5, 3, 4.9, 6.1], "rotation": 270, "texture": "#4"},
				"east": {"uv": [2.5, 3, 4.9, 11.2], "rotation": 90, "texture": "#4"},
				"south": {"uv": [2.5, 3, 4.9, 6.1], "rotation": 90, "texture": "#4"},
				"west": {"uv": [2.5, 3, 4.9, 11.2], "rotation": 90, "texture": "#4"},
				"up": {"uv": [2.5, 3, 10.2, 6.1], "rotation": 90, "texture": "#4"},
				"down": {"uv": [2.5, 3, 10.2, 6.1], "rotation": 90, "texture": "#4"}
			}
		},
		{
			"name": "straps",
			"from": [6, 9, -6],
			"to": [6, 9.4, -0.3],
			"rotation": {"angle": 45, "axis": "x", "origin": [0, 0, 0]},
			"faces": {
				"north": {"uv": [2.5, 3, 4.9, 6.1], "rotation": 270, "texture": "#4"},
				"east": {"uv": [2.5, 3, 4.9, 11.2], "rotation": 90, "texture": "#4"},
				"south": {"uv": [2.5, 3, 4.9, 6.1], "rotation": 90, "texture": "#4"},
				"west": {"uv": [2.5, 3, 4.9, 11.2], "rotation": 90, "texture": "#4"},
				"up": {"uv": [2.5, 3, 10.2, 6.1], "rotation": 90, "texture": "#4"},
				"down": {"uv": [2.5, 3, 10.2, 6.1], "rotation": 90, "texture": "#4"}
			}
		},
		{
			"name": "skin",
			"from": [10.1, 1, 4],
			"to": [10.3, 6.8, 9.7],
			"faces": {
				"north": {"uv": [1.25, 1.75, 13, 8.45], "rotation": 270, "texture": "#3"},
				"east": {"uv": [1.25, 1.75, 13, 13.25], "rotation": 90, "texture": "#3"},
				"south": {"uv": [1.25, 1.75, 13, 8.45], "rotation": 90, "texture": "#3"},
				"west": {"uv": [1.25, 1.75, 13, 13.25], "rotation": 90, "texture": "#3"},
				"up": {"uv": [1.25, 1.75, 13, 8.45], "rotation": 90, "texture": "#3"},
				"down": {"uv": [1.25, 1.75, 13, 8.45], "rotation": 90, "texture": "#3"}
			}
		},
		{
			"name": "skin",
			"from": [6, 0.9, 4.1],
			"to": [6.1, 6.9, 9.7],
			"faces": {
				"north": {"uv": [1.25, 1.75, 13, 8.35], "rotation": 270, "texture": "#3"},
				"east": {"uv": [1.25, 1.75, 13, 13.25], "rotation": 90, "texture": "#3"},
				"south": {"uv": [1.25, 1.75, 13, 8.35], "rotation": 90, "texture": "#3"},
				"west": {"uv": [1.25, 1.75, 13, 13.25], "rotation": 90, "texture": "#3"},
				"up": {"uv": [1.25, 1.75, 13, 8.35], "rotation": 90, "texture": "#3"},
				"down": {"uv": [1.25, 1.75, 13, 8.35], "rotation": 90, "texture": "#3"}
			}
		},
		{
			"name": "hollow",
			"from": [6.3, 1, 4],
			"to": [10.1, 6.8, 9.8],
			"faces": {
				"north": {"uv": [1, 2, 10.3, 9.8], "rotation": 270, "texture": "#5"},
				"east": {"uv": [1, 2, 10.3, 11.8], "rotation": 90, "texture": "#5"},
				"south": {"uv": [1, 2, 10.3, 9.8], "rotation": 90, "texture": "#5"},
				"west": {"uv": [1, 2, 10.3, 11.8], "rotation": 90, "texture": "#5"},
				"up": {"uv": [1, 2, 10.3, 9.8], "rotation": 90, "texture": "#5"},
				"down": {"uv": [1, 2, 10.3, 9.8], "rotation": 90, "texture": "#5"}
			}
		},
		{
			"name": "hollow",
			"from": [6.1, 0.9, 4.1],
			"to": [10.1, 6.9, 9.7],
			"faces": {
				"north": {"uv": [1, 2, 10.5, 10], "rotation": 270, "texture": "#5"},
				"east": {"uv": [1, 2, 10.5, 11.6], "rotation": 90, "texture": "#5"},
				"south": {"uv": [1, 2, 10.5, 10], "rotation": 90, "texture": "#5"},
				"west": {"uv": [1, 2, 10.5, 11.6], "rotation": 90, "texture": "#5"},
				"up": {"uv": [1, 2, 10.1, 10], "rotation": 90, "texture": "#5"},
				"down": {"uv": [1, 2, 10.1, 10], "rotation": 90, "texture": "#5"}
			}
		},
		{
			"name": "hollow",
			"from": [6.2, 1.1, 3.9],
			"to": [10.1, 6.7, 9.9],
			"faces": {
				"north": {"uv": [1, 2, 10.1, 9.9], "rotation": 270, "texture": "#5"},
				"east": {"uv": [1, 2, 10.1, 12], "rotation": 90, "texture": "#5"},
				"south": {"uv": [1, 2, 10.1, 9.9], "rotation": 90, "texture": "#5"},
				"west": {"uv": [1, 2, 10.1, 12], "rotation": 90, "texture": "#5"},
				"up": {"uv": [1, 2, 10.5, 9.9], "rotation": 90, "texture": "#5"},
				"down": {"uv": [1, 2, 10.5, 9.9], "rotation": 90, "texture": "#5"}
			}
		}
	],
	"display": {
		"thirdperson_righthand": {
			"rotation": [-106.05, 2.08, -179.17],
			"translation": [-5.5, 6.75, 4.25],
			"scale": [1.46094, 1.46094, 1.46094]
		},
		"thirdperson_lefthand": {
			"rotation": [-106.05, 2.08, -179.17],
			"translation": [-5.5, 6.75, 4.25],
			"scale": [1.46094, 1.46094, 1.46094]
		},
		"firstperson_righthand": {
			"rotation": [-151.41, 1.53, 176.98],
			"translation": [-8.75, 5.75, 0],
			"scale": [1.35938, 1.70313, 1.35938]
		},
		"firstperson_lefthand": {
			"rotation": [-151.41, 1.53, 176.98],
			"translation": [-9.75, 5.75, 0],
			"scale": [1.35938, 1.70313, 1.35938]
		},
		"ground": {
			"translation": [0, 5.25, 1]
		},
		"gui": {
			"rotation": [115.66, 23.45, -140.4],
			"translation": [4, 0.75, 0],
			"scale": [1.39844, 1.39844, 1.39844]
		},
		"head": {
			"rotation": [0, -1.5, 0],
			"translation": [0, -12.5, 10.25],
			"scale": [1.58594, 1.58594, 1.58594]
		},
		"fixed": {
			"rotation": [180, -2.5, 180],
			"translation": [-0.75, 6, -5.25],
			"scale": [1.44336, 1.44336, 1.44336]
		}
	}
}