{
	"credit": "Made with Blockbench",
	"textures": {
		"0": "block/stripped_acacia_log",
		"1": "block/black_concrete_powder",
		"2": "block/white_concrete_powder",
		"3": "block/white_stained_glass_pane_top",
		"particle": "block/stripped_acacia_log"
	},
	"elements": [
		{
			"name": "pickup",
			"from": [6.6, 2.8, 6.8],
			"to": [8, 3, 7.6],
			"rotation": {"angle": 0, "axis": "y", "origin": [8, 0.4, 8]},
			"faces": {
				"north": {"uv": [3.5, 3, 5.9, 5.7], "texture": "#2"},
				"east": {"uv": [0, 0, 0.8, 0.2], "texture": "#2"},
				"south": {"uv": [0, 0, 1.4, 0.2], "texture": "#2"},
				"west": {"uv": [0, 0, 0.8, 0.2], "texture": "#2"},
				"up": {"uv": [0, 0, 1.4, 0.8], "texture": "#2"},
				"down": {"uv": [0, 0, 1.4, 0.8], "texture": "#2"}
			}
		},
		{
			"name": "pickup",
			"from": [6.8, 2.8, 6.6],
			"to": [7.8, 3, 6.8],
			"rotation": {"angle": 0, "axis": "y", "origin": [8, 0.4, 8]},
			"faces": {
				"north": {"uv": [3.5, 3, 5.5, 5.7], "texture": "#2"},
				"east": {"uv": [0, 0, 0.1, 0.2], "texture": "#2"},
				"south": {"uv": [0, 0, 1, 0.2], "texture": "#2"},
				"west": {"uv": [0, 0, 0.1, 0.2], "texture": "#2"},
				"up": {"uv": [0, 0, 1, 0.1], "texture": "#2"},
				"down": {"uv": [0, 0, 1, 0.1], "texture": "#2"}
			}
		},
		{
			"name": "pickup black",
			"from": [6.7, 2.1, 6.8],
			"to": [7.9, 2.3, 7.6],
			"rotation": {"angle": 0, "axis": "y", "origin": [8, 0.4, 8]},
			"faces": {
				"north": {"uv": [6.5, 3.5, 9.2, 6.2], "texture": "#1"},
				"east": {"uv": [6.5, 3.5, 8.8, 6.2], "texture": "#1"},
				"south": {"uv": [6.5, 3.5, 9.2, 6.2], "texture": "#1"},
				"west": {"uv": [6.5, 3.5, 8.8, 6.2], "texture": "#1"},
				"up": {"uv": [6.5, 3.5, 9.2, 6.8], "texture": "#1"},
				"down": {"uv": [6.5, 3.5, 9.2, 6.8], "texture": "#1"}
			}
		},
		{
			"name": "pickup black",
			"from": [6.9, 7.3, 7.1],
			"to": [7.6, 10.5, 7.3],
			"rotation": {"angle": 0, "axis": "y", "origin": [8.1, 0.5, 8]},
			"faces": {
				"north": {"uv": [6.5, 3.5, 8.7, 9.4], "texture": "#1"},
				"east": {"uv": [6.5, 3.5, 8.2, 9.4], "texture": "#1"},
				"south": {"uv": [6.5, 3.5, 8.7, 9.4], "texture": "#1"},
				"west": {"uv": [6.5, 3.5, 8.2, 9.4], "texture": "#1"},
				"up": {"uv": [6.5, 3.5, 8.7, 6.2], "texture": "#1"},
				"down": {"uv": [6.5, 3.5, 8.7, 6.2], "texture": "#1"}
			}
		},
		{
			"name": "pickup black",
			"from": [7, 7.5, 7],
			"to": [7.5, 10.7, 7.4],
			"rotation": {"angle": 0, "axis": "y", "origin": [8.1, 0.5, 8]},
			"faces": {
				"north": {"uv": [6.5, 3.5, 8.5, 9.2], "texture": "#1"},
				"east": {"uv": [6.5, 3.5, 8.4, 9.2], "texture": "#1"},
				"south": {"uv": [6.5, 3.5, 8.5, 9.2], "texture": "#1"},
				"west": {"uv": [6.5, 3.5, 8.4, 9.2], "texture": "#1"},
				"up": {"uv": [6.5, 3.5, 8.5, 6.4], "texture": "#1"},
				"down": {"uv": [6.5, 3.5, 8.5, 6.4], "texture": "#1"}
			}
		},
		{
			"name": "pickup black",
			"from": [7.1, 7.4, 6.9],
			"to": [7.4, 11.2, 7],
			"rotation": {"angle": 0, "axis": "y", "origin": [8.1, 0.5, 8]},
			"faces": {
				"north": {"uv": [6.5, 3.5, 8.3, 10], "texture": "#1"},
				"east": {"uv": [6.5, 3.5, 8.1, 10], "texture": "#1"},
				"south": {"uv": [6.5, 3.5, 8.3, 10], "texture": "#1"},
				"west": {"uv": [6.5, 3.5, 8.1, 10], "texture": "#1"},
				"up": {"uv": [6.5, 3.5, 8.3, 6.1], "texture": "#1"},
				"down": {"uv": [6.5, 3.5, 8.3, 6.1], "texture": "#1"}
			}
		},
		{
			"name": "pickup black",
			"from": [7, 7.1, 6.9],
			"to": [7.5, 7.5, 7.6],
			"rotation": {"angle": 0, "axis": "y", "origin": [8, 0, 8]},
			"faces": {
				"north": {"uv": [6.5, 3.5, 8.5, 6.3], "texture": "#1"},
				"east": {"uv": [6.5, 3.5, 8.7, 6.3], "texture": "#1"},
				"south": {"uv": [6.5, 3.5, 8.5, 6.3], "texture": "#1"},
				"west": {"uv": [6.5, 3.5, 8.7, 6.3], "texture": "#1"},
				"up": {"uv": [6.5, 3.5, 8.5, 6.7], "texture": "#1"},
				"down": {"uv": [6.5, 3.5, 8.5, 6.7], "texture": "#1"}
			}
		},
		{
			"name": "pickup black",
			"from": [7, 4.2, 6.8],
			"to": [7.5, 7.2, 6.9],
			"rotation": {"angle": 0, "axis": "y", "origin": [8, 0, 8]},
			"faces": {
				"north": {"uv": [6.5, 3.5, 8.5, 9], "texture": "#1"},
				"east": {"uv": [6.5, 3.5, 8.1, 9], "texture": "#1"},
				"south": {"uv": [6.5, 3.5, 8.5, 9], "texture": "#1"},
				"west": {"uv": [6.5, 3.5, 8.1, 9], "texture": "#1"},
				"up": {"uv": [6.5, 3.5, 8.5, 6.1], "texture": "#1"},
				"down": {"uv": [6.5, 3.5, 8.5, 6.1], "texture": "#1"}
			}
		},
		{
			"name": "pickup black",
			"from": [6.9, 2.1, 6.7],
			"to": [7.7, 2.3, 6.8],
			"rotation": {"angle": 0, "axis": "y", "origin": [8, 0.4, 8]},
			"faces": {
				"north": {"uv": [6.5, 3.5, 8.8, 6.2], "texture": "#1"},
				"east": {"uv": [6.5, 3.5, 8.1, 6.2], "texture": "#1"},
				"south": {"uv": [6.5, 3.5, 8.8, 6.2], "texture": "#1"},
				"west": {"uv": [6.5, 3.5, 8.1, 6.2], "texture": "#1"},
				"up": {"uv": [6.5, 3.5, 8.8, 6.1], "texture": "#1"},
				"down": {"uv": [6.5, 3.5, 8.8, 6.1], "texture": "#1"}
			}
		},
		{
			"name": "pickup black",
			"from": [6.8, 1.8, 6.8],
			"to": [7.8, 2.1, 7.6],
			"rotation": {"angle": 0, "axis": "y", "origin": [8, 0.4, 8]},
			"faces": {
				"north": {"uv": [6.5, 3.5, 9, 6.3], "texture": "#1"},
				"east": {"uv": [6.5, 3.5, 8.8, 6.3], "texture": "#1"},
				"south": {"uv": [6.5, 3.5, 9, 6.3], "texture": "#1"},
				"west": {"uv": [6.5, 3.5, 8.8, 6.3], "texture": "#1"},
				"up": {"uv": [6.5, 3.5, 9, 6.8], "texture": "#1"},
				"down": {"uv": [6.5, 3.5, 9, 6.8], "texture": "#1"}
			}
		},
		{
			"name": "pickup black",
			"from": [7, 1.8, 6.7],
			"to": [7.6, 2.1, 6.8],
			"rotation": {"angle": 0, "axis": "y", "origin": [8, 0.4, 8]},
			"faces": {
				"north": {"uv": [6.5, 3.5, 8.6, 6.3], "texture": "#1"},
				"east": {"uv": [6.5, 3.5, 8.1, 6.3], "texture": "#1"},
				"south": {"uv": [6.5, 3.5, 8.6, 6.3], "texture": "#1"},
				"west": {"uv": [6.5, 3.5, 8.1, 6.3], "texture": "#1"},
				"up": {"uv": [6.5, 3.5, 8.6, 6.1], "texture": "#1"},
				"down": {"uv": [6.5, 3.5, 8.6, 6.1], "texture": "#1"}
			}
		},
		{
			"name": "pickup black",
			"from": [6.9, 1, 6.8],
			"to": [7.7, 1.8, 7.6],
			"rotation": {"angle": 0, "axis": "y", "origin": [8, 0.4, 8]},
			"faces": {
				"north": {"uv": [6.5, 3.5, 8.8, 6.8], "texture": "#1"},
				"east": {"uv": [6.5, 3.5, 8.8, 6.8], "texture": "#1"},
				"south": {"uv": [6.5, 3.5, 8.8, 6.8], "texture": "#1"},
				"west": {"uv": [6.5, 3.5, 8.8, 6.8], "texture": "#1"},
				"up": {"uv": [6.5, 3.5, 8.8, 6.8], "texture": "#1"},
				"down": {"uv": [6.5, 3.5, 8.8, 6.8], "texture": "#1"}
			}
		},
		{
			"name": "pickup black",
			"from": [7.1, 1, 6.7],
			"to": [7.5, 1.8, 6.8],
			"rotation": {"angle": 0, "axis": "y", "origin": [8, 0.4, 8]},
			"faces": {
				"north": {"uv": [6.5, 3.5, 8.4, 6.8], "texture": "#1"},
				"east": {"uv": [6.5, 3.5, 8.1, 6.8], "texture": "#1"},
				"south": {"uv": [6.5, 3.5, 8.4, 6.8], "texture": "#1"},
				"west": {"uv": [6.5, 3.5, 8.1, 6.8], "texture": "#1"},
				"up": {"uv": [6.5, 3.5, 8.4, 6.1], "texture": "#1"},
				"down": {"uv": [6.5, 3.5, 8.4, 6.1], "texture": "#1"}
			}
		},
		{
			"name": "big wood",
			"from": [6.5, 3.5, 7],
			"to": [8.1, 5.8, 8],
			"rotation": {"angle": 0, "axis": "y", "origin": [8, 0.4, 8]},
			"faces": {
				"north": {"uv": [4, 3.5, 9.1, 9.8], "texture": "#0"},
				"east": {"uv": [4, 3.5, 8.5, 9.8], "texture": "#0"},
				"south": {"uv": [4, 3.5, 9.1, 9.8], "texture": "#0"},
				"west": {"uv": [4, 3.5, 8.5, 9.8], "texture": "#0"},
				"up": {"uv": [4, 3.5, 9.1, 8.5], "texture": "#0"},
				"down": {"uv": [4, 3.5, 9.1, 8.5], "texture": "#0"}
			}
		},
		{
			"name": "big wood",
			"from": [6.8, 4, 7],
			"to": [7.8, 5.3, 8.2],
			"rotation": {"angle": 0, "axis": "y", "origin": [8, 0, 8]},
			"faces": {
				"north": {"uv": [4, 3.5, 8.5, 9.2], "texture": "#0"},
				"east": {"uv": [4, 3.5, 8.7, 9.2], "texture": "#0"},
				"south": {"uv": [4, 3.5, 8.5, 9.2], "texture": "#0"},
				"west": {"uv": [4, 3.5, 8.7, 9.2], "texture": "#0"},
				"up": {"uv": [4, 3.5, 8.5, 8.7], "texture": "#0"},
				"down": {"uv": [4, 3.5, 8.5, 8.7], "texture": "#0"}
			}
		},
		{
			"name": "big wood",
			"from": [6.8, 3.8, 7],
			"to": [8.2, 4.3, 8],
			"rotation": {"angle": 22.5, "axis": "z", "origin": [8, 0.4, 8]},
			"faces": {
				"north": {"uv": [4, 3.5, 8.9, 8], "texture": "#0"},
				"east": {"uv": [4, 3.5, 8.5, 8], "texture": "#0"},
				"south": {"uv": [4, 3.5, 8.9, 8], "texture": "#0"},
				"west": {"uv": [4, 3.5, 8.5, 8], "texture": "#0"},
				"up": {"uv": [4, 3.5, 8.9, 8.5], "texture": "#0"},
				"down": {"uv": [4, 3.5, 8.9, 8.5], "texture": "#0"}
			}
		},
		{
			"name": "big wood",
			"from": [8.1, 0.8, 7],
			"to": [9.5, 1.4, 8],
			"rotation": {"angle": 22.5, "axis": "z", "origin": [8, 0.4, 8]},
			"faces": {
				"north": {"uv": [4, 3.5, 8.9, 8.1], "texture": "#0"},
				"east": {"uv": [4, 3.5, 8.5, 8.1], "texture": "#0"},
				"south": {"uv": [4, 3.5, 8.9, 8.1], "texture": "#0"},
				"west": {"uv": [4, 3.5, 8.5, 8.1], "texture": "#0"},
				"up": {"uv": [4, 3.5, 8.9, 8.5], "texture": "#0"},
				"down": {"uv": [4, 3.5, 8.9, 8.5], "texture": "#0"}
			}
		},
		{
			"name": "big wood",
			"from": [8.9, 1.4, 7],
			"to": [9.2, 3.6, 8],
			"rotation": {"angle": 0, "axis": "z", "origin": [8, 0.4, 8]},
			"faces": {
				"north": {"uv": [4, 3.5, 7.8, 9.7], "texture": "#0"},
				"east": {"uv": [4, 3.5, 8.5, 9.7], "texture": "#0"},
				"south": {"uv": [4, 3.5, 7.8, 9.7], "texture": "#0"},
				"west": {"uv": [4, 3.5, 8.5, 9.7], "texture": "#0"},
				"up": {"uv": [4, 3.5, 7.8, 8.5], "texture": "#0"},
				"down": {"uv": [4, 3.5, 7.8, 8.5], "texture": "#0"}
			}
		},
		{
			"name": "big wood",
			"from": [5.4, 1.5, 7.1],
			"to": [9.2, 3.5, 7.9],
			"rotation": {"angle": 0, "axis": "z", "origin": [8, 0.4, 8]},
			"faces": {
				"north": {"uv": [4, 3.5, 11.3, 9.7], "texture": "#1"},
				"east": {"uv": [4, 3.5, 8.3, 9.7], "texture": "#0"},
				"south": {"uv": [4, 3.5, 11.3, 9.7], "texture": "#0"},
				"west": {"uv": [4, 3.5, 8.3, 9.7], "texture": "#0"},
				"up": {"uv": [4, 3.5, 11.3, 8.3], "texture": "#0"},
				"down": {"uv": [4, 3.5, 11.3, 8.3], "texture": "#0"}
			}
		},
		{
			"name": "big wood",
			"from": [9.1, 1.5, 7.1],
			"to": [9.3, 3.5, 7.9],
			"rotation": {"angle": 0, "axis": "z", "origin": [8, 0.4, 8]},
			"faces": {
				"north": {"uv": [4, 3.5, 11.5, 9.5], "texture": "#0"},
				"east": {"uv": [4, 3.5, 8.3, 9.5], "texture": "#0"},
				"south": {"uv": [4, 8.5, 11.5, 14.5], "texture": "#0"},
				"west": {"uv": [4, 3.5, 8.3, 9.5], "texture": "#0"},
				"up": {"uv": [4, 3.5, 11.5, 8.3], "texture": "#0"},
				"down": {"uv": [4, 3.5, 11.5, 8.3], "texture": "#0"}
			}
		},
		{
			"name": "big wood",
			"from": [5.3, 1.5, 7.1],
			"to": [5.5, 3.5, 7.9],
			"rotation": {"angle": 0, "axis": "z", "origin": [8, 0.4, 8]},
			"faces": {
				"north": {"uv": [4, 3.5, 11.5, 9.5], "texture": "#0"},
				"east": {"uv": [4, 3.5, 8.3, 9.5], "texture": "#0"},
				"south": {"uv": [4, 8.5, 11.5, 14.5], "texture": "#0"},
				"west": {"uv": [4, 3.5, 8.3, 9.5], "texture": "#0"},
				"up": {"uv": [4, 3.5, 11.5, 8.3], "texture": "#0"},
				"down": {"uv": [4, 3.5, 11.5, 8.3], "texture": "#0"}
			}
		},
		{
			"name": "big wood",
			"from": [5.4, 1.4, 7],
			"to": [5.7, 3.6, 8],
			"rotation": {"angle": 0, "axis": "z", "origin": [8, 0.4, 8]},
			"faces": {
				"north": {"uv": [4, 3.5, 7.8, 9.7], "texture": "#0"},
				"east": {"uv": [4, 3.5, 8.5, 9.7], "texture": "#0"},
				"south": {"uv": [4, 3.5, 7.8, 9.7], "texture": "#0"},
				"west": {"uv": [4, 3.5, 8.5, 9.7], "texture": "#0"},
				"up": {"uv": [4, 3.5, 7.8, 8.5], "texture": "#0"},
				"down": {"uv": [4, 3.5, 7.8, 8.5], "texture": "#0"}
			}
		},
		{
			"name": "big wood",
			"from": [6.5, 3.2, 7],
			"to": [7.9, 3.8, 8],
			"rotation": {"angle": -22.5, "axis": "z", "origin": [8, 0.4, 8]},
			"faces": {
				"north": {"uv": [4, 3.5, 8.9, 8.1], "texture": "#0"},
				"east": {"uv": [4, 3.5, 8.5, 8.1], "texture": "#0"},
				"south": {"uv": [4, 3.5, 8.9, 8.1], "texture": "#0"},
				"west": {"uv": [4, 3.5, 8.5, 8.1], "texture": "#0"},
				"up": {"uv": [4, 3.5, 8.9, 8.5], "texture": "#0"},
				"down": {"uv": [4, 3.5, 8.9, 8.5], "texture": "#0"}
			}
		},
		{
			"name": "big wood",
			"from": [5.2, 0.3, 7],
			"to": [6.6, 0.9, 8],
			"rotation": {"angle": -22.5, "axis": "z", "origin": [8, 0.4, 8]},
			"faces": {
				"north": {"uv": [4, 3.5, 8.9, 8.1], "texture": "#0"},
				"east": {"uv": [4, 3.5, 8.5, 8.1], "texture": "#0"},
				"south": {"uv": [4, 3.5, 8.9, 8.1], "texture": "#0"},
				"west": {"uv": [4, 3.5, 8.5, 8.1], "texture": "#0"},
				"up": {"uv": [4, 3.5, 8.9, 8.5], "texture": "#0"},
				"down": {"uv": [4, 3.5, 8.9, 8.5], "texture": "#0"}
			}
		},
		{
			"name": "big wood",
			"from": [7, 7.1, 7.7],
			"to": [7.6, 7.3, 7.9],
			"rotation": {"angle": 0, "axis": "y", "origin": [8, 0, 8]},
			"faces": {
				"north": {"uv": [4, 3.5, 8.1, 7.7], "texture": "#0"},
				"east": {"uv": [4, 3.5, 7.7, 7.7], "texture": "#0"},
				"south": {"uv": [4, 3.5, 8.1, 7.7], "texture": "#0"},
				"west": {"uv": [4, 3.5, 7.7, 7.7], "texture": "#0"},
				"up": {"uv": [4, 3.5, 8.1, 7.7], "texture": "#0"},
				"down": {"uv": [4, 3.5, 8.1, 7.7], "texture": "#0"}
			}
		},
		{
			"name": "big wood",
			"from": [7.1, 7.4, 7.3],
			"to": [7.4, 11.3, 7.3],
			"rotation": {"angle": 0, "axis": "y", "origin": [8.1, 0.5, 8]},
			"faces": {
				"north": {"uv": [4, 3.5, 7.8, 11.4], "texture": "#0"},
				"east": {"uv": [4, 3.5, 7.5, 11.4], "texture": "#0"},
				"south": {"uv": [4, 3.5, 7.8, 11.4], "texture": "#0"},
				"west": {"uv": [4, 3.5, 7.5, 11.4], "texture": "#0"},
				"up": {"uv": [4, 3.5, 7.8, 7.5], "texture": "#0"},
				"down": {"uv": [4, 3.5, 7.8, 7.5], "texture": "#0"}
			}
		},
		{
			"name": "big wood",
			"from": [7, 10.7, 7],
			"to": [7.5, 11.4, 7.3],
			"rotation": {"angle": 0, "axis": "y", "origin": [8.1, 0.5, 8]},
			"faces": {
				"north": {"uv": [4, 3.5, 8, 8.2], "texture": "#1"},
				"east": {"uv": [4, 3.5, 7.8, 8.2], "texture": "#1"},
				"south": {"uv": [4, 3.5, 8, 8.2], "texture": "#1"},
				"west": {"uv": [4, 3.5, 7.8, 8.2], "texture": "#1"},
				"up": {"uv": [4, 3.5, 8, 7.8], "texture": "#1"},
				"down": {"uv": [4, 3.5, 8, 7.8], "texture": "#1"}
			}
		},
		{
			"name": "big wood",
			"from": [7, 7.5, 7.4],
			"to": [7.5, 7.7, 7.6],
			"rotation": {"angle": 0, "axis": "y", "origin": [8.1, 0.5, 8]},
			"faces": {
				"north": {"uv": [4, 3.5, 8, 7.7], "texture": "#0"},
				"east": {"uv": [4, 3.5, 7.7, 7.7], "texture": "#0"},
				"south": {"uv": [4, 3.5, 8, 7.7], "texture": "#0"},
				"west": {"uv": [4, 3.5, 7.7, 7.7], "texture": "#0"},
				"up": {"uv": [4, 3.5, 8, 7.7], "texture": "#0"},
				"down": {"uv": [4, 3.5, 8, 7.7], "texture": "#0"}
			}
		},
		{
			"name": "big wood",
			"from": [6.3, 5.1, 7.5],
			"to": [8.3, 5.3, 7.5],
			"rotation": {"angle": 0, "axis": "y", "origin": [8, 0, 8]},
			"faces": {
				"north": {"uv": [4, 3.5, 9.5, 7.7], "texture": "#0"},
				"east": {"uv": [4, 3.5, 7.5, 7.7], "texture": "#0"},
				"south": {"uv": [4, 3.5, 9.5, 7.7], "texture": "#0"},
				"west": {"uv": [4, 3.5, 7.5, 7.7], "texture": "#0"},
				"up": {"uv": [4, 3.5, 9.5, 7.5], "texture": "#0"},
				"down": {"uv": [4, 3.5, 9.5, 7.5], "texture": "#0"}
			}
		},
		{
			"name": "big wood",
			"from": [6.2, 3.7, 7.4],
			"to": [8.4, 3.8, 7.6],
			"rotation": {"angle": 0, "axis": "y", "origin": [8, 0, 8]},
			"faces": {
				"north": {"uv": [4, 3.5, 9.7, 7.6], "texture": "#0"},
				"east": {"uv": [4, 3.5, 7.7, 7.6], "texture": "#0"},
				"south": {"uv": [4, 3.5, 9.7, 7.6], "texture": "#0"},
				"west": {"uv": [4, 3.5, 7.7, 7.6], "texture": "#0"},
				"up": {"uv": [4, 3.5, 9.7, 7.7], "texture": "#0"},
				"down": {"uv": [4, 3.5, 9.7, 7.7], "texture": "#0"}
			}
		},
		{
			"name": "big wood",
			"from": [6.1, 3.6, 7.4],
			"to": [8.5, 3.7, 7.6],
			"rotation": {"angle": 0, "axis": "y", "origin": [8, 0, 8]},
			"faces": {
				"north": {"uv": [4, 3.5, 9.9, 7.6], "texture": "#0"},
				"east": {"uv": [4, 3.5, 7.7, 7.6], "texture": "#0"},
				"south": {"uv": [4, 3.5, 9.9, 7.6], "texture": "#0"},
				"west": {"uv": [4, 3.5, 7.7, 7.6], "texture": "#0"},
				"up": {"uv": [4, 3.5, 9.9, 7.7], "texture": "#0"},
				"down": {"uv": [4, 3.5, 9.9, 7.7], "texture": "#0"}
			}
		},
		{
			"name": "big wood",
			"from": [6.4, 5.2, 7.3],
			"to": [8.2, 5.4, 7.7],
			"rotation": {"angle": 0, "axis": "y", "origin": [8, 0, 8]},
			"faces": {
				"north": {"uv": [4, 3.5, 9.3, 7.7], "texture": "#0"},
				"east": {"uv": [4, 3.5, 7.9, 7.7], "texture": "#0"},
				"south": {"uv": [4, 3.5, 9.3, 7.7], "texture": "#0"},
				"west": {"uv": [4, 3.5, 7.9, 7.7], "texture": "#0"},
				"up": {"uv": [4, 3.5, 9.3, 7.9], "texture": "#0"},
				"down": {"uv": [4, 3.5, 9.3, 7.9], "texture": "#0"}
			}
		},
		{
			"name": "big wood",
			"from": [6.7, 5.3, 6.9],
			"to": [7.9, 6.8, 8.2],
			"rotation": {"angle": 0, "axis": "y", "origin": [8, 0, 8]},
			"faces": {
				"north": {"uv": [4, 0, 8.7, 5.5], "texture": "#0"},
				"east": {"uv": [4, 3.5, 8.8, 9], "texture": "#0"},
				"south": {"uv": [4, 3.5, 8.7, 9], "texture": "#0"},
				"west": {"uv": [4, 3.5, 8.8, 9], "texture": "#0"},
				"up": {"uv": [4, 3.5, 8.7, 8.8], "texture": "#0"},
				"down": {"uv": [4, 3.5, 8.7, 8.8], "texture": "#0"}
			}
		},
		{
			"name": "big wood",
			"from": [7, 9.9, 2.8],
			"to": [7.5, 11, 3.2],
			"rotation": {"angle": 22.5, "axis": "x", "origin": [8, 0, 8]},
			"faces": {
				"north": {"uv": [4, 0, 8.7, 5.5], "texture": "#0"},
				"east": {"uv": [4, 3.5, 8.8, 9], "texture": "#0"},
				"south": {"uv": [4, 3.5, 8.7, 9], "texture": "#0"},
				"west": {"uv": [4, 3.5, 8.8, 9], "texture": "#0"},
				"up": {"uv": [4, 3.5, 8.7, 8.8], "texture": "#0"},
				"down": {"uv": [4, 3.5, 8.7, 8.8], "texture": "#0"}
			}
		},
		{
			"name": "big wood",
			"from": [7.4, 7.2, 6.8],
			"to": [7.5, 11, 6.9],
			"rotation": {"angle": 0, "axis": "x", "origin": [8, 0, 8]},
			"faces": {
				"north": {"uv": [7.5, 0, 12.2, 5.5], "texture": "#3"},
				"east": {"uv": [11.2, 3.5, 16, 9], "texture": "#3"},
				"south": {"uv": [11.2, 3.5, 15.9, 9], "texture": "#3"},
				"west": {"uv": [11.2, 3.5, 16, 9], "texture": "#3"},
				"up": {"uv": [11.2, 3.5, 15.9, 8.8], "texture": "#3"},
				"down": {"uv": [11.2, 3.5, 15.9, 8.8], "texture": "#3"}
			}
		},
		{
			"name": "big wood",
			"from": [7.3, 7.2, 6.8],
			"to": [7.4, 11, 6.9],
			"rotation": {"angle": 0, "axis": "x", "origin": [8, 0, 8]},
			"faces": {
				"north": {"uv": [7.5, 0, 12.2, 5.5], "texture": "#3"},
				"east": {"uv": [11.2, 3.5, 16, 9], "texture": "#3"},
				"south": {"uv": [11.2, 3.5, 15.9, 9], "texture": "#3"},
				"west": {"uv": [11.2, 3.5, 16, 9], "texture": "#3"},
				"up": {"uv": [11.2, 3.5, 15.9, 8.8], "texture": "#3"},
				"down": {"uv": [11.2, 3.5, 15.9, 8.8], "texture": "#3"}
			}
		},
		{
			"name": "big wood",
			"from": [7.2, 7.2, 6.8],
			"to": [7.3, 11, 6.9],
			"rotation": {"angle": 0, "axis": "x", "origin": [8, 0, 8]},
			"faces": {
				"north": {"uv": [7.5, 0, 12.2, 5.5], "texture": "#3"},
				"east": {"uv": [11.2, 3.5, 16, 9], "texture": "#3"},
				"south": {"uv": [11.2, 3.5, 15.9, 9], "texture": "#3"},
				"west": {"uv": [11.2, 3.5, 16, 9], "texture": "#3"},
				"up": {"uv": [11.2, 3.5, 15.9, 8.8], "texture": "#3"},
				"down": {"uv": [11.2, 3.5, 15.9, 8.8], "texture": "#3"}
			}
		},
		{
			"name": "big wood",
			"from": [7.1, 7.2, 6.8],
			"to": [7.2, 11, 6.9],
			"rotation": {"angle": 0, "axis": "x", "origin": [8, 0, 8]},
			"faces": {
				"north": {"uv": [7.5, 0, 12.2, 5.5], "texture": "#3"},
				"east": {"uv": [11.2, 3.5, 16, 9], "texture": "#3"},
				"south": {"uv": [11.2, 3.5, 15.9, 9], "texture": "#3"},
				"west": {"uv": [11.2, 3.5, 16, 9], "texture": "#3"},
				"up": {"uv": [11.2, 3.5, 15.9, 8.8], "texture": "#3"},
				"down": {"uv": [11.2, 3.5, 15.9, 8.8], "texture": "#3"}
			}
		},
		{
			"name": "big wood",
			"from": [7.4, 10.1, 2.7],
			"to": [7.5, 11.2, 2.8],
			"rotation": {"angle": 22.5, "axis": "x", "origin": [8, 0, 8]},
			"faces": {
				"north": {"uv": [7.5, 0, 12.2, 5.5], "texture": "#3"},
				"east": {"uv": [11.2, 3.5, 16, 9], "texture": "#3"},
				"south": {"uv": [11.2, 3.5, 15.9, 9], "texture": "#3"},
				"west": {"uv": [11.2, 3.5, 16, 9], "texture": "#3"},
				"up": {"uv": [11.2, 3.5, 15.9, 8.8], "texture": "#3"},
				"down": {"uv": [11.2, 3.5, 15.9, 8.8], "texture": "#3"}
			}
		},
		{
			"name": "big wood",
			"from": [7.3, 10.1, 2.7],
			"to": [7.4, 11.2, 2.8],
			"rotation": {"angle": 22.5, "axis": "x", "origin": [8, 0, 8]},
			"faces": {
				"north": {"uv": [7.5, 0, 12.2, 5.5], "texture": "#3"},
				"east": {"uv": [11.2, 3.5, 16, 9], "texture": "#3"},
				"south": {"uv": [11.2, 3.5, 15.9, 9], "texture": "#3"},
				"west": {"uv": [11.2, 3.5, 16, 9], "texture": "#3"},
				"up": {"uv": [11.2, 3.5, 15.9, 8.8], "texture": "#3"},
				"down": {"uv": [11.2, 3.5, 15.9, 8.8], "texture": "#3"}
			}
		},
		{
			"name": "big wood",
			"from": [7.2, 10.1, 2.7],
			"to": [7.3, 11.2, 2.8],
			"rotation": {"angle": 22.5, "axis": "x", "origin": [8, 0, 8]},
			"faces": {
				"north": {"uv": [7.5, 0, 12.2, 5.5], "texture": "#3"},
				"east": {"uv": [11.2, 3.5, 16, 9], "texture": "#3"},
				"south": {"uv": [11.2, 3.5, 15.9, 9], "texture": "#3"},
				"west": {"uv": [11.2, 3.5, 16, 9], "texture": "#3"},
				"up": {"uv": [11.2, 3.5, 15.9, 8.8], "texture": "#3"},
				"down": {"uv": [11.2, 3.5, 15.9, 8.8], "texture": "#3"}
			}
		},
		{
			"name": "big wood",
			"from": [7.1, 10.1, 2.7],
			"to": [7.2, 11.2, 2.8],
			"rotation": {"angle": 22.5, "axis": "x", "origin": [8, 0, 8]},
			"faces": {
				"north": {"uv": [7.5, 0, 12.2, 5.5], "texture": "#3"},
				"east": {"uv": [11.2, 3.5, 16, 9], "texture": "#3"},
				"south": {"uv": [11.2, 3.5, 15.9, 9], "texture": "#3"},
				"west": {"uv": [11.2, 3.5, 16, 9], "texture": "#3"},
				"up": {"uv": [11.2, 3.5, 15.9, 8.8], "texture": "#3"},
				"down": {"uv": [11.2, 3.5, 15.9, 8.8], "texture": "#3"}
			}
		},
		{
			"name": "big wood",
			"from": [7.1, 2.3, 6.7],
			"to": [7.2, 7.2, 6.8],
			"rotation": {"angle": 0, "axis": "x", "origin": [8, 0, 8]},
			"faces": {
				"north": {"uv": [7.5, 0, 12.2, 5.5], "texture": "#3"},
				"east": {"uv": [11.2, 3.5, 16, 9], "texture": "#3"},
				"south": {"uv": [11.2, 3.5, 15.9, 9], "texture": "#3"},
				"west": {"uv": [11.2, 3.5, 16, 9], "texture": "#3"},
				"up": {"uv": [11.2, 3.5, 15.9, 8.8], "texture": "#3"},
				"down": {"uv": [11.2, 3.5, 15.9, 8.8], "texture": "#3"}
			}
		},
		{
			"name": "big wood",
			"from": [7.4, 2.3, 6.7],
			"to": [7.5, 7.2, 6.8],
			"rotation": {"angle": 0, "axis": "x", "origin": [8, 0, 8]},
			"faces": {
				"north": {"uv": [7.5, 0, 12.2, 5.5], "texture": "#3"},
				"east": {"uv": [11.2, 3.5, 16, 9], "texture": "#3"},
				"south": {"uv": [11.2, 3.5, 15.9, 9], "texture": "#3"},
				"west": {"uv": [11.2, 3.5, 16, 9], "texture": "#3"},
				"up": {"uv": [11.2, 3.5, 15.9, 8.8], "texture": "#3"},
				"down": {"uv": [11.2, 3.5, 15.9, 8.8], "texture": "#3"}
			}
		},
		{
			"name": "big wood",
			"from": [7.3, 2.3, 6.7],
			"to": [7.4, 7.2, 6.8],
			"rotation": {"angle": 0, "axis": "x", "origin": [8, 0, 8]},
			"faces": {
				"north": {"uv": [7.5, 0, 12.2, 5.5], "texture": "#3"},
				"east": {"uv": [11.2, 3.5, 16, 9], "texture": "#3"},
				"south": {"uv": [11.2, 3.5, 15.9, 9], "texture": "#3"},
				"west": {"uv": [11.2, 3.5, 16, 9], "texture": "#3"},
				"up": {"uv": [11.2, 3.5, 15.9, 8.8], "texture": "#3"},
				"down": {"uv": [11.2, 3.5, 15.9, 8.8], "texture": "#3"}
			}
		},
		{
			"name": "big wood",
			"from": [7.2, 2.3, 6.7],
			"to": [7.3, 7.2, 6.8],
			"rotation": {"angle": 0, "axis": "x", "origin": [8, 0, 8]},
			"faces": {
				"north": {"uv": [7.5, 0, 12.2, 5.5], "texture": "#3"},
				"east": {"uv": [11.2, 3.5, 16, 9], "texture": "#3"},
				"south": {"uv": [11.2, 3.5, 15.9, 9], "texture": "#3"},
				"west": {"uv": [11.2, 3.5, 16, 9], "texture": "#3"},
				"up": {"uv": [11.2, 3.5, 15.9, 8.8], "texture": "#3"},
				"down": {"uv": [11.2, 3.5, 15.9, 8.8], "texture": "#3"}
			}
		},
		{
			"name": "big wood",
			"from": [7.1, 9.7, 3],
			"to": [7.4, 11, 3.3],
			"rotation": {"angle": 22.5, "axis": "x", "origin": [8, 0, 8]},
			"faces": {
				"north": {"uv": [4, 0, 8.7, 5.5], "texture": "#0"},
				"east": {"uv": [4, 3.5, 8.8, 9], "texture": "#0"},
				"south": {"uv": [4, 3.5, 8.7, 9], "texture": "#0"},
				"west": {"uv": [4, 3.5, 8.8, 9], "texture": "#0"},
				"up": {"uv": [4, 3.5, 8.7, 8.8], "texture": "#0"},
				"down": {"uv": [4, 3.5, 8.7, 8.8], "texture": "#0"}
			}
		},
		{
			"name": "big wood",
			"from": [6.9, 9.9, 2.9],
			"to": [7.6, 11, 3.1],
			"rotation": {"angle": 22.5, "axis": "x", "origin": [8, 0, 8]},
			"faces": {
				"north": {"uv": [4, 0, 8.7, 5.5], "texture": "#0"},
				"east": {"uv": [4, 3.5, 8.8, 9], "texture": "#0"},
				"south": {"uv": [4, 3.5, 8.7, 9], "texture": "#0"},
				"west": {"uv": [4, 3.5, 8.8, 9], "texture": "#0"},
				"up": {"uv": [4, 3.5, 8.7, 8.8], "texture": "#0"},
				"down": {"uv": [4, 3.5, 8.7, 8.8], "texture": "#0"}
			}
		},
		{
			"name": "big wood",
			"from": [7.1, 11.8, 7.4],
			"to": [7.4, 12.9, 7.8],
			"rotation": {"angle": 0, "axis": "x", "origin": [8, 0, 8]},
			"faces": {
				"north": {"uv": [4, 0, 8.7, 5.5], "texture": "#0"},
				"east": {"uv": [4, 3.5, 8.8, 9], "texture": "#0"},
				"south": {"uv": [4, 3.5, 8.7, 9], "texture": "#0"},
				"west": {"uv": [4, 3.5, 8.8, 9], "texture": "#0"},
				"up": {"uv": [4, 3.5, 8.7, 8.8], "texture": "#0"},
				"down": {"uv": [4, 3.5, 8.7, 8.8], "texture": "#0"}
			}
		},
		{
			"name": "big wood",
			"from": [7, 12, 7.5],
			"to": [7.5, 12.9, 7.7],
			"rotation": {"angle": 0, "axis": "x", "origin": [8, 0, 8]},
			"faces": {
				"north": {"uv": [4, 0, 8.7, 5.5], "texture": "#0"},
				"east": {"uv": [4, 3.5, 8.8, 9], "texture": "#0"},
				"south": {"uv": [4, 3.5, 8.7, 9], "texture": "#0"},
				"west": {"uv": [4, 3.5, 8.8, 9], "texture": "#0"},
				"up": {"uv": [4, 3.5, 8.7, 8.8], "texture": "#0"},
				"down": {"uv": [4, 3.5, 8.7, 8.8], "texture": "#0"}
			}
		},
		{
			"name": "big wood",
			"from": [7, 12.9, 7.3],
			"to": [7.5, 13.2, 7.8],
			"rotation": {"angle": 0, "axis": "x", "origin": [8, 0, 8]},
			"faces": {
				"north": {"uv": [4, 0, 8.7, 5.5], "texture": "#0"},
				"east": {"uv": [4, 3.5, 8.8, 9], "texture": "#0"},
				"south": {"uv": [4, 3.5, 8.7, 9], "texture": "#0"},
				"west": {"uv": [4, 3.5, 8.8, 9], "texture": "#0"},
				"up": {"uv": [4, 3.5, 8.7, 8.8], "texture": "#0"},
				"down": {"uv": [4, 3.5, 8.7, 8.8], "texture": "#0"}
			}
		},
		{
			"name": "big wood",
			"from": [7.1, 13.2, 7.3],
			"to": [7.4, 13.3, 7.7],
			"rotation": {"angle": 0, "axis": "x", "origin": [8, 0, 8]},
			"faces": {
				"north": {"uv": [4, 0, 8.7, 5.5], "texture": "#0"},
				"east": {"uv": [4, 3.5, 8.8, 9], "texture": "#0"},
				"south": {"uv": [4, 3.5, 8.7, 9], "texture": "#0"},
				"west": {"uv": [4, 3.5, 8.8, 9], "texture": "#0"},
				"up": {"uv": [4, 3.5, 8.7, 8.8], "texture": "#0"},
				"down": {"uv": [4, 3.5, 8.7, 8.8], "texture": "#0"}
			}
		},
		{
			"name": "big wood",
			"from": [6.7, 4, 6.9],
			"to": [7.9, 5.3, 8.1],
			"rotation": {"angle": 0, "axis": "y", "origin": [8, 0, 8]},
			"faces": {
				"north": {"uv": [4, 3.5, 8.7, 8.8], "texture": "#0"},
				"east": {"uv": [4, 3.5, 8.7, 8.8], "texture": "#0"},
				"south": {"uv": [4, 3.5, 8.7, 8.8], "texture": "#0"},
				"west": {"uv": [4, 3.5, 8.7, 8.8], "texture": "#0"},
				"up": {"uv": [4, 3.5, 8.7, 8.7], "texture": "#0"},
				"down": {"uv": [4, 3.5, 8.7, 8.7], "texture": "#0"}
			}
		},
		{
			"name": "big wood",
			"from": [6.6, 1.1, 7],
			"to": [7.9, 4, 8.2],
			"rotation": {"angle": 0, "axis": "y", "origin": [8, 0.4, 8]},
			"faces": {
				"north": {"uv": [4, 3.5, 8.8, 10.4], "texture": "#0"},
				"east": {"uv": [4, 3.5, 8.7, 10.4], "texture": "#0"},
				"south": {"uv": [4, 3.5, 8.8, 10.4], "texture": "#0"},
				"west": {"uv": [4, 3.5, 8.7, 10.4], "texture": "#0"},
				"up": {"uv": [4, 3.5, 8.8, 8.7], "texture": "#0"},
				"down": {"uv": [4, 3.5, 8.8, 8.7], "texture": "#0"}
			}
		},
		{
			"name": "big wood",
			"from": [6.6, 0.9, 6.9],
			"to": [8, 4, 8.1],
			"rotation": {"angle": 0, "axis": "y", "origin": [8, 0.4, 8]},
			"faces": {
				"north": {"uv": [4, 8.9, 8.9, 16], "texture": "#0"},
				"east": {"uv": [4, 3.5, 8.7, 10.6], "texture": "#0"},
				"south": {"uv": [4, 3.5, 8.9, 10.6], "texture": "#0"},
				"west": {"uv": [4, 3.5, 8.7, 10.6], "texture": "#0"},
				"up": {"uv": [4, 3.5, 8.9, 8.7], "texture": "#0"},
				"down": {"uv": [4, 3.5, 8.9, 8.7], "texture": "#0"}
			}
		},
		{
			"name": "big wood",
			"from": [6.6, 0.8, 7],
			"to": [8, 1.4, 8],
			"rotation": {"angle": 0, "axis": "y", "origin": [8, 0.4, 8]},
			"faces": {
				"north": {"uv": [4, 3.5, 8.9, 8.1], "texture": "#0"},
				"east": {"uv": [4, 3.5, 8.5, 8.1], "texture": "#0"},
				"south": {"uv": [4, 3.5, 8.9, 8.1], "texture": "#0"},
				"west": {"uv": [4, 3.5, 8.5, 8.1], "texture": "#0"},
				"up": {"uv": [4, 3.5, 8.9, 8.5], "texture": "#0"},
				"down": {"uv": [4, 3.5, 8.9, 8.5], "texture": "#0"}
			}
		},
		{
			"name": "big wood",
			"from": [3.7, 4.6, 7],
			"to": [4.7, 4.8, 8],
			"rotation": {"angle": -45, "axis": "z", "origin": [8.1, 0.5, 8]},
			"faces": {
				"north": {"uv": [4, 3.5, 8.5, 7.7], "texture": "#0"},
				"east": {"uv": [4, 3.5, 8.5, 7.7], "texture": "#0"},
				"south": {"uv": [4, 3.5, 8.5, 7.7], "texture": "#0"},
				"west": {"uv": [4, 3.5, 8.5, 7.7], "texture": "#0"},
				"up": {"uv": [4, 3.5, 8.5, 8.5], "texture": "#0"},
				"down": {"uv": [4, 3.5, 8.5, 8.5], "texture": "#0"}
			}
		},
		{
			"name": "small wood",
			"from": [6.9, 6.8, 6.9],
			"to": [7.6, 7.1, 8.1],
			"rotation": {"angle": 0, "axis": "y", "origin": [8, 0, 8]},
			"faces": {
				"north": {"uv": [5.5, 4.5, 6.7, 8.3], "texture": "#0"},
				"east": {"uv": [2, 1, 6.7, 4.8], "texture": "#0"},
				"south": {"uv": [4.5, 1.5, 6.2, 5.3], "texture": "#0"},
				"west": {"uv": [2, 1, 6.7, 4.8], "texture": "#0"},
				"up": {"uv": [0, 0, 0.7, 1.2], "texture": "#0"},
				"down": {"uv": [0, 0, 0.7, 1.2], "texture": "#0"}
			}
		},
		{
			"name": "small wood",
			"from": [7.9, 5.3, 6.9],
			"to": [8.1, 6.6, 8.1],
			"rotation": {"angle": 0, "axis": "y", "origin": [8, 0, 8]},
			"faces": {
				"north": {"uv": [4.5, 7, 5.2, 11.8], "texture": "#0"},
				"east": {"uv": [2, 1, 6.7, 5.8], "texture": "#0"},
				"south": {"uv": [6, 1.5, 7.2, 6.3], "texture": "#0"},
				"west": {"uv": [2, 1, 6.7, 5.8], "texture": "#0"},
				"up": {"uv": [0, 0, 0.2, 1.2], "texture": "#0"},
				"down": {"uv": [0, 0, 0.2, 1.2], "texture": "#0"}
			}
		},
		{
			"name": "small wood",
			"from": [6.5, 5.3, 6.9],
			"to": [6.7, 6.6, 8.1],
			"rotation": {"angle": 0, "axis": "y", "origin": [8, 0, 8]},
			"faces": {
				"north": {"uv": [6, 7, 6.7, 11.8], "texture": "#0"},
				"east": {"uv": [2, 1, 6.7, 5.8], "texture": "#0"},
				"south": {"uv": [2.5, 1.5, 3.7, 6.3], "texture": "#0"},
				"west": {"uv": [2, 1, 6.7, 5.8], "texture": "#0"},
				"up": {"uv": [0, 0, 0.2, 1.2], "texture": "#0"},
				"down": {"uv": [0, 0, 0.2, 1.2], "texture": "#0"}
			}
		},
		{
			"name": "small wood",
			"from": [8.1, 5.4, 6.9],
			"to": [8.3, 6.5, 8.1],
			"rotation": {"angle": 0, "axis": "y", "origin": [8, 0, 8]},
			"faces": {
				"north": {"uv": [3.5, 8.5, 4.2, 13.1], "texture": "#0"},
				"east": {"uv": [2, 1, 6.7, 5.6], "texture": "#0"},
				"south": {"uv": [6.5, 1.5, 7.7, 6.1], "texture": "#0"},
				"west": {"uv": [2, 1, 6.7, 5.6], "texture": "#0"},
				"up": {"uv": [0, 0, 0.2, 1.2], "texture": "#0"},
				"down": {"uv": [0, 0, 0.2, 1.2], "texture": "#0"}
			}
		},
		{
			"name": "small wood",
			"from": [6.3, 5.4, 6.9],
			"to": [6.5, 6.5, 8.1],
			"rotation": {"angle": 0, "axis": "y", "origin": [8, 0, 8]},
			"faces": {
				"north": {"uv": [7, 7, 7.7, 11.6], "texture": "#0"},
				"east": {"uv": [2, 1, 6.7, 5.6], "texture": "#0"},
				"south": {"uv": [3, 1.5, 4.2, 6.1], "texture": "#0"},
				"west": {"uv": [2, 1, 6.7, 5.6], "texture": "#0"},
				"up": {"uv": [0, 0, 0.2, 1.2], "texture": "#0"},
				"down": {"uv": [0, 0, 0.2, 1.2], "texture": "#0"}
			}
		},
		{
			"name": "small wood",
			"from": [8.3, 5.5, 6.9],
			"to": [8.5, 6.3, 8.1],
			"rotation": {"angle": 0, "axis": "y", "origin": [8, 0, 8]},
			"faces": {
				"north": {"uv": [2.5, 9, 3.2, 13.3], "texture": "#0"},
				"east": {"uv": [2, 1, 6.7, 5.3], "texture": "#0"},
				"south": {"uv": [6, 1.5, 7.2, 5.8], "texture": "#0"},
				"west": {"uv": [2, 1, 6.7, 5.3], "texture": "#0"},
				"up": {"uv": [0, 0, 0.2, 1.2], "texture": "#0"},
				"down": {"uv": [0, 0, 0.2, 1.2], "texture": "#0"}
			}
		},
		{
			"name": "small wood",
			"from": [6.1, 5.5, 6.9],
			"to": [6.3, 6.3, 8.1],
			"rotation": {"angle": 0, "axis": "y", "origin": [8, 0, 8]},
			"faces": {
				"north": {"uv": [8, 7, 8.7, 11.3], "texture": "#0"},
				"east": {"uv": [2, 1, 6.7, 5.3], "texture": "#0"},
				"south": {"uv": [2, 1.5, 3.2, 5.8], "texture": "#0"},
				"west": {"uv": [2, 1, 6.7, 5.3], "texture": "#0"},
				"up": {"uv": [0, 0, 0.2, 1.2], "texture": "#0"},
				"down": {"uv": [0, 0, 0.2, 1.2], "texture": "#0"}
			}
		},
		{
			"name": "small wood",
			"from": [8.5, 5.5, 6.9],
			"to": [8.7, 6.1, 8.1],
			"rotation": {"angle": 0, "axis": "y", "origin": [8, 0, 8]},
			"faces": {
				"north": {"uv": [1.5, 9.5, 2.2, 13.6], "texture": "#0"},
				"east": {"uv": [2, 1, 6.7, 5.1], "texture": "#0"},
				"south": {"uv": [6.5, 1.5, 7.7, 5.6], "texture": "#0"},
				"west": {"uv": [2, 1, 6.7, 5.1], "texture": "#0"},
				"up": {"uv": [0, 0, 0.2, 1.2], "texture": "#0"},
				"down": {"uv": [0, 0, 0.2, 1.2], "texture": "#0"}
			}
		},
		{
			"name": "small wood",
			"from": [5.9, 5.5, 6.9],
			"to": [6.1, 6.1, 8.1],
			"rotation": {"angle": 0, "axis": "y", "origin": [8, 0, 8]},
			"faces": {
				"north": {"uv": [8.5, 7, 9.2, 11.1], "texture": "#0"},
				"east": {"uv": [2, 1, 6.7, 5.1], "texture": "#0"},
				"south": {"uv": [1.5, 1.5, 2.7, 5.6], "texture": "#0"},
				"west": {"uv": [2, 1, 6.7, 5.1], "texture": "#0"},
				"up": {"uv": [0, 0, 0.2, 1.2], "texture": "#0"},
				"down": {"uv": [0, 0, 0.2, 1.2], "texture": "#0"}
			}
		},
		{
			"name": "small wood",
			"from": [5.8, 5.5, 7],
			"to": [8.8, 6, 8],
			"rotation": {"angle": 0, "axis": "y", "origin": [8, 0, 8]},
			"faces": {
				"north": {"uv": [5.5, 4.5, 9, 8.5], "texture": "#0"},
				"east": {"uv": [2, 1, 6.5, 5], "texture": "#0"},
				"south": {"uv": [4.5, 1.5, 8.5, 5.5], "texture": "#0"},
				"west": {"uv": [2, 1, 6.5, 5], "texture": "#0"},
				"up": {"uv": [0, 0, 3, 1], "texture": "#0"},
				"down": {"uv": [0, 0, 3, 1], "texture": "#0"}
			}
		},
		{
			"name": "small wood",
			"from": [8, 1, 6.9],
			"to": [8.3, 3.2, 7.6],
			"rotation": {"angle": 0, "axis": "y", "origin": [8, 0.4, 8]},
			"faces": {
				"north": {"uv": [5.5, 4.5, 6.3, 10.8], "texture": "#0"},
				"east": {"uv": [2, 1, 6.7, 7.3], "texture": "#0"},
				"south": {"uv": [4.5, 1.5, 5.8, 7.8], "texture": "#0"},
				"west": {"uv": [2, 1, 6.7, 7.3], "texture": "#0"},
				"up": {"uv": [0, 0, 0.3, 1.2], "texture": "#0"},
				"down": {"uv": [0, 0, 0.3, 1.2], "texture": "#0"}
			}
		},
		{
			"name": "small wood",
			"from": [6.3, 1, 6.9],
			"to": [6.6, 3.2, 7.3],
			"rotation": {"angle": 0, "axis": "y", "origin": [8, 0.4, 8]},
			"faces": {
				"north": {"uv": [6, 4.5, 6.8, 10.8], "texture": "#0"},
				"east": {"uv": [2, 1, 6.7, 7.3], "texture": "#0"},
				"south": {"uv": [7.5, 1.5, 8.8, 7.8], "texture": "#0"},
				"west": {"uv": [2, 1, 6.7, 7.3], "texture": "#0"},
				"up": {"uv": [0, 0, 0.3, 1.2], "texture": "#0"},
				"down": {"uv": [0, 0, 0.3, 1.2], "texture": "#0"}
			}
		},
		{
			"name": "small wood",
			"from": [8.3, 1.2, 6.9],
			"to": [8.6, 2.5, 7.6],
			"rotation": {"angle": 0, "axis": "y", "origin": [8, 0.4, 8]},
			"faces": {
				"north": {"uv": [4.5, 5.5, 5.3, 11.5], "texture": "#0"},
				"east": {"uv": [2, 1, 6.7, 7], "texture": "#0"},
				"south": {"uv": [6, 1.5, 7.3, 7.5], "texture": "#0"},
				"west": {"uv": [2, 1, 6.7, 7], "texture": "#0"},
				"up": {"uv": [0, 0, 0.3, 1.2], "texture": "#0"},
				"down": {"uv": [0, 0, 0.3, 1.2], "texture": "#0"}
			}
		},
		{
			"name": "small wood",
			"from": [6, 1.2, 6.9],
			"to": [6.3, 2.5, 7.6],
			"rotation": {"angle": 0, "axis": "y", "origin": [8, 0.4, 8]},
			"faces": {
				"north": {"uv": [6.5, 4.5, 7.3, 10.5], "texture": "#0"},
				"east": {"uv": [2, 1, 6.7, 7], "texture": "#0"},
				"south": {"uv": [6.5, 1.5, 7.8, 7.5], "texture": "#0"},
				"west": {"uv": [2, 1, 6.7, 7], "texture": "#0"},
				"up": {"uv": [0, 0, 0.3, 1.2], "texture": "#0"},
				"down": {"uv": [0, 0, 0.3, 1.2], "texture": "#0"}
			}
		},
		{
			"name": "small wood",
			"from": [8.6, 2.7, 6.9],
			"to": [8.9, 3.6, 7.6],
			"rotation": {"angle": 0, "axis": "y", "origin": [8, 0.4, 8]},
			"faces": {
				"north": {"uv": [3, 5.5, 3.8, 11.3], "texture": "#0"},
				"east": {"uv": [2, 1, 6.7, 6.8], "texture": "#0"},
				"south": {"uv": [6, 1.5, 7.3, 7.3], "texture": "#0"},
				"west": {"uv": [2, 1, 6.7, 6.8], "texture": "#0"},
				"up": {"uv": [0, 0, 0.3, 1.2], "texture": "#0"},
				"down": {"uv": [0, 0, 0.3, 1.2], "texture": "#0"}
			}
		},
		{
			"name": "small wood",
			"from": [5.7, 2.7, 6.9],
			"to": [6, 3.6, 7.6],
			"rotation": {"angle": 0, "axis": "y", "origin": [8, 0.4, 8]},
			"faces": {
				"north": {"uv": [7, 4.5, 7.8, 10.3], "texture": "#0"},
				"east": {"uv": [2, 1, 6.7, 6.8], "texture": "#0"},
				"south": {"uv": [6, 1.5, 7.3, 7.3], "texture": "#0"},
				"west": {"uv": [2, 1, 6.7, 6.8], "texture": "#0"},
				"up": {"uv": [0, 0, 0.3, 1.2], "texture": "#0"},
				"down": {"uv": [0, 0, 0.3, 1.2], "texture": "#0"}
			}
		},
		{
			"name": "small wood",
			"from": [5.7, 1.3, 6.9],
			"to": [6, 2.4, 7.6],
			"rotation": {"angle": 0, "axis": "y", "origin": [8, 0.4, 8]},
			"faces": {
				"north": {"uv": [7, 4.5, 7.8, 10.3], "texture": "#0"},
				"east": {"uv": [2, 1, 6.7, 6.8], "texture": "#0"},
				"south": {"uv": [6, 1.5, 7.3, 7.3], "texture": "#0"},
				"west": {"uv": [2, 1, 6.7, 6.8], "texture": "#0"},
				"up": {"uv": [0, 0, 0.3, 1.2], "texture": "#0"},
				"down": {"uv": [0, 0, 0.3, 1.2], "texture": "#0"}
			}
		},
		{
			"name": "small wood",
			"from": [8.6, 1.3, 6.9],
			"to": [8.9, 2.4, 7.6],
			"rotation": {"angle": 0, "axis": "y", "origin": [8, 0.4, 8]},
			"faces": {
				"north": {"uv": [3, 5.5, 3.8, 11.3], "texture": "#0"},
				"east": {"uv": [2, 1, 6.7, 6.8], "texture": "#0"},
				"south": {"uv": [6, 1.5, 7.3, 7.3], "texture": "#0"},
				"west": {"uv": [2, 1, 6.7, 6.8], "texture": "#0"},
				"up": {"uv": [0, 0, 0.3, 1.2], "texture": "#0"},
				"down": {"uv": [0, 0, 0.3, 1.2], "texture": "#0"}
			}
		},
		{
			"name": "small wood",
			"from": [8, 1, 7.9],
			"to": [8.3, 3.8, 8.1],
			"rotation": {"angle": 0, "axis": "y", "origin": [8, 0.4, 8]},
			"faces": {
				"north": {"uv": [5.5, 4.5, 6.3, 10.8], "texture": "#0"},
				"east": {"uv": [2, 1, 6.7, 7.3], "texture": "#0"},
				"south": {"uv": [4.5, 1.5, 5.8, 7.8], "texture": "#0"},
				"west": {"uv": [2, 1, 6.7, 7.3], "texture": "#0"},
				"up": {"uv": [0, 0, 0.3, 1.2], "texture": "#0"},
				"down": {"uv": [0, 0, 0.3, 1.2], "texture": "#0"}
			}
		},
		{
			"name": "small wood",
			"from": [6.3, 1, 7.9],
			"to": [6.6, 3.8, 8.1],
			"rotation": {"angle": 0, "axis": "y", "origin": [8, 0.4, 8]},
			"faces": {
				"north": {"uv": [5.5, 4.5, 6.3, 10.8], "texture": "#0"},
				"east": {"uv": [2, 1, 6.7, 7.3], "texture": "#0"},
				"south": {"uv": [4.5, 1.5, 5.8, 7.8], "texture": "#0"},
				"west": {"uv": [2, 1, 6.7, 7.3], "texture": "#0"},
				"up": {"uv": [0, 0, 0.3, 1.2], "texture": "#0"},
				"down": {"uv": [0, 0, 0.3, 1.2], "texture": "#0"}
			}
		},
		{
			"name": "small wood",
			"from": [8.3, 1.2, 7.9],
			"to": [8.6, 3.7, 8.1],
			"rotation": {"angle": 0, "axis": "y", "origin": [8, 0.4, 8]},
			"faces": {
				"north": {"uv": [4.5, 5.5, 5.3, 11.5], "texture": "#0"},
				"east": {"uv": [2, 1, 6.7, 7], "texture": "#0"},
				"south": {"uv": [6, 1.5, 7.3, 7.5], "texture": "#0"},
				"west": {"uv": [2, 1, 6.7, 7], "texture": "#0"},
				"up": {"uv": [0, 0, 0.3, 1.2], "texture": "#0"},
				"down": {"uv": [0, 0, 0.3, 1.2], "texture": "#0"}
			}
		},
		{
			"name": "small wood",
			"from": [6, 1.2, 7.9],
			"to": [6.3, 3.7, 8.1],
			"rotation": {"angle": 0, "axis": "y", "origin": [8, 0.4, 8]},
			"faces": {
				"north": {"uv": [6.5, 4.5, 7.3, 10.5], "texture": "#0"},
				"east": {"uv": [2, 1, 6.7, 7], "texture": "#0"},
				"south": {"uv": [6.5, 1.5, 7.8, 7.5], "texture": "#0"},
				"west": {"uv": [2, 1, 6.7, 7], "texture": "#0"},
				"up": {"uv": [0, 0, 0.3, 1.2], "texture": "#0"},
				"down": {"uv": [0, 0, 0.3, 1.2], "texture": "#0"}
			}
		},
		{
			"name": "small wood",
			"from": [6.3, 1, 7.8],
			"to": [6.6, 3.2, 7.8],
			"rotation": {"angle": 0, "axis": "y", "origin": [8, 0.4, 8]},
			"faces": {
				"north": {"uv": [6, 4.5, 6.8, 10.8], "texture": "#0"},
				"east": {"uv": [2, 1, 6.7, 7.3], "texture": "#0"},
				"south": {"uv": [7.5, 1.5, 8.8, 7.8], "texture": "#0"},
				"west": {"uv": [2, 1, 6.7, 7.3], "texture": "#0"},
				"up": {"uv": [0, 0, 0.3, 1.2], "texture": "#0"},
				"down": {"uv": [0, 0, 0.3, 1.2], "texture": "#0"}
			}
		},
		{
			"name": "small wood",
			"from": [8.6, 1.3, 7.9],
			"to": [8.9, 3.6, 8.1],
			"rotation": {"angle": 0, "axis": "y", "origin": [8, 0.4, 8]},
			"faces": {
				"north": {"uv": [3, 5.5, 3.8, 11.3], "texture": "#0"},
				"east": {"uv": [2, 1, 6.7, 6.8], "texture": "#0"},
				"south": {"uv": [6, 1.5, 7.3, 7.3], "texture": "#0"},
				"west": {"uv": [2, 1, 6.7, 6.8], "texture": "#0"},
				"up": {"uv": [0, 0, 0.3, 1.2], "texture": "#0"},
				"down": {"uv": [0, 0, 0.3, 1.2], "texture": "#0"}
			}
		},
		{
			"name": "small wood",
			"from": [5.7, 1.3, 7.9],
			"to": [6, 3.6, 8.1],
			"rotation": {"angle": 0, "axis": "y", "origin": [8, 0.4, 8]},
			"faces": {
				"north": {"uv": [7, 4.5, 7.8, 10.3], "texture": "#0"},
				"east": {"uv": [2, 1, 6.7, 6.8], "texture": "#0"},
				"south": {"uv": [6, 1.5, 7.3, 7.3], "texture": "#0"},
				"west": {"uv": [2, 1, 6.7, 6.8], "texture": "#0"},
				"up": {"uv": [0, 0, 0.3, 1.2], "texture": "#0"},
				"down": {"uv": [0, 0, 0.3, 1.2], "texture": "#0"}
			}
		},
		{
			"name": "small wood",
			"from": [8.9, 1.4, 6.9],
			"to": [9.1, 3.5, 8.1],
			"rotation": {"angle": 0, "axis": "y", "origin": [8, 0.4, 8]},
			"faces": {
				"north": {"uv": [1.5, 6.5, 2.2, 12.1], "texture": "#0"},
				"east": {"uv": [2, 1, 6.7, 6.6], "texture": "#0"},
				"south": {"uv": [6, 2, 7.2, 7.6], "texture": "#0"},
				"west": {"uv": [2, 1, 6.7, 6.6], "texture": "#0"},
				"up": {"uv": [0, 0, 0.2, 1.2], "texture": "#0"},
				"down": {"uv": [0, 0, 0.2, 1.2], "texture": "#0"}
			}
		},
		{
			"name": "small wood",
			"from": [5.5, 1.4, 6.9],
			"to": [5.7, 3.5, 8.1],
			"rotation": {"angle": 0, "axis": "y", "origin": [8, 0.4, 8]},
			"faces": {
				"north": {"uv": [8, 4.5, 8.7, 10.1], "texture": "#0"},
				"east": {"uv": [2, 1, 6.7, 6.6], "texture": "#0"},
				"south": {"uv": [4.5, 1.5, 5.7, 7.1], "texture": "#0"},
				"west": {"uv": [2, 1, 6.7, 6.6], "texture": "#0"},
				"up": {"uv": [0, 0, 0.2, 1.2], "texture": "#0"},
				"down": {"uv": [0, 0, 0.2, 1.2], "texture": "#0"}
			}
		},
		{
			"name": "small wood",
			"from": [6.3, 3.5, 7.2],
			"to": [8.3, 5.8, 7.8],
			"rotation": {"angle": 0, "axis": "y", "origin": [8, 0.4, 8]},
			"faces": {
				"north": {"uv": [5.5, 4.5, 8, 10.3], "texture": "#0"},
				"east": {"uv": [2, 1, 6.1, 6.8], "texture": "#0"},
				"south": {"uv": [4.5, 1.5, 7.5, 7.3], "texture": "#0"},
				"west": {"uv": [2, 1, 6.1, 6.8], "texture": "#0"},
				"up": {"uv": [0, 0, 2, 0.6], "texture": "#0"},
				"down": {"uv": [0, 0, 2, 0.6], "texture": "#0"}
			}
		},
		{
			"name": "small wood",
			"from": [6.1, 5.2, 7.4],
			"to": [8.5, 5.4, 7.6],
			"rotation": {"angle": 0, "axis": "y", "origin": [8, 0, 8]},
			"faces": {
				"north": {"uv": [5.5, 4.5, 8.4, 8.2], "texture": "#0"},
				"east": {"uv": [3, 2.5, 4.2, 6.2], "texture": "#0"},
				"south": {"uv": [4.5, 1.5, 7.9, 5.2], "texture": "#0"},
				"west": {"uv": [3, 2.5, 4.2, 6.2], "texture": "#0"},
				"up": {"uv": [0, 0, 2.4, 0.2], "texture": "#0"},
				"down": {"uv": [0, 0, 2.4, 0.2], "texture": "#0"}
			}
		},
		{
			"name": "small wood",
			"from": [6.2, 3.8, 7.4],
			"to": [8.4, 5, 7.6],
			"rotation": {"angle": 0, "axis": "y", "origin": [8, 0, 8]},
			"faces": {
				"north": {"uv": [5.5, 4.5, 8.2, 9.2], "texture": "#0"},
				"east": {"uv": [5, 2.5, 4.2, 6.7], "texture": "#0"},
				"south": {"uv": [4.5, 1.5, 7.7, 6.2], "texture": "#0"},
				"west": {"uv": [6.5, 2.5, 4.2, 6.7], "texture": "#0"},
				"up": {"uv": [0, 0, 2.2, 0.2], "texture": "#0"},
				"down": {"uv": [0, 0, 2.2, 0.2], "texture": "#0"}
			}
		},
		{
			"name": "small wood",
			"from": [5.9, 3.8, 7.4],
			"to": [8.7, 4, 7.6],
			"rotation": {"angle": 0, "axis": "y", "origin": [8, 0.4, 8]},
			"faces": {
				"north": {"uv": [5.5, 4.5, 8.8, 8.2], "texture": "#0"},
				"east": {"uv": [3, 2.5, 4.2, 6.2], "texture": "#0"},
				"south": {"uv": [4.5, 1.5, 8.3, 5.2], "texture": "#0"},
				"west": {"uv": [3, 2.5, 4.2, 6.2], "texture": "#0"},
				"up": {"uv": [0, 0, 2.8, 0.2], "texture": "#0"},
				"down": {"uv": [0, 0, 2.8, 0.2], "texture": "#0"}
			}
		},
		{
			"name": "small wood",
			"from": [5.7, 3.7, 7.4],
			"to": [8.9, 3.9, 7.6],
			"rotation": {"angle": 0, "axis": "y", "origin": [8, 0.4, 8]},
			"faces": {
				"north": {"uv": [5.5, 4.5, 9.2, 8.2], "texture": "#0"},
				"east": {"uv": [3, 2.5, 4.2, 6.2], "texture": "#0"},
				"south": {"uv": [4.5, 1.5, 8.7, 5.2], "texture": "#0"},
				"west": {"uv": [3, 2.5, 4.2, 6.2], "texture": "#0"},
				"up": {"uv": [0, 0, 3.2, 0.2], "texture": "#0"},
				"down": {"uv": [0, 0, 3.2, 0.2], "texture": "#0"}
			}
		},
		{
			"name": "small wood",
			"from": [5.4, 3.6, 7.4],
			"to": [9.1, 3.8, 7.6],
			"rotation": {"angle": 0, "axis": "y", "origin": [8, 0.4, 8]},
			"faces": {
				"north": {"uv": [5.5, 4.5, 9.7, 8.2], "texture": "#0"},
				"east": {"uv": [3, 2.5, 4.2, 6.2], "texture": "#0"},
				"south": {"uv": [4.5, 1.5, 9.2, 5.2], "texture": "#0"},
				"west": {"uv": [3, 2.5, 4.2, 6.2], "texture": "#0"},
				"up": {"uv": [0, 0, 3.7, 0.2], "texture": "#0"},
				"down": {"uv": [0, 0, 3.7, 0.2], "texture": "#0"}
			}
		},
		{
			"name": "small wood",
			"from": [6.2, 5, 7.4],
			"to": [8.4, 5.2, 7.6],
			"rotation": {"angle": 0, "axis": "y", "origin": [8, 0, 8]},
			"faces": {
				"north": {"uv": [5.5, 4.5, 8.2, 8.2], "texture": "#0"},
				"east": {"uv": [3, 2.5, 4.2, 6.2], "texture": "#0"},
				"south": {"uv": [4.5, 1.5, 7.7, 5.2], "texture": "#0"},
				"west": {"uv": [3, 2.5, 4.2, 6.2], "texture": "#0"},
				"up": {"uv": [0, 0, 2.2, 0.2], "texture": "#0"},
				"down": {"uv": [0, 0, 2.2, 0.2], "texture": "#0"}
			}
		},
		{
			"name": "small wood",
			"from": [5.9, 5.4, 7],
			"to": [8.7, 5.5, 8],
			"rotation": {"angle": 0, "axis": "y", "origin": [8, 0, 8]},
			"faces": {
				"north": {"uv": [5.5, 4.5, 8.8, 8.1], "texture": "#0"},
				"east": {"uv": [2, 1, 6.5, 4.6], "texture": "#0"},
				"south": {"uv": [4.5, 1.5, 8.3, 5.1], "texture": "#0"},
				"west": {"uv": [2, 1, 6.5, 4.6], "texture": "#0"},
				"up": {"uv": [0, 0, 2.8, 1], "texture": "#0"},
				"down": {"uv": [0, 0, 2.8, 1], "texture": "#0"}
			}
		},
		{
			"name": "small wood",
			"from": [6.4, 6.6, 7],
			"to": [8.1, 6.8, 8],
			"rotation": {"angle": 0, "axis": "y", "origin": [8.1, 0.5, 8]},
			"faces": {
				"north": {"uv": [5.5, 4.5, 7.7, 8.2], "texture": "#0"},
				"east": {"uv": [2, 1, 6.5, 4.7], "texture": "#0"},
				"south": {"uv": [4.5, 1.5, 7.2, 5.2], "texture": "#0"},
				"west": {"uv": [2, 1, 6.5, 4.7], "texture": "#0"},
				"up": {"uv": [0, 0, 1.7, 1], "texture": "#0"},
				"down": {"uv": [0, 0, 1.7, 1], "texture": "#0"}
			}
		},
		{
			"name": "small wood",
			"from": [6.5, 6.8, 7],
			"to": [8, 6.9, 7.9],
			"rotation": {"angle": 0, "axis": "y", "origin": [8.1, 0.5, 8]},
			"faces": {
				"north": {"uv": [5.5, 4.5, 7.5, 8.1], "texture": "#0"},
				"east": {"uv": [2, 1, 6.4, 4.6], "texture": "#0"},
				"south": {"uv": [4.5, 1.5, 7, 5.1], "texture": "#0"},
				"west": {"uv": [2, 1, 6.4, 4.6], "texture": "#0"},
				"up": {"uv": [0, 0, 1.5, 0.9], "texture": "#0"},
				"down": {"uv": [0, 0, 1.5, 0.9], "texture": "#0"}
			}
		},
		{
			"name": "small wood",
			"from": [6.6, 6.9, 7],
			"to": [7.9, 7.1, 7.8],
			"rotation": {"angle": 0, "axis": "y", "origin": [8.1, 0.5, 8]},
			"faces": {
				"north": {"uv": [5.5, 4.5, 7.3, 8.2], "texture": "#0"},
				"east": {"uv": [2, 1, 6.3, 4.7], "texture": "#0"},
				"south": {"uv": [4.5, 1.5, 6.8, 5.2], "texture": "#0"},
				"west": {"uv": [2, 1, 6.3, 4.7], "texture": "#0"},
				"up": {"uv": [0, 0, 1.3, 0.8], "texture": "#0"},
				"down": {"uv": [0, 0, 1.3, 0.8], "texture": "#0"}
			}
		},
		{
			"name": "small wood",
			"from": [6.8, 7.1, 7],
			"to": [7.7, 7.3, 7.7],
			"rotation": {"angle": 0, "axis": "y", "origin": [8.1, 0.5, 8]},
			"faces": {
				"north": {"uv": [5.5, 4.5, 6.9, 8.2], "texture": "#0"},
				"east": {"uv": [2, 1, 6.2, 4.7], "texture": "#0"},
				"south": {"uv": [4.5, 1.5, 6.4, 5.2], "texture": "#0"},
				"west": {"uv": [2, 1, 6.2, 4.7], "texture": "#0"},
				"up": {"uv": [0, 0, 0.9, 0.7], "texture": "#0"},
				"down": {"uv": [0, 0, 0.9, 0.7], "texture": "#0"}
			}
		},
		{
			"name": "small wood",
			"from": [6.9, 7.3, 7],
			"to": [7.6, 7.5, 7.7],
			"rotation": {"angle": 0, "axis": "y", "origin": [8.1, 0.5, 8]},
			"faces": {
				"north": {"uv": [5.5, 4.5, 6.7, 8.2], "texture": "#0"},
				"east": {"uv": [2, 1, 6.2, 4.7], "texture": "#0"},
				"south": {"uv": [4.5, 1.5, 6.2, 5.2], "texture": "#0"},
				"west": {"uv": [2, 1, 6.2, 4.7], "texture": "#0"},
				"up": {"uv": [0, 0, 0.7, 0.7], "texture": "#0"},
				"down": {"uv": [0, 0, 0.7, 0.7], "texture": "#0"}
			}
		},
		{
			"name": "small wood",
			"from": [5.9, 5.3, 7.1],
			"to": [8.7, 5.4, 7.8],
			"rotation": {"angle": 0, "axis": "y", "origin": [8, 0, 8]},
			"faces": {
				"north": {"uv": [5.5, 4.5, 8.8, 8.1], "texture": "#0"},
				"east": {"uv": [2, 1, 6.2, 4.6], "texture": "#0"},
				"south": {"uv": [4.5, 1.5, 8.3, 5.1], "texture": "#0"},
				"west": {"uv": [2, 1, 6.2, 4.6], "texture": "#0"},
				"up": {"uv": [0, 0, 2.8, 0.7], "texture": "#0"},
				"down": {"uv": [0, 0, 2.8, 0.7], "texture": "#0"}
			}
		},
		{
			"name": "small wood",
			"from": [10.4, 5.8, 7],
			"to": [11.3, 6, 8],
			"rotation": {"angle": 45, "axis": "z", "origin": [8.1, 0.5, 8]},
			"faces": {
				"north": {"uv": [5.5, 4.5, 6.9, 8.2], "texture": "#0"},
				"east": {"uv": [2, 1, 6.5, 4.7], "texture": "#0"},
				"south": {"uv": [4.5, 1.5, 6.4, 5.2], "texture": "#0"},
				"west": {"uv": [2, 1, 6.5, 4.7], "texture": "#0"},
				"up": {"uv": [0, 0, 0.9, 1], "texture": "#0"},
				"down": {"uv": [0, 0, 0.9, 1], "texture": "#0"}
			}
		}
	],
	"display": {
		"thirdperson_righthand": {
			"rotation": [85.25, 0, 0],
			"translation": [2.25, 1, 9.5],
			"scale": [3.25195, 3.25195, 3.25195]
		},
		"thirdperson_lefthand": {
			"rotation": [85.25, 0, 0],
			"translation": [-0.75, 1, 9.5],
			"scale": [3.25195, 3.25195, 3.25195]
		},
		"firstperson_righthand": {
			"rotation": [21.5, 0, 0],
			"translation": [7, -1, 0],
			"scale": [4, 4, 4]
		},
		"firstperson_lefthand": {
			"rotation": [21.5, 0, 0],
			"translation": [2, -0.75, 0],
			"scale": [4, 4, 4]
		},
		"ground": {
			"translation": [0, 15.75, 0],
			"scale": [2.36133, 2.36133, 2.36133]
		},
		"gui": {
			"rotation": [178.03, 2.91, -145.74],
			"translation": [0, 2.75, 0],
			"scale": [1.7793, 1.7793, 1.7793]
		},
		"head": {
			"rotation": [178.75, 2.14, -149.5],
			"translation": [3.5, -4.5, 2.75],
			"scale": [3.89453, 3.89453, 3.89453]
		},
		"fixed": {
			"translation": [2.25, 3.75, 0],
			"scale": [2, 2, 2]
		}
	}
}