{
	"credit": "Made with Blockbench",
	"textures": {
		"0": "block/light_gray_wool",
		"1": "block/stripped_dark_oak_log",
		"2": "block/stripped_spruce_log",
		"particle": "block/light_gray_wool"
	},
	"elements": [
		{
			"name": "sticks",
			"from": [4.9, -4.5, 6.1],
			"to": [5.2, -4.2, 6.4],
			"rotation": {"angle": -45, "axis": "x", "origin": [3, 0, -1.5]},
			"faces": {
				"north": {"uv": [5, 4, 7.3, 7.8], "texture": "#2"},
				"east": {"uv": [5, 4, 7.3, 6.3], "texture": "#2"},
				"south": {"uv": [5, 4, 7.3, 6.3], "texture": "#2"},
				"west": {"uv": [5, 4, 7.3, 6.3], "texture": "#2"},
				"up": {"uv": [0, 0, 0.3, 0.3], "texture": "#2"},
				"down": {"uv": [0, 0, 0.3, 0.3], "texture": "#2"}
			}
		},
		{
			"name": "sticks",
			"from": [5, -6.3, 6.2],
			"to": [5.1, -4.1, 6.3],
			"rotation": {"angle": -45, "axis": "x", "origin": [3, 0, -1.5]},
			"faces": {
				"north": {"uv": [5, 4, 7.1, 7.8], "texture": "#2"},
				"east": {"uv": [5, 4, 7.1, 6.3], "texture": "#2"},
				"south": {"uv": [5, 4, 7.1, 6.3], "texture": "#2"},
				"west": {"uv": [5, 4, 7.1, 6.3], "texture": "#2"},
				"up": {"uv": [0, 0, 0.1, 0.1], "texture": "#2"},
				"down": {"uv": [0, 0, 0.1, 0.1], "texture": "#2"}
			}
		},
		{
			"name": "sticks",
			"from": [4.3, 2.3, 7.9],
			"to": [4.4, 3.9, 8],
			"rotation": {"angle": -22.5, "axis": "z", "origin": [3, 0, -1.5]},
			"faces": {
				"north": {"uv": [5, 4, 7.1, 7.8], "texture": "#2"},
				"east": {"uv": [5, 4, 7.1, 6.3], "texture": "#2"},
				"south": {"uv": [5, 4, 7.1, 6.3], "texture": "#2"},
				"west": {"uv": [5, 4, 7.1, 6.3], "texture": "#2"},
				"up": {"uv": [0, 0, 0.1, 0.1], "texture": "#2"},
				"down": {"uv": [0, 0, 0.1, 0.1], "texture": "#2"}
			}
		},
		{
			"name": "sticks",
			"from": [4.2, 3.5, 7.8],
			"to": [4.5, 3.8, 8.1],
			"rotation": {"angle": -22.5, "axis": "z", "origin": [3, 0, -1.5]},
			"faces": {
				"north": {"uv": [5, 4, 7.3, 7.8], "texture": "#2"},
				"east": {"uv": [5, 4, 7.3, 6.3], "texture": "#2"},
				"south": {"uv": [5, 4, 7.3, 6.3], "texture": "#2"},
				"west": {"uv": [5, 4, 7.3, 6.3], "texture": "#2"},
				"up": {"uv": [0, 0, 0.3, 0.3], "texture": "#2"},
				"down": {"uv": [0, 0, 0.3, 0.3], "texture": "#2"}
			}
		},
		{
			"name": "plonks",
			"from": [9.9, 0, 7.8],
			"to": [10.3, 1.3, 7.9],
			"rotation": {"angle": 0, "axis": "z", "origin": [19.4, 1.3, 0]},
			"faces": {
				"north": {"uv": [13.4, 7.5, 16, 14.2], "rotation": 180, "texture": "#0"},
				"east": {"uv": [11.9, 7.5, 13.1, 14.2], "rotation": 180, "texture": "#0"},
				"south": {"uv": [11.9, 7.5, 13.5, 14.2], "rotation": 180, "texture": "#0"},
				"west": {"uv": [11.9, 7.5, 13.1, 14.2], "rotation": 180, "texture": "#0"},
				"up": {"uv": [5, 1, 6.6, 2.7], "rotation": 180, "texture": "#0"},
				"down": {"uv": [5, 1, 6.6, 2.7], "rotation": 180, "texture": "#0"}
			}
		},
		{
			"name": "plonks",
			"from": [10.4, 0, 7.8],
			"to": [10.8, 1.3, 7.9],
			"rotation": {"angle": 0, "axis": "z", "origin": [19.4, 1.3, 0]},
			"faces": {
				"north": {"uv": [13.4, 7.5, 16, 14.2], "rotation": 180, "texture": "#0"},
				"east": {"uv": [11.9, 7.5, 13.1, 14.2], "rotation": 180, "texture": "#0"},
				"south": {"uv": [11.9, 7.5, 13.5, 14.2], "rotation": 180, "texture": "#0"},
				"west": {"uv": [11.9, 7.5, 13.1, 14.2], "rotation": 180, "texture": "#0"},
				"up": {"uv": [5, 1, 6.6, 2.7], "rotation": 180, "texture": "#0"},
				"down": {"uv": [5, 1, 6.6, 2.7], "rotation": 180, "texture": "#0"}
			}
		},
		{
			"name": "plonks",
			"from": [10.9, -0.1, 7.8],
			"to": [11.3, 1.3, 7.9],
			"rotation": {"angle": 0, "axis": "z", "origin": [19.4, 1.3, 0]},
			"faces": {
				"north": {"uv": [13.4, 7.5, 16, 14.2], "rotation": 180, "texture": "#0"},
				"east": {"uv": [11.9, 7.5, 13.1, 14.2], "rotation": 180, "texture": "#0"},
				"south": {"uv": [11.9, 7.5, 13.5, 14.2], "rotation": 180, "texture": "#0"},
				"west": {"uv": [11.9, 7.5, 13.1, 14.2], "rotation": 180, "texture": "#0"},
				"up": {"uv": [5, 1, 6.6, 2.7], "rotation": 180, "texture": "#0"},
				"down": {"uv": [5, 1, 6.6, 2.7], "rotation": 180, "texture": "#0"}
			}
		},
		{
			"name": "plonks",
			"from": [11.4, -0.1, 7.8],
			"to": [11.8, 1.3, 7.9],
			"rotation": {"angle": 0, "axis": "z", "origin": [19.4, 1.3, 0]},
			"faces": {
				"north": {"uv": [13.4, 7.5, 16, 14.2], "rotation": 180, "texture": "#0"},
				"east": {"uv": [11.9, 7.5, 13.1, 14.2], "rotation": 180, "texture": "#0"},
				"south": {"uv": [11.9, 7.5, 13.5, 14.2], "rotation": 180, "texture": "#0"},
				"west": {"uv": [11.9, 7.5, 13.1, 14.2], "rotation": 180, "texture": "#0"},
				"up": {"uv": [5, 1, 6.6, 2.7], "rotation": 180, "texture": "#0"},
				"down": {"uv": [5, 1, 6.6, 2.7], "rotation": 180, "texture": "#0"}
			}
		},
		{
			"name": "plonks",
			"from": [11.9, -0.2, 7.8],
			"to": [12.3, 1.3, 7.9],
			"rotation": {"angle": 0, "axis": "z", "origin": [19.4, 1.3, 0]},
			"faces": {
				"north": {"uv": [13.4, 7.5, 16, 14.2], "rotation": 180, "texture": "#0"},
				"east": {"uv": [11.9, 7.5, 13.1, 14.2], "rotation": 180, "texture": "#0"},
				"south": {"uv": [11.9, 7.5, 13.5, 14.2], "rotation": 180, "texture": "#0"},
				"west": {"uv": [11.9, 7.5, 13.1, 14.2], "rotation": 180, "texture": "#0"},
				"up": {"uv": [5, 1, 6.6, 2.7], "rotation": 180, "texture": "#0"},
				"down": {"uv": [5, 1, 6.6, 2.7], "rotation": 180, "texture": "#0"}
			}
		},
		{
			"name": "plonks",
			"from": [12.4, -0.2, 7.8],
			"to": [12.8, 1.3, 7.9],
			"rotation": {"angle": 0, "axis": "z", "origin": [19.4, 1.3, 0]},
			"faces": {
				"north": {"uv": [13.4, 7.5, 16, 14.2], "rotation": 180, "texture": "#0"},
				"east": {"uv": [11.9, 7.5, 13.1, 14.2], "rotation": 180, "texture": "#0"},
				"south": {"uv": [11.9, 7.5, 13.5, 14.2], "rotation": 180, "texture": "#0"},
				"west": {"uv": [11.9, 7.5, 13.1, 14.2], "rotation": 180, "texture": "#0"},
				"up": {"uv": [5, 1, 6.6, 2.7], "rotation": 180, "texture": "#0"},
				"down": {"uv": [5, 1, 6.6, 2.7], "rotation": 180, "texture": "#0"}
			}
		},
		{
			"name": "plonks",
			"from": [12.9, -0.3, 7.8],
			"to": [13.3, 1.3, 7.9],
			"rotation": {"angle": 0, "axis": "z", "origin": [19.4, 1.3, 0]},
			"faces": {
				"north": {"uv": [13.4, 7.5, 16, 14.2], "rotation": 180, "texture": "#0"},
				"east": {"uv": [11.9, 7.5, 13.1, 14.2], "rotation": 180, "texture": "#0"},
				"south": {"uv": [11.9, 7.5, 13.5, 14.2], "rotation": 180, "texture": "#0"},
				"west": {"uv": [11.9, 7.5, 13.1, 14.2], "rotation": 180, "texture": "#0"},
				"up": {"uv": [5, 1, 6.6, 2.7], "rotation": 180, "texture": "#0"},
				"down": {"uv": [5, 1, 6.6, 2.7], "rotation": 180, "texture": "#0"}
			}
		},
		{
			"name": "plonks",
			"from": [13.4, -0.4, 7.8],
			"to": [13.8, 1.3, 7.9],
			"rotation": {"angle": 0, "axis": "z", "origin": [19.4, 1.3, 0]},
			"faces": {
				"north": {"uv": [13.4, 7.5, 16, 14.2], "rotation": 180, "texture": "#0"},
				"east": {"uv": [11.9, 7.5, 13.1, 14.2], "rotation": 180, "texture": "#0"},
				"south": {"uv": [11.9, 7.5, 13.5, 14.2], "rotation": 180, "texture": "#0"},
				"west": {"uv": [11.9, 7.5, 13.1, 14.2], "rotation": 180, "texture": "#0"},
				"up": {"uv": [5, 1, 6.6, 2.7], "rotation": 180, "texture": "#0"},
				"down": {"uv": [5, 1, 6.6, 2.7], "rotation": 180, "texture": "#0"}
			}
		},
		{
			"name": "plonks",
			"from": [13.9, -0.4, 7.8],
			"to": [14.3, 1.3, 7.9],
			"rotation": {"angle": 0, "axis": "z", "origin": [19.4, 1.3, 0]},
			"faces": {
				"north": {"uv": [13.4, 7.5, 16, 14.2], "rotation": 180, "texture": "#0"},
				"east": {"uv": [11.9, 7.5, 13.1, 14.2], "rotation": 180, "texture": "#0"},
				"south": {"uv": [11.9, 7.5, 13.5, 14.2], "rotation": 180, "texture": "#0"},
				"west": {"uv": [11.9, 7.5, 13.1, 14.2], "rotation": 180, "texture": "#0"},
				"up": {"uv": [5, 1, 6.6, 2.7], "rotation": 180, "texture": "#0"},
				"down": {"uv": [5, 1, 6.6, 2.7], "rotation": 180, "texture": "#0"}
			}
		},
		{
			"name": "plonks",
			"from": [9.4, 0.1, 7.8],
			"to": [9.8, 1.3, 7.9],
			"rotation": {"angle": 0, "axis": "z", "origin": [19.4, 1.3, 0]},
			"faces": {
				"north": {"uv": [13.4, 7.5, 16, 14], "rotation": 180, "texture": "#0"},
				"east": {"uv": [11.9, 7.5, 13.1, 14], "rotation": 180, "texture": "#0"},
				"south": {"uv": [11.9, 7.5, 13.5, 14], "rotation": 180, "texture": "#0"},
				"west": {"uv": [11.9, 7.5, 13.1, 14], "rotation": 180, "texture": "#0"},
				"up": {"uv": [5, 1, 6.6, 2.7], "rotation": 180, "texture": "#0"},
				"down": {"uv": [5, 1, 6.6, 2.7], "rotation": 180, "texture": "#0"}
			}
		},
		{
			"name": "plonks",
			"from": [8.9, 0.1, 7.8],
			"to": [9.3, 1.3, 7.9],
			"rotation": {"angle": 0, "axis": "z", "origin": [19.4, 1.3, 0]},
			"faces": {
				"north": {"uv": [13.4, 7.5, 16, 13.8], "rotation": 180, "texture": "#0"},
				"east": {"uv": [11.9, 7.5, 13.1, 13.8], "rotation": 180, "texture": "#0"},
				"south": {"uv": [11.9, 7.5, 13.5, 13.8], "rotation": 180, "texture": "#0"},
				"west": {"uv": [11.9, 7.5, 13.1, 13.8], "rotation": 180, "texture": "#0"},
				"up": {"uv": [5, 1, 6.6, 2.7], "rotation": 180, "texture": "#0"},
				"down": {"uv": [5, 1, 6.6, 2.7], "rotation": 180, "texture": "#0"}
			}
		},
		{
			"name": "plonks",
			"from": [8.4, 0.2, 7.8],
			"to": [8.8, 1.3, 7.9],
			"rotation": {"angle": 0, "axis": "z", "origin": [19.4, 1.3, 0]},
			"faces": {
				"north": {"uv": [13.4, 7.5, 16, 13.6], "rotation": 180, "texture": "#0"},
				"east": {"uv": [11.9, 7.5, 13.1, 13.6], "rotation": 180, "texture": "#0"},
				"south": {"uv": [11.9, 7.5, 13.5, 13.6], "rotation": 180, "texture": "#0"},
				"west": {"uv": [11.9, 7.5, 13.1, 13.6], "rotation": 180, "texture": "#0"},
				"up": {"uv": [5, 1, 6.6, 2.7], "rotation": 180, "texture": "#0"},
				"down": {"uv": [5, 1, 6.6, 2.7], "rotation": 180, "texture": "#0"}
			}
		},
		{
			"name": "plonks",
			"from": [7.9, 0.2, 7.8],
			"to": [8.3, 1.3, 7.9],
			"rotation": {"angle": 0, "axis": "z", "origin": [19.4, 1.3, 0]},
			"faces": {
				"north": {"uv": [13.4, 7.5, 16, 13.5], "rotation": 180, "texture": "#0"},
				"east": {"uv": [11.9, 7.5, 13.1, 13.5], "rotation": 180, "texture": "#0"},
				"south": {"uv": [11.9, 7.5, 13.5, 13.5], "rotation": 180, "texture": "#0"},
				"west": {"uv": [11.9, 7.5, 13.1, 13.5], "rotation": 180, "texture": "#0"},
				"up": {"uv": [5, 1, 6.6, 2.7], "rotation": 180, "texture": "#0"},
				"down": {"uv": [5, 1, 6.6, 2.7], "rotation": 180, "texture": "#0"}
			}
		},
		{
			"name": "plonks",
			"from": [13.2, 1.4, 7.8],
			"to": [13.5, 2.5, 7.9],
			"rotation": {"angle": 0, "axis": "z", "origin": [19.4, 1.3, 0]},
			"faces": {
				"north": {"uv": [13.4, 7.5, 16, 14.2], "rotation": 180, "texture": "#0"},
				"east": {"uv": [11.9, 7.5, 13.1, 14.2], "rotation": 180, "texture": "#0"},
				"south": {"uv": [11.9, 7.5, 13.5, 14.2], "rotation": 180, "texture": "#0"},
				"west": {"uv": [11.9, 7.5, 13.1, 14.2], "rotation": 180, "texture": "#0"},
				"up": {"uv": [5, 1, 6.6, 2.7], "rotation": 180, "texture": "#0"},
				"down": {"uv": [5, 1, 6.6, 2.7], "rotation": 180, "texture": "#0"}
			}
		},
		{
			"name": "plonks",
			"from": [14, 1.4, 7.8],
			"to": [14.3, 2.7, 7.9],
			"rotation": {"angle": 0, "axis": "z", "origin": [19.4, 1.3, 0]},
			"faces": {
				"north": {"uv": [13.4, 7.5, 16, 14.2], "rotation": 180, "texture": "#0"},
				"east": {"uv": [11.9, 7.5, 13.1, 14.2], "rotation": 180, "texture": "#0"},
				"south": {"uv": [11.9, 7.5, 13.5, 14.2], "rotation": 180, "texture": "#0"},
				"west": {"uv": [11.9, 7.5, 13.1, 14.2], "rotation": 180, "texture": "#0"},
				"up": {"uv": [5, 1, 6.6, 2.7], "rotation": 180, "texture": "#0"},
				"down": {"uv": [5, 1, 6.6, 2.7], "rotation": 180, "texture": "#0"}
			}
		},
		{
			"name": "plonks",
			"from": [13.6, 1.4, 7.8],
			"to": [13.9, 2.6, 7.9],
			"rotation": {"angle": 0, "axis": "z", "origin": [19.4, 1.3, 0]},
			"faces": {
				"north": {"uv": [13.4, 7.5, 16, 14.2], "rotation": 180, "texture": "#0"},
				"east": {"uv": [11.9, 7.5, 13.1, 14.2], "rotation": 180, "texture": "#0"},
				"south": {"uv": [11.9, 7.5, 13.5, 14.2], "rotation": 180, "texture": "#0"},
				"west": {"uv": [11.9, 7.5, 13.1, 14.2], "rotation": 180, "texture": "#0"},
				"up": {"uv": [5, 1, 6.6, 2.7], "rotation": 180, "texture": "#0"},
				"down": {"uv": [5, 1, 6.6, 2.7], "rotation": 180, "texture": "#0"}
			}
		},
		{
			"name": "plonks",
			"from": [10.3, 1.4, 7.8],
			"to": [10.6, 2.1, 7.9],
			"rotation": {"angle": 0, "axis": "z", "origin": [19.4, 1.3, 0]},
			"faces": {
				"north": {"uv": [13.4, 7.5, 16, 14.2], "rotation": 180, "texture": "#0"},
				"east": {"uv": [11.9, 7.5, 13.1, 14.2], "rotation": 180, "texture": "#0"},
				"south": {"uv": [11.9, 7.5, 13.5, 14.2], "rotation": 180, "texture": "#0"},
				"west": {"uv": [11.9, 7.5, 13.1, 14.2], "rotation": 180, "texture": "#0"},
				"up": {"uv": [5, 1, 6.6, 2.7], "rotation": 180, "texture": "#0"},
				"down": {"uv": [5, 1, 6.6, 2.7], "rotation": 180, "texture": "#0"}
			}
		},
		{
			"name": "plonks",
			"from": [10.7, 1.4, 7.8],
			"to": [11, 2.2, 7.9],
			"rotation": {"angle": 0, "axis": "z", "origin": [19.4, 1.3, 0]},
			"faces": {
				"north": {"uv": [13.4, 7.5, 16, 14.2], "rotation": 180, "texture": "#0"},
				"east": {"uv": [11.9, 7.5, 13.1, 14.2], "rotation": 180, "texture": "#0"},
				"south": {"uv": [11.9, 7.5, 13.5, 14.2], "rotation": 180, "texture": "#0"},
				"west": {"uv": [11.9, 7.5, 13.1, 14.2], "rotation": 180, "texture": "#0"},
				"up": {"uv": [5, 1, 6.6, 2.7], "rotation": 180, "texture": "#0"},
				"down": {"uv": [5, 1, 6.6, 2.7], "rotation": 180, "texture": "#0"}
			}
		},
		{
			"name": "plonks",
			"from": [9.9, 1.4, 7.8],
			"to": [10.2, 2, 7.9],
			"rotation": {"angle": 0, "axis": "z", "origin": [19.4, 1.3, 0]},
			"faces": {
				"north": {"uv": [13.4, 7.5, 16, 14.2], "rotation": 180, "texture": "#0"},
				"east": {"uv": [11.9, 7.5, 13.1, 14.2], "rotation": 180, "texture": "#0"},
				"south": {"uv": [11.9, 7.5, 13.5, 14.2], "rotation": 180, "texture": "#0"},
				"west": {"uv": [11.9, 7.5, 13.1, 14.2], "rotation": 180, "texture": "#0"},
				"up": {"uv": [5, 1, 6.6, 2.7], "rotation": 180, "texture": "#0"},
				"down": {"uv": [5, 1, 6.6, 2.7], "rotation": 180, "texture": "#0"}
			}
		},
		{
			"name": "plonks",
			"from": [12.2, 1.4, 7.8],
			"to": [12.5, 2.4, 7.9],
			"rotation": {"angle": 0, "axis": "z", "origin": [19.4, 1.3, 0]},
			"faces": {
				"north": {"uv": [13.4, 7.5, 16, 14.2], "rotation": 180, "texture": "#0"},
				"east": {"uv": [11.9, 7.5, 13.1, 14.2], "rotation": 180, "texture": "#0"},
				"south": {"uv": [11.9, 7.5, 13.5, 14.2], "rotation": 180, "texture": "#0"},
				"west": {"uv": [11.9, 7.5, 13.1, 14.2], "rotation": 180, "texture": "#0"},
				"up": {"uv": [5, 1, 6.6, 2.7], "rotation": 180, "texture": "#0"},
				"down": {"uv": [5, 1, 6.6, 2.7], "rotation": 180, "texture": "#0"}
			}
		},
		{
			"name": "plonks",
			"from": [11.7, 1.4, 7.8],
			"to": [12, 2.3, 7.9],
			"rotation": {"angle": 0, "axis": "z", "origin": [19.4, 1.3, 0]},
			"faces": {
				"north": {"uv": [13.4, 7.5, 16, 14.2], "rotation": 180, "texture": "#0"},
				"east": {"uv": [11.9, 7.5, 13.1, 14.2], "rotation": 180, "texture": "#0"},
				"south": {"uv": [11.9, 7.5, 13.5, 14.2], "rotation": 180, "texture": "#0"},
				"west": {"uv": [11.9, 7.5, 13.1, 14.2], "rotation": 180, "texture": "#0"},
				"up": {"uv": [5, 1, 6.6, 2.7], "rotation": 180, "texture": "#0"},
				"down": {"uv": [5, 1, 6.6, 2.7], "rotation": 180, "texture": "#0"}
			}
		},
		{
			"name": "plonks",
			"from": [8.6, 1.4, 7.8],
			"to": [8.8, 1.9, 7.9],
			"rotation": {"angle": 0, "axis": "z", "origin": [19.4, 1.3, 0]},
			"faces": {
				"north": {"uv": [13.4, 7.5, 16, 14.2], "rotation": 180, "texture": "#0"},
				"east": {"uv": [11.9, 7.5, 13.1, 14.2], "rotation": 180, "texture": "#0"},
				"south": {"uv": [11.9, 7.5, 13.5, 14.2], "rotation": 180, "texture": "#0"},
				"west": {"uv": [11.9, 7.5, 13.1, 14.2], "rotation": 180, "texture": "#0"},
				"up": {"uv": [5, 1, 6.6, 2.7], "rotation": 180, "texture": "#0"},
				"down": {"uv": [5, 1, 6.6, 2.7], "rotation": 180, "texture": "#0"}
			}
		},
		{
			"name": "plonks",
			"from": [9, 1.4, 7.8],
			"to": [9.2, 1.9, 7.9],
			"rotation": {"angle": 0, "axis": "z", "origin": [19.4, 1.3, 0]},
			"faces": {
				"north": {"uv": [13.4, 7.5, 16, 14.2], "rotation": 180, "texture": "#0"},
				"east": {"uv": [11.9, 7.5, 13.1, 14.2], "rotation": 180, "texture": "#0"},
				"south": {"uv": [11.9, 7.5, 13.5, 14.2], "rotation": 180, "texture": "#0"},
				"west": {"uv": [11.9, 7.5, 13.1, 14.2], "rotation": 180, "texture": "#0"},
				"up": {"uv": [5, 1, 6.6, 2.7], "rotation": 180, "texture": "#0"},
				"down": {"uv": [5, 1, 6.6, 2.7], "rotation": 180, "texture": "#0"}
			}
		},
		{
			"name": "backwood",
			"from": [8.9, -2.2, 8],
			"to": [14.4, -1.9, 8.2],
			"rotation": {"angle": 22.5, "axis": "z", "origin": [3, 0, 0]},
			"faces": {
				"north": {"uv": [2, 3, 7, 7.4], "rotation": 180, "texture": "#1"},
				"east": {"uv": [2, 3, 5.7, 5.4], "texture": "#1"},
				"south": {"uv": [2, 3, 9, 5.4], "texture": "#1"},
				"west": {"uv": [2, 3, 5.7, 5.4], "texture": "#1"},
				"up": {"uv": [0, 0, 1.5, 2.2], "rotation": 180, "texture": "#1"},
				"down": {"uv": [0, 0, 1.5, 2.2], "rotation": 180, "texture": "#1"}
			}
		},
		{
			"name": "backwood",
			"from": [9.6, 1.8, 8],
			"to": [11.5, 2.1, 8.2],
			"rotation": {"angle": 0, "axis": "z", "origin": [3, 0, 0]},
			"faces": {
				"north": {"uv": [2, 3, 7, 7.4], "rotation": 180, "texture": "#1"},
				"east": {"uv": [2, 3, 5.7, 5.4], "texture": "#1"},
				"south": {"uv": [2, 3, 9, 5.4], "texture": "#1"},
				"west": {"uv": [2, 3, 5.7, 5.4], "texture": "#1"},
				"up": {"uv": [0, 0, 1.5, 2.2], "rotation": 180, "texture": "#1"},
				"down": {"uv": [0, 0, 1.5, 2.2], "rotation": 180, "texture": "#1"}
			}
		},
		{
			"name": "backwood",
			"from": [8, 1.6, 8],
			"to": [9.6, 1.9, 8.2],
			"rotation": {"angle": 0, "axis": "z", "origin": [3, 0, 0]},
			"faces": {
				"north": {"uv": [2, 3, 7, 7.4], "rotation": 180, "texture": "#1"},
				"east": {"uv": [2, 3, 5.7, 5.4], "texture": "#1"},
				"south": {"uv": [2, 3, 9, 5.4], "texture": "#1"},
				"west": {"uv": [2, 3, 5.7, 5.4], "texture": "#1"},
				"up": {"uv": [0, 0, 1.5, 2.2], "rotation": 180, "texture": "#1"},
				"down": {"uv": [0, 0, 1.5, 2.2], "rotation": 180, "texture": "#1"}
			}
		},
		{
			"name": "backwood",
			"from": [11.5, 2, 8],
			"to": [13.2, 2.3, 8.2],
			"rotation": {"angle": 0, "axis": "z", "origin": [3, 0, 0]},
			"faces": {
				"north": {"uv": [2, 3, 7, 7.4], "rotation": 180, "texture": "#1"},
				"east": {"uv": [2, 3, 5.7, 5.4], "texture": "#1"},
				"south": {"uv": [2, 3, 9, 5.4], "texture": "#1"},
				"west": {"uv": [2, 3, 5.7, 5.4], "texture": "#1"},
				"up": {"uv": [0, 0, 1.5, 2.2], "rotation": 180, "texture": "#1"},
				"down": {"uv": [0, 0, 1.5, 2.2], "rotation": 180, "texture": "#1"}
			}
		},
		{
			"name": "backwood",
			"from": [8.5, 0.1, 8],
			"to": [14, 0.5, 8.2],
			"rotation": {"angle": 0, "axis": "y", "origin": [3, -1.5, 0]},
			"faces": {
				"north": {"uv": [2, 3, 7, 7.4], "rotation": 180, "texture": "#1"},
				"east": {"uv": [2, 3, 5.7, 5.4], "texture": "#1"},
				"south": {"uv": [2, 3, 9, 5.4], "texture": "#1"},
				"west": {"uv": [2, 3, 5.7, 5.4], "texture": "#1"},
				"up": {"uv": [0, 0, 1.5, 2.2], "rotation": 180, "texture": "#1"},
				"down": {"uv": [0, 0, 1.5, 2.2], "rotation": 180, "texture": "#1"}
			}
		},
		{
			"name": "backwood",
			"from": [4.4, 0.1, 9.3],
			"to": [5, 1.9, 9.6],
			"rotation": {"angle": 22.5, "axis": "y", "origin": [3, 0, 0]},
			"faces": {
				"north": {"uv": [2, 3, 4.2, 7.4], "rotation": 180, "texture": "#1"},
				"east": {"uv": [2, 3, 5.8, 5.4], "texture": "#1"},
				"south": {"uv": [2, 3, 6.2, 5.4], "texture": "#1"},
				"west": {"uv": [2, 3, 5.8, 5.4], "texture": "#1"},
				"up": {"uv": [0, 0, 0, 2.3], "rotation": 180, "texture": "#1"},
				"down": {"uv": [0, 0, 0, 2.3], "rotation": 180, "texture": "#1"}
			}
		},
		{
			"name": "backwood",
			"from": [16.2, -0.45, 3.1],
			"to": [16.9, 2.75, 3.4],
			"rotation": {"angle": -22.5, "axis": "y", "origin": [3, 0, 0]},
			"faces": {
				"north": {"uv": [2, 3, 4.2, 7.4], "rotation": 180, "texture": "#1"},
				"east": {"uv": [2, 3, 5.8, 5.4], "texture": "#1"},
				"south": {"uv": [2, 3, 6.2, 5.4], "texture": "#1"},
				"west": {"uv": [2, 3, 5.8, 5.4], "texture": "#1"},
				"up": {"uv": [0, 0, 0, 2.3], "rotation": 180, "texture": "#1"},
				"down": {"uv": [0, 0, 0, 2.3], "rotation": 180, "texture": "#1"}
			}
		},
		{
			"name": "backwood",
			"from": [13.2, 2.3, 8],
			"to": [14.5, 2.6, 8.2],
			"rotation": {"angle": 0, "axis": "z", "origin": [3, 0, 0]},
			"faces": {
				"north": {"uv": [2, 3, 7, 7.4], "rotation": 180, "texture": "#1"},
				"east": {"uv": [2, 3, 5.7, 5.4], "texture": "#1"},
				"south": {"uv": [2, 3, 9, 5.4], "texture": "#1"},
				"west": {"uv": [2, 3, 5.7, 5.4], "texture": "#1"},
				"up": {"uv": [0, 0, 1.5, 2.2], "rotation": 180, "texture": "#1"},
				"down": {"uv": [0, 0, 1.5, 2.2], "rotation": 180, "texture": "#1"}
			}
		}
	],
	"display": {
		"thirdperson_righthand": {
			"rotation": [55.25, 0, 0],
			"translation": [-7, 8.25, 12],
			"scale": [2.11133, 2.11133, 2.11133]
		},
		"thirdperson_lefthand": {
			"rotation": [55.25, 0, 0],
			"translation": [-5.5, 8.25, 12.5],
			"scale": [2.11133, 2.11133, 2.11133]
		},
		"firstperson_righthand": {
			"translation": [-10.75, 11.75, 7]
		},
		"firstperson_lefthand": {
			"translation": [-7.25, 11.75, 7]
		},
		"ground": {
			"translation": [-4.75, 12.5, 0],
			"scale": [2.00781, 2.00781, 2.00781]
		},
		"gui": {
			"rotation": [-180, 12.5, 141],
			"translation": [-6, 12.75, 0],
			"scale": [2.03125, 2.03125, 2.03125]
		},
		"head": {
			"rotation": [-180, 86.25, -180],
			"translation": [0.5, 13.5, -2.75],
			"scale": [1.99805, 1.99805, 1.99805]
		},
		"fixed": {
			"rotation": [0, 0, 46.25],
			"translation": [-13.25, 7.5, -0.5],
			"scale": [2.28711, 2.28711, 2.28711]
		}
	}
}