{
	"credit": "Made with Blockbench",
	"textures": {
		"0": "block/light_gray_wool",
		"1": "block/brewing_stand_base",
		"particle": "block/light_gray_wool"
	},
	"elements": [
		{
			"name": "white",
			"from": [-0.05, 0.75, 8.5],
			"to": [2.5, 1, 9.25],
			"rotation": {"angle": 0, "axis": "y", "origin": [-5.3, 0, 0]},
			"faces": {
				"north": {"uv": [2.5, 10, 5.05, 10.25], "texture": "#0"},
				"east": {"uv": [2.5, 10, 3.25, 10.25], "texture": "#0"},
				"south": {"uv": [2.5, 10, 5.05, 10.25], "texture": "#0"},
				"west": {"uv": [2.5, 10, 3.25, 10.25], "texture": "#0"},
				"up": {"uv": [2.5, 10, 5.05, 10.75], "texture": "#0"},
				"down": {"uv": [2.5, 10, 5.05, 10.75], "texture": "#0"}
			}
		},
		{
			"name": "white",
			"from": [-0.05, 0, 9.25],
			"to": [1.2, 0.75, 9.5],
			"rotation": {"angle": 0, "axis": "y", "origin": [-5.3, 0, 0]},
			"faces": {
				"north": {"uv": [2.5, 10, 3.75, 10.75], "texture": "#0"},
				"east": {"uv": [2.5, 10, 2.75, 10.75], "texture": "#0"},
				"south": {"uv": [2.5, 10, 3.75, 10.75], "texture": "#0"},
				"west": {"uv": [2.5, 10, 2.75, 10.75], "texture": "#0"},
				"up": {"uv": [2.5, 10, 3.75, 10.25], "texture": "#0"},
				"down": {"uv": [2.5, 10, 3.75, 10.25], "texture": "#0"}
			}
		},
		{
			"name": "white",
			"from": [-0.05, -0.25, 8.5],
			"to": [2.5, 0, 9.25],
			"rotation": {"angle": 0, "axis": "y", "origin": [-5.3, 0, 0]},
			"faces": {
				"north": {"uv": [2.5, 10, 5.05, 10.25], "texture": "#0"},
				"east": {"uv": [2.5, 10, 3.25, 10.25], "texture": "#0"},
				"south": {"uv": [2.5, 10, 5.05, 10.25], "texture": "#0"},
				"west": {"uv": [2.5, 10, 3.25, 10.25], "texture": "#0"},
				"up": {"uv": [2.5, 10, 5.05, 10.75], "texture": "#0"},
				"down": {"uv": [2.5, 10, 5.05, 10.75], "texture": "#0"}
			}
		},
		{
			"name": "white",
			"from": [5, -0.25, 8.5],
			"to": [12.7, 0, 9.25],
			"rotation": {"angle": 0, "axis": "y", "origin": [-5.3, 0, 0]},
			"faces": {
				"north": {"uv": [2.5, 10, 10.2, 10.25], "texture": "#0"},
				"east": {"uv": [2.5, 10, 3.25, 10.25], "texture": "#0"},
				"south": {"uv": [2.5, 10, 10.2, 10.25], "texture": "#0"},
				"west": {"uv": [2.5, 10, 3.25, 10.25], "texture": "#0"},
				"up": {"uv": [2.5, 10, 10.2, 10.75], "texture": "#0"},
				"down": {"uv": [2.5, 10, 10.2, 10.75], "texture": "#0"}
			}
		},
		{
			"name": "white",
			"from": [5, 0, 8.25],
			"to": [12.7, 0.75, 8.5],
			"rotation": {"angle": 0, "axis": "y", "origin": [-5.3, 0, 0]},
			"faces": {
				"north": {"uv": [2.5, 10, 10.2, 10.75], "texture": "#0"},
				"east": {"uv": [2.5, 10, 2.75, 10.75], "texture": "#0"},
				"south": {"uv": [2.5, 10, 10.2, 10.75], "texture": "#0"},
				"west": {"uv": [2.5, 10, 2.75, 10.75], "texture": "#0"},
				"up": {"uv": [2.5, 10, 10.2, 10.25], "texture": "#0"},
				"down": {"uv": [2.5, 10, 10.2, 10.25], "texture": "#0"}
			}
		},
		{
			"name": "white",
			"from": [5, 0, 9.25],
			"to": [12.7, 0.75, 9.5],
			"rotation": {"angle": 0, "axis": "y", "origin": [-5.3, 0, 0]},
			"faces": {
				"north": {"uv": [2.5, 10, 10.2, 10.75], "texture": "#0"},
				"east": {"uv": [2.5, 10, 2.75, 10.75], "texture": "#0"},
				"south": {"uv": [2.5, 10, 10.2, 10.75], "texture": "#0"},
				"west": {"uv": [2.5, 10, 2.75, 10.75], "texture": "#0"},
				"up": {"uv": [2.5, 10, 10.2, 10.25], "texture": "#0"},
				"down": {"uv": [2.5, 10, 10.2, 10.25], "texture": "#0"}
			}
		},
		{
			"name": "white",
			"from": [5, 0.75, 8.5],
			"to": [12.7, 1, 9.25],
			"rotation": {"angle": 0, "axis": "y", "origin": [-5.3, 0, 0]},
			"faces": {
				"north": {"uv": [2.5, 10, 10.2, 10.25], "texture": "#0"},
				"east": {"uv": [2.5, 10, 3.25, 10.25], "texture": "#0"},
				"south": {"uv": [2.5, 10, 10.2, 10.25], "texture": "#0"},
				"west": {"uv": [2.5, 10, 3.25, 10.25], "texture": "#0"},
				"up": {"uv": [2.5, 10, 10.2, 10.75], "texture": "#0"},
				"down": {"uv": [2.5, 10, 10.2, 10.75], "texture": "#0"}
			}
		},
		{
			"name": "white",
			"from": [-1.55, 0, 10.65],
			"to": [-0.4, 0.75, 10.9],
			"rotation": {"angle": 22.5, "axis": "y", "origin": [-5.3, 0, 0]},
			"faces": {
				"north": {"uv": [2.5, 10, 3.65, 10.75], "texture": "#0"},
				"east": {"uv": [2.5, 10, 2.75, 10.75], "texture": "#0"},
				"south": {"uv": [2.5, 10, 3.65, 10.75], "texture": "#0"},
				"west": {"uv": [2.5, 10, 2.75, 10.75], "texture": "#0"},
				"up": {"uv": [2.5, 10, 3.65, 10.25], "texture": "#0"},
				"down": {"uv": [2.5, 10, 3.65, 10.25], "texture": "#0"}
			}
		},
		{
			"name": "white",
			"from": [-1.8, 0, 11.55],
			"to": [-0.2, 0.75, 11.8],
			"rotation": {"angle": 22.5, "axis": "y", "origin": [-5.3, 0, 0]},
			"faces": {
				"north": {"uv": [2.5, 10, 4.1, 10.75], "texture": "#0"},
				"east": {"uv": [2.5, 10, 2.75, 10.75], "texture": "#0"},
				"south": {"uv": [2.5, 10, 4.1, 10.75], "texture": "#0"},
				"west": {"uv": [2.5, 10, 2.75, 10.75], "texture": "#0"},
				"up": {"uv": [2.5, 10, 4.1, 10.25], "texture": "#0"},
				"down": {"uv": [2.5, 10, 4.1, 10.25], "texture": "#0"}
			}
		},
		{
			"name": "white",
			"from": [-1.7, 0.7, 10.85],
			"to": [-0.1, 0.95, 11.5],
			"rotation": {"angle": 22.5, "axis": "y", "origin": [-5.3, 0, 0]},
			"faces": {
				"north": {"uv": [2.5, 10, 4.1, 10.25], "texture": "#0"},
				"east": {"uv": [2.5, 10, 3.15, 10.25], "texture": "#0"},
				"south": {"uv": [2.5, 10, 4.1, 10.25], "texture": "#0"},
				"west": {"uv": [2.5, 10, 3.15, 10.25], "texture": "#0"},
				"up": {"uv": [2.5, 10, 4.1, 10.65], "texture": "#0"},
				"down": {"uv": [2.5, 10, 4.1, 10.65], "texture": "#0"}
			}
		},
		{
			"name": "white",
			"from": [-1.7, -0.2, 10.85],
			"to": [-0.2, 0.05, 11.7],
			"rotation": {"angle": 22.5, "axis": "y", "origin": [-5.3, 0, 0]},
			"faces": {
				"north": {"uv": [2.5, 10, 4, 10.25], "texture": "#0"},
				"east": {"uv": [2.5, 10, 3.35, 10.25], "texture": "#0"},
				"south": {"uv": [2.5, 10, 4, 10.25], "texture": "#0"},
				"west": {"uv": [2.5, 10, 3.35, 10.25], "texture": "#0"},
				"up": {"uv": [2.5, 10, 4, 10.85], "texture": "#0"},
				"down": {"uv": [2.5, 10, 4, 10.85], "texture": "#0"}
			}
		},
		{
			"name": "white",
			"from": [6.4, 0, 4.55],
			"to": [7.9, 0.75, 4.8],
			"rotation": {"angle": -22.5, "axis": "y", "origin": [-5.3, 0, 0]},
			"faces": {
				"north": {"uv": [2.5, 10, 4, 10.75], "texture": "#0"},
				"east": {"uv": [2.5, 10, 2.75, 10.75], "texture": "#0"},
				"south": {"uv": [2.5, 10, 4, 10.75], "texture": "#0"},
				"west": {"uv": [2.5, 10, 2.75, 10.75], "texture": "#0"},
				"up": {"uv": [2.5, 10, 4, 10.25], "texture": "#0"},
				"down": {"uv": [2.5, 10, 4, 10.25], "texture": "#0"}
			}
		},
		{
			"name": "white",
			"from": [6.2, 0.7, 3.85],
			"to": [7.9, 0.95, 4.5],
			"rotation": {"angle": -22.5, "axis": "y", "origin": [-5.3, 0, 0]},
			"faces": {
				"north": {"uv": [2.5, 10, 4.2, 10.25], "texture": "#0"},
				"east": {"uv": [2.5, 10, 3.15, 10.25], "texture": "#0"},
				"south": {"uv": [2.5, 10, 4.2, 10.25], "texture": "#0"},
				"west": {"uv": [2.5, 10, 3.15, 10.25], "texture": "#0"},
				"up": {"uv": [2.5, 10, 4.2, 10.65], "texture": "#0"},
				"down": {"uv": [2.5, 10, 4.2, 10.65], "texture": "#0"}
			}
		},
		{
			"name": "white",
			"from": [6.7, 0, 3.65],
			"to": [7.9, 0.75, 3.9],
			"rotation": {"angle": -22.5, "axis": "y", "origin": [-5.3, 0, 0]},
			"faces": {
				"north": {"uv": [2.5, 10, 3.7, 10.75], "texture": "#0"},
				"east": {"uv": [2.5, 10, 2.75, 10.75], "texture": "#0"},
				"south": {"uv": [2.5, 10, 3.7, 10.75], "texture": "#0"},
				"west": {"uv": [2.5, 10, 2.75, 10.75], "texture": "#0"},
				"up": {"uv": [2.5, 10, 3.7, 10.25], "texture": "#0"},
				"down": {"uv": [2.5, 10, 3.7, 10.25], "texture": "#0"}
			}
		},
		{
			"name": "white",
			"from": [6.4, -0.2, 3.85],
			"to": [7.9, 0.05, 4.7],
			"rotation": {"angle": -22.5, "axis": "y", "origin": [-5.3, 0, 0]},
			"faces": {
				"north": {"uv": [2.5, 10, 4, 10.25], "texture": "#0"},
				"east": {"uv": [2.5, 10, 3.35, 10.25], "texture": "#0"},
				"south": {"uv": [2.5, 10, 4, 10.25], "texture": "#0"},
				"west": {"uv": [2.5, 10, 3.35, 10.25], "texture": "#0"},
				"up": {"uv": [2.5, 10, 4, 10.85], "texture": "#0"},
				"down": {"uv": [2.5, 10, 4, 10.85], "texture": "#0"}
			}
		},
		{
			"name": "white",
			"from": [3.15, -0.15, 7.95],
			"to": [4.45, 0.9, 8.8],
			"rotation": {"angle": 0, "axis": "y", "origin": [-5.3, 0, 0]},
			"faces": {
				"north": {"uv": [2.5, 10, 3.8, 11.05], "texture": "#0"},
				"east": {"uv": [2.5, 10, 3.35, 11.05], "texture": "#0"},
				"south": {"uv": [2.5, 10, 3.8, 11.05], "texture": "#0"},
				"west": {"uv": [2.5, 10, 3.35, 11.05], "texture": "#0"},
				"up": {"uv": [2.5, 10, 3.8, 10.85], "texture": "#0"},
				"down": {"uv": [2.5, 10, 3.8, 10.85], "texture": "#0"}
			}
		},
		{
			"name": "white",
			"from": [-4.45, -0.15, 8.5],
			"to": [0.1, 0, 9.25],
			"rotation": {"angle": 0, "axis": "y", "origin": [-5.3, 0, 0]},
			"faces": {
				"north": {"uv": [2.5, 10, 7.05, 10.15], "texture": "#0"},
				"east": {"uv": [2.5, 10, 3.25, 10.15], "texture": "#0"},
				"south": {"uv": [2.5, 10, 7.05, 10.15], "texture": "#0"},
				"west": {"uv": [2.5, 10, 3.25, 10.15], "texture": "#0"},
				"up": {"uv": [2.5, 10, 7.05, 10.75], "texture": "#0"},
				"down": {"uv": [2.5, 10, 7.05, 10.75], "texture": "#0"}
			}
		},
		{
			"name": "white",
			"from": [-4.45, 0, 8.35],
			"to": [0.1, 0.65, 8.5],
			"rotation": {"angle": 0, "axis": "y", "origin": [-5.3, 0, 0]},
			"faces": {
				"north": {"uv": [2.5, 10, 7.05, 10.65], "texture": "#0"},
				"east": {"uv": [2.5, 10, 2.65, 10.65], "texture": "#0"},
				"south": {"uv": [2.5, 10, 7.05, 10.65], "texture": "#0"},
				"west": {"uv": [2.5, 10, 2.65, 10.65], "texture": "#0"},
				"up": {"uv": [2.5, 10, 7.05, 10.15], "texture": "#0"},
				"down": {"uv": [2.5, 10, 7.05, 10.15], "texture": "#0"}
			}
		},
		{
			"name": "white",
			"from": [-4.45, 0.65, 8.5],
			"to": [0.1, 0.8, 9.25],
			"rotation": {"angle": 0, "axis": "y", "origin": [-5.3, 0, 0]},
			"faces": {
				"north": {"uv": [2.5, 10, 7.05, 10.15], "texture": "#0"},
				"east": {"uv": [2.5, 10, 3.25, 10.15], "texture": "#0"},
				"south": {"uv": [2.5, 10, 7.05, 10.15], "texture": "#0"},
				"west": {"uv": [2.5, 10, 3.25, 10.15], "texture": "#0"},
				"up": {"uv": [2.5, 10, 7.05, 10.75], "texture": "#0"},
				"down": {"uv": [2.5, 10, 7.05, 10.75], "texture": "#0"}
			}
		},
		{
			"name": "white",
			"from": [-4.45, 0, 9.25],
			"to": [0.1, 0.65, 9.4],
			"rotation": {"angle": 0, "axis": "y", "origin": [-5.3, 0, 0]},
			"faces": {
				"north": {"uv": [2.5, 10, 7.05, 10.65], "texture": "#0"},
				"east": {"uv": [2.5, 10, 2.65, 10.65], "texture": "#0"},
				"south": {"uv": [2.5, 10, 7.05, 10.65], "texture": "#0"},
				"west": {"uv": [2.5, 10, 2.65, 10.65], "texture": "#0"},
				"up": {"uv": [2.5, 10, 7.05, 10.15], "texture": "#0"},
				"down": {"uv": [2.5, 10, 7.05, 10.15], "texture": "#0"}
			}
		},
		{
			"name": "white",
			"from": [1.75, 0, 9.25],
			"to": [2.5, 0.75, 9.5],
			"rotation": {"angle": 0, "axis": "y", "origin": [-5.3, 0, 0]},
			"faces": {
				"north": {"uv": [2.5, 10, 3.25, 10.75], "texture": "#0"},
				"east": {"uv": [2.5, 10, 2.75, 10.75], "texture": "#0"},
				"south": {"uv": [2.5, 10, 3.25, 10.75], "texture": "#0"},
				"west": {"uv": [2.5, 10, 2.75, 10.75], "texture": "#0"},
				"up": {"uv": [2.5, 10, 3.25, 10.25], "texture": "#0"},
				"down": {"uv": [2.5, 10, 3.25, 10.25], "texture": "#0"}
			}
		},
		{
			"name": "white",
			"from": [1.15, 0.6, 9.25],
			"to": [1.8, 0.75, 9.5],
			"rotation": {"angle": 0, "axis": "y", "origin": [-5.3, 0, 0]},
			"faces": {
				"north": {"uv": [2.5, 7.5, 3.15, 8.15], "texture": "#0"},
				"east": {"uv": [2.5, 7.5, 2.75, 8.15], "texture": "#0"},
				"south": {"uv": [2.5, 7.5, 3.15, 8.15], "texture": "#0"},
				"west": {"uv": [2.5, 7.5, 2.75, 8.15], "texture": "#0"},
				"up": {"uv": [2.5, 7.5, 3.15, 8.25], "texture": "#0"},
				"down": {"uv": [2.5, 7.5, 3.15, 8.25], "texture": "#0"}
			}
		},
		{
			"name": "white",
			"from": [1.15, 0, 9.25],
			"to": [1.8, 0.15, 9.5],
			"rotation": {"angle": 0, "axis": "y", "origin": [-5.3, 0, 0]},
			"faces": {
				"north": {"uv": [2.5, 7.5, 3.15, 8.15], "texture": "#0"},
				"east": {"uv": [2.5, 7.5, 2.75, 8.15], "texture": "#0"},
				"south": {"uv": [2.5, 7.5, 3.15, 8.15], "texture": "#0"},
				"west": {"uv": [2.5, 7.5, 2.75, 8.15], "texture": "#0"},
				"up": {"uv": [2.5, 7.5, 3.15, 8.25], "texture": "#0"},
				"down": {"uv": [2.5, 7.5, 3.15, 8.25], "texture": "#0"}
			}
		},
		{
			"name": "white",
			"from": [11.2, 0.75, 8.6],
			"to": [11.8, 1.2, 9.15],
			"rotation": {"angle": 0, "axis": "y", "origin": [-5.3, 0, 0]},
			"faces": {
				"north": {"uv": [2.5, 7.5, 3.1, 8.45], "texture": "#0"},
				"east": {"uv": [2.5, 7.5, 3.05, 8.45], "texture": "#0"},
				"south": {"uv": [2.5, 7.5, 3.1, 8.45], "texture": "#0"},
				"west": {"uv": [2.5, 7.5, 3.05, 8.45], "texture": "#0"},
				"up": {"uv": [2.5, 7.5, 3.1, 8.55], "texture": "#0"},
				"down": {"uv": [2.5, 7.5, 3.1, 8.55], "texture": "#0"}
			}
		},
		{
			"name": "white",
			"from": [8.4, -0.05, 8.2],
			"to": [9, 0.9, 9.55],
			"rotation": {"angle": 0, "axis": "y", "origin": [-5.3, 0, 0]},
			"faces": {
				"north": {"uv": [2.5, 7.5, 3.1, 8.95], "texture": "#0"},
				"east": {"uv": [2.5, 7.5, 3.85, 8.95], "texture": "#0"},
				"south": {"uv": [2.5, 7.5, 3.1, 8.95], "texture": "#0"},
				"west": {"uv": [2.5, 7.5, 3.85, 8.95], "texture": "#0"},
				"up": {"uv": [2.5, 7.5, 3.1, 9.35], "texture": "#0"},
				"down": {"uv": [2.5, 7.5, 3.1, 9.35], "texture": "#0"}
			}
		},
		{
			"name": "white",
			"from": [9.7, -0.05, 8.2],
			"to": [10.3, 0.9, 9.55],
			"rotation": {"angle": 0, "axis": "y", "origin": [-5.3, 0, 0]},
			"faces": {
				"north": {"uv": [2.5, 7.5, 3.1, 8.95], "texture": "#0"},
				"east": {"uv": [2.5, 7.5, 3.85, 8.95], "texture": "#0"},
				"south": {"uv": [2.5, 7.5, 3.1, 8.95], "texture": "#0"},
				"west": {"uv": [2.5, 7.5, 3.85, 8.95], "texture": "#0"},
				"up": {"uv": [2.5, 7.5, 3.1, 9.35], "texture": "#0"},
				"down": {"uv": [2.5, 7.5, 3.1, 9.35], "texture": "#0"}
			}
		},
		{
			"name": "white",
			"from": [11, -0.05, 8.2],
			"to": [11.6, 0.9, 9.55],
			"rotation": {"angle": 0, "axis": "y", "origin": [-5.3, 0, 0]},
			"faces": {
				"north": {"uv": [2.5, 7.5, 3.1, 8.95], "texture": "#0"},
				"east": {"uv": [2.5, 7.5, 3.85, 8.95], "texture": "#0"},
				"south": {"uv": [2.5, 7.5, 3.1, 8.95], "texture": "#0"},
				"west": {"uv": [2.5, 7.5, 3.85, 8.95], "texture": "#0"},
				"up": {"uv": [2.5, 7.5, 3.1, 9.35], "texture": "#0"},
				"down": {"uv": [2.5, 7.5, 3.1, 9.35], "texture": "#0"}
			}
		},
		{
			"name": "white",
			"from": [1.2, -0.35, 12.7],
			"to": [4, -0.25, 13.05],
			"rotation": {"angle": 22.5, "axis": "y", "origin": [-5.3, 0, 0]},
			"faces": {
				"north": {"uv": [2.5, 7.5, 5.3, 8.1], "texture": "#0"},
				"east": {"uv": [2.5, 7.5, 2.85, 8.1], "texture": "#0"},
				"south": {"uv": [2.5, 7.5, 5.3, 8.1], "texture": "#0"},
				"west": {"uv": [2.5, 7.5, 2.85, 8.1], "texture": "#0"},
				"up": {"uv": [2.5, 7.5, 5.3, 8.35], "texture": "#0"},
				"down": {"uv": [2.5, 7.5, 5.3, 8.35], "texture": "#0"}
			}
		},
		{
			"name": "white",
			"from": [5.7, 0.35, 9.1],
			"to": [16.1, 0.5, 9.65],
			"rotation": {"angle": 0, "axis": "y", "origin": [-5.3, 0, 0]},
			"faces": {
				"north": {"uv": [2.5, 7.5, 12.9, 8.15], "texture": "#0"},
				"east": {"uv": [2.5, 7.5, 3.05, 8.15], "texture": "#0"},
				"south": {"uv": [2.5, 7.5, 12.9, 8.15], "texture": "#0"},
				"west": {"uv": [2.5, 7.5, 3.05, 8.15], "texture": "#0"},
				"up": {"uv": [2.5, 7.5, 12.9, 8.55], "texture": "#0"},
				"down": {"uv": [2.5, 7.5, 12.9, 8.55], "texture": "#0"}
			}
		},
		{
			"name": "white",
			"from": [11.2, 0.25, 9.55],
			"to": [11.3, 0.6, 9.75],
			"rotation": {"angle": 0, "axis": "y", "origin": [-5.3, 0, 0]},
			"faces": {
				"north": {"uv": [2.5, 7.5, 2.6, 8.35], "texture": "#0"},
				"east": {"uv": [2.5, 7.5, 2.7, 8.35], "texture": "#0"},
				"south": {"uv": [2.5, 7.5, 2.6, 8.35], "texture": "#0"},
				"west": {"uv": [2.5, 7.5, 2.7, 8.35], "texture": "#0"},
				"up": {"uv": [2.5, 7.5, 2.6, 8.2], "texture": "#0"},
				"down": {"uv": [2.5, 7.5, 2.6, 8.2], "texture": "#0"}
			}
		},
		{
			"name": "white",
			"from": [10.6, 0.25, 9.55],
			"to": [10.7, 0.6, 9.75],
			"rotation": {"angle": 0, "axis": "y", "origin": [-5.3, 0, 0]},
			"faces": {
				"north": {"uv": [2.5, 7.5, 2.6, 8.35], "texture": "#0"},
				"east": {"uv": [2.5, 7.5, 2.7, 8.35], "texture": "#0"},
				"south": {"uv": [2.5, 7.5, 2.6, 8.35], "texture": "#0"},
				"west": {"uv": [2.5, 7.5, 2.7, 8.35], "texture": "#0"},
				"up": {"uv": [2.5, 7.5, 2.6, 8.2], "texture": "#0"},
				"down": {"uv": [2.5, 7.5, 2.6, 8.2], "texture": "#0"}
			}
		},
		{
			"name": "white",
			"from": [10, 0.25, 9.55],
			"to": [10.1, 0.6, 9.75],
			"rotation": {"angle": 0, "axis": "y", "origin": [-5.3, 0, 0]},
			"faces": {
				"north": {"uv": [2.5, 7.5, 2.6, 8.35], "texture": "#0"},
				"east": {"uv": [2.5, 7.5, 2.7, 8.35], "texture": "#0"},
				"south": {"uv": [2.5, 7.5, 2.6, 8.35], "texture": "#0"},
				"west": {"uv": [2.5, 7.5, 2.7, 8.35], "texture": "#0"},
				"up": {"uv": [2.5, 7.5, 2.6, 8.2], "texture": "#0"},
				"down": {"uv": [2.5, 7.5, 2.6, 8.2], "texture": "#0"}
			}
		},
		{
			"name": "white",
			"from": [9.4, 0.25, 9.55],
			"to": [9.5, 0.6, 9.75],
			"rotation": {"angle": 0, "axis": "y", "origin": [-5.3, 0, 0]},
			"faces": {
				"north": {"uv": [2.5, 7.5, 2.6, 8.35], "texture": "#0"},
				"east": {"uv": [2.5, 7.5, 2.7, 8.35], "texture": "#0"},
				"south": {"uv": [2.5, 7.5, 2.6, 8.35], "texture": "#0"},
				"west": {"uv": [2.5, 7.5, 2.7, 8.35], "texture": "#0"},
				"up": {"uv": [2.5, 7.5, 2.6, 8.2], "texture": "#0"},
				"down": {"uv": [2.5, 7.5, 2.6, 8.2], "texture": "#0"}
			}
		},
		{
			"name": "white",
			"from": [8.7, 0.25, 9.55],
			"to": [8.8, 0.6, 9.75],
			"rotation": {"angle": 0, "axis": "y", "origin": [-5.3, 0, 0]},
			"faces": {
				"north": {"uv": [2.5, 7.5, 2.6, 8.35], "texture": "#0"},
				"east": {"uv": [2.5, 7.5, 2.7, 8.35], "texture": "#0"},
				"south": {"uv": [2.5, 7.5, 2.6, 8.35], "texture": "#0"},
				"west": {"uv": [2.5, 7.5, 2.7, 8.35], "texture": "#0"},
				"up": {"uv": [2.5, 7.5, 2.6, 8.2], "texture": "#0"},
				"down": {"uv": [2.5, 7.5, 2.6, 8.2], "texture": "#0"}
			}
		},
		{
			"name": "white",
			"from": [12.35, 0, 9.25],
			"to": [16.4, 0.65, 9.4],
			"rotation": {"angle": 0, "axis": "y", "origin": [-5.3, 0, 0]},
			"faces": {
				"north": {"uv": [2.5, 10, 6.55, 10.65], "texture": "#0"},
				"east": {"uv": [2.5, 10, 2.65, 10.65], "texture": "#0"},
				"south": {"uv": [2.5, 10, 6.55, 10.65], "texture": "#0"},
				"west": {"uv": [2.5, 10, 2.65, 10.65], "texture": "#0"},
				"up": {"uv": [2.5, 10, 6.55, 10.15], "texture": "#0"},
				"down": {"uv": [2.5, 10, 6.55, 10.15], "texture": "#0"}
			}
		},
		{
			"name": "white",
			"from": [12.35, 0.65, 8.5],
			"to": [16.4, 0.8, 9.25],
			"rotation": {"angle": 0, "axis": "y", "origin": [-5.3, 0, 0]},
			"faces": {
				"north": {"uv": [2.5, 10, 6.55, 10.15], "texture": "#0"},
				"east": {"uv": [2.5, 10, 3.25, 10.15], "texture": "#0"},
				"south": {"uv": [2.5, 10, 6.55, 10.15], "texture": "#0"},
				"west": {"uv": [2.5, 10, 3.25, 10.15], "texture": "#0"},
				"up": {"uv": [2.5, 10, 6.55, 10.75], "texture": "#0"},
				"down": {"uv": [2.5, 10, 6.55, 10.75], "texture": "#0"}
			}
		},
		{
			"name": "white",
			"from": [12.35, 0, 8.35],
			"to": [16.4, 0.65, 8.5],
			"rotation": {"angle": 0, "axis": "y", "origin": [-5.3, 0, 0]},
			"faces": {
				"north": {"uv": [2.5, 10, 6.55, 10.65], "texture": "#0"},
				"east": {"uv": [2.5, 10, 2.65, 10.65], "texture": "#0"},
				"south": {"uv": [2.5, 10, 6.55, 10.65], "texture": "#0"},
				"west": {"uv": [2.5, 10, 2.65, 10.65], "texture": "#0"},
				"up": {"uv": [2.5, 10, 6.55, 10.15], "texture": "#0"},
				"down": {"uv": [2.5, 10, 6.55, 10.15], "texture": "#0"}
			}
		},
		{
			"name": "white",
			"from": [12.35, -0.15, 8.5],
			"to": [16.4, 0, 9.25],
			"rotation": {"angle": 0, "axis": "y", "origin": [-5.3, 0, 0]},
			"faces": {
				"north": {"uv": [2.5, 10, 6.55, 10.15], "texture": "#0"},
				"east": {"uv": [2.5, 10, 3.25, 10.15], "texture": "#0"},
				"south": {"uv": [2.5, 10, 6.55, 10.15], "texture": "#0"},
				"west": {"uv": [2.5, 10, 3.25, 10.15], "texture": "#0"},
				"up": {"uv": [2.5, 10, 6.55, 10.75], "texture": "#0"},
				"down": {"uv": [2.5, 10, 6.55, 10.75], "texture": "#0"}
			}
		},
		{
			"name": "white",
			"from": [13.4, 0.65, 8.6],
			"to": [14, 1.2, 9.15],
			"rotation": {"angle": 0, "axis": "y", "origin": [-5.3, 0, 0]},
			"faces": {
				"north": {"uv": [2.5, 7.5, 3.1, 8.55], "texture": "#0"},
				"east": {"uv": [2.5, 7.5, 3.05, 8.55], "texture": "#0"},
				"south": {"uv": [2.5, 7.5, 3.1, 8.55], "texture": "#0"},
				"west": {"uv": [2.5, 7.5, 3.05, 8.55], "texture": "#0"},
				"up": {"uv": [2.5, 7.5, 3.1, 8.55], "texture": "#0"},
				"down": {"uv": [2.5, 7.5, 3.1, 8.55], "texture": "#0"}
			}
		},
		{
			"name": "white",
			"from": [14.2, 0.25, 9.25],
			"to": [14.5, 0.6, 9.75],
			"rotation": {"angle": 0, "axis": "y", "origin": [-5.3, 0, 0]},
			"faces": {
				"north": {"uv": [2.5, 7.5, 2.8, 8.35], "texture": "#0"},
				"east": {"uv": [2.5, 7.5, 3, 8.35], "texture": "#0"},
				"south": {"uv": [2.5, 7.5, 2.8, 8.35], "texture": "#0"},
				"west": {"uv": [2.5, 7.5, 3, 8.35], "texture": "#0"},
				"up": {"uv": [2.5, 7.5, 2.8, 8.5], "texture": "#0"},
				"down": {"uv": [2.5, 7.5, 2.8, 8.5], "texture": "#0"}
			}
		},
		{
			"name": "white",
			"from": [13.3, 1.15, 8.5],
			"to": [14.1, 1.4, 8.65],
			"rotation": {"angle": 0, "axis": "y", "origin": [-5.3, 0, 0]},
			"faces": {
				"north": {"uv": [2.5, 7.5, 3.3, 8.15], "texture": "#0"},
				"east": {"uv": [2.5, 7.5, 3.25, 8.15], "texture": "#0"},
				"south": {"uv": [2.5, 7.5, 3.3, 8.15], "texture": "#0"},
				"west": {"uv": [2.5, 7.5, 3.25, 8.15], "texture": "#0"},
				"up": {"uv": [2.5, 9.5, 7.3, 14.25], "texture": "#0"},
				"down": {"uv": [2.5, 7.5, 3.3, 8.75], "texture": "#0"}
			}
		},
		{
			"name": "white",
			"from": [15, 0.25, 9.35],
			"to": [15.3, 0.6, 9.75],
			"rotation": {"angle": 0, "axis": "y", "origin": [-5.3, 0, 0]},
			"faces": {
				"north": {"uv": [2.5, 7.5, 2.8, 8.35], "texture": "#0"},
				"east": {"uv": [2.5, 7.5, 2.9, 8.35], "texture": "#0"},
				"south": {"uv": [2.5, 7.5, 2.8, 8.35], "texture": "#0"},
				"west": {"uv": [2.5, 7.5, 2.9, 8.35], "texture": "#0"},
				"up": {"uv": [2.5, 7.5, 2.8, 8.4], "texture": "#0"},
				"down": {"uv": [2.5, 7.5, 2.8, 8.4], "texture": "#0"}
			}
		},
		{
			"name": "white",
			"from": [-0.05, 0, 8.25],
			"to": [2.5, 0.75, 8.5],
			"rotation": {"angle": 0, "axis": "y", "origin": [-5.3, 0, 0]},
			"faces": {
				"north": {"uv": [2.5, 10, 5.05, 10.75], "texture": "#0"},
				"east": {"uv": [2.5, 10, 2.75, 10.75], "texture": "#0"},
				"south": {"uv": [2.5, 10, 5.05, 10.75], "texture": "#0"},
				"west": {"uv": [2.5, 10, 2.75, 10.75], "texture": "#0"},
				"up": {"uv": [2.5, 10, 5.05, 10.25], "texture": "#0"},
				"down": {"uv": [2.5, 10, 5.05, 10.25], "texture": "#0"}
			}
		},
		{
			"name": "smol",
			"from": [-4.5, -0.1, 9.25],
			"to": [-4.3, 0.75, 9.5],
			"rotation": {"angle": 0, "axis": "y", "origin": [-5.3, 0, 0]},
			"faces": {
				"north": {"uv": [2.5, 7.5, 2.7, 8.85], "texture": "#0"},
				"east": {"uv": [2.5, 7.5, 2.75, 8.85], "texture": "#0"},
				"south": {"uv": [2.5, 7.5, 2.7, 8.85], "texture": "#0"},
				"west": {"uv": [2.5, 7.5, 2.75, 8.85], "texture": "#0"},
				"up": {"uv": [2.5, 7.5, 2.7, 8.25], "texture": "#0"},
				"down": {"uv": [2.5, 7.5, 2.7, 8.25], "texture": "#0"}
			}
		},
		{
			"name": "smol",
			"from": [-4.5, 0.7, 8.45],
			"to": [-4.3, 0.85, 9.3],
			"rotation": {"angle": 0, "axis": "y", "origin": [-5.3, 0, 0]},
			"faces": {
				"north": {"uv": [2.5, 7.5, 2.7, 8.15], "texture": "#0"},
				"east": {"uv": [2.5, 7.5, 3.35, 8.15], "texture": "#0"},
				"south": {"uv": [2.5, 7.5, 2.7, 8.15], "texture": "#0"},
				"west": {"uv": [2.5, 7.5, 3.35, 8.15], "texture": "#0"},
				"up": {"uv": [2.5, 7.5, 2.7, 8.85], "texture": "#0"},
				"down": {"uv": [2.5, 7.5, 2.7, 8.85], "texture": "#0"}
			}
		},
		{
			"name": "smol",
			"from": [-4.5, 0, 8.25],
			"to": [-4.3, 0.75, 8.5],
			"rotation": {"angle": 0, "axis": "y", "origin": [-5.3, 0, 0]},
			"faces": {
				"north": {"uv": [2.5, 7.5, 2.7, 8.75], "texture": "#0"},
				"east": {"uv": [2.5, 7.5, 2.75, 8.75], "texture": "#0"},
				"south": {"uv": [2.5, 7.5, 2.7, 8.75], "texture": "#0"},
				"west": {"uv": [2.5, 7.5, 2.75, 8.75], "texture": "#0"},
				"up": {"uv": [2.5, 7.5, 2.7, 8.25], "texture": "#0"},
				"down": {"uv": [2.5, 7.5, 2.7, 8.25], "texture": "#0"}
			}
		},
		{
			"name": "smol",
			"from": [-4.5, -0.2, 8.45],
			"to": [-4.3, -0.05, 9.3],
			"rotation": {"angle": 0, "axis": "y", "origin": [-5.3, 0, 0]},
			"faces": {
				"north": {"uv": [2.5, 7.5, 2.7, 8.15], "texture": "#0"},
				"east": {"uv": [2.5, 7.5, 3.35, 8.15], "texture": "#0"},
				"south": {"uv": [2.5, 7.5, 2.7, 8.15], "texture": "#0"},
				"west": {"uv": [2.5, 7.5, 3.35, 8.15], "texture": "#0"},
				"up": {"uv": [2.5, 7.5, 2.7, 8.85], "texture": "#0"},
				"down": {"uv": [2.5, 7.5, 2.7, 8.85], "texture": "#0"}
			}
		},
		{
			"name": "smol",
			"from": [11.1, 1.15, 8.5],
			"to": [11.9, 1.3, 9.25],
			"rotation": {"angle": 0, "axis": "y", "origin": [-5.3, 0, 0]},
			"faces": {
				"north": {"uv": [2.5, 7.5, 3.3, 8.15], "texture": "#0"},
				"east": {"uv": [2.5, 7.5, 3.25, 8.15], "texture": "#0"},
				"south": {"uv": [2.5, 7.5, 3.3, 8.15], "texture": "#0"},
				"west": {"uv": [2.5, 7.5, 3.25, 8.15], "texture": "#0"},
				"up": {"uv": [2.5, 9.5, 7.3, 14.25], "texture": "#1"},
				"down": {"uv": [2.5, 7.5, 3.3, 8.75], "texture": "#0"}
			}
		},
		{
			"name": "smol",
			"from": [10.5, 0.75, 8.6],
			"to": [11.1, 1.3, 9.15],
			"rotation": {"angle": 0, "axis": "y", "origin": [-5.3, 0, 0]},
			"faces": {
				"north": {"uv": [2.5, 7.5, 3.1, 8.55], "texture": "#0"},
				"east": {"uv": [2.5, 7.5, 3.05, 8.55], "texture": "#0"},
				"south": {"uv": [2.5, 7.5, 3.1, 8.55], "texture": "#0"},
				"west": {"uv": [2.5, 7.5, 3.05, 8.55], "texture": "#0"},
				"up": {"uv": [2.5, 7.5, 3.1, 8.55], "texture": "#0"},
				"down": {"uv": [2.5, 7.5, 3.1, 8.55], "texture": "#0"}
			}
		},
		{
			"name": "smol",
			"from": [9.8, 0.75, 8.6],
			"to": [10.4, 1.3, 9.15],
			"rotation": {"angle": 0, "axis": "y", "origin": [-5.3, 0, 0]},
			"faces": {
				"north": {"uv": [2.5, 7.5, 3.1, 8.55], "texture": "#0"},
				"east": {"uv": [2.5, 7.5, 3.05, 8.55], "texture": "#0"},
				"south": {"uv": [2.5, 7.5, 3.1, 8.55], "texture": "#0"},
				"west": {"uv": [2.5, 7.5, 3.05, 8.55], "texture": "#0"},
				"up": {"uv": [2.5, 9.5, 7.1, 14.05], "texture": "#0"},
				"down": {"uv": [2.5, 7.5, 3.1, 8.55], "texture": "#0"}
			}
		},
		{
			"name": "smol",
			"from": [9, 1.25, 8.5],
			"to": [9.8, 1.4, 9.25],
			"rotation": {"angle": 0, "axis": "y", "origin": [-5.3, 0, 0]},
			"faces": {
				"north": {"uv": [2.5, 7.5, 3.3, 8.15], "texture": "#0"},
				"east": {"uv": [2.5, 7.5, 3.25, 8.15], "texture": "#0"},
				"south": {"uv": [2.5, 7.5, 3.3, 8.15], "texture": "#0"},
				"west": {"uv": [2.5, 7.5, 3.25, 8.15], "texture": "#0"},
				"up": {"uv": [2.5, 9.5, 7.3, 14.25], "texture": "#1"},
				"down": {"uv": [2.5, 7.5, 3.3, 8.75], "texture": "#0"}
			}
		},
		{
			"name": "smol",
			"from": [9.1, 0.75, 8.6],
			"to": [9.7, 1.3, 9.15],
			"rotation": {"angle": 0, "axis": "y", "origin": [-5.3, 0, 0]},
			"faces": {
				"north": {"uv": [2.5, 7.5, 3.1, 8.55], "texture": "#0"},
				"east": {"uv": [2.5, 7.5, 3.05, 8.55], "texture": "#0"},
				"south": {"uv": [2.5, 7.5, 3.1, 8.55], "texture": "#0"},
				"west": {"uv": [2.5, 7.5, 3.05, 8.55], "texture": "#0"},
				"up": {"uv": [2.5, 7.5, 3.1, 8.55], "texture": "#0"},
				"down": {"uv": [2.5, 7.5, 3.1, 8.55], "texture": "#0"}
			}
		},
		{
			"name": "smol",
			"from": [8.4, 0.75, 8.6],
			"to": [9, 1.2, 9.15],
			"rotation": {"angle": 0, "axis": "y", "origin": [-5.3, 0, 0]},
			"faces": {
				"north": {"uv": [2.5, 7.5, 3.1, 8.45], "texture": "#0"},
				"east": {"uv": [2.5, 7.5, 3.05, 8.45], "texture": "#0"},
				"south": {"uv": [2.5, 7.5, 3.1, 8.45], "texture": "#0"},
				"west": {"uv": [2.5, 7.5, 3.05, 8.45], "texture": "#0"},
				"up": {"uv": [2.5, 7.5, 3.1, 8.55], "texture": "#0"},
				"down": {"uv": [2.5, 7.5, 3.1, 8.55], "texture": "#0"}
			}
		},
		{
			"name": "smol",
			"from": [7.7, 0.75, 8.6],
			"to": [8.3, 1.2, 9.15],
			"rotation": {"angle": 0, "axis": "y", "origin": [-5.3, 0, 0]},
			"faces": {
				"north": {"uv": [2.5, 7.5, 3.1, 8.45], "texture": "#0"},
				"east": {"uv": [2.5, 7.5, 3.05, 8.45], "texture": "#0"},
				"south": {"uv": [2.5, 7.5, 3.1, 8.45], "texture": "#0"},
				"west": {"uv": [2.5, 7.5, 3.05, 8.45], "texture": "#0"},
				"up": {"uv": [2.5, 9.5, 7.1, 14.05], "texture": "#1"},
				"down": {"uv": [2.5, 7.5, 3.1, 8.55], "texture": "#0"}
			}
		},
		{
			"name": "smol",
			"from": [6.7, 0.75, 8.7],
			"to": [7.2, 1.2, 9.05],
			"rotation": {"angle": 0, "axis": "y", "origin": [-5.3, 0, 0]},
			"faces": {
				"north": {"uv": [2.5, 7.5, 3, 8.45], "texture": "#0"},
				"east": {"uv": [2.5, 7.5, 2.85, 8.45], "texture": "#0"},
				"south": {"uv": [2.5, 7.5, 3, 8.45], "texture": "#0"},
				"west": {"uv": [2.5, 7.5, 2.85, 8.45], "texture": "#0"},
				"up": {"uv": [2.5, 9.5, 7, 13.85], "texture": "#1"},
				"down": {"uv": [2.5, 7.5, 3, 8.35], "texture": "#0"}
			}
		},
		{
			"name": "smol",
			"from": [6.6, 0.75, 8.6],
			"to": [7.3, 1.1, 9.15],
			"rotation": {"angle": 0, "axis": "y", "origin": [-5.3, 0, 0]},
			"faces": {
				"north": {"uv": [2.5, 7.5, 3.2, 8.35], "texture": "#0"},
				"east": {"uv": [2.5, 7.5, 3.05, 8.35], "texture": "#0"},
				"south": {"uv": [2.5, 7.5, 3.2, 8.35], "texture": "#0"},
				"west": {"uv": [2.5, 7.5, 3.05, 8.35], "texture": "#0"},
				"up": {"uv": [2.5, 7.5, 3.2, 8.55], "texture": "#0"},
				"down": {"uv": [2.5, 7.5, 3.2, 8.55], "texture": "#0"}
			}
		},
		{
			"name": "smol",
			"from": [13.3, 1.15, 8.5],
			"to": [14.1, 1.3, 9.25],
			"rotation": {"angle": 0, "axis": "y", "origin": [-5.3, 0, 0]},
			"faces": {
				"north": {"uv": [2.5, 7.5, 3.3, 8.15], "texture": "#0"},
				"east": {"uv": [2.5, 7.5, 3.25, 8.15], "texture": "#0"},
				"south": {"uv": [2.5, 7.5, 3.3, 8.15], "texture": "#0"},
				"west": {"uv": [2.5, 7.5, 3.25, 8.15], "texture": "#0"},
				"up": {"uv": [2.5, 9.5, 7.3, 14.25], "texture": "#1"},
				"down": {"uv": [2.5, 7.5, 3.3, 8.75], "texture": "#0"}
			}
		},
		{
			"name": "smol",
			"from": [13.3, 1.15, 9.1],
			"to": [14.1, 1.4, 9.25],
			"rotation": {"angle": 0, "axis": "y", "origin": [-5.3, 0, 0]},
			"faces": {
				"north": {"uv": [2.5, 7.5, 3.3, 8.15], "texture": "#0"},
				"east": {"uv": [2.5, 7.5, 3.25, 8.15], "texture": "#0"},
				"south": {"uv": [2.5, 7.5, 3.3, 8.15], "texture": "#0"},
				"west": {"uv": [2.5, 7.5, 3.25, 8.15], "texture": "#0"},
				"up": {"uv": [2.5, 9.5, 7.3, 14.25], "texture": "#0"},
				"down": {"uv": [2.5, 7.5, 3.3, 8.75], "texture": "#0"}
			}
		},
		{
			"name": "smol",
			"from": [13.3, 1.15, 8.5],
			"to": [14.1, 1.4, 8.65],
			"rotation": {"angle": 0, "axis": "y", "origin": [-5.3, 0, 0]},
			"faces": {
				"north": {"uv": [2.5, 7.5, 3.3, 8.15], "texture": "#0"},
				"east": {"uv": [2.5, 7.5, 3.25, 8.15], "texture": "#0"},
				"south": {"uv": [2.5, 7.5, 3.3, 8.15], "texture": "#0"},
				"west": {"uv": [2.5, 7.5, 3.25, 8.15], "texture": "#0"},
				"up": {"uv": [2.5, 9.5, 7.3, 14.25], "texture": "#0"},
				"down": {"uv": [2.5, 7.5, 3.3, 8.75], "texture": "#0"}
			}
		},
		{
			"name": "smol",
			"from": [14, 1.15, 8.6],
			"to": [14.1, 1.4, 9.15],
			"rotation": {"angle": 0, "axis": "y", "origin": [-5.3, 0, 0]},
			"faces": {
				"north": {"uv": [2.5, 7.5, 3.3, 8.15], "texture": "#0"},
				"east": {"uv": [2.5, 7.5, 3.25, 8.15], "texture": "#0"},
				"south": {"uv": [2.5, 7.5, 3.3, 8.15], "texture": "#0"},
				"west": {"uv": [2.5, 7.5, 3.25, 8.15], "texture": "#0"},
				"up": {"uv": [2.5, 9.5, 7.3, 14.25], "texture": "#0"},
				"down": {"uv": [2.5, 7.5, 3.3, 8.75], "texture": "#0"}
			}
		},
		{
			"name": "smol",
			"from": [13.3, 1.15, 8.6],
			"to": [13.4, 1.4, 9.15],
			"rotation": {"angle": 0, "axis": "y", "origin": [-5.3, 0, 0]},
			"faces": {
				"north": {"uv": [2.5, 7.5, 3.3, 8.15], "texture": "#0"},
				"east": {"uv": [2.5, 7.5, 3.25, 8.15], "texture": "#0"},
				"south": {"uv": [2.5, 7.5, 3.3, 8.15], "texture": "#0"},
				"west": {"uv": [2.5, 7.5, 3.25, 8.15], "texture": "#0"},
				"up": {"uv": [2.5, 9.5, 7.3, 14.25], "texture": "#0"},
				"down": {"uv": [2.5, 7.5, 3.3, 8.75], "texture": "#0"}
			}
		},
		{
			"name": "smol",
			"from": [11.1, 1.25, 9.1],
			"to": [11.9, 1.5, 9.25],
			"rotation": {"angle": 0, "axis": "y", "origin": [-5.3, 0, 0]},
			"faces": {
				"north": {"uv": [2.5, 7.5, 3.3, 8.15], "texture": "#0"},
				"east": {"uv": [2.5, 7.5, 3.25, 8.15], "texture": "#0"},
				"south": {"uv": [2.5, 7.5, 3.3, 8.15], "texture": "#0"},
				"west": {"uv": [2.5, 7.5, 3.25, 8.15], "texture": "#0"},
				"up": {"uv": [2.5, 9.5, 7.3, 14.25], "texture": "#0"},
				"down": {"uv": [2.5, 7.5, 3.3, 8.75], "texture": "#0"}
			}
		},
		{
			"name": "smol",
			"from": [11.1, 1.25, 8.5],
			"to": [11.9, 1.5, 8.65],
			"rotation": {"angle": 0, "axis": "y", "origin": [-5.3, 0, 0]},
			"faces": {
				"north": {"uv": [2.5, 7.5, 3.3, 8.15], "texture": "#0"},
				"east": {"uv": [2.5, 7.5, 3.25, 8.15], "texture": "#0"},
				"south": {"uv": [2.5, 7.5, 3.3, 8.15], "texture": "#0"},
				"west": {"uv": [2.5, 7.5, 3.25, 8.15], "texture": "#0"},
				"up": {"uv": [2.5, 9.5, 7.3, 14.25], "texture": "#0"},
				"down": {"uv": [2.5, 7.5, 3.3, 8.75], "texture": "#0"}
			}
		},
		{
			"name": "smol",
			"from": [11.1, 1.25, 8.6],
			"to": [11.2, 1.5, 9.15],
			"rotation": {"angle": 0, "axis": "y", "origin": [-5.3, 0, 0]},
			"faces": {
				"north": {"uv": [2.5, 7.5, 3.3, 8.15], "texture": "#0"},
				"east": {"uv": [2.5, 7.5, 3.25, 8.15], "texture": "#0"},
				"south": {"uv": [2.5, 7.5, 3.3, 8.15], "texture": "#0"},
				"west": {"uv": [2.5, 7.5, 3.25, 8.15], "texture": "#0"},
				"up": {"uv": [2.5, 9.5, 7.3, 14.25], "texture": "#0"},
				"down": {"uv": [2.5, 7.5, 3.3, 8.75], "texture": "#0"}
			}
		},
		{
			"name": "smol",
			"from": [11.8, 1.25, 8.6],
			"to": [11.9, 1.5, 9.15],
			"rotation": {"angle": 0, "axis": "y", "origin": [-5.3, 0, 0]},
			"faces": {
				"north": {"uv": [2.5, 7.5, 3.3, 8.15], "texture": "#0"},
				"east": {"uv": [2.5, 7.5, 3.25, 8.15], "texture": "#0"},
				"south": {"uv": [2.5, 7.5, 3.3, 8.15], "texture": "#0"},
				"west": {"uv": [2.5, 7.5, 3.25, 8.15], "texture": "#0"},
				"up": {"uv": [2.5, 9.5, 7.3, 14.25], "texture": "#0"},
				"down": {"uv": [2.5, 7.5, 3.3, 8.75], "texture": "#0"}
			}
		},
		{
			"name": "smol",
			"from": [9, 1.35, 9.1],
			"to": [9.8, 1.6, 9.25],
			"rotation": {"angle": 0, "axis": "y", "origin": [-5.3, 0, 0]},
			"faces": {
				"north": {"uv": [2.5, 7.5, 3.3, 8.15], "texture": "#0"},
				"east": {"uv": [2.5, 7.5, 3.25, 8.15], "texture": "#0"},
				"south": {"uv": [2.5, 7.5, 3.3, 8.15], "texture": "#0"},
				"west": {"uv": [2.5, 7.5, 3.25, 8.15], "texture": "#0"},
				"up": {"uv": [2.5, 9.5, 7.3, 14.25], "texture": "#0"},
				"down": {"uv": [2.5, 7.5, 3.3, 8.75], "texture": "#0"}
			}
		},
		{
			"name": "smol",
			"from": [9, 1.35, 8.5],
			"to": [9.8, 1.6, 8.65],
			"rotation": {"angle": 0, "axis": "y", "origin": [-5.3, 0, 0]},
			"faces": {
				"north": {"uv": [2.5, 7.5, 3.3, 8.15], "texture": "#0"},
				"east": {"uv": [2.5, 7.5, 3.25, 8.15], "texture": "#0"},
				"south": {"uv": [2.5, 7.5, 3.3, 8.15], "texture": "#0"},
				"west": {"uv": [2.5, 7.5, 3.25, 8.15], "texture": "#0"},
				"up": {"uv": [2.5, 9.5, 7.3, 14.25], "texture": "#0"},
				"down": {"uv": [2.5, 7.5, 3.3, 8.75], "texture": "#0"}
			}
		},
		{
			"name": "smol",
			"from": [9, 1.35, 8.6],
			"to": [9.1, 1.6, 9.15],
			"rotation": {"angle": 0, "axis": "y", "origin": [-5.3, 0, 0]},
			"faces": {
				"north": {"uv": [2.5, 7.5, 3.3, 8.15], "texture": "#0"},
				"east": {"uv": [2.5, 7.5, 3.25, 8.15], "texture": "#0"},
				"south": {"uv": [2.5, 7.5, 3.3, 8.15], "texture": "#0"},
				"west": {"uv": [2.5, 7.5, 3.25, 8.15], "texture": "#0"},
				"up": {"uv": [2.5, 9.5, 7.3, 14.25], "texture": "#0"},
				"down": {"uv": [2.5, 7.5, 3.3, 8.75], "texture": "#0"}
			}
		},
		{
			"name": "smol",
			"from": [9.7, 1.35, 8.6],
			"to": [9.8, 1.6, 9.15],
			"rotation": {"angle": 0, "axis": "y", "origin": [-5.3, 0, 0]},
			"faces": {
				"north": {"uv": [2.5, 7.5, 3.3, 8.15], "texture": "#0"},
				"east": {"uv": [2.5, 7.5, 3.25, 8.15], "texture": "#0"},
				"south": {"uv": [2.5, 7.5, 3.3, 8.15], "texture": "#0"},
				"west": {"uv": [2.5, 7.5, 3.25, 8.15], "texture": "#0"},
				"up": {"uv": [2.5, 9.5, 7.3, 14.25], "texture": "#0"},
				"down": {"uv": [2.5, 7.5, 3.3, 8.75], "texture": "#0"}
			}
		},
		{
			"name": "smol",
			"from": [7.6, 1.05, 9.1],
			"to": [8.4, 1.3, 9.25],
			"rotation": {"angle": 0, "axis": "y", "origin": [-5.3, 0, 0]},
			"faces": {
				"north": {"uv": [2.5, 7.5, 3.3, 8.15], "texture": "#0"},
				"east": {"uv": [2.5, 7.5, 3.25, 8.15], "texture": "#0"},
				"south": {"uv": [2.5, 7.5, 3.3, 8.15], "texture": "#0"},
				"west": {"uv": [2.5, 7.5, 3.25, 8.15], "texture": "#0"},
				"up": {"uv": [2.5, 9.5, 7.3, 14.25], "texture": "#0"},
				"down": {"uv": [2.5, 7.5, 3.3, 8.75], "texture": "#0"}
			}
		},
		{
			"name": "smol",
			"from": [7.6, 1.05, 8.5],
			"to": [8.4, 1.3, 8.65],
			"rotation": {"angle": 0, "axis": "y", "origin": [-5.3, 0, 0]},
			"faces": {
				"north": {"uv": [2.5, 7.5, 3.3, 8.15], "texture": "#0"},
				"east": {"uv": [2.5, 7.5, 3.25, 8.15], "texture": "#0"},
				"south": {"uv": [2.5, 7.5, 3.3, 8.15], "texture": "#0"},
				"west": {"uv": [2.5, 7.5, 3.25, 8.15], "texture": "#0"},
				"up": {"uv": [2.5, 9.5, 7.3, 14.25], "texture": "#0"},
				"down": {"uv": [2.5, 7.5, 3.3, 8.75], "texture": "#0"}
			}
		},
		{
			"name": "smol",
			"from": [7.6, 1.05, 8.6],
			"to": [7.7, 1.3, 9.15],
			"rotation": {"angle": 0, "axis": "y", "origin": [-5.3, 0, 0]},
			"faces": {
				"north": {"uv": [2.5, 7.5, 3.3, 8.15], "texture": "#0"},
				"east": {"uv": [2.5, 7.5, 3.25, 8.15], "texture": "#0"},
				"south": {"uv": [2.5, 7.5, 3.3, 8.15], "texture": "#0"},
				"west": {"uv": [2.5, 7.5, 3.25, 8.15], "texture": "#0"},
				"up": {"uv": [2.5, 9.5, 7.3, 14.25], "texture": "#0"},
				"down": {"uv": [2.5, 7.5, 3.3, 8.75], "texture": "#0"}
			}
		},
		{
			"name": "smol",
			"from": [8.3, 1.05, 8.6],
			"to": [8.4, 1.3, 9.15],
			"rotation": {"angle": 0, "axis": "y", "origin": [-5.3, 0, 0]},
			"faces": {
				"north": {"uv": [2.5, 7.5, 3.3, 8.15], "texture": "#0"},
				"east": {"uv": [2.5, 7.5, 3.25, 8.15], "texture": "#0"},
				"south": {"uv": [2.5, 7.5, 3.3, 8.15], "texture": "#0"},
				"west": {"uv": [2.5, 7.5, 3.25, 8.15], "texture": "#0"},
				"up": {"uv": [2.5, 9.5, 7.3, 14.25], "texture": "#0"},
				"down": {"uv": [2.5, 7.5, 3.3, 8.75], "texture": "#0"}
			}
		},
		{
			"name": "smol",
			"from": [12.7, 0.65, 8.6],
			"to": [13.3, 1.1, 9.15],
			"rotation": {"angle": 0, "axis": "y", "origin": [-5.3, 0, 0]},
			"faces": {
				"north": {"uv": [2.5, 7.5, 3.1, 8.45], "texture": "#0"},
				"east": {"uv": [2.5, 7.5, 3.05, 8.45], "texture": "#0"},
				"south": {"uv": [2.5, 7.5, 3.1, 8.45], "texture": "#0"},
				"west": {"uv": [2.5, 7.5, 3.05, 8.45], "texture": "#0"},
				"up": {"uv": [2.5, 9.5, 7.1, 14.05], "texture": "#0"},
				"down": {"uv": [2.5, 7.5, 3.1, 8.55], "texture": "#0"}
			}
		},
		{
			"name": "smol",
			"from": [12, 0.65, 8.6],
			"to": [12.6, 1.1, 9.15],
			"rotation": {"angle": 0, "axis": "y", "origin": [-5.3, 0, 0]},
			"faces": {
				"north": {"uv": [2.5, 7.5, 3.1, 8.45], "texture": "#0"},
				"east": {"uv": [2.5, 7.5, 3.05, 8.45], "texture": "#0"},
				"south": {"uv": [2.5, 7.5, 3.1, 8.45], "texture": "#0"},
				"west": {"uv": [2.5, 7.5, 3.05, 8.45], "texture": "#0"},
				"up": {"uv": [2.5, 9.5, 7.1, 14.05], "texture": "#0"},
				"down": {"uv": [2.5, 7.5, 3.1, 8.55], "texture": "#0"}
			}
		},
		{
			"name": "smol",
			"from": [16.3, 0.7, 8.45],
			"to": [16.5, 0.85, 9.3],
			"rotation": {"angle": 0, "axis": "y", "origin": [-5.3, 0, 0]},
			"faces": {
				"north": {"uv": [2.5, 7.5, 2.7, 8.15], "texture": "#0"},
				"east": {"uv": [2.5, 7.5, 3.35, 8.15], "texture": "#0"},
				"south": {"uv": [2.5, 7.5, 2.7, 8.15], "texture": "#0"},
				"west": {"uv": [2.5, 7.5, 3.35, 8.15], "texture": "#0"},
				"up": {"uv": [2.5, 7.5, 2.7, 8.85], "texture": "#0"},
				"down": {"uv": [2.5, 7.5, 2.7, 8.85], "texture": "#0"}
			}
		},
		{
			"name": "smol",
			"from": [16.3, -0.1, 9.25],
			"to": [16.5, 0.75, 9.5],
			"rotation": {"angle": 0, "axis": "y", "origin": [-5.3, 0, 0]},
			"faces": {
				"north": {"uv": [2.5, 7.5, 2.7, 8.85], "texture": "#0"},
				"east": {"uv": [2.5, 7.5, 2.75, 8.85], "texture": "#0"},
				"south": {"uv": [2.5, 7.5, 2.7, 8.85], "texture": "#0"},
				"west": {"uv": [2.5, 7.5, 2.75, 8.85], "texture": "#0"},
				"up": {"uv": [2.5, 7.5, 2.7, 8.25], "texture": "#0"},
				"down": {"uv": [2.5, 7.5, 2.7, 8.25], "texture": "#0"}
			}
		},
		{
			"name": "smol",
			"from": [16.3, -0.1, 8.25],
			"to": [16.5, 0.75, 8.5],
			"rotation": {"angle": 0, "axis": "y", "origin": [-5.3, 0, 0]},
			"faces": {
				"north": {"uv": [2.5, 7.5, 2.7, 8.85], "texture": "#0"},
				"east": {"uv": [2.5, 7.5, 2.75, 8.85], "texture": "#0"},
				"south": {"uv": [2.5, 7.5, 2.7, 8.85], "texture": "#0"},
				"west": {"uv": [2.5, 7.5, 2.75, 8.85], "texture": "#0"},
				"up": {"uv": [2.5, 7.5, 2.7, 8.25], "texture": "#0"},
				"down": {"uv": [2.5, 7.5, 2.7, 8.25], "texture": "#0"}
			}
		},
		{
			"name": "smol",
			"from": [16.3, -0.2, 8.45],
			"to": [16.5, -0.05, 9.3],
			"rotation": {"angle": 0, "axis": "y", "origin": [-5.3, 0, 0]},
			"faces": {
				"north": {"uv": [2.5, 7.5, 2.7, 8.15], "texture": "#0"},
				"east": {"uv": [2.5, 7.5, 3.35, 8.15], "texture": "#0"},
				"south": {"uv": [2.5, 7.5, 2.7, 8.15], "texture": "#0"},
				"west": {"uv": [2.5, 7.5, 3.35, 8.15], "texture": "#0"},
				"up": {"uv": [2.5, 7.5, 2.7, 8.85], "texture": "#0"},
				"down": {"uv": [2.5, 7.5, 2.7, 8.85], "texture": "#0"}
			}
		}
	],
	"display": {
		"thirdperson_righthand": {
			"rotation": [30.4, 6.18, -9.93],
			"translation": [0.25, 8.5, 12],
			"scale": [0.76563, 0.76563, 0.76563]
		},
		"thirdperson_lefthand": {
			"rotation": [-8.89, -61.18, -6.36],
			"translation": [1, 6.25, 4.75],
			"scale": [0.76563, 0.76563, 0.76563]
		},
		"firstperson_righthand": {
			"rotation": [0, 11.5, 0],
			"translation": [0, 9.5, 0]
		},
		"firstperson_lefthand": {
			"rotation": [-180, -18.25, 180],
			"translation": [2.25, 10, 0.5]
		},
		"ground": {
			"translation": [0, 7.75, 0]
		},
		"gui": {
			"rotation": [60.75, -42.89, -12.53],
			"translation": [3.75, 3, 0],
			"scale": [1.12891, 1.12891, 1.12891]
		},
		"head": {
			"rotation": [-1.61, 7.44, -8.87],
			"translation": [9, 3.25, -10.5],
			"scale": [1.20508, 1.20508, 1.20508]
		},
		"fixed": {
			"rotation": [-38.64, -12.83, 20.42],
			"translation": [0, 6, -6.75]
		}
	}
}